,Concept,response from file1,response from file2
0,us-gaap_IncreaseDecreaseInOtherReceivables,change_accounts_receivable,other_operating_activities
1,us-gaap_PaymentsRelatedToTaxWithholdingForShareBasedCompensation,PaymentsRelatedToTaxWithholdingForShareBasedCompensation,non_cash_stock_based_comp
2,us-gaap_ProceedsFromRepaymentsOfCommercialPaper,other_financing_activities,debt_repayment
3,us-gaap_SupplementalCashFlowInformationAbstract,None,non_cash_stock_based_comp
4,abt_InvestingAndFinancingGainsLossesNet,other_operating_activities,other_investing_activities
5,us-gaap_IncreaseDecreaseInPrepaidDeferredExpenseAndOtherAssets,other_operating_activities,change_accounts_receivable
6,us-gaap_ProceedsFromSalesOfBusinessAffiliateAndProductiveAssets,other_investing_activities,acquisitions
7,us-gaap_ProceedsFromSaleOfOtherInvestments,other_investing_activities,sales_investments
8,us-gaap_IncreaseDecreaseInDeferredRevenue,other_operating_activities,deferred_income_taxes
9,us-gaap_UnrealizedGainLossOnInvestments,other_operating_activities,other_investing_activities
10,us-gaap_GainsLossesOnExtinguishmentOfDebt,other_operating_activities,debt_issuance
11,adm_GainLossonSaleandRevaluationofAssets,other_operating_activities,other_investing_activities
12,us-gaap_IncreaseDecreaseInRestrictedCashAndInvestmentsForOperatingActivities,other_operating_activities,change_accounts_receivable
13,us-gaap_IncreaseDecreaseInOtherCurrentAssets,other_operating_activities,change_inventory
14,us-gaap_IncreaseDecreaseInPayablesToCustomers,other_operating_activities,change_accounts_payable
15,us-gaap_ProceedsFromSalesOfAssetsInvestingActivities,other_investing_activities,sales_investments
16,us-gaap_CashDivestedFromDeconsolidation,other_investing_activities,net_cash_investing_activities
17,us-gaap_PaymentsToAcquireRetainedInterestInSecuritizedReceivables,other_investing_activities,capital_expenditures
18,us-gaap_ProceedsFromCollectionOfRetainedInterestInSecuritizedReceivables,other_operating_activities,acquisitions
19,us-gaap_RestrictedCashAndCashEquivalents,cash_end_of_period,cash_beginning_of_period
20,us-gaap_CashCashEquivalentsRestrictedCashAndRestrictedCashEquivalentsIncludingDisposalGroupAndDiscontinuedOperations,cash_end_of_period,cash_beginning_of_period
21,alb_InventoryNetRealizableValueAdjustment,other_operating_activities,change_inventory
22,us-gaap_EquityMethodInvestmentDividendsOrDistributions,other_operating_activities,other_investing_activities
23,us-gaap_PensionAndOtherPostretirementBenefitExpense,other_operating_activities,net_income_starting_point
24,us-gaap_PensionAndOtherPostretirementBenefitContributions,other_operating_activities,other_financing_activities
25,alb_NoncashTransferOfValueInConstructionInProgress,capital_expenditures,non_cash_stock_based_comp
26,us-gaap_ProceedsFromDivestitureOfBusinessesNetOfCashDivested,other_investing_activities,acquisitions
27,us-gaap_ProceedsFromRepaymentsOfOtherDebt,other_financing_activities,debt_repayment
28,us-gaap_PaymentsOfDebtExtinguishmentCosts,other_financing_activities,debt_repayment
29,us-gaap_RealizedInvestmentGainsLosses,other_operating_activities,other_investing_activities
30,us-gaap_GainOrLossOnSaleOfStockInSubsidiary,other_operating_activities,other_investing_activities
31,us-gaap_IncreaseDecreaseInUnearnedPremiums,other_operating_activities,change_accounts_payable
32,us-gaap_IncreaseDecreaseInDeferredPolicyAcquisitionCosts,other_operating_activities,deferred_income_taxes
33,us-gaap_IncreaseDecreaseInReinsuranceRecoverable,other_operating_activities,change_accounts_receivable
34,us-gaap_IncreaseDecreaseInIncomeTaxesPayableNetOfIncomeTaxesReceivable,other_operating_activities,change_accounts_payable
35,all_ProceedsFromDivestitureOfInterestInLimitedPartnershipInterest,other_investing_activities,net_cash_investing_activities
36,all_ProceedsFromCollectionOfInvestmentsAbstract,sales_investments,net_cash_investing_activities
37,all_ProceedsFromCollectionOfMortgageLoans,other_investing_activities,net_cash_operating_activities
38,all_PaymentsToPurchaseMortgageLoans,purchases_investments,capital_expenditures
39,us-gaap_PaymentsForProceedsFromShortTermInvestments,other_investing_activities,purchases_investments
40,us-gaap_ProceedsFromSaleOfPropertyPlantAndEquipment,other_investing_activities,capital_expenditures
41,us-gaap_AdditionsToContractHoldersFunds,other_operating_activities,net_cash_financing_activities
42,us-gaap_DisposalGroupIncludingDiscontinuedOperationCash,cash_end_of_period,other_investing_activities
43,us-gaap_ResearchAndDevelopmentAssetAcquiredOtherThanThroughBusinessCombinationWrittenOff,other_operating_activities,stock_based_compensation
44,us-gaap_IncomeLossFromEquityMethodInvestments,other_operating_activities,other_investing_activities
45,amgn_IncreaseDecreaseInNoncurrentTaxLiability,other_operating_activities,change_accounts_payable
46,us-gaap_ExtinguishmentOfDebtGainLossNetOfTax,other_operating_activities,net_cash_financing_activities
47,us-gaap_AmortizationOfFinancingCostsAndDiscounts,depreciation_amortization,deferred_income_taxes
48,us-gaap_StraightLineRent,other_operating_activities,depreciation_amortization
49,us-gaap_IncreaseDecreaseInInterestPayableNet,change_accrued_expenses,change_accounts_payable
50,us-gaap_IncreaseDecreaseInContractWithCustomerLiability,other_operating_activities,change_accounts_payable
51,us-gaap_ProceedsFromMinorityShareholders,other_financing_activities,stock_issuance
52,us-gaap_PaymentsForRepurchaseOfRedeemableNoncontrollingInterest,other_financing_activities,stock_repurchase
53,us-gaap_GainLossOnSaleOfPropertyPlantEquipment,other_operating_activities,other_investing_activities
54,anf_Increasedecreaseinoperatingleaseliabilities,other_operating_activities,change_accounts_payable
55,anf_WithdrawalfromRabbiTrustAssets,other_operating_activities,other_financing_activities
56,us-gaap_PaymentsOfDebtIssuanceCosts,other_financing_activities,debt_repayment
57,us-gaap_NoncashInvestingAndFinancingItemsAbstract,other_investing_activities,other_financing_activities
58,us-gaap_RightOfUseAssetObtainedInExchangeForOperatingLeaseLiability,other_investing_activities,other_operating_activities
59,us-gaap_ProceedsFromIncomeTaxRefunds,cash_paid_for_taxes,net_cash_operating_activities
60,us-gaap_OperatingLeasePayments,other_operating_activities,net_cash_operating_activities
61,us-gaap_IncomeLossFromDiscontinuedOperationsNetOfTaxAttributableToReportingEntity,other_operating_activities,net_income_starting_point
62,us-gaap_GainLossOnSaleOfBusiness,other_operating_activities,other_investing_activities
63,us-gaap_GainLossOnSaleOfInvestments,other_operating_activities,other_investing_activities
64,us-gaap_PaymentsToAcquireFinanceReceivables,other_investing_activities,capital_expenditures
65,us-gaap_NetCashProvidedByUsedInDiscontinuedOperationsAbstract,other_operating_activities,net_cash_operating_activities
66,us-gaap_CashProvidedByUsedInOperatingActivitiesDiscontinuedOperations,other_operating_activities,net_cash_operating_activities
67,us-gaap_CashProvidedByUsedInInvestingActivitiesDiscontinuedOperations,other_investing_activities,net_cash_investing_activities
68,us-gaap_CashProvidedByUsedInFinancingActivitiesDiscontinuedOperations,other_financing_activities,net_cash_financing_activities
69,us-gaap_NetCashProvidedByUsedInDiscontinuedOperations,other_operating_activities,net_cash_operating_activities
70,us-gaap_AmortizationOfFinancingCosts,depreciation_amortization,OtherOperatingActivitiesCashFlowStatement
71,us-gaap_AmortizationOfDebtDiscountPremium,other_operating_activities,other_financing_activities
72,us-gaap_AmortizationOfAboveAndBelowMarketLeases,depreciation_amortization,other_operating_activities
73,us-gaap_GainLossOnInvestments,other_operating_activities,other_investing_activities
74,us-gaap_IncreaseDecreaseInDeferredLeasingFees,other_operating_activities,deferred_income_taxes
75,us-gaap_IncreaseDecreaseInOperatingLiabilities,other_operating_activities,change_accounts_payable
76,us-gaap_ProceedsFromSaleOfPropertyHeldForSale,other_investing_activities,sales_investments
77,us-gaap_ProceedsFromDivestitureOfInterestInJointVenture,other_investing_activities,acquisitions
78,us-gaap_PaymentsToAcquireRealEstateAndRealEstateJointVentures,capital_expenditures,acquisitions
79,us-gaap_ProceedsFromEquityMethodInvestmentDividendsOrDistributionsReturnOfCapital,other_investing_activities,net_income_starting_point
80,are_PaymentForTheDefeasanceOfSecuredNotePayable,debt_repayment,capital_expenditures
81,us-gaap_PaymentsToMinorityShareholders,other_financing_activities,dividends_paid
82,are_IssuanceOfNoncontrollingInterestToJointVenturePartner,other_financing_activities,acquisitions
83,us-gaap_NoncashOrPartNoncashAcquisitionPayablesAssumed1,acquisitions,non_cash_stock_based_comp
84,are_NoncashRealEstateAssetsFromAcquisitionOfPartnersInterest,acquisitions,other_investing_activities
85,are_NoncashSecuredNotesPayableFromAcquisitionOfPartnersInterest,acquisitions,other_financing_activities
86,are_NoncashAssignmentOfSecuredNotePayableInConnectionWithTheDispositionOfRealEstate,other_investing_activities,other_financing_activities
87,us-gaap_ProceedsFromDivestitureOfBusinesses,other_investing_activities,acquisitions
88,bac_FinancingReceivableExcludingAccruedInterestAndOffBalanceSheetLiabilityCreditLossProvisionReversal,other_operating_activities,other_financing_activities
89,us-gaap_DebtSecuritiesAvailableForSaleRealizedGainLoss,other_operating_activities,sales_investments
90,us-gaap_AccretionAmortizationOfDiscountsAndPremiumsInvestments,other_operating_activities,other_investing_activities
91,us-gaap_PaymentsForOriginationAndPurchasesOfLoansHeldForSaleAbstract,other_operating_activities,other_investing_activities
92,us-gaap_PaymentsForOriginationAndPurchasesOfLoansHeldForSale,other_operating_activities,other_investing_activities
93,bac_ProceedsFromSalesAndPaydownsOfLoansOriginallyClassifiedAsHeldForSaleAndInstrumentsFromRelatedSecuritizationActivities,other_operating_activities,sales_investments
94,us-gaap_ProceedsFromPaymentsForFederalFundsSoldAndSecuritiesPurchasedUnderAgreementsToResellNet,other_investing_activities,net_cash_operating_activities
95,bac_PaymentstoAcquireDebtSecuritiesCarriedatFairValue,purchases_investments,net_cash_investing_activities
96,us-gaap_PaymentsToAcquireLoansAndLeasesHeldForInvestment,purchases_investments,capital_expenditures
97,us-gaap_ProceedsFromRepaymentsOfLongTermDebtAndCapitalSecuritiesAbstract,debt_issuance,debt_repayment
98,bac_ProceedsFromRepurchaseOfEquityPreferredStockAndPreferenceStockAbstract,stock_repurchase,debt_repayment
99,us-gaap_AdjustmentForAmortization,depreciation_amortization,stock_based_compensation
100,us-gaap_ProvisionForDoubtfulAccounts,other_operating_activities,"""other_operating_activities"""
101,us-gaap_IncreaseDecreaseInContractWithCustomerAsset,other_operating_activities,change_accounts_receivable
102,us-gaap_PensionContributions,other_operating_activities,stock_based_compensation
103,bk_NetSecuritiesGainLoss,other_operating_activities,other_investing_activities
104,us-gaap_IncreaseDecreaseInTradingSecurities,other_operating_activities,other_investing_activities
105,us-gaap_ProceedsFromPaymentsForInInterestBearingDepositsInBanks,other_investing_activities,other_financing_activities
106,bk_NetChangeInInterestBearingDepositsWithFederalReserveAndOtherCentralBanks,other_operating_activities,net_cash_operating_activities
107,bk_ProceedsFromPrepaymentsAndCallsOfHeldToMaturitySecurities,sales_investments,net_cash_investing_activities
108,bk_ProceedsFromMaturitiesAndCallsOfHeldToMaturitySecurities,sales_investments,purchases_investments
109,bk_ProceedsfromMaturitiesofDebtSecuritiesAvailableforsale,sales_investments,net_cash_investing_activities
110,bk_ProceedsFromAmortizationOfPreferredStockDiscount,other_financing_activities,stock_issuance
111,bmy_AcquiredIPRD,other_operating_activities,other_investing_activities
112,us-gaap_EquityMethodInvestmentRealizedGainLossOnDisposal,other_operating_activities,net_income_starting_point
113,us-gaap_DiscontinuedOperationIncomeLossFromDiscontinuedOperationDuringPhaseOutPeriodNetOfTax,other_operating_activities,net_income_starting_point
114,c_ProvisionForCreditLossBenefitsAndClaimsExpenseReversal,other_operating_activities,net_income_starting_point
115,us-gaap_DebtAndEquitySecuritiesGainLoss,other_operating_activities,other_investing_activities
116,us-gaap_IncreaseDecreaseInTradingLiabilities,other_operating_activities,change_accounts_payable
117,us-gaap_IncreaseDecreaseInLoansHeldForSale,other_operating_activities,other_investing_activities
118,us-gaap_AdjustmentsToReconcileNetIncomeLossToCashProvidedByUsedInOperatingActivities,other_operating_activities,change_accounts_receivable
119,c_NetCashDivestedFromDeconsolidation,other_investing_activities,net_cash_investing_activities
120,us-gaap_ProceedsFromSaleOfProductiveAssets,other_investing_activities,sales_investments
121,c_ProceedsFromRepaymentsOfOtherShortTermDebt,other_financing_activities,debt_repayment
122,us-gaap_InterestBearingDepositsInBanks,cash_end_of_period,other_operating_activities
123,us-gaap_CashFlowNoncashInvestingAndFinancingActivitiesDisclosureAbstract,other_investing_activities,other_financing_activities
124,us-gaap_LoansReceivableHeldForSaleReconciliationToCashFlowAdditionsToHeldForSale,other_operating_activities,other_investing_activities
125,us-gaap_FinancingReceivableReclassificationToHeldForSale,other_operating_activities,other_financing_activities
126,c_FinancingReceivableReclassificationToHeldForInvestment,other_operating_activities,other_financing_activities
127,c_IncreaseDecreaseInDepositsReclassificationsToHeldForSale,other_operating_activities,change_accounts_receivable
128,us-gaap_GainLossOnSaleOfOtherInvestments,other_operating_activities,other_investing_activities
129,us-gaap_PaymentsToAcquireRestrictedCertificatesOfDeposit,purchases_investments,capital_expenditures
130,cah_Netproceedstaxwithholdingsfromsharebasedcompensation,PaymentsRelatedToTaxWithholdingForShareBasedCompensation,stock_based_compensation
131,cah_CashReclassifiedtoAssetsHeldforSale,other_operating_activities,cash_beginning_of_period
132,us-gaap_DefinedBenefitPlanActuarialGainLoss,other_operating_activities,net_income_starting_point
133,us-gaap_ProceedsFromCollectionOfFinanceReceivables,other_investing_activities,net_cash_operating_activities
134,us-gaap_ProceedsFromSaleOfFinanceReceivables,other_investing_activities,sales_investments
135,us-gaap_ProceedsFromRepaymentsOfShortTermDebtMaturingInThreeMonthsOrLess,other_financing_activities,debt_issuance
136,us-gaap_PensionAndOtherPostretirementBenefitsExpenseReversalOfExpenseNoncash,other_operating_activities,pension_and_other_postretirement_benefits_expense_reversal_of_expense_noncash
137,us-gaap_DefinedBenefitPlanRecognizedNetGainLossDueToSettlementsAndCurtailments1,other_operating_activities,net_income_starting_point
138,cfg_FinancingReceivableExcludingAccruedInterestCreditLossExpenseReversalAndOffBalanceSheetCreditLossLiabilityCreditLossExpenseReversal,other_operating_activities,other_financing_activities
139,us-gaap_PaymentsForProceedsFromLoansAndLeases,other_investing_activities,other_financing_activities
140,us-gaap_PaymentsForProceedsFromProductiveAssets,capital_expenditures,other_investing_activities
141,us-gaap_PaymentsToAcquireLifeInsurancePolicies,other_investing_activities,capital_expenditures
142,us-gaap_ProceedsFromIssuanceOfPrivatePlacement,other_financing_activities,stock_issuance
143,cfg_PaymentsOfPremiumToExchangeSubordinatedDebt,other_financing_activities,debt_issuance
144,us-gaap_OtherNoncashInvestingAndFinancingItemsAbstract,other_investing_activities,other_financing_activities
145,cfg_TransferOfLoansFromPortfolioToLHFS,other_operating_activities,other_investing_activities
146,cfg_TransferOfSecuritiesFromAvailableForSaleToHeldToMaturity,other_investing_activities,sales_investments
147,us-gaap_TransferToInvestments,other_investing_activities,purchases_investments
148,us-gaap_NoncashOrPartNoncashAcquisitionNetNonmonetaryAssetsAcquiredLiabilitiesAssumedAbstract,acquisitions,other_investing_activities
149,us-gaap_NoncashOrPartNoncashAcquisitionIntangibleAssetsAcquired1,other_investing_activities,acquisitions
150,civi_PaymentsForAcquisitionRelatedEscrowDeposit,acquisitions,other_investing_activities
151,us-gaap_ProceedsFromSaleOfOilAndGasPropertyAndEquipment,other_investing_activities,net_cash_investing_activities
152,us-gaap_ProceedsFromSaleOfOtherPropertyPlantAndEquipment,other_investing_activities,capital_expenditures
153,us-gaap_CashAndCashEquivalentsAtCarryingValueAbstract,cash_end_of_period,cash_beginning_of_period
154,us-gaap_DefinedBenefitPlanNetPeriodicBenefitCost,other_operating_activities,stock_based_compensation
155,us-gaap_GainsLossesOnSalesOfOtherRealEstate,other_operating_activities,other_investing_activities
156,us-gaap_ProceedsFromSaleOfForeclosedAssets,other_investing_activities,sales_investments
157,us-gaap_PaymentsToAcquireFederalHomeLoanBankStock,purchases_investments,acquisitions
158,us-gaap_ProceedsFromSaleOfFederalHomeLoanBankStock,sales_investments,other_investing_activities
159,us-gaap_ProceedsFromLifeInsurancePolicies,other_investing_activities,other_financing_activities
160,cma_IncreaseDecreaseInOtherFinancingAssetsAndLiabilitiesNet,other_financing_activities,other_operating_activities
161,us-gaap_CashCashEquivalentsRestrictedCashAndRestrictedCashEquivalentsPeriodIncreaseDecreaseExcludingExchangeRateEffect,net_change_in_cash,net_cash_operating_activities
162,cmcsa_IncreaseDecreaseInFilmAndTelevisionCostsNet,other_operating_activities,change_inventory
163,us-gaap_PaymentsToAcquireIntangibleAssets,other_investing_activities,capital_expenditures
164,cmcsa_ProceedsFromSalesOfBusinessesAndInvestments,other_investing_activities,sales_investments
165,us-gaap_StatementOfCashFlowsAbstract,None,net_income_starting_point
166,us-gaap_GainLossOnSalesOfLoansNet,other_operating_activities,other_investing_activities
167,us-gaap_ProceedsFromSaleAndCollectionOfLoansHeldforsale,other_operating_activities,sales_investments
168,us-gaap_IncreaseDecreaseInAccruedInterestReceivableNet,change_accounts_receivable,change_accrued_expenses
169,us-gaap_FinancingReceivableBeforeAllowanceForCreditLossAbstract,change_accounts_receivable,other_financing_activities
170,cof_PaymentsForProceedsFromSaleOfFinancingReceivableHeldForInvestment,other_investing_activities,other_financing_activities
171,us-gaap_ProceedsFromRecoveriesOfLoanPreviouslyChargedOff,other_operating_activities,other_investing_activities
172,cof_PaymentsForRedemptionOfPreferredStock,other_financing_activities,stock_repurchase
173,cof_TransferOfToPortfolioFinancingReceivablesToFromHeldForSale,other_operating_activities,other_financing_activities
174,cohu_InterestCapitalizedAssociatedWithCloudComputingImplementation,other_operating_activities,capital_expenditures
175,cohu_AmortizationOfInventoryStepupAndInventoryRelatedCharges,depreciation_amortization,stock_based_compensation
176,cohu_IncreaseDecreaseInDeferredProfit,other_operating_activities,deferred_income_taxes
177,us-gaap_ProceedsFromConstructionLoansPayable,debt_issuance,acquisitions
178,cohu_InventoryCapitalizedAsPropertyPlantAndEquipment,other_operating_activities,change_inventory
179,us-gaap_CapitalizedContractCostAmortization,depreciation_amortization,capital_expenditures
180,crm_CashPaidDuringPeriodForAbstract,cash_paid_for_interest,cash_paid_for_taxes
181,csco_AccountsReceivableAndFinancingReceivableCreditLossExpenseReversal,other_operating_activities,change_accounts_receivable
182,us-gaap_RepaymentsOfConvertibleDebt,debt_repayment,debt_issuance
183,us-gaap_ProceedsFromCustomers,other_operating_activities,change_accounts_receivable
184,cvs_PaymentsForInventoryAndPrescriptionsDispensedByRetailNetworkPharmacies,change_inventory,purchases_investments
185,cvs_PaymentsForInsuranceBenefits,other_operating_activities,capital_expenditures
186,us-gaap_ProceedsFromInterestAndDividendsReceived,other_operating_activities,other_investing_activities
187,cvs_StoreImpairmentCharges,other_operating_activities,net_income_starting_point
188,us-gaap_IncreaseDecreaseInInsuranceLiabilities,other_operating_activities,change_accounts_payable
189,cvx_IncreaseDecreaseInOperatingWorkingCapital,other_operating_activities,change_accounts_receivable
190,us-gaap_IncreaseDecreaseInDeferredCharges,other_operating_activities,deferred_income_taxes
191,us-gaap_ProceedsFromPaymentsForLongTermLoansForRelatedParties,other_financing_activities,debt_issuance
192,us-gaap_BusinessCombinationStepAcquisitionEquityInterestInAcquireeRemeasurementGain,other_operating_activities,other_investing_activities
193,de_DisposalGroupIncludingDiscontinuedOperationCashAndCashEquivalentsAndRestrictedCashAndCashEquivalents,cash_end_of_period,net_income_starting_point
194,us-gaap_RestrictedCashAndCashEquivalentsAssetStatementOfFinancialPositionExtensibleList,cash_end_of_period,cash_beginning_of_period
195,us-gaap_ImpairmentOfIntangibleAssetsFinitelived,other_operating_activities,net_income_starting_point
196,us-gaap_IncreaseDecreaseInIncomeTaxesReceivable,other_operating_activities,change_accounts_receivable
197,deck_CashPaidDuringPeriodForAbstract,cash_paid_for_interest,cash_paid_for_taxes
198,deck_AccrualsForSharesWithheldForTaxes,PaymentsRelatedToTaxWithholdingForShareBasedCompensation,non_cash_stock_based_comp
199,us-gaap_InventoryWriteDown,other_operating_activities,change_inventory
200,us-gaap_IncreaseDecreaseInOperatingLiabilitiesAbstract,other_operating_activities,change_accrued_expenses
201,dino_CashPaidDuringPeriodForAbstract,cash_paid_for_interest,other_operating_activities
202,dino_IncreaseDecreaseInAccruedCapitalExpendituresIncurredButNotYetPaid,capital_expenditures,change_accrued_expenses
203,us-gaap_IncreaseDecreaseInFilmCosts1,other_operating_activities,change_accounts_payable
204,dis_PensionAndPostretirementMedicalAmortization,other_operating_activities,depreciation_amortization
205,dis_PaymentsforPurchaseofNoncontrollingandRedeemableNoncontrollingInterest,other_financing_activities,acquisitions
206,dks_DeferredConstructionAllowances,other_operating_activities,deferred_income_taxes
207,us-gaap_ProceedsFromSaleOfOtherAssetsInvestingActivities,other_investing_activities,sales_investments
208,dks_PaymentsForDepositsAndToAcquireOtherAssets,other_investing_activities,acquisitions
209,us-gaap_ProceedsFromRepaymentsOfOtherLongTermDebt,other_financing_activities,debt_repayment
210,us-gaap_IncreaseDecreaseInBookOverdrafts,other_financing_activities,other_operating_activities
211,dlr_GainLossOnEarlyExtinguishmentOfDebt,other_operating_activities,debt_repayment
212,dlr_AmortizationOfDeferredFinancingCosts,depreciation_amortization,deferred_income_taxes
213,dlr_IncreaseDecreaseInAccountsAndOtherAssets,other_operating_activities,change_accounts_receivable
214,us-gaap_PaymentsToAcquireInterestInJointVenture,other_investing_activities,acquisitions
215,us-gaap_ProceedsFromRepaymentsOfLinesOfCredit,other_financing_activities,debt_repayment
216,us-gaap_ProceedsFromContributionsFromParent,other_financing_activities,stock_issuance
217,us-gaap_PaymentsOfDistributionsToAffiliates,other_financing_activities,dividends_paid
218,peak_AmortizationOfNonrefundableEntranceFeesAndAboveBelowMarketLeaseIntangiblesNet,depreciation_amortization,amortization_of_intangible_assets
219,peak_IncomeLossFromEquityMethodInvestmentsIncludingDiscontinuedOperations,other_operating_activities,other_investing_activities
220,us-gaap_InsuredEventGainLoss,other_operating_activities,net_income_starting_point
221,us-gaap_PaymentsToAcquireOtherRealEstate,other_investing_activities,acquisitions
222,us-gaap_PaymentsForLeasingCostsCommissionsAndTenantImprovements,capital_expenditures,other_operating_activities
223,us-gaap_ProceedsFromSaleOfRealEstateHeldforinvestment,other_investing_activities,sales_investments
224,us-gaap_ProceedsFromPrincipalRepaymentsOnLoansAndLeasesHeldForInvestment,other_investing_activities,debt_repayment
225,peak_PaymentsToAcquireLoansReceivableAndOther,other_investing_activities,capital_expenditures
226,dvn_CashSettlementsOnCommodityDerivatives,other_operating_activities,net_cash_operating_activities
227,dvn_AcquisitionOfNonControllingInterests,other_financing_activities,acquisitions
228,us-gaap_RestrictedCash,cash_end_of_period,net_cash_operating_activities
229,ens_NoncashInterestExpenseAccretionAndAmortizationOfDeferredFinanceFees,other_operating_activities,non_cash_stock_based_comp
230,us-gaap_WriteOffOfDeferredDebtIssuanceCost,other_operating_activities,other_financing_activities
231,ens_ProceedsFromRepaymentsOfOtherShortTermDebt,other_financing_activities,debt_repayment
232,us-gaap_ProceedsFromRepaymentsOfSecuredDebt,other_financing_activities,debt_repayment
233,ens_ProceedsFromRepaymentsOfCapitalLeaseObligationsAndOther,other_financing_activities,debt_repayment
234,us-gaap_OtherPostretirementBenefitsPayments,other_operating_activities,other_financing_activities
235,us-gaap_IncreaseDecreaseInOtherCurrentLiabilities,other_operating_activities,change_accrued_expenses
236,etn_ProceedsFromPaymentsForDivestitureOfInterestInConsolidatedSubsidiaries,other_investing_activities,acquisitions
237,us-gaap_OtherComprehensiveIncomeLossForeignCurrencyTransactionAndTranslationReclassificationAdjustmentFromAOCIRealizedUponSaleOrLiquidationNetOfTax,other_operating_activities,net_income_starting_point
238,us-gaap_RightOfUseAssetObtainedInExchangeForFinanceLeaseLiability,other_investing_activities,capital_expenditures
239,us-gaap_InsuranceSettlementsReceivable,other_operating_activities,change_accounts_receivable
240,fitb_MsrFairValueAdjustment,other_operating_activities,non_cash_stock_based_comp
241,fitb_GainLossOnSaleAndFairValueAdjustmentOnLoansAndLeases,other_operating_activities,net_income_starting_point
242,fitb_TaxableReceivableAgreementPayment,other_financing_activities,other_operating_activities
243,us-gaap_ProceedsFromSaleOfLoansHeldForSale,other_operating_activities,sales_investments
244,us-gaap_ProceedsFromSaleOfLoansHeldForInvestment,other_investing_activities,sales_investments
245,us-gaap_PaymentsForInvestingActivitiesAbstract,net_cash_investing_activities,other_investing_activities
246,us-gaap_PaymentsToAcquireMortgageServicingRightsMSR,other_investing_activities,acquisitions
247,fitb_NetChangeInInvestingAbstract,net_cash_investing_activities,other_investing_activities
248,fitb_ProceedsFromPaymentsForOperatingLeaseEquipment,other_investing_activities,other_operating_activities
249,fslr_IncreaseDecreaseInGovernmentGrantsReceivable,other_operating_activities,change_accounts_receivable
250,gbx_IncreaseDecreaseInLeasedRailcarsForSyndication,other_operating_activities,change_accounts_payable
251,gbx_BalanceSheetReconciliationAbstract,other_operating_activities,net_income_starting_point
252,gbx_TransferFromPropertyPlantAndEquipmentNetToIntangiblesAndOtherAssetsNetForAssetsMovedToAssetsHeldForSale,other_investing_activities,other_operating_activities
253,gbx_AccountsPayableAndAccruedLiabilitiesAssociatedWithCashDistributionsToJointVenturePartner,other_operating_activities,change_accounts_payable
254,us-gaap_IncreaseDecreaseInEquitySecuritiesFvNi,other_operating_activities,other_investing_activities
255,us-gaap_IncreaseDecreaseInIncomeTaxes,other_operating_activities,deferred_income_taxes
256,glw_TranslationGainLossOnJapaneseYenDenominatedDebt,other_operating_activities,other_financing_activities
257,us-gaap_TaxAdjustmentsSettlementsAndUnusualProvisions,other_operating_activities,deferred_income_taxes
258,glw_IncreaseDecreaseInCustomerDepositsAndIncentives,other_operating_activities,change_accounts_payable
259,glw_IncreaseDecreaseInDeferredIncome,other_operating_activities,deferred_income_taxes
260,us-gaap_PaymentsToAcquireLeasesHeldForInvestment,other_investing_activities,acquisitions
261,goog_NetProceedsPaymentsRelatedToStockBasedAwardActivities,PaymentsRelatedToTaxWithholdingForShareBasedCompensation,stock_issuance
262,gs_IncreaseDecreaseInCustomerAndOtherReceivablesAndPayablesNet,other_operating_activities,change_accounts_receivable
263,gs_ProceedsFromRepaymentsOfUnsecuredShortTermDebt,other_financing_activities,debt_repayment
264,gs_ProceedsFromRepaymentsOfOtherSecuredShortTermDebt,other_financing_activities,debt_repayment
265,has_ImpairmentOfIntangiblesAndProductionAssets,other_operating_activities,impairment_of_intangibles_and_production_assets
266,has_FairValueAdjustmentOnInvestments,other_operating_activities,other_investing_activities
267,has_ProgramProductionCostAmortization,depreciation_amortization,other_operating_activities
268,hpe_ProceedsfromCollateralReturned,other_financing_activities,other_investing_activities
269,us-gaap_IncreaseDecreaseInPensionAndPostretirementObligations,other_operating_activities,change_accounts_payable
270,hrl_DecreaseIncreaseInInvestmentsEquityInAffiliatesAndOtherAssets,other_operating_activities,other_investing_activities
271,ibm_IncreaseDecreaseInRetirementRelatedAssetsAndLiabilities,other_operating_activities,change_accounts_payable
272,intc_ProceedsFromCapitalGrants,other_investing_activities,capital_expenditures
273,us-gaap_PensionExpenseReversalOfExpenseNoncash,other_operating_activities,non_cash_stock_based_comp
274,us-gaap_EquitySecuritiesFvNiGainLoss,other_operating_activities,sales_investments
275,us-gaap_ProceedsFromDividendsReceived,other_operating_activities,dividends_paid
276,ip_ProceedsFromSettlementOfVariableInterestEntityInstallmentNotes,other_investing_activities,other_financing_activities
277,us-gaap_ProceedsFromRepaymentsOfBankOverdrafts,other_financing_activities,debt_repayment
278,ip_ReductionOfVariableInterestEntityLoans,other_investing_activities,other_financing_activities
279,ip_CashDistributionToSylvamoCorporation,other_financing_activities,dividends_paid
280,jbl_NonCashPortionOfRestructuringAndRelatedCharges,other_operating_activities,non_cash_stock_based_comp
281,us-gaap_ResearchAndDevelopmentExpense,other_operating_activities,research_and_development_expense
282,us-gaap_DiscontinuedOperationGainLossOnDisposalOfDiscontinuedOperationNetOfTax,other_operating_activities,net_income_starting_point
283,jnj_PaymentsMadeInBusinessSeparation,other_investing_activities,other_operating_activities
284,jnj_CashCashEquivalentsRestrictedCashAndRestrictedCashEquivalentsContinuingOperations,cash_end_of_period,cash_beginning_of_period
285,jnj_CashPaidDuringTheYearAbstract,cash_paid_for_interest,cash_paid_for_taxes
286,us-gaap_BusinessCombinationBargainPurchaseGainRecognizedAmount,other_operating_activities,other_investing_activities
287,jpm_ProceedsFromSalesSecuritizationsAndPaydownsOfLoansHeldForSale,other_operating_activities,sales_investments
288,us-gaap_IncreaseDecreaseInCashCollateralForBorrowedSecurities,other_operating_activities,other_financing_activities
289,jpm_ProceedsFromPaymentsForOtherLoansAndLeases,other_investing_activities,other_financing_activities
290,us-gaap_LifeInsuranceCorporateOrBankOwnedChangeInValue,other_operating_activities,other_investing_activities
291,key_OriginationsOfLoansHeldForSaleNetOfRepayments,other_operating_activities,net_cash_operating_activities
292,key_TransfersOfLoansHeldForSaleNet,other_operating_activities,other_investing_activities
293,key_NetDecreaseIncreaseInLoansExcludingAcquisitionsSalesAndTransfers,other_investing_activities,other_operating_activities
294,key_ReductionOfSecuredBorrowingAndRelatedCollateral,debt_repayment,other_financing_activities
295,us-gaap_TransferOfPortfolioLoansAndLeasesToHeldForSale1,other_operating_activities,other_investing_activities
296,us-gaap_TransferToOtherRealEstate,other_investing_activities,other_operating_activities
297,kim_GainOnSaleTransferOfOperatingProperties,other_operating_activities,other_investing_activities
298,us-gaap_MarketableSecuritiesGainLossExcludingOtherThanTemporaryImpairments,other_operating_activities,other_investing_activities
299,kim_PaymentsToAcquireCostMethodInvestments,purchases_investments,capital_expenditures
300,us-gaap_ProceedsFromDistributionsReceivedFromRealEstatePartnerships,other_investing_activities,net_cash_investing_activities
301,kim_PaymentsToAcquireMortgageAndOtherFinancingReceivables,purchases_investments,capital_expenditures
302,kim_PrincipalPaymentsToAcquireHeldtomaturitySecurities,purchases_investments,capital_expenditures
303,us-gaap_PaymentsToAcquireLoansReceivable,other_investing_activities,capital_expenditures
304,us-gaap_PaymentOfFinancingAndStockIssuanceCosts,other_financing_activities,stock_issuance
305,us-gaap_EquitySecuritiesFvNiUnrealizedGainLoss,other_operating_activities,other_investing_activities
306,us-gaap_SupplementalCashFlowElementsAbstract,cash_paid_for_interest,other_operating_activities
307,us-gaap_OtherSignificantNoncashTransactionValueOfConsiderationGiven1,other_operating_activities,other_financing_activities
308,kmb_MaturitiesOfTimeDeposits,sales_investments,other_investing_activities
309,kr_ImpairmentOfGoodwillAndLongLivedAssetsToBeDisposedOf,other_operating_activities,net_income_starting_point
310,kr_PensionExpenseDefinedBenefitPlans,other_operating_activities,net_income_starting_point
311,kr_IncreaseDecreaseInPrepaidExpensesAndOtherCurrentAssets,other_operating_activities,change_accrued_expenses
312,kr_ProceedsFromFinancingArrangement,debt_issuance,other_financing_activities
313,kr_ReconciliationAdjustmentIncreaseDecreaseInConstructionInProgressPayables,capital_expenditures,other_operating_activities
314,lite_AmortizationAndWriteOffOfAcquiredIntangibleAssets,depreciation_amortization,amortization_and_write_off_of_acquired_intangible_assets
315,lite_GainOnRepurchaseOfConvertibleNotes,other_operating_activities,other_financing_activities
316,us-gaap_PaymentsToFundLongtermLoansToRelatedParties,other_investing_activities,debt_issuance
317,us-gaap_ProceedsFromConvertibleDebt,debt_issuance,stock_issuance
318,us-gaap_DefinedBenefitPlanRecognizedNetGainLossDueToSettlements1,other_operating_activities,net_income_starting_point
319,us-gaap_LiabilitiesAssumed1,acquisitions,other_operating_activities
320,lrcx_TransferOfInventoryToPropertyAndEquipment,other_operating_activities,capital_expenditures
321,mdt_IncomeTaxesandInterestPaidAbstract,cash_paid_for_taxes,other_financing_activities
322,met_GainsLossesOnInvestmentsAndFromSalesOfBusinessesNet,other_operating_activities,other_investing_activities
323,us-gaap_InterestCreditedToPolicyOwnerAccount,other_operating_activities,net_income_starting_point
324,met_InsuranceCommissionsandFees1,other_operating_activities,net_income_starting_point
325,us-gaap_IncreaseDecreaseInAccruedInvestmentIncomeReceivable,change_accounts_receivable,change_accrued_expenses
326,us-gaap_ProceedsFromSaleAndCollectionOfMortgageNotesReceivable,other_investing_activities,sales_investments
327,us-gaap_ProceedsFromRealEstateAndRealEstateJointVentures,other_investing_activities,acquisitions
328,us-gaap_ProceedsFromLimitedPartnershipInvestments,other_investing_activities,purchases_investments
329,us-gaap_PaymentsToAcquireMortgageNotesReceivable,purchases_investments,acquisitions
330,us-gaap_PaymentsToAcquireLimitedPartnershipInterests,purchases_investments,acquisitions
331,met_Cashreceivedinconnectionwithfreestandingderivatives,other_operating_activities,other_financing_activities
332,met_CashPaidInConnectionWithFreestandingDerivatives,other_investing_activities,cash_paid_for_interest
333,us-gaap_ProceedsFromAnnuitiesAndInvestmentCertificates,other_financing_activities,net_cash_investing_activities
334,us-gaap_RepaymentsOfAnnuitiesAndInvestmentCertificates,other_financing_activities,debt_repayment
335,met_NetChangeInPayablesForCollateralUnderSecuritiesLoanedAndOtherTransactions,other_operating_activities,change_accounts_payable
336,met_Cashpaidforothertransactionswithtenorsgreaterthanthreemonths,other_investing_activities,other_operating_activities
337,met_PreferredStockRedemptionPremiumCashPaid,other_financing_activities,stock_repurchase
338,us-gaap_DisposalGroupIncludingDiscontinuedOperationCashAndCashEquivalents,cash_end_of_period,net_cash_operating_activities
339,met_FixedMaturitySecuritiesAvailableForSaleDisposedOfInConnectionWithAReinsuranceTransaction,sales_investments,other_investing_activities
340,meta_OtherSignificantNoncashTransaction,other_operating_activities,other_investing_activities
341,us-gaap_ForeignCurrencyTransactionGainBeforeTax,other_operating_activities,net_income_starting_point
342,mos_ClosureCosts,other_operating_activities,OtherOperatingActivitiesCashFlowStatement
343,mos_RepaymentsOfInventoryFinancingArrangement,debt_repayment,net_cash_financing_activities
344,mos_ProceedsFromInventoryFinancingArrangements,other_financing_activities,other_investing_activities
345,us-gaap_RestrictedCashEquivalentsCurrent,cash_end_of_period,cash_beginning_of_period
346,us-gaap_RestrictedCashAndCashEquivalentsNoncurrent,cash_end_of_period,cash_beginning_of_period
347,us-gaap_IncreaseDecreaseInSecuritiesBorrowed,other_operating_activities,other_investing_activities
348,ms_IncreaseDecreaseInSecuritiesPurchasedUnderAgreementsToResell,other_operating_activities,other_investing_activities
349,us-gaap_IncreaseDecreaseInPayablesUnderRepurchaseAgreements,other_operating_activities,change_accounts_payable
350,ms_HTMSecuritiesAbstract,other_investing_activities,other_operating_activities
351,ms_ProceedsFromRepaymentsOfOtherSecuredFinancings,other_financing_activities,debt_repayment
352,ms_NetPaymentsForFinancingActivitiesAbstract,net_cash_financing_activities,other_financing_activities
353,msft_GainLossOnInvestmentsAndDerivativeInstruments,other_operating_activities,other_investing_activities
354,msft_ProceedsFromInvestments,sales_investments,purchases_investments
355,us-gaap_IncomeLossFromDiscontinuedOperationsNetOfTax,other_operating_activities,net_income_starting_point
356,nem_ReturnOfInvestmentFromEquityMethodInvesteesNet,other_operating_activities,other_investing_activities
357,us-gaap_ProceedsFromSaleOfOtherProductiveAssets,other_investing_activities,sales_investments
358,nrg_AmortizationOfNuclearFuel,depreciation_amortization,other_operating_activities
359,nrg_GainsLossesOnExtinguishmentOfDebtNonCashPortion,other_operating_activities,debt_repayment
360,nrg_AmortizationOfIntangiblesInTheMoneyContractsAndRetirementOfRECs,depreciation_amortization,other_operating_activities
361,nrg_ChangesInNuclearDecommissioningTrustLiability,other_operating_activities,change_accrued_expenses
362,us-gaap_AmortizationOfDeferredHedgeGains,other_operating_activities,deferred_income_taxes
363,pfe_PaymentsForProceedsFromShortTermInvestmentsWithOriginalMaturitiesOfThreeMonthsOrLess,other_investing_activities,purchases_investments
364,pfe_InterestPaidReceivedInterestRateHedges,cash_paid_for_interest,other_investing_activities
365,pnc_RepaymentsMaturitiesInvestingAbstract,sales_investments,capital_expenditures
366,pnc_PurchasesInvestingAbstract,purchases_investments,other_investing_activities
367,us-gaap_PaymentsToAcquireLoansHeldForInvestment,purchases_investments,capital_expenditures
368,pnc_NetChangeFinancingAbstract,net_cash_financing_activities,other_financing_activities
369,us-gaap_NetChangeInterestBearingDepositsDomestic,other_investing_activities,net_cash_financing_activities
370,pnc_SalesFinancingAbstract,other_financing_activities,other_operating_activities
371,us-gaap_MaturitiesOfSubordinatedDebt,debt_repayment,net_cash_financing_activities
372,us-gaap_Cash,cash_end_of_period,cash_beginning_of_period
373,pnc_TransferFromLoansToForeclosedAssets,other_operating_activities,other_investing_activities
374,us-gaap_IncreaseDecreaseInLiabilityForClaimsAndClaimsAdjustmentExpenseReserve,other_operating_activities,change_accrued_expenses
375,us-gaap_ProceedsFromRepaymentsOfShortTermDebtMaturingInMoreThanThreeMonths,other_financing_activities,debt_repayment
376,us-gaap_InsuranceServicesRevenue,other_operating_activities,net_income_starting_point
377,us-gaap_ProceedsFromCollectionOfPolicyLoans,other_investing_activities,capital_expenditures
378,pru_PaymentstoAcquireAssetsSupportingExperienceratedContractholderLiabilities,purchases_investments,acquisitions
379,us-gaap_PaymentsToFundPolicyLoans,other_investing_activities,other_financing_activities
380,pru_ProceedsFromPaymentsForSecuritiesSoldUnderAgreementsToRepurchaseAndCashCollateralForLoanedSecurities,other_financing_activities,sales_investments
381,us-gaap_DiscontinuedOperationsAndDisposalGroupsAbstract,other_operating_activities,net_income_starting_point
382,pru_ChangeInLiabilitiesClassifiedAsHeldForSale,other_operating_activities,change_accounts_payable
383,pru_NetAssetsClassifiedAsHeldForSale,other_operating_activities,net_income_starting_point
384,pru_NovationOfIRAContractsUnderReinsuranceAgreement,other_operating_activities,OtherOperatingActivitiesCashFlowStatement
385,pru_AssetsReceivedAndRelatedLiabilitiesRecordedPensionRiskTransferassetsreceived,other_operating_activities,net_income_starting_point
386,pru_OtherSignificantNoncashTransactionValueOfConsiderationCash,other_operating_activities,other_investing_activities
387,pru_DepositAssetsEstablishedForPHAB,other_operating_activities,capital_expenditures
388,pru_UnwindOfDACCeded,other_operating_activities,net_income_starting_point
389,pru_DeferredReinsuranceLoss,other_operating_activities,deferred_income_taxes
390,pypl_IncreaseDecreaseInOriginationsOfFinancingReceivablesHeldForSale,change_accounts_receivable,other_operating_activities
391,pypl_ProceedsFromRepaymentsAndSalesOfLoansReceivablesOriginallyClassifiedAsHeldForSale,other_operating_activities,acquisitions
392,pypl_IncreaseDecreaseInTransactionLossAllowanceForCashLossesNet,other_operating_activities,change_accounts_receivable
393,pypl_PurchasesAndPaymentsForOriginationsOfLoansReceivable,other_investing_activities,purchases_investments
394,us-gaap_ProceedsFromSaleAndCollectionOfLoansReceivable,other_investing_activities,sales_investments
395,pypl_ProceedsFromFundsPayableAndAmountsDueToCustomers,other_financing_activities,capital_expenditures
396,qcom_IncomeTaxProvisionLessThanInExcessOfIncomeTaxPayments,deferred_income_taxes,other_operating_activities
397,us-gaap_ImpairmentOfInvestments,other_operating_activities,other_investing_activities
398,us-gaap_GainLossOnSaleOfProperties,other_operating_activities,net_income_starting_point
399,reg_PaymentsForProceedsFromDividendsOnTradingSecuritiesHeldInTrust,other_investing_activities,dividends_paid
400,reg_DistributionsToPartners,dividends_paid,net_income_starting_point
401,us-gaap_PaymentsOfLoanCosts,other_financing_activities,debt_repayment
402,reg_NonCashOrPartNonCashAcquisitionOfRealEstatePreviouslyHeldWithinInvestmentsInRealEstatePartnerships,acquisitions,other_investing_activities
403,us-gaap_NoncashOrPartNoncashAcquisitionDebtAssumed1,acquisitions,debt_issuance
404,us-gaap_SalesTypeLeaseNetInvestmentInLeaseSale,other_investing_activities,sales_investments
405,us-gaap_NotesAssumed1,acquisitions,net_cash_financing_activities
406,reg_NonControllingInterestAssumedInAcquisitionFairValue,acquisitions,other_financing_activities
407,reg_IssuanceOfExchangeableOperatingPartnershipValue,other_financing_activities,acquisitions
408,reg_RealEstateReceivedInLieuOfPromoteInterest,other_operating_activities,reg_RealEstateReceivedInLieuOfPromoteInterest
409,reg_AdjustmentForNoncontrollingInterestsInTheOperatingPartnership,other_operating_activities,net_income_starting_point
410,us-gaap_StockIssuedDuringPeriodValueStockDividend,dividends_paid,stock_issuance
411,reg_StockDeferredIntoTrust,stock_based_compensation,stock_repurchase
412,reg_StockDistributedOutOfTrust,stock_based_compensation,stock_issuance
413,us-gaap_DebtSecuritiesAvailableForSaleUnrealizedGainLoss,other_operating_activities,sales_investments
414,us-gaap_GainsLossesOnSalesOfAssets,other_operating_activities,other_investing_activities
415,us-gaap_ProceedsFromSaleAndCollectionOfFinanceReceivables,other_investing_activities,sales_investments
416,us-gaap_GainLossOnRepurchaseOfDebtInstrument,other_operating_activities,debt_issuance
417,stx_IncreaseDecreaseInAccrualForLossContingency,other_operating_activities,change_accrued_expenses
418,us-gaap_PaymentsToAcquireAssetsInvestingActivities,other_investing_activities,capital_expenditures
419,us-gaap_ProceedsFromSaleOfLoansReceivable,other_investing_activities,sales_investments
420,syf_RestrictedCashAndEquivalentsIncludedInOtherAssets,cash_end_of_period,cash_beginning_of_period
421,tap_LossGainOnSaleOrImpairmentOfPropertyPlantEquipmentAndIntangibles,other_operating_activities,other_investing_activities
422,tap_CurrentIncomeTaxBenefitExpenseCashFlow,other_operating_activities,net_income_starting_point
423,us-gaap_InterestExpenseDebt,cash_paid_for_interest,net_income_starting_point
424,tap_ProceedsFromRepaymentsOfRevolvingCreditFacilities,other_financing_activities,debt_repayment
425,tfc_NetCashReceivedFromHedgeUnwinds,other_operating_activities,other_investing_activities
426,us-gaap_ProceedsFromSaleOfInterestInCorporateUnit,other_investing_activities,sales_investments
427,tfc_PurchasesSalesOfSecuritiesNotYetSettled,other_investing_activities,purchases_investments
428,us-gaap_RepaymentsOfAccountsReceivableSecuritization,debt_repayment,change_accounts_receivable
429,tkr_ProceedsFromTheSaleOfSharesInSubsidiary,other_investing_activities,stock_issuance
430,ups_CashPaidDuringPeriodForAbstract,cash_paid_for_interest,cash_paid_for_taxes
431,usb_PaymentsForProceedsFromLoansOutstanding,other_investing_activities,other_financing_activities
432,us-gaap_ProceedsFromPaymentsForSecuritiesPurchasedUnderAgreementsToResell,other_investing_activities,purchases_investments
433,usb_AssetsSoldAcquired,acquisitions,other_investing_activities
434,usb_LiabilitiesSoldAssumed,other_investing_activities,other_financing_activities
435,wen_AmortizationOfCloudComputingArrangements,depreciation_amortization,other_operating_activities
436,wen_EquityInEarningsForPeriodNetOfAmortizationOfPurchasePriceAdjustments,other_operating_activities,net_income_starting_point
437,wen_Operatingactivitiesfromlongtermdebtnet,other_operating_activities,net_cash_financing_activities
438,wen_Increasedecreaseinnotesreceivablenetforinvestingactivities,other_investing_activities,change_accounts_receivable
439,us-gaap_BusinessCombinationStepAcquisitionEquityInterestInAcquireeRemeasurementGainOrLoss,other_operating_activities,other_investing_activities
440,whr_ProceedsFromSaleOfPropertyPlantAndEquipmentAndOtherInvestments,other_investing_activities,sales_investments
441,us-gaap_IncreaseDecreaseInPrepaidExpense,other_operating_activities,change_accounts_payable
442,wkc_IncreaseDecreaseInIncomeTaxAndOtherLiabilitiesNoncurrent,other_operating_activities,change_accrued_expenses
443,us-gaap_ProceedsFromIssuanceOfWarrants,other_financing_activities,stock_issuance
444,wm_ProvisionForDoubtfulAccountsAndOtherCreditLosses,other_operating_activities,net_income_starting_point
445,wm_IncreaseDecreaseInDeferredRevenueAndOtherOperatingLiabilities,other_operating_activities,deferred_income_taxes
446,wm_ProceedsFromDivestitureOfBusinessesNetOfCashDivestedAndProceedsFromSalesOfAssetsInvestingActivities,other_investing_activities,acquisitions
447,wmt_PurchaseofNoncontrollingInterest,other_financing_activities,acquisitions
448,xom_OtherLongTermObligationsExpenseAndPaymentsAdjustment,other_operating_activities,other_financing_activities
449,xom_AdditionalInvestmentsAndAdvances,purchases_investments,other_investing_activities
450,us-gaap_MaturitiesOfSeniorDebt,debt_repayment,debt_issuance
451,zbh_ProceedsFromDividendDistribution,other_investing_activities,dividends_paid
452,nvda_BusinessCombinationAdvancedConsiderationWrittenOff,other_operating_activities,acquisitions
453,nvda_PaymentsForFinancedPropertyPlantAndEquipmentAndIntangibleAssetsFinancingActivities,other_financing_activities,capital_expenditures
454,amzn_ProceedsFromPropertyPlantAndEquipmentSalesAndIncentives,other_investing_activities,sales_investments
455,tsla_IncreaseDecreaseInOperatingLeaseVehicles,other_operating_activities,change_accounts_payable
456,tsla_PurchaseOfDigitalAssets,other_investing_activities,purchases_investments
457,tsla_ProceedsFromSalesOfDigitalAssets,other_investing_activities,sales_investments
458,tsla_PaymentsToAcquireOtherIndefiniteLivedIntangibleAssets,other_investing_activities,acquisitions
459,tsla_GovernmentGrantReceipt,other_operating_activities,net_income_starting_point
460,tsla_PaymentsForBuyOutsOfNoncontrollingInterestsInSubsidiaries,other_financing_activities,acquisitions
461,us-gaap_GainLossOnDispositionOfIntangibleAssets,other_operating_activities,other_investing_activities
462,us-gaap_ProceedsFromSaleOfIntangibleAssets,other_investing_activities,sales_investments
463,us-gaap_PaymentsToAcquireInProcessResearchAndDevelopment,other_investing_activities,acquisitions
464,v_AmortizationOfClientIncentives,depreciation_amortization,other_operating_activities
465,v_VETerritoryCoveredLossesIncurredPostAcquisition,other_operating_activities,net_income_starting_point
466,v_IncreaseDecreaseInSettlementPayable,other_operating_activities,change_accounts_payable
467,ma_AmortizationofCustomerandMerchantIncentives,depreciation_amortization,stock_based_compensation
468,us-gaap_EquitySecuritiesFvNiRealizedGainLoss,other_operating_activities,other_investing_activities
469,ma_IncreaseDecreaseInAccruedLitigation,change_accrued_expenses,other_operating_activities
470,ma_IncreaseDecreaseSettlementDueToCustomers,other_operating_activities,change_accounts_receivable
471,amd_AmortizationOfInventoryFairValueAdjustment,depreciation_amortization,other_operating_activities
472,amd_IncreaseDecreaseinPrepaymentsRelatedParties,other_operating_activities,change_accounts_payable
473,amd_IssuanceOfTreasuryStockToPartiallySettleDebt,other_financing_activities,stock_repurchase
474,us-gaap_RestrictedCashCurrent,cash_end_of_period,change_accounts_payable
475,abbv_NonCashLitigationReserveAdjustmentsNetOfCashPayments,other_operating_activities,non_cash_stock_based_comp
476,us-gaap_CapitalLeaseObligationsIncurred,other_financing_activities,capital_expenditures
477,nflx_AdditionstoStreamingContentAssets,other_operating_activities,capital_expenditures
478,nflx_ChangeInStreamingContentLiabilities,other_operating_activities,change_accounts_payable
479,nflx_CostofServicesAmortizationofStreamingContentAssets,depreciation_amortization,cost_of_services_amortization_of_streaming_content_assets
480,ko_ProceedsfromDisposalsofbusinessesequitymethodinvestmentsandnonmarketablesecurities,other_investing_activities,acquisitions
481,ko_CollateralPaidReceivedAssociatedWithHedgingActivitiesNet,other_operating_activities,other_investing_activities
482,us-gaap_CashAndCashEquivalentsAbstract,cash_end_of_period,cash_beginning_of_period
483,us-gaap_IncreaseDecreaseInPostretirementObligations,change_accrued_expenses,change_accounts_payable
484,ge_CashPaidReceivedForIncomeTaxesNetOfDiscontinuedOperations,cash_paid_for_taxes,change_accounts_payable
485,ge_CashCashEquivalentsRestrictedCashandRestrictedCashEquivalentsIncludingAssetsHeldforSale,cash_end_of_period,cash_beginning_of_period
486,pm_DefinedBenefitPlanPlanAssetsPensionPlanContributionsNetOfRefunds,other_operating_activities,capital_expenditures
487,pm_ShortTermBorrowingActibityByOrigianlMaturityAbstract,other_financing_activities,net_cash_financing_activities
488,pm_PaymentsToAcquireAdditionalInterestInSubsidiariesFinancingActivities,other_financing_activities,acquisitions
489,wfc_NetChangeInInvestingActivitiesAbstract,net_cash_investing_activities,other_investing_activities
490,wfc_NetChangeInFederalFundsSoldSecuritiesPurchasedUnderResaleAgreementsAndOtherShortTermInvestments,other_operating_activities,other_investing_activities
491,us-gaap_PaymentsForProceedsFromLoansAndLeasesAbstract,other_investing_activities,other_financing_activities
492,wfc_PaymentsForLoansOriginatedByBankingSubsidiariesNetOfProceedsFromCollections,other_investing_activities,net_cash_operating_activities
493,wfc_PrincipalCollectedOnNonbankEntitiesLoans,other_investing_activities,other_operating_activities
494,wfc_LoansOriginatedByNonbankEntities,other_investing_activities,net_cash_operating_activities
495,us-gaap_ProceedsFromDivestitureOfBusinessesAndInterestsInAffiliates,other_investing_activities,acquisitions
496,us-gaap_RestrictedCashEquivalents,cash_end_of_period,cash_beginning_of_period
497,us-gaap_PaymentsToPurchaseOtherLoansHeldForSale,other_investing_activities,capital_expenditures
498,us-gaap_ProceedsFromSaleOfOtherLoansHeldForSale,other_investing_activities,sales_investments
499,tmo_IncreaseDecreaseInContractWithCustomerAssetsAndLiabilities,other_operating_activities,change_accounts_receivable
500,mcd_IncreaseDecreaseInInventoriesPrepaidExpensesAndOtherCurrentAssets,other_operating_activities,change_inventory
501,us-gaap_IncomeLossAttributableToNoncontrollingInterest,other_operating_activities,net_income_starting_point
502,us-gaap_SecuritizationFinancialAssetForWhichTransferIsAccountedAsSaleGainLossOnSale,other_operating_activities,other_investing_activities
503,tmus_DisposalGroupNotDiscontinuedOperationGainLossOnRemeasurementOfDisposalGroupHeldForSale,other_operating_activities,other_investing_activities
504,tmus_ProceedsFromSalesOfTowerSites,other_investing_activities,sales_investments
505,tmus_RepaymentsOfShortTermDebtForPurchasesOfInventoryPropertyAndEquipmentNet,debt_repayment,other_financing_activities
506,klac_ProceedsFromDisposalOfNoncontrollingInterest,other_financing_activities,acquisitions
507,klac_IncreaseDecreaseInContractWithCustomerLiabilitySystemRevenue,other_operating_activities,change_accounts_payable
508,klac_IncreaseDecreaseInContractWithCustomerLiabilityServiceRevenue,other_operating_activities,change_accounts_payable
509,klac_PaymentsForForwardContractForAcceleratedShareRepurchases,stock_repurchase,other_financing_activities
510,klac_NoncashOrPartNoncashAcquisitionContingentConsiderationPayableReceivable,acquisitions,other_financing_activities
511,klac_NoncashTransactionIncreaseDecreaseInDividendsPayable,dividends_paid,other_financing_activities
512,us-gaap_BusinessCombinationSeparatelyRecognizedTransactionsNetGainsAndLosses,other_operating_activities,acquisitions
513,us-gaap_PaymentsForMergerRelatedCosts,other_operating_activities,acquisitions
514,pep_TaxCutsAndJobsActNoncurrentExpense,deferred_income_taxes,tax_cuts_and_jobs_act_noncurrent_expense
515,pep_TaxpaymentsrelatedtotheTCJAct,cash_paid_for_taxes,Other Operating Activities
516,pep_PaymentsForProceedsFromShortTermInvestmentsThreeMonthsOrLessNet,other_investing_activities,purchases_investments
517,us-gaap_ProceedsFromRepaymentsOfShortTermDebtAbstract,other_financing_activities,debt_repayment
518,dei_SecurityExchangeName,None,OtherOperatingActivitiesCashFlowStatement
519,ba_Employee401kTreasuryStockContributionNoncashExpense,stock_based_compensation,stock_repurchase
520,schw_IncreaseDecreaseInInvestmentsSegregatedAndOnDepositForRegulatoryPurposes,other_operating_activities,other_investing_activities
521,us-gaap_PaymentsToAcquireFederalReserveStock,purchases_investments,other_investing_activities
522,schw_NoncashTransactionCommonStockRepurchased,stock_repurchase,other_financing_activities
523,schw_CashPaidDuringPeriodForAbstract,cash_paid_for_interest,cash_paid_for_taxes
524,anet_NoncashLeaseExpense,other_operating_activities,depreciation_amortization
525,anet_PaymentsForInvestmentInNotesAndPrivatelyHeldCompanies,purchases_investments,other_investing_activities
526,app_IncreaseDecreaseInPrepaidExpensesAndOtherCurrentAssets,other_operating_activities,change_accrued_expenses
527,app_PurchaseOfNonmarketableInvestmentsAndOther,purchases_investments,other_investing_activities
528,app_PaymentsOfLicensedAssetObligation,other_financing_activities,stock_repurchase
529,app_NoncashOrPartNoncashAcquisitionSettlementOfConvertibleSecurityCommonStockIssued,acquisitions,other_financing_activities
530,app_IntangibleAssetsAcquiredIncurredButNotYetPaid,capital_expenditures,acquisitions
531,app_ProceedsFromSaleOfPropertyPlantAndEquipmentNetYetReceived,other_investing_activities,sales_investments
532,app_SettlementOfBonusCompensationThroughIssuanceOfCommonStock,stock_based_compensation,stock_issuance
533,us-gaap_IncreaseDecreaseInRecoverablePropertyDamageCosts,other_operating_activities,change_accounts_receivable
534,nee_IndependentPowerInvestments,other_investing_activities,net_income_starting_point
535,us-gaap_ProceedsFromDecommissioningFund,other_investing_activities,capital_expenditures
536,us-gaap_PaymentsToInvestInDecommissioningFund,other_investing_activities,capital_expenditures
537,nee_SaleOfDifferentialMembershipInterests,other_financing_activities,other_investing_activities
538,us-gaap_ProceedsFromRepaymentsOfRelatedPartyDebt,other_financing_activities,debt_repayment
539,nee_IncreaseDecreaseInConstructionWorkInProgressAndContractLiability,other_operating_activities,change_accounts_receivable
540,uber_AssetImpairmentChargesExcludingEquityMethodInvestments,other_operating_activities,net_income_starting_point
541,us-gaap_DebtAndEquitySecuritiesUnrealizedGainLoss,other_operating_activities,other_investing_activities
542,uber_RevaluationOnCallOption,other_operating_activities,non_cash_stock_based_comp
543,uber_IncreaseDecreaseinOperatingLeaseLiabilities,other_operating_activities,change_accounts_payable
544,us-gaap_PaymentsToAcquireNotesReceivable,other_investing_activities,purchases_investments
545,uber_CashCashEquivalentsRestrictedCashAndRestrictedCashEquivalentsReclassificationFromToAssetsHeldForSaleDuringPeriod,other_investing_activities,cash_beginning_of_period
546,uber_OwnershipInterestReceivedInExchangeForDivestiture,other_operating_activities,acquisitions
547,uber_DebtConversionConvertedInstrumentAmountRelatedToAcquisition,acquisitions,other_financing_activities
548,dhr_AmortizationOfInventoryStepUp,depreciation_amortization,other_operating_activities
549,dhr_ProceedsFromDistributionFromDiscontinuedOperationsSeparation,other_investing_activities,other_financing_activities
550,dhr_NoncashSeparationOfSubsidiaryDistributionOfAssetsLiabilitiesNet,other_operating_activities,other_financing_activities
551,t_IncreaseDecreaseInNetOperatingAssetsEquipInstallmentReceivablesAndRelatedAssetSales,other_operating_activities,change_accounts_receivable
552,t_IncreaseDecreaseInOperatingAssetsDeferredFulfillmentCosts,other_operating_activities,change_accounts_receivable
553,us-gaap_SaleAndLeasebackTransactionGainLossNet,other_operating_activities,net_income_starting_point
554,intu_PaymentsForOriginationsOfLoansHeldForSale,other_operating_activities,other_financing_activities
555,intu_ProceedsFromSaleAndPrincipalPaymentsOfLoansHeldForSale,other_operating_activities,net_cash_investing_activities
556,intu_PaymentsForProceedsFromFundsReceivableAndFundsPayableAndAmountsDueToCustomers,other_operating_activities,other_investing_activities
557,scco_CashPaidAbstract,cash_paid_for_interest,cash_paid_for_taxes
558,scco_WorkersParticipation,change_accrued_expenses,stock_based_compensation
559,adi_CostOfGoodsAndServicesSoldForInventoryAcquired,other_operating_activities,cost_of_goods_and_services_sold
560,us-gaap_AmortizationOfDeferredSalesCommissions,depreciation_amortization,deferred_income_taxes
561,now_DebtConversionAmountConvertedValueInExcessOfPrincipal,other_financing_activities,stock_issuance
562,now_NoncashBenefitReceivedFromNoteHedge,other_operating_activities,other_financing_activities
563,hon_LossContingencyAccrualBuyout,change_accrued_expenses,other_operating_activities
564,hon_CashReceivedByHoneywell,other_investing_activities,net_cash_operating_activities
565,bsx_InventoryStepUpAmortization,depreciation_amortization,other_operating_activities
566,bsx_ProceedsFromPaymentsForInvestmentsAndAcquisitionsOfCertainTechnologies,other_investing_activities,purchases_investments
567,bsx_PaymentsForRoyaltyRights,other_investing_activities,acquisitions
568,bsx_Paymenttonetsharesettleemployeeequityawards,PaymentsRelatedToTaxWithholdingForShareBasedCompensation,stock_based_compensation
569,bsx_NonCashImpactOfTransferredRoyaltyRights,other_operating_activities,non_cash_stock_based_comp
570,us-gaap_RestrictedCashEquivalentsNoncurrent,cash_beginning_of_period,cash_end_of_period
571,us-gaap_DebtConversionConvertedInstrumentAmount1,other_financing_activities,debt_issuance
572,us-gaap_ProductLiabilityAccrualPeriodExpense,other_operating_activities,change_accrued_expenses
573,panw_IncreaseDecreaseInCapitalizedContractCost,other_operating_activities,change_accounts_receivable
574,us-gaap_InterestPaidCapitalized,cash_paid_for_interest,capital_expenditures
575,us-gaap_IncreaseDecreaseInPrepaidReinsurancePremiums,other_operating_activities,change_accrued_expenses
576,pgr_PaymentsforRepurchaseofCommonStockforRestrictedStockTaxLiabilities,PaymentsRelatedToTaxWithholdingForShareBasedCompensation,stock_repurchase
577,cop_ExplorationAbandonmentAndImpairmentCashPayments,other_operating_activities,OtherOperatingActivitiesCashFlowStatement
578,cop_IncreaseDecreaseInCapitalAccrual,capital_expenditures,change_accrued_expenses
579,us-gaap_ProceedsFromCollectionOfLongtermLoansToRelatedParties,other_investing_activities,acquisitions
580,vrtx_NoncashFinancingOrInvestingActivitiesCollaborativeArrangementMilestonePaymentsDue,other_investing_activities,other_financing_activities
581,us-gaap_PresentValueOfFutureInsuranceProfitsAmortizationExpense1,depreciation_amortization,other_operating_activities
582,us-gaap_IncreaseDecreaseInFuturePolicyBenefitReserves,other_operating_activities,change_accounts_payable
583,us-gaap_IncreaseDecreaseInReinsurancePayables,other_operating_activities,change_accounts_payable
584,cb_CashAndCashEquivalentsIncreaseDecreaseDueToConsolidationAndDeconsolidationOfInvestmentProducts,other_investing_activities,net_change_in_cash
585,cb_ThirdPartyCapitalInvestedIntoConsolidatedInvestmentProducts,other_financing_activities,capital_expenditures
586,cb_ThirdPartyCapitalDistributedByConsolidatedInvestmentProducts,other_financing_activities,other_operating_activities
587,crwd_AmortizationOfDeferredContractAcquisitionCosts,depreciation_amortization,amortization_of_deferred_contract_acquisition_costs
588,crwd_IncreaseDecreaseInDeferredContractAcquisitionCosts,other_operating_activities,deferred_income_taxes
589,crwd_PaymentsToAcquireOfDeferredCompensationInvestments,purchases_investments,capital_expenditures
590,ph_CashPaidDuringYearFor,other_operating_activities,cash_paid_for_taxes
591,pld_GainsOnDispositionsOfDevelopmentPropertiesAndLandNet,other_operating_activities,other_investing_activities
592,pld_GainsOnOtherDispositionsOfInvestmentsInRealEstateNet,other_operating_activities,other_investing_activities
593,us-gaap_IncreaseDecreaseInOperatingAssets,other_operating_activities,change_accounts_receivable
594,pld_PaymentsToRealEstateAndOtherDevelopment,capital_expenditures,acquisitions
595,us-gaap_ProceedsFromCollectionOfNotesReceivable,other_investing_activities,net_cash_operating_activities
596,pld_PaymentsToMinorityShareholdersExcludingParentCompanyDistributions,other_financing_activities,dividends_paid
597,pld_TaxesPaidForSharesOfParentWithheld,PaymentsRelatedToTaxWithholdingForShareBasedCompensation,cash_paid_for_taxes
598,bx_NetRealizedGainsLossesOnInvestmentsFundsRelated,other_operating_activities,other_investing_activities
599,bx_NonCashPerformanceAllocationsAndIncentiveFeeCompensation,stock_based_compensation,non_cash_stock_based_comp
600,bx_IncreaseDecreaseInCashOfDiscontinuedOperations,other_operating_activities,net_cash_operating_activities
601,us-gaap_IncreaseDecreaseDueFromAffiliates,other_operating_activities,change_accounts_receivable
602,us-gaap_IncreaseDecreaseInDueToAffiliates,other_operating_activities,change_accounts_payable
603,bx_NonCashContributionsFromNonControllingInterestHolders,other_financing_activities,non_cash_stock_based_comp
604,bx_NonCashDistributionsToNonControllingInterestHolders,other_operating_activities,other_financing_activities
605,bx_DebtIssueCostsIncurredButNotYetPaid,other_financing_activities,debt_issuance
606,bx_NetSettlementOfVestedCommonStock,PaymentsRelatedToTaxWithholdingForShareBasedCompensation,non_cash_stock_based_comp
607,bx_AcquisitionOfOwnershipInterestsFromNoncontrollingInterestHoldersAbstract,other_financing_activities,acquisitions
608,bx_EquityAccountPeriodIncreaseDecreaseExchangeOfRelatedParties,other_financing_activities,other_operating_activities
609,meli_EquityInEarningsOfUnconsolidatedEntityNetOfTax,other_operating_activities,net_income_starting_point
610,us-gaap_ForeignCurrencyTransactionLossBeforeTax,other_operating_activities,net_income_starting_point
611,meli_AccruedInterestFromInvestments,other_operating_activities,other_investing_activities
612,meli_ConvertibleBondsAccruedInterestAndAmortizationOfDebtDiscount,other_operating_activities,other_financing_activities
613,meli_IncreaseDecreaseInFundsPayableToCustomers,other_operating_activities,change_accounts_payable
614,meli_IncreaseDecreaseInAmountsPayableDueToCreditAndDebitCardTransactions,other_operating_activities,change_accounts_payable
615,meli_IncreaseDecreaseInPrincipalLoansReceivableNet,other_operating_activities,change_accounts_receivable
616,meli_ExerciseOfConvertibleNotes,other_financing_activities,stock_issuance
617,meli_BusinessCombinationContingentConsiderationAndEscrowDeposits,other_operating_activities,acquisitions
618,us-gaap_NoncashOrPartNoncashAcquisitionValueOfAssetsAcquiredAbstract,acquisitions,other_investing_activities
619,us-gaap_NoncashOrPartNoncashAcquisitionAccountsReceivableAcquired1,acquisitions,other_operating_activities
620,meli_NoncashOrPartNoncashAcquisitionOtherCurrentAssetsAcquired,acquisitions,other_investing_activities
621,us-gaap_NoncashOrPartNoncashAcquisitionOtherAssetsAcquired1,acquisitions,other_investing_activities
622,us-gaap_NoncashOrPartNoncashAcquisitionOtherLiabilitiesAssumed1,acquisitions,other_investing_activities
623,meli_NoncashOrPartNoncashAcquisitionOtherIntangibleAssetsAcquired1,acquisitions,other_investing_activities
624,sbux_IncomeLossfromEquityMethodInvestments1,other_operating_activities,other_investing_activities
625,sbux_NonCashLeaseExpense,other_operating_activities,non_cash_stock_based_comp
626,sbux_CashPaidDuringPeriodForAbstract,cash_paid_for_interest,cash_paid_for_taxes
627,kkr_RealizedGainsLossesOnInvestments,other_operating_activities,other_investing_activities
628,kkr_NetRealizedGainsLossesOnInsuranceOperations,other_operating_activities,net_income_starting_point
629,us-gaap_InterestCreditedToPolicyholdersAccountBalances,other_operating_activities,net_income_starting_point
630,kkr_IncreaseDecreaseInInsuranceAssetsExcludingDeferredPolicyAcquisitionCosts,other_operating_activities,change_accounts_receivable
631,kkr_PaymentsToAcquireInvestmentsOperatingActivities,other_operating_activities,purchases_investments
632,us-gaap_ProceedsFromSaleOfSecuritiesOperatingActivities,other_operating_activities,sales_investments
633,kkr_PaymentsToNoncontrollingInterestHoldings,other_financing_activities,acquisitions
634,kkr_ProceedsFromNoncontrollingInterestHolding,other_financing_activities,acquisitions
635,kkr_PaymentsToNoncontrollingInterestConsolidatedEntities,other_financing_activities,acquisitions
636,kkr_ProceedsFromNoncontrollingInterestConsolidatedEntities,other_financing_activities,acquisitions
637,kkr_PaymentsforNetDeliveryofCommonStock,PaymentsRelatedToTaxWithholdingForShareBasedCompensation,stock_repurchase
638,kkr_NoncashDistributionToNoncontrollingInterests,other_operating_activities,other_financing_activities
639,kkr_NoncashDistributionToRedeemableNoncontrollingInterests,other_financing_activities,non_cash_stock_based_comp
640,kkr_ForeignExchangeOnDebtObligationsGainLossUnrealized,other_operating_activities,net_income_starting_point
641,kkr_NetDeferredTaxEffectsResultingFromExchangeOfUnits,deferred_income_taxes,other_operating_activities
642,kkr_InvestmentsAcquiredThroughReinsuranceAgreements,purchases_investments,acquisitions
643,kkr_ContractholderDepositFundsAcquiredThroughReinsuranceAgreements,acquisitions,other_investing_activities
644,kkr_NoncashOrPartNoncashIncreaseDecreaseInDivestitureInvestments,other_operating_activities,other_investing_activities
645,kkr_NoncashorPartNoncashDivestitureOtherAssets,other_investing_activities,other_operating_activities
646,kkr_NoncashOrPartNoncashDivestitureDebtObligations,other_investing_activities,other_financing_activities
647,kkr_NoncashOrPartNoncashDivestitureAccruedExpensesAndOtherLiabilities,change_accrued_expenses,other_operating_activities
648,kkr_NoncashorPartNoncashDivestitureNoncontrollingInterests,other_operating_activities,non_cash_stock_based_comp
649,kkr_NoncashorPartNoncashDivestitureRedeemableNoncontrollingInterests,other_operating_activities,other_financing_activities
650,mo_IncomeTaxAdjustmentsUnrecognizedTaxBenefits,other_operating_activities,net_income_starting_point
651,mo_GainLossFromEquitySecurities,other_operating_activities,other_investing_activities
652,mo_IncreaseDecreaseInSettlementPayable,other_operating_activities,change_accounts_payable
653,mo_ProceedsFromSaleOfCommercializationRights,other_investing_activities,sales_investments
654,mo_DeferredProceedsFromSaleOfCommercializationRightsNoncash,other_operating_activities,other_investing_activities
655,us-gaap_RestrictedCashNoncurrent,cash_end_of_period,non_cash_stock_based_comp
656,enb_ProceedsFromRepaymentsOfCommercialPaperAndLinesOfCredit,other_financing_activities,debt_repayment
657,us-gaap_ProceedsFromIncomeTaxRefundFederal,cash_paid_for_taxes,net_cash_operating_activities
658,adp_NetProceedsfromstockpurchaseplanandstockbasedcompensationplans,stock_issuance,stock_repurchase
659,adp_Netrepaymentsofproceedsfromreverserepurchaseagreements,other_financing_activities,debt_repayment
660,ceg_RealizedAndUnrealizedGainLossOnInvestments,other_operating_activities,other_investing_activities
661,ceg_IncreaseDecreaseInMoneyPoolWithAffiliate,other_financing_activities,other_operating_activities
662,ceg_PaymentsToAcquireNoncontrollingInterests,other_financing_activities,acquisitions
663,us-gaap_SupplementalDeferredPurchasePrice,acquisitions,other_investing_activities
664,cme_PaymentForAcquisitionOfSubsidiarysInterestsFromTheNonControllingInterest,other_financing_activities,acquisitions
665,cme_ChangeInPerformanceBondAndGuarantyFundContributions,other_operating_activities,change_accounts_payable
666,mck_PaymentsForPurchaseOfGovernmentObligationsForSatisfactionAndDischargeOfLongTermDebt,debt_repayment,other_financing_activities
667,us-gaap_FairValueOptionChangesInFairValueGainLoss1,other_operating_activities,other_investing_activities
668,ice_PaymentsForMarginDeposits,other_operating_activities,other_financing_activities
669,ice_IncreaseDecreaseMarginDepositsAndGuarantyFundsLiability,other_operating_activities,change_accounts_payable
670,us-gaap_InvestmentTaxCredit,other_operating_activities,net_income_starting_point
671,so_IncreaseDecreaseRetailFuelCostUnderRecoveryShortTerm,other_operating_activities,change_accounts_payable
672,so_IncreaseDecreaseInNaturalGasCostUnderRecoveryCurrentPortion,other_operating_activities,change_accounts_payable
673,us-gaap_PaymentsForRemovalCosts,other_investing_activities,capital_expenditures
674,so_ChangeInConstructionPayables,capital_expenditures,change_accounts_payable
675,so_PrepaidLongTermServiceAgreement,other_operating_activities,stock_based_compensation
676,so_RedemptionsAbstract,debt_repayment,net_cash_financing_activities
677,snps_ReductionofOperatingLeaseRightofUseAssets,other_operating_activities,change_accounts_payable
678,snps_AmortizationOfCapitalizedCostsToObtainRevenueContracts,depreciation_amortization,amortization
679,hood_FairValueAdjustmentOfConvertibleDebtAndWarrants,other_operating_activities,other_financing_activities
680,us-gaap_IncreaseDecreaseInDepositOtherAssets,other_operating_activities,change_accounts_payable
681,hood_ReconciliationOfCashCashEquivalentsSegregatedCashAndRestrictedCashAbstract,cash_end_of_period,net_cash_operating_activities
682,us-gaap_CashSegregatedUnderOtherRegulations,cash_beginning_of_period,cash_end_of_period
683,us-gaap_ProceedsFromRepaymentsOfNotesPayable,other_financing_activities,debt_repayment
684,nke_CashPaidDuringPeriodForAbstract,cash_paid_for_interest,cash_paid_for_taxes
685,noc_CashFlowFromSaleOfEquipmentToACustomer,other_operating_activities,capital_expenditures
686,us-gaap_DisposalGroupIncludingDiscontinuedOperationForeignCurrencyTranslationGainsLosses,other_operating_activities,other_investing_activities
687,mco_GainOnExtinguishmentOfDebt,other_operating_activities,other_financing_activities
688,mco_LossOnExtinguishmentOfDebt,other_operating_activities,debt_issuance
689,us-gaap_ProceedsFromDivestitureOfInterestInSubsidiariesAndAffiliates,other_investing_activities,acquisitions
690,mco_PaymentsOfDebtIssuanceAndDebtExtinguishmentOrDebtPrepaymentCosts,other_financing_activities,debt_repayment
691,duk_IncomeLossFromEquityMethodInvestmentsExcludingOTTI,other_operating_activities,other_investing_activities
692,duk_ProceedsFromFromDiscontinuedOperationsNetOfTaxIncludingPortionAttributableToNoncontrollingInterest,other_investing_activities,net_cash_investing_activities
693,duk_ProceedsFromReturnOfInvestmentCapital,other_investing_activities,net_cash_investing_activities
694,duk_PaymentsToCancelledEquityMethodInvestments,other_investing_activities,acquisitions
695,dash_EquitySecuritiesWithoutReadilyDeterminableFairValueDownwardUpwardPriceAdjustmentIncludingImpairmentLossAnnualAmount,other_operating_activities,other_investing_activities
696,dash_IncreaseDecreaseInPrepaidExpenseAndOtherCurrentAssets,other_operating_activities,change_accounts_payable
697,us-gaap_PaymentsOfStockIssuanceCosts,other_financing_activities,stock_repurchase
698,fcx_TaxCutsandJobsActof2017ProvisionalIncomeTaxExpenseBenefit,deferred_income_taxes,net_income_starting_point
699,fcx_PaymentsForSocialInvestmentPrograms,other_operating_activities,other_financing_activities
700,us-gaap_OriginationOfNotesReceivableFromRelatedParties,other_investing_activities,other_operating_activities
701,cdns_ROUassetamortizationandchangeinoperatingleaseliabilities,other_operating_activities,depreciation_amortization
702,us-gaap_ProceedsFromRepaymentsOfDebt,other_financing_activities,debt_repayment
703,hwm_DefinedBenefitPensionPlansNetPeriodicBenefitCost,other_operating_activities,net_income_starting_point
704,shw_AmortizationOfNonTradedInvestments,depreciation_amortization,other_operating_activities
705,us-gaap_PaymentsForEnvironmentalLiabilities,other_operating_activities,other_investing_activities
706,shw_ProceedsFromFailedSaleLeasebackTransactionsNet,other_financing_activities,other_investing_activities
707,mar_IncreaseDecreaseInWorkingCapital,other_operating_activities,change_accounts_receivable
708,mar_PaymentsForLoanAdvances,other_investing_activities,debt_repayment
709,us-gaap_ProceedsFromSaleAndCollectionOfNotesReceivable,other_investing_activities,sales_investments
710,mar_ProceedsFromRepaymentsOfCommercialPaperAndLongTermLinesOfCredit,other_financing_activities,debt_repayment
711,mmm_PaymentOfPensionAndOtherPostretirementBenefitContributions,other_operating_activities,other_financing_activities
712,us-gaap_AmortizationOfAcquisitionCosts,depreciation_amortization,stock_based_compensation
713,emr_ProceedsFromSubordinatedInterest,other_investing_activities,stock_issuance
714,us-gaap_ProceedsFromSaleOfMachineryAndEquipment,other_investing_activities,sales_investments
715,wdc_PaymentsForLongTermLoansForRelatedParties,other_investing_activities,debt_repayment
716,wdc_ProceedsFromLongTermLoansForRelatedParties,debt_issuance,other_financing_activities
717,wdc_TaxesPaidOnVestedStockAwardsUnderEmployeeStockPlans,PaymentsRelatedToTaxWithholdingForShareBasedCompensation,stock_based_compensation
718,wdc_PaymentsForRepurchaseOfDebt,debt_repayment,stock_repurchase
719,crh_GainLossOnDisposalsFromDiscontinuedOperationsBusinessesAndLongLivedAssetsNet,other_operating_activities,net_income_starting_point
720,tdg_FiniteLivedIntangibleAssetsAndProductDevelopmentCostAmortizedAmount,depreciation_amortization,other_operating_activities
721,tdg_InventoryStepupAmortization,depreciation_amortization,other_operating_activities
722,tdg_Losscontractsamortization,depreciation_amortization,other_operating_activities
723,us-gaap_FairValueAdjustmentOfWarrants,other_operating_activities,non_cash_stock_based_comp
724,abnb_ChangeInFundsPayableAndAmountsPayableToCustomers,other_operating_activities,change_accounts_payable
725,us-gaap_PaymentsOfDebtRestructuringCosts,other_financing_activities,debt_repayment
726,regn_MarketableAndOtherSecuritiesGainLoss,other_operating_activities,other_investing_activities
727,regn_AcquiredInProcessResearchAndDevelopmentAssetAcquisition,acquisitions,other_operating_activities
728,regn_PaymentsToAcquireIntangibleAssets1,other_investing_activities,acquisitions
729,rcl_ProceedsFromSaleOfNoncontrollingInterest,other_financing_activities,other_investing_activities
730,us-gaap_InterestPaidAbstract,cash_paid_for_interest,dividends_paid
731,us-gaap_IncreaseDecreaseInPrepaidTaxes,other_operating_activities,change_accounts_payable
732,mnst_IncreaseDecreaseInCustomerLiability,change_accrued_expenses,change_accounts_payable
733,mnst_PaymentsToProceedsFromIntangiblesAssets,other_investing_activities,acquisitions
734,wmb_PaymentsToRetireProceedsFromSaleOfPropertyPlantAndEquipment,other_investing_activities,capital_expenditures
735,wmb_IncreaseDecreaseInAccountsPayableAndAccruedLiabilitiesRelatedToCapitalExpendituresIncurredButNotYetPaid,capital_expenditures,change_accounts_payable
736,dell_IncreaseDecreaseInDueToFromRelatedParties,other_operating_activities,change_accounts_payable
737,us-gaap_InvestmentIncomeNet,other_operating_activities,other_investing_activities
738,apo_GainLossOnInvestmentsAndDerivatives,other_operating_activities,other_investing_activities
739,apo_PolicyAcquisitionCostsDeferred,other_operating_activities,stock_based_compensation
740,apo_IncreaseDecreaseFromSaleOfInvestments,sales_investments,other_investing_activities
741,apo_PaymentsToRedeemableNoncontrollingInterests,other_financing_activities,acquisitions
742,us-gaap_ProceedsFromOtherEquity,other_financing_activities,stock_issuance
743,apo_SubsidiaryIssuanceOfEquityInterestsOfNonControllingInterests,other_financing_activities,acquisitions
744,apo_NonCashPurchasesOfInvestmentsOtherFairValue,purchases_investments,other_investing_activities
745,apo_ContributionsOfAssets,other_investing_activities,other_financing_activities
746,apo_NonCashCapitalIncreasesRelatedToShareBasedCompensation,stock_based_compensation,non_cash_stock_based_comp
747,apo_NonCashIssuanceOfRestrictedShares,stock_based_compensation,non_cash_stock_based_comp
748,apo_DepositsOnInvestmentPoliciesAndContracts,other_operating_activities,other_investing_activities
749,apo_WithdrawalsOnInvestmentPoliciesAndContracts,other_financing_activities,other_operating_activities
750,apo_PaymentsToAcquireInvestmentsOperatingActivities,purchases_investments,capital_expenditures
751,apo_NetAssetsDeconsolidatedFromConsolidatedVariableInterestEntitiesAndFundsOtherAssets,other_operating_activities,net_income_starting_point
752,apo_NetAssetsDeconsolidatedFromConsolidatedVariableInterestEntitiesAndFundsDebt,other_operating_activities,net_income_starting_point
753,apo_NetAssetsDeconsolidatedFromConsolidatedVariableInterestEntitiesAndFundsNotesPayable,other_financing_activities,net_cash_financing_activities
754,apo_NetAssetsDeconsolidatedFromConsolidatedVariableInterestEntitiesAndFundsOtherLiabilities,other_investing_activities,other_operating_activities
755,apo_NetAssetsDeconsolidatedFromConsolidatedVariableInterestEntitiesAndFundsNoncontrollingInterest,other_operating_activities,other_investing_activities
756,apo_NetAssetsDeconsolidatedFromConsolidatedVariableInterestEntitiesAndFundsEquity,other_investing_activities,net_income_starting_point
757,apo_AdjustmentsToAdditionalPaidInCapitalContributionOfRightToFuturePaymentsUnderTaxReceivableAgreement,other_financing_activities,stock_issuance
758,mdlz_GainLossOnAcquisitionAndDispositionOfBusiness,other_operating_activities,other_investing_activities
759,mdlz_IncreaseDecreaseInPensionAssetsAndObligationsAndPostretirementObligations,other_operating_activities,change_accounts_receivable
760,mdlz_ProceedsFromSaleOfEquityMethodInvestmentsAndDivestitureOfBusinessesNetOfCashDivested,other_investing_activities,acquisitions
761,mdlz_ProceedsFromRepaymentsOfOtherShortTermDebt,other_financing_activities,debt_repayment
762,ci_RealizedInvestmentGainLoss,other_operating_activities,other_investing_activities
763,ci_IncreaseDecreaseInPharmacyAndServiceCostsPayable,change_accounts_payable,other_operating_activities
764,ci_ProceedsFromRepaymentsOfOtherShortTermDebt,other_financing_activities,debt_repayment
765,slb_PaymentsForProceedsFromCapitalizedCostsSupportEquipmentAndFacilities,capital_expenditures,other_investing_activities
766,snow_PaymentsForDeferredConsiderationRelatedToBusinessCombinations,acquisitions,other_investing_activities
767,snow_LiabilityRelatedToUnpaidTaxesTaxWithholdingShareBasedPaymentArrangement,PaymentsRelatedToTaxWithholdingForShareBasedCompensation,stock_based_compensation
768,epd_OtherAmortizationExpense,depreciation_amortization,other_operating_activities
769,epd_CashPaymentsMadeInConnectionWithDistributionEquivalentRights,other_financing_activities,stock_repurchase
770,jci_ChangeinCashCashEquivalentsandRestrictedCashHeldForSale,net_change_in_cash,change_accounts_receivable
771,pwr_ProceedsFromSaleOfPropertyPlantAndEquipmentAndInsuranceSettlement,other_investing_activities,capital_expenditures
772,us-gaap_PreferredStockRedemptionPremium,other_financing_activities,stock_repurchase
773,wbd_IncreaseDecreaseInContentRightsAndPayables,other_operating_activities,change_accounts_payable
774,mrvl_PaymentsForRepurchaseAndSettlementOfConvertibleDebt,debt_repayment,stock_repurchase
775,vrt_IncreaseDecreaseInTaxReceivableAgreement,other_operating_activities,change_accounts_receivable
776,cor_InflationaryAccountingImpact,other_operating_activities,net_income_starting_point
777,cor_EquityInvestmentRemeasurementGainLoss,other_operating_activities,other_investing_activities
778,cor_IncreaseDecreaseInIncomeTaxesPayableAndOtherLiabilities,other_operating_activities,change_accounts_payable
779,cor_DisposalGroupIncludingDiscontinuedOperationCashCashEquivalentsRestrictedCashAndRestrictedCashEquivalentsPeriodIncreaseDecreaseIncludingExchangeRateEffect,net_change_in_cash,net_cash_operating_activities
780,hlt_LossOnDebtExtinguishments,other_operating_activities,net_income_starting_point
781,hlt_GainLossOnInvestmentsInUnconsolidatedAffiliate,other_operating_activities,other_investing_activities
782,hlt_IssuanceOfFinancingReceivables,other_investing_activities,debt_issuance
783,us-gaap_ProceedsFromSaleOfLandHeldForUse,other_investing_activities,sales_investments
784,us-gaap_PaidInKindInterest,other_operating_activities,other_financing_activities
785,cvna_AmortizationAndWriteOffOfDebtIssuanceCosts,depreciation_amortization,OtherOperatingActivitiesCashFlowStatement
786,us-gaap_GainLossOnSalesOfConsumerLoans,other_operating_activities,other_investing_activities
787,us-gaap_ProceedsFromCollectionOfLoansHeldForSale,other_operating_activities,other_investing_activities
788,cvna_ProceedsFromPrincipalPaymentsReceivedAndProceedsFromSaleOfBeneficialInterestInSecuritizations,sales_investments,debt_issuance
789,msi_GainLossOnSalesOfInvestmentsAndBusinessesNet,other_operating_activities,other_investing_activities
790,msi_IncreaseDecreaseInAccountsPayableAndAccruedLiabilitiesAndContractWithCustomerLiability,change_accrued_expenses,change_accounts_payable
791,msi_ProceedsFromSalesOfInvestmentsAndBusinessesNet,sales_investments,net_cash_investing_activities
792,msi_CashPaidDuringPeriodForAbstract,cash_paid_for_interest,cash_paid_for_taxes
793,cloud_OperatingLeaseCostNoncash,other_operating_activities,OtherOperatingActivitiesCashFlowStatement
794,cloud_PaymentOfAccretedInterestOnConvertibleSeniorNotes,other_financing_activities,debt_repayment
795,cloud_PaymentOfIndemnityHoldback,acquisitions,OtherFinancingActivities
796,cloud_CashPaidForOperatingLeaseLiabilities,other_operating_activities,change_accounts_payable
797,cloud_BusinessCombinationIndemnityHoldbackConsideration,acquisitions,other_investing_activities
798,hrs_DefinedContributionsPlan401kContributionsByEmployer,other_operating_activities,stock_based_compensation
799,tel_ProvisionsForLossOnAccountsReceivableAndInventoryWriteDown,other_operating_activities,change_accounts_receivable
800,ajg_NetProceedsFromSalesOfOperations,other_investing_activities,acquisitions
801,ajg_NetBorrowingsPaymentsOnPremiumFinancingDebtFacility,other_financing_activities,debt_issuance
802,ajg_ProceedsFromRepaymentsOfCorporateRelatedLongTermDebt,debt_issuance,debt_repayment
803,ajg_AmortizationOfDebtIssuanceCost,depreciation_amortization,other_financing_activities
804,ajg_PaymentsForProceedsFromSettlementsOfTerminatedInterestRateSwaps,other_financing_activities,other_investing_activities
805,cp_PaymentsForTaxSettlement,PaymentsRelatedToTaxWithholdingForShareBasedCompensation,stock_repurchase
806,kmi_Amortizationofexcesscostofequityinvestments,depreciation_amortization,amortization
807,kmi_PensionContributionsNetOfNoncashPensionBenefitExpenses,other_operating_activities,stock_based_compensation
808,kmi_Proceedsfromsaleorcasualtyofpropertyplantandequipmentinvestmentsandothernetassetsnetofremovalofcosts,other_investing_activities,sales_investments
809,kmi_DistributionsToRedeemableNoncontrollingInterests,other_financing_activities,stock_repurchase
810,us-gaap_RestrictedCashAndInvestmentsCurrent,cash_end_of_period,other_operating_activities
811,pcar_IncreaseDecreaseInResidualValueGuaranteesAndDeferredRevenues,other_operating_activities,change_accounts_payable
812,aep_OperatingLeaseCostRockport,other_operating_activities,depreciation_amortization
813,aep_AmortizationOfGenerationDeferrals,depreciation_amortization,deferred_income_taxes
814,aep_CarryingCostsIncome,other_operating_activities,net_income_starting_point
815,aep_AmortizationOfNuclearFuel,depreciation_amortization,amortization_of_nuclear_fuel
816,us-gaap_AmortizationOfDeferredPropertyTaxes,depreciation_amortization,deferred_income_taxes
817,aep_FuelOverUnderRecoveryNet,other_operating_activities,net_income_starting_point
818,aep_EstablishmentOfRegulatoryAsset,other_operating_activities,other_financing_activities
819,us-gaap_PaymentsForNuclearFuel,capital_expenditures,other_investing_activities
820,aep_ReturnOfCapitalToParentCashFlows,other_financing_activities,stock_repurchase
821,us-gaap_MinorityInterestDecreaseFromRedemptions,other_financing_activities,net_income_starting_point
822,aep_AcquisitionOfNuclearFuelIncludedInCurrentLiabilities,capital_expenditures,other_investing_activities
823,azo_PaymentsForProceedsFromCapitalAssetsAndOthers,capital_expenditures,other_investing_activities
824,ftnt_TransfersofEvaluationUnitsfromInventorytoPropertyandEquipment,other_operating_activities,other_investing_activities
825,us-gaap_ProceedsFromContributionInAidOfConstruction,other_investing_activities,capital_expenditures
826,us-gaap_PaymentsForProceedsFromAvailableforsaleSecuritiesShortterm,other_investing_activities,sales_investments
827,trv_SecuritiesTransactionsInCourseOfSettlement,other_operating_activities,other_investing_activities
828,rost_IncreaseDecreaseInOperatingLeaseRightOfUseAssets,other_operating_activities,change_accounts_receivable
829,spg_AcquisitionOfControllingInterestSaleOrDisposalOfOrRecoveryOnAssetsAndInterestsInUnconsolidatedEntitiesGainOrLossAndImpairmentNet,other_operating_activities,acquisitions
830,spg_GainLossOnDisposalExchangeOrEvaluationOfEquityInterests,other_operating_activities,other_investing_activities
831,spg_IncreaseDecreaseInAccountsPayableAccruedExpensesIntangiblesDeferredRevenuesAndOtherLiabilities,other_operating_activities,change_accounts_payable
832,us-gaap_RepaymentOfNotesReceivableFromRelatedParties,other_investing_activities,other_operating_activities
833,spg_CashFromAcquisitionsAndCashImpactOfPropertyConsolidationAndDeconsolidation,acquisitions,other_investing_activities
834,spg_RedemptionOfLimitedPartnerUnits,stock_repurchase,other_financing_activities
835,spg_PaymentsForPurchaseOfGeneralPartnerUnits,other_financing_activities,acquisitions
836,spg_PaymentsForEstablishmentOfTrustForSpecialPurposeAcquisition,other_investing_activities,other_financing_activities
837,spg_LiquidationOfSpecialPurposeAcquisitionCompany,other_investing_activities,other_financing_activities
838,rkt_MortgageServicingRightFairValueOnOrigination,other_operating_activities,net_income_starting_point
839,rkt_GainLossOnSalesOfLoansExcludingFairValueOfMortgageServicingRightsNet,other_operating_activities,other_investing_activities
840,us-gaap_PaymentsForOriginationOfMortgageLoansHeldForSale,other_operating_activities,capital_expenditures
841,us-gaap_ProceedsFromSaleOfMortgageServicingRightsMSR,other_investing_activities,sales_investments
842,rkt_PaymentsNetOfReturnsToAcquireMortgageServicingRights,other_investing_activities,acquisitions
843,rkt_PaymentsForIncreaseInControllingInterestInSubsidiaries,other_financing_activities,acquisitions
844,rkt_InterestPaidRelatedPartyBorrowings,cash_paid_for_interest,interest_paid_for_interest
845,us-gaap_BusinessCombinationAcquisitionRelatedCosts,acquisitions,other_investing_activities
846,uri_ProceedsFromSaleOfPropertySubjectToOrAvailableForOperatingLease,other_investing_activities,sales_investments
847,bdx_IncreaseDecreaseinPensionBenefitObligation,other_operating_activities,change_accounts_payable
848,bdx_ProceedsFromSpinoffTransaction,other_investing_activities,other_financing_activities
849,coin_OperatingLeaseNonCashExpenses,other_operating_activities,non_cash_stock_based_comp
850,coin_AssetAndLiabilitiesFairValueAdjustmentOfDerivatives,other_operating_activities,net_income_starting_point
851,coin_CryptoAssetImpairmentCharges,other_operating_activities,OtherOperatingActivitiesCashFlowStatement
852,coin_GainLossOnIndefiniteLivedCryptoAssets,other_operating_activities,net_income_starting_point
853,coin_PaymentsToIssueLoans,other_investing_activities,net_cash_financing_activities
854,coin_ProceedsFromCollectionOfLoans,other_investing_activities,net_cash_operating_activities
855,coin_PaymentsForAssetsPledgedAsCollateral,other_investing_activities,other_financing_activities
856,coin_PaymentsToSettleCryptoHedgeDerivatives,other_operating_activities,other_investing_activities
857,coin_PaymentsToAcquireIndefiniteLivedIntangibleCryptoAssets,purchases_investments,capital_expenditures
858,coin_ProceedsFromAssetsReceivedAsCollateral,other_financing_activities,other_investing_activities
859,coin_PaymentsForCollateralAssetsReturned,other_financing_activities,other_investing_activities
860,afl_CapitalizationOfDeferredPolicyAcquisitionCosts,other_operating_activities,capital_expenditures
861,sre_IncreaseDecreaseInBadDebtExpense,other_operating_activities,change_accounts_receivable
862,sre_ReserveForAlisoCanyonCosts,other_operating_activities,OtherOperatingActivitiesCashFlowStatement
863,us-gaap_IncreaseDecreaseInInsuranceSettlementsReceivable,other_operating_activities,change_accounts_receivable
864,sre_DecreaseInPropertyPlantAndEquipmentForNetInvestmentInSalesTypeLease,other_investing_activities,capital_expenditures
865,us-gaap_ConversionOfStockAmountConverted1,other_financing_activities,stock_issuance
866,sre_NoncashProceedsFromNCI,other_financing_activities,other_investing_activities
867,ndaq_ExtinguishmentOfDebtAndBridgeFees,other_operating_activities,debt_repayment
868,ndaq_PaymentsRelatedToEmployeeSharesWithheldForTaxes,PaymentsRelatedToTaxWithholdingForShareBasedCompensation,other_financing_activities
869,ndaq_RestrictedCashAndEquivalentsInDefaultFundsAndMarginDeposits,cash_end_of_period,cash_beginning_of_period
870,vlo_IncreaseDecreaseInOperatingCapitalCurrent,other_operating_activities,change_accounts_receivable
871,us-gaap_IncreaseDecreaseInDueFromRelatedPartiesCurrent,other_operating_activities,change_accounts_receivable
872,bkr_EquitySecuritiesFVNIUnrealizedAndRealizedLoss,other_operating_activities,other_investing_activities
873,us-gaap_PaymentsForDepositsOnRealEstateAcquisitions,other_investing_activities,capital_expenditures
874,zts_ShareBasedCompensationRelatedProceedsNetOfTaxesPaidOnWithholdingShares,PaymentsRelatedToTaxWithholdingForShareBasedCompensation,stock_based_compensation
875,zts_CashPaidDuringPeriodForAbstract,cash_paid_for_interest,cash_paid_for_taxes
876,vistra_IncreaseDecreaseInMarginDepositsNet,other_operating_activities,change_accounts_payable
877,us-gaap_IncreaseDecreaseInPropertyAndOtherTaxesPayable,change_accrued_expenses,change_accounts_payable
878,us-gaap_ProceedsFromRepaymentsOfAccountsReceivableSecuritization,other_financing_activities,change_accounts_receivable
879,f_GainsLossesOnChangesInInvestmentsInAffiliates,other_operating_activities,other_investing_activities
880,us-gaap_ProceedsFromDivestitureOfInterestInConsolidatedSubsidiaries,other_investing_activities,acquisitions
881,rblx_IncreaseDecreaseInDeveloperExchangeLiability,other_operating_activities,change_accounts_payable
882,rblx_IntangibleAssetPurchasesInAccountsPayable,capital_expenditures,change_accounts_payable
883,d_InvestmentTaxCreditsBenefits,deferred_income_taxes,other_operating_activities
884,us-gaap_GainLossOnSaleOfInterestInProjects,other_operating_activities,other_investing_activities
885,d_ProvisionForRefundsAndRateCredits,other_operating_activities,net_income_starting_point
886,d_GainLossOnSalesOfAssetsAndEquityMethodInvestments,other_operating_activities,other_investing_activities
887,us-gaap_IncreaseDecreaseInDueFromAffiliatesCurrent,other_operating_activities,change_accounts_receivable
888,d_IncreaseDecreaseInPrepayments,other_operating_activities,change_accounts_payable
889,us-gaap_IncreaseDecreaseInDeferredFuelCosts,other_operating_activities,deferred_income_taxes
890,d_IncreaseDecreaseInMarginDepositAssetsAndLiabilities,other_operating_activities,change_accounts_payable
891,us-gaap_PaymentsToAcquireProjects,capital_expenditures,acquisitions
892,d_ProceedsFromSaleOfHope,other_investing_activities,sales_investments
893,d_ProceedsFromSaleOfNonWhollyOwnedNonregulatedSolarFacilities,other_investing_activities,sales_investments
894,d_ProceedsFromSaleOfAssetsAndEquityMethodInvestments,other_investing_activities,sales_investments
895,d_PaymentsToContributionsEquityMethodInvestments,other_investing_activities,acquisitions
896,mpwr_GainLossOnDeferredCompensationPlanInvestmentsCashFlow,other_operating_activities,other_investing_activities
897,us-gaap_GainOnSaleOfInvestments,other_operating_activities,other_investing_activities
898,mpwr_ContributionsMadeToDeferredCompensationPlan,other_operating_activities,other_financing_activities
899,us-gaap_ProceedsFromSaleOfMortgageLoansHeldForSale,other_operating_activities,sales_investments
900,cbre_IncreaseDecreaseInWarehouseLinesOfCredit,other_financing_activities,other_operating_activities
901,us-gaap_PaymentsToAcquireAndDevelopRealEstate,capital_expenditures,acquisitions
902,cbre_ProceedsFromTrustAccountSpecialPurposeAcquisitionCompany,other_financing_activities,net_cash_financing_activities
903,cbre_PaymentsToAcquireBusinessFinancingActivities,other_financing_activities,acquisitions
904,cbre_PaymentsToNoncontrollingInterestAndDeferredUnderwritingCommissions,other_financing_activities,acquisitions
905,cbre_CashPaidDuringPeriodForAbstract,cash_paid_for_interest,cash_paid_for_taxes
906,cbre_DeferredPurchaseConsideration,acquisitions,other_investing_activities
907,cbre_NoncontrollingInterestAcquired,other_financing_activities,non_cash_stock_based_comp
908,cbre_InvestmentInWarrantsAndShares,purchases_investments,other_investing_activities
909,cbre_ReductionInRedeemableNoncontrollingInterestSpecialPurposeAcquisitionCompany,other_financing_activities,net_income_starting_point
910,cbre_ReductionOfTrustAccountSpecialPurposeAcquisitionCompany,other_investing_activities,other_operating_activities
911,ame_GainLossOnSaleOfFacilities,other_operating_activities,other_investing_activities
912,ame_IncreaseDecreaseInPayablesAccrualsAndIncomeTaxes,other_operating_activities,change_accounts_payable
913,ame_ProceedsFromSaleOfFacilities,other_investing_activities,sales_investments
914,imo_NetMovementRelatedToLoansToEquityCompanies,other_investing_activities,other_operating_activities
915,ctva_Netgainonsalesofpropertybusinessesconsolidatedcompaniesandinvestments,other_operating_activities,other_investing_activities
916,ctva_Proceedsfromthesaleofpropertybusinessesandconsolidatedcompaniesnetofcashdivested,other_investing_activities,sales_investments
917,us-gaap_PaymentForContingentConsiderationLiabilityInvestingActivities,other_investing_activities,acquisitions
918,ew_IncreaseDecreaseInLegalSettlementAccrual,other_operating_activities,change_accrued_expenses
919,us-gaap_IncreaseDecreaseInPrepaidRoyalties,other_operating_activities,change_accounts_payable
920,us-gaap_PaymentsToAcquireReceivables,other_investing_activities,purchases_investments
921,axon_ProvisionForUnrecognizedTaxBenefits,other_operating_activities,deferred_income_taxes
922,axon_IncreaseDecreaseInPrepaidExpenseAndOtherCurrentAssets,other_operating_activities,change_accounts_payable
923,axon_PaymentsToAcquireEquitySecuritiesWithoutReadilyDeterminableFairValue,purchases_investments,acquisitions
924,ddog_NoncashLeaseExpense,other_operating_activities,depreciation_amortization
925,ddog_NonCashVestingOfEarlyExercisedOptions,stock_based_compensation,non_cash_stock_based_comp
926,ddog_NoncashAcquisitionHoldback,other_operating_activities,acquisitions
927,alny_AmortizationAndInterestAccretionRelatedToOperatingLeases,depreciation_amortization,OtherOperatingActivitiesCashFlowStatement
928,alny_NonCashInterestExpenseOnSaleOfFutureRoyalties,other_operating_activities,non_cash_stock_based_comp
929,alny_PurchasesOfCappedCallsRelatedToConvertibleSeniorNotes,other_financing_activities,purchases_investments
930,alny_ProceedsFromSaleOfRoyaltiesInterest,other_investing_activities,sales_investments
931,rok_RetirementBenefitsExpenses,other_operating_activities,net_income_starting_point
932,us-gaap_CashCashEquivalentsRestrictedCashAndRestrictedCashEquivalentsPeriodIncreaseDecreaseExcludingExchangeRateEffectAbstract,net_change_in_cash,net_cash_operating_activities
933,us-gaap_DefinedContributionPlanEmployerDiscretionaryContributionAmount,other_operating_activities,stock_based_compensation
934,hei_NetInvestmentRelatedtoDeferredCompensationPlan,other_operating_activities,net_income_starting_point
935,amp_DerivativesNetOfCollateral,other_operating_activities,other_investing_activities
936,amp_IncreaseDecreaseInBrokerDeposits,other_operating_activities,change_accounts_payable
937,amp_InvestmentCertificatesAndBankingTimeDepositsAbstract,other_financing_activities,capital_expenditures
938,amp_InvestmentCertificatesAndBankingTimeDepositsProceedsFromAdditions,other_investing_activities,purchases_investments
939,amp_InvestmentCertificatesAndBankingTimeDepositsMaturitiesWithdrawalsAndCashSurrenders,sales_investments,other_investing_activities
940,amp_PolicyholderAndContractholderAccountValuesNetTransferFromToSeparateAccounts,other_operating_activities,net_income_starting_point
941,amp_BorrowingsOfConsolidatedInvestmentEntities,other_financing_activities,debt_issuance
942,mstr_ReleaseOfLiabilityForUnrecognizedTaxBenefits,other_operating_activities,net_income_starting_point
943,mstr_PaymentsOfDebtIssuanceCostsForSecuredTermLoanExcludingLenderFees,other_financing_activities,debt_repayment
944,mstr_ProceedsFromOtherLongTermSecuredDebt,debt_issuance,other_financing_activities
945,mstr_PaymentsOfDebtIssuanceCostsForOtherLongTermSecuredDebt,other_financing_activities,debt_repayment
946,ttwo_InterestExpenseAndAmortizationOfDebtDiscountPremium,other_operating_activities,interest_expense
947,ttwo_IncreaseDecreaseInSoftwareDevelopmentCostsAndLicenses,other_operating_activities,change_accounts_payable
948,ttwo_AccountsPayableAccruedExpensesIncomeTaxesPayableAndOtherLiabilities,change_accrued_expenses,change_accounts_payable
949,ttwo_PaymentForSettlementOfConvertibleNotes,debt_repayment,other_financing_activities
950,exc_ChangesInOptionPremiumsCollectedReceived,other_operating_activities,other_investing_activities
951,us-gaap_IncreaseDecreaseInRegulatoryAssetsAndLiabilities,other_operating_activities,change_accounts_payable
952,exc_TransferOfCashRestrictedCashAndCashEquivalentsToConstellation,other_financing_activities,net_cash_operating_activities
953,xel_NuclearFuelAmortization,depreciation_amortization,other_operating_activities
954,xel_IncreaseDecreaseInAccruedUnbilledRevenues,other_operating_activities,change_accrued_expenses
955,xel_Inventorytransferstoplantpropertyandequipment,other_operating_activities,change_inventory
956,us-gaap_GainLossOnSaleOfDerivatives,other_operating_activities,other_investing_activities
957,lng_IncreaseDecreaseInOperatingLeaseLiabilities,other_operating_activities,change_accounts_payable
958,dal_IncreaseDecreaseInProfitSharing,change_accrued_expenses,other_operating_activities
959,dal_OperatingLeaseConvertedToFinanceLease,other_financing_activities,other_operating_activities
960,rop_IncomeTaxProvisionExcludingTaxesAssociatedWithGainOnDispositionOfBusiness,other_operating_activities,net_income_starting_point
961,rop_IncomeTaxesPaidOnDispositionOfBusiness,cash_paid_for_taxes,change_accounts_payable
962,rop_ProceedsFromDispositionOfDiscontinuedOperations,other_investing_activities,net_cash_investing_activities
963,rop_CashUsedInInvestingActivitiesDiscontinuedOperations,other_investing_activities,net_cash_investing_activities
964,rop_CashPaidAbstract,cash_paid_for_interest,cash_paid_for_taxes
965,wcn_ChangesInAccruedCapitalExpendituresForPropertyAndEquipment,capital_expenditures,change_accrued_expenses
966,us-gaap_IncreaseDecreaseInMortgageLoansHeldForSale,other_operating_activities,other_investing_activities
967,us-gaap_ProceedsFromSaleOfBuildings,other_investing_activities,sales_investments
968,us-gaap_NotesReduction,debt_repayment,other_operating_activities
969,us-gaap_ExplorationAbandonmentAndImpairmentExpense,other_operating_activities,depreciation_amortization
970,oxy_IncreaseDecreaseInCapitalAccrual,capital_expenditures,change_accrued_expenses
971,oxy_ProceedsFromSaleOfAssetsAndEquityMethodInvestmentsNet,other_investing_activities,sales_investments
972,us-gaap_AdjustmentOfWarrantsGrantedForServices,stock_based_compensation,other_financing_activities
973,rklb_IncreaseDecreaseInNonCurrentLeaseLiabilities,other_operating_activities,change_accrued_expenses
974,us-gaap_ProceedsFromRepaymentOfLoansByEmployeeStockOwnershipPlans,other_financing_activities,debt_issuance
975,rklb_ProceedsFromSaleOfEmployeesRestrictedStockUnitsToCoverTaxes,PaymentsRelatedToTaxWithholdingForShareBasedCompensation,other_financing_activities
976,us-gaap_RestrictedStockValueSharesIssuedNetOfTaxWithholdings,PaymentsRelatedToTaxWithholdingForShareBasedCompensation,stock_issuance
977,rklb_TaxPaymentForNetSettledOptionShares,PaymentsRelatedToTaxWithholdingForShareBasedCompensation,cash_paid_for_taxes
978,rklb_ProceedsFromBusinessCombinationAndPipeInvestmentNetOfTransactionCosts,other_financing_activities,acquisitions
979,rklb_UnpaidPurchasesOfPropertyEquipmentAndSoftware,capital_expenditures,other_investing_activities
980,rklb_IssuanceOfCommonStockWarrantsAndAccruedIssuanceCostsConnectionWithLoanAndSecurityAgreement,other_financing_activities,stock_issuance
981,rklb_WarrantsAndRightOutstanding,stock_based_compensation,other_investing_activities
982,us-gaap_BusinessCombinationRecognizedIdentifiableAssetsAcquiredAndLiabilitiesAssumedCurrentAssetsPrepaidExpenseAndOtherAssets,acquisitions,other_investing_activities
983,rklb_AccruedIssuanceCostsInConnectionWithDebtIssuance,other_financing_activities,debt_issuance
984,rklb_UnpaidTransactionCosts,other_operating_activities,other_financing_activities
985,ebay_ProvisionForTransactionLosses,other_operating_activities,net_income_starting_point
986,ebay_FairValueAdjustmentOfEquitySecurities,other_operating_activities,other_investing_activities
987,us-gaap_EquitySecuritiesWithoutReadilyDeterminableFairValueImpairmentLossAnnualAmount,other_operating_activities,other_investing_activities
988,ebay_PaymentsToExerciseOptionsUnderWarrant,other_financing_activities,stock_issuance
989,ebay_ProceedsFromPaymentsForFundsReceivableActivity,other_operating_activities,other_investing_activities
990,etr_Changesinsecuritizationaccount,other_operating_activities,change_accounts_receivable
991,etr_ChangeInMoneyPoolReceivableNet,other_operating_activities,change_accounts_receivable
992,etr_LitigationProceedsForReimbursementOfSpentNuclearFuelStorageCosts,other_investing_activities,net_income_starting_point
993,etr_ProceedsFromSaleLeasebackOfNuclearFuel,other_investing_activities,sales_investments
994,etr_RedemptionOfPreferredMembershipInterestsOfAffiliate,other_financing_activities,net_income_starting_point
995,etr_ChangeInMoneyPoolPayableNet,other_financing_activities,change_accounts_payable
996,etr_CashPaidReceivedDuringPeriodForAbstract,other_operating_activities,other_financing_activities
997,el_PaymentOfPensionAndOtherPostretirementBenefitContributions,other_operating_activities,other_financing_activities
998,us-gaap_ProceedsFromRepaymentsOfLongTermDebtAndCapitalSecurities,debt_issuance,debt_repayment
999,us-gaap_PaymentsForAdvanceToAffiliate,other_investing_activities,other_financing_activities
1000,trgp_DebtObligationsAbstract,debt_issuance,debt_repayment
1001,trgp_RedemptionOfSeriesAPreferredStock,other_financing_activities,debt_repayment
1002,lvs_GainLossOnModificationOrEarlyRetirementOfDebt,other_operating_activities,other_financing_activities
1003,lvs_GainLossonDisposalorImpairmentofAssets,other_operating_activities,other_investing_activities
1004,lvs_IncomeTaxImpactRelatedToGainOnSaleOfDiscontinuedOperations,other_operating_activities,net_income_starting_point
1005,lvs_PaymentsToAcquireIntangibleAssetsAndOther,other_investing_activities,acquisitions
1006,lvs_PaymentsForUnsettledForwardContractForPurchaseOfNoncontrollingInterest,other_financing_activities,other_investing_activities
1007,iqv_PaymentsToAcquireEquityMethodInvestmentsAndProceedsFromEquityMethodInvestmentDividendsOrDistributionsReturnOfCapital,other_investing_activities,acquisitions
1008,nue_ProceedsFromGovernmentIncentives,other_investing_activities,other_financing_activities
1009,nue_ChangeInAccruedPlantAndEquipmentPurchases,capital_expenditures,other_operating_activities
1010,mchp_ProceedsFromCapitalRelatedGovernmentIncentives,other_investing_activities,acquisitions
1011,cprt_GainLossOnExtinguishmentOfLiabilities,other_operating_activities,net_income_starting_point
1012,aig_GainLossOnSaleOfDebtSecuritiesAvailableForSaleAndOtherAssetsNet,other_operating_activities,other_investing_activities
1013,aig_PaymentsForChangeInMarketRiskBenefit,other_operating_activities,stock_based_compensation
1014,aig_IncreaseDecreaseInPremiumsAndInsuranceBalancesReceivableAndPayableNet,other_operating_activities,change_accounts_receivable
1015,aig_FixedMaturitySecuritiesAvailableForSaleReceivedInConnectionWithPensionRiskTransferTransactions,other_investing_activities,Other Operating Activities
1016,aig_NoncashOrPartNoncashAcquisitionInvestmentsAcquiredDuringReinsuranceTransaction,acquisitions,other_investing_activities
1017,aig_NoncashOrPartNoncashSecuritiesTransferredInConnectionWithReinsuranceTransaction,other_operating_activities,other_investing_activities
1018,aig_InterestCreditedToPolicyholderAccountsIncludedInFinancingActivities,other_financing_activities,net_cash_financing_activities
1019,grmn_PaymentsForRepurchaseOfTreasuryStockRelatedToEquityAwards,PaymentsRelatedToTaxWithholdingForShareBasedCompensation,stock_repurchase
1020,grmn_IncreaseDecreaseInAccruedCapitalExpendituresRelatedToPurchasesOfPropertyAndEquipment,capital_expenditures,change_accrued_expenses
1021,grmn_ChangeInMarketableSecuritiesRelatedToUnrealizedAppreciationDepreciation,other_operating_activities,other_investing_activities
1022,fix_ChangeInRightOfUseAssets,other_operating_activities,change_accounts_receivable
1023,vmc_NoncashOperatingLeaseExpense,other_operating_activities,non_cash_stock_based_comp
1024,wab_AmortizationOfIntangibleLiability,depreciation_amortization,amortization_of_intangible_liability
1025,pseg_EnergyEfficiencyProgramRegulatoryInvestmentExpenditures,other_investing_activities,other_operating_activities
1026,pseg_IncreaseDecreaseInObligationToReturnCashCollateral,other_operating_activities,change_accounts_payable
1027,pseg_IssuanceOfLoansForSolarInvestments,other_investing_activities,capital_expenditures
1028,mlm_PurchaseOfRestrictedInvestmentsToDischargeLongTermDebt,purchases_investments,other_investing_activities
1029,mlm_ProceedsFromContributionsByNonControllingInterestToJointVenture,other_financing_activities,net_cash_financing_activities
1030,hsy_CashandCashEquivalentsClassifiedasHeldforSaleIncreaseDecrease,other_operating_activities,cash_beginning_of_period
1031,us-gaap_ProceedsFromSaleOfNotesReceivable,other_investing_activities,sales_investments
1032,a_PaymentOfExciseTaxesRelatedToRepurchasesOfCommonStock,stock_repurchase,dividends_paid
1033,payx_RestrictedCashAndRestrictedCashEquivalentsIncludedInFundsHeldForClients,cash_end_of_period,cash_beginning_of_period
1034,ed_ContractwithCustomerLiabilityUnbilledRevenueAccrualsAndDeferrals,other_operating_activities,change_accounts_payable
1035,ed_IncreaseDecreaseInRevenueDecouplingMechanismReceivables,change_accounts_receivable,other_operating_activities
1036,us-gaap_IncreaseDecreaseInDeferredLiabilities,other_operating_activities,deferred_income_taxes
1037,ed_CashCashEquivalentsRestrictedCashAndRestrictedCashEquivalentsHeldForSalePeriodIncreaseDecreaseIncludingExchangeRateEffect,net_change_in_cash,net_cash_operating_activities
1038,ed_CashCashEquivalentsRestrictedCashAndRestrictedCashEquivalentsExcludingCashHeldForSale,cash_end_of_period,cash_beginning_of_period
1039,us-gaap_OtherAmortizationOfDeferredCharges,depreciation_amortization,other_operating_activities
1040,kdp_SettlementsOfInterestRateContracts,other_financing_activities,other_investing_activities
1041,kdp_EarnedEquity,stock_based_compensation,net_income_starting_point
1042,ccl_PaymentsForIssuanceOfCommonStockStockSwapProgram,stock_issuance,stock_repurchase
1043,rmd_NoncashOrPartNoncashAcquisitionNoncashFinancialOrEquityInstrumentConsiderationEquityInterestInAcquireeHeldPriorToCombination,acquisitions,other_investing_activities
1044,rmd_DeferredPaymentObligationsForAcquisitions,acquisitions,other_investing_activities
1045,rmd_BusinessAcquisitionContingentConsiderationRecognizedLiability,other_operating_activities,acquisitions
1046,teva_ProfitFromSaleOfLongLivedAssetsAndInvestment,other_operating_activities,sales_investments
1047,teva_ProceedsFromBeneficialInterestInExchangeForSecuritizedTradeReceivables,other_operating_activities,other_investing_activities
1048,teva_PaymentToAcquireMarketableSecuritiesAndOtherAssets,purchases_investments,other_investing_activities
1049,teva_BeneficialInterestObtainedInExchangeForSecuritizedTradeReceivables,other_operating_activities,other_investing_activities
1050,teva_CashPaidDuringTheYearForAbstract,cash_paid_for_interest,cash_paid_for_taxes
1051,teva_IncreaseDecreaseInCertainCurrentLiabilitiesExcludingDebt,change_accrued_expenses,change_accounts_payable
1052,teva_IncreaseDecreaseInCertainCurrentAssetsExcludingInventories,other_operating_activities,change_accounts_receivable
1053,veev_AmortizationOfDeferredCostsExcludingRightOfUseAssets,depreciation_amortization,OtherOperatingActivitiesCashFlowStatement
1054,keys_ProceedsFromGovernmentIncentives,other_operating_activities,other_financing_activities
1055,gehc_PensionAndOtherPostretirementBenefitsExpenseEmployerContributionCost,other_operating_activities,stock_based_compensation
1056,us-gaap_IncreaseDecreaseInDueFromRelatedParties,other_operating_activities,change_accounts_receivable
1057,us-gaap_DeferredPolicyAcquisitionCostsAndPresentValueOfFutureProfitsAmortization1,depreciation_amortization,deferred_income_taxes
1058,hig_PaymentsForThePurchaseOfFairValueOptionFixedMaturitySecurties,purchases_investments,other_investing_activities
1059,hig_CashandCashEquivalentsIncludingCashHeldforsalePeriodIncreaseDecrease,net_change_in_cash,cash_beginning_of_period
1060,hig_CashandCashEquivalentsHeldforsalePeriodIncreaseDecrease,net_change_in_cash,cash_beginning_of_period
1061,odfl_NonCashLeaseExpense,other_operating_activities,non_cash_stock_based_comp
1062,odfl_IncreaseDecreaseCompensationBenefitsAndOtherAccruedLiabilities,change_accrued_expenses,other_operating_activities
1063,odfl_PaymentForAcceleratedSharesRepurchaseForwardContract,stock_repurchase,other_financing_activities
1064,ter_GainLossOnConvertibleDebtConversion,other_operating_activities,net_income_starting_point
1065,ter_PaymentsForIssuanceOfConvertibleLoans,other_financing_activities,debt_issuance
1066,ter_CashPaidDuringPeriodForAbstract,cash_paid_for_interest,cash_paid_for_taxes
1067,syy_IncreaseDecreaseInOperatingLeaseLiabilities,other_operating_activities,change_accounts_payable
1068,vtr_AmortizationofDeferredRevenueandLeaseIntangibles,depreciation_amortization,amortization_of_deferred_revenue_and_lease_intangibles
1069,vtr_GainLossOnDispositionOfRealEstate,other_operating_activities,other_investing_activities
1070,vtr_GainsLossesonRealEstateLoanInvestments,other_operating_activities,net_income_starting_point
1071,vtr_ProceedsFromRealEstateOperationsForeclosure,other_investing_activities,acquisitions
1072,vtr_UsGaap_PaymentsToAcquireAndDevelopRealEstate,capital_expenditures,acquisitions
1073,vtr_PaymentstoPurchaseNoncontrollingInterest,other_financing_activities,acquisitions
1074,vtr_NoncashOrPartNoncashAcquisitionDeferredIncomeTaxLiabilitiesAssumed,deferred_income_taxes,other_investing_activities
1075,vtr_NoncontrollingInterestAssetsAndLiabilitiesAssumedFromAcquisitions,acquisitions,other_investing_activities
1076,us-gaap_LoansAssumed1,other_financing_activities,Other investing activities
1077,vtr_RealEstateOwnedDebtAssumed,other_financing_activities,acquisitions
1078,vtr_InvestmentInUnconsolidatedEntitiesNonCashTransaction,purchases_investments,other_investing_activities
1079,wec_DeferredTransmissionCosts,other_operating_activities,OtherOperatingActivitiesCashFlowStatement
1080,wec_AmountsRecoverableFromCustomers,change_accounts_receivable,other_operating_activities
1081,us-gaap_ProceedsFromCollectionOfOtherReceivables,other_investing_activities,other_operating_activities
1082,wec_PaymentsForDebtExtinguishmentAndIssuanceCosts,other_financing_activities,debt_repayment
1083,us-gaap_IncreaseDecreaseInCashCollateralForLoanedSecurities,other_operating_activities,other_financing_activities
1084,stt_NetIncreaseDecreaseInFederalFundsSoldAndSecuritiesPurchasedUnderResaleAgreements,other_investing_activities,other_operating_activities
1085,stt_ProceedsFromUnderMoneyMarketLiquidityFacility,other_financing_activities,purchases_investments
1086,stt_SecuritiesSoldUnderRepurchaseAgreementNet,other_operating_activities,other_investing_activities
1087,stt_RepurchasesOfCommonStockForEmployeeTaxWithholding,PaymentsRelatedToTaxWithholdingForShareBasedCompensation,stock_repurchase
1088,otis_PaymentsToAcquireNoncontrollingInterestShares,other_financing_activities,acquisitions
1089,eqt_PaymentForProceedsFromDebtExtinguishmentOrDebtPrepaymentCost,other_financing_activities,debt_repayment
1090,xyl_ProceedsFromInterestReceivedInvestingActivities,other_investing_activities,net_cash_investing_activities
1091,xyl_CashPaidDuringYearForAbstract,cash_paid_for_interest,cash_paid_for_taxes
1092,ual_IncreaseDecreaseInContractWithCustomerLiabilityAdvanceTicketSales,other_operating_activities,change_accounts_payable
1093,ual_IncreaseDecreaseinContractwithCustomerLiabilityFrequentFlyer,other_operating_activities,change_accounts_payable
1094,sats_GainLossOnInvestmentsImpairmentsAndOther,other_operating_activities,other_investing_activities
1095,sats_AllowanceForCreditLosses,other_operating_activities,change_accounts_receivable
1096,sats_IncreaseDecreaseInDeferredRevenueAndOther,other_operating_activities,deferred_income_taxes
1097,sats_ProceedsFromRefundOfPropertyAndEquipment,other_investing_activities,capital_expenditures
1098,sats_ProceedsFromRefundOfDepositsOnAuction,other_investing_activities,acquisitions
1099,sats_ProceedsFromRepaymentsOfGainLossOnExtinguishmentOfDebt,other_financing_activities,debt_repayment
1100,sats_DebtIssuanceCostsAndDebtDiscountPremium,other_operating_activities,debt_issuance
1101,lyv_AmortizationOfIntangiblesAssetsAndIndefiniteLivedIntangiblesImpairment,depreciation_amortization,amortization
1102,lyv_AmortizationOfNonrecoupableTicketingContractAdvances,depreciation_amortization,stock_based_compensation
1103,lyv_LossGainOnMarkToMarketOfEquityInvestments,other_operating_activities,other_investing_activities
1104,lyv_IncreaseDecreaseInAccountsPayableAccruedExpensesAndOtherLiabilities,change_accrued_expenses,change_accounts_payable
1105,lyv_PurchasesAndSalesOfNoncontrollingInterest,other_financing_activities,other_investing_activities
1106,lyv_CashpaidduringtheyearforAbstract,cash_paid_for_interest,cash_paid_for_taxes
1107,us-gaap_CostOfGoodsAndServicesSoldDepreciation,depreciation_amortization,cost_of_goods_and_services_sold
1108,zs_NoncashOrPartNoncashAcquisitionNoncashFinancialOrEquityInstrumentConsiderationValue,acquisitions,other_investing_activities
1109,insm_ProceedsFromRoyaltyFinancing,other_financing_activities,stock_issuance
1110,acgl_IncreaseDecreaseInLossAndLossAdjustmentExpensesNetOfRecoverables,other_operating_activities,change_accrued_expenses
1111,acgl_IncreaseDecreaseInUnearnedPremiumsNetOfPrepaidReinsurancePremiums,other_operating_activities,change_accounts_payable
1112,kvue_PaymentsForSeparationFacilityAgreement,other_financing_activities,capital_expenditures
1113,ibkr_GainOnRemeasurementOfTaxReceivableAgreementLiability,other_operating_activities,other_investing_activities
1114,us-gaap_IncreaseDecreaseInMarketableSecuritiesRestricted,other_investing_activities,net_cash_investing_activities
1115,ibkr_IncreaseDecreaseInSecuritiesPurchasedUnderAgreementsToResell,other_operating_activities,other_investing_activities
1116,ibkr_RepurchasesOfCommonStockForEmployeeTaxWithholdingUnderStockIncentivePlans,PaymentsRelatedToTaxWithholdingForShareBasedCompensation,stock_repurchase
1117,ibkr_TaxReceivableAgreementPayments,other_financing_activities,other_operating_activities
1118,us-gaap_CashReserveDepositRequiredAndMade,other_operating_activities,net_cash_operating_activities
1119,ibkr_CashPaidForAmountsIncludedInLeaseLiabilities,other_operating_activities,capital_expenditures
1120,ibkr_ConsolidationControllingOwnershipInterestChangesNet,other_financing_activities,net_cash_financing_activities
1121,ibkr_ConsolidationNonControllingOwnershipInterestChangesNet,other_financing_activities,net_income_starting_point
1122,rjf_AmortizationOfDebtDiscountPremiumAndUnrealizedRealizedGainOnOtherInvestments,other_operating_activities,OtherInvestingActivities
1123,rjf_IncreaseDecreaseInCashAndSecuritiesSegregatedUnderFederalAndOtherRegulations,other_operating_activities,change_accounts_receivable
1124,rjf_IncreaseDecreaseInCollateralizedAgreementsNetOfCollateralizedFinancings,other_operating_activities,change_accrued_expenses
1125,rjf_PaymentsForProceedsFromFederalHomeLoanBankStockAndFederalReserveBankStock,other_investing_activities,other_financing_activities
1126,rjf_PaymentsForTaxCreditEquityInvestments,purchases_investments,acquisitions
1127,rjf_BusinessCombinationConsiderationTransferredEquityInterestsIssuedAndIssuableShareBasedCompensation,stock_based_compensation,acquisitions
1128,mdb_VestingOfEarlyExercisedStockOptionsNoncash,stock_based_compensation,stock_repurchase
1129,pcg_ProceedsFromRepaymentsOfIntercompanyNote,other_investing_activities,debt_repayment
1130,pcg_ProceedsFromDebtorinPossessionFinancing,debt_issuance,other_financing_activities
1131,pcg_PaymentForCreditFacilityFinancingFees,other_financing_activities,debt_issuance
1132,pcg_ReclassificationOfOperatingLeaseLiabilityToFinancingLeaseLiability,other_financing_activities,other_operating_activities
1133,pcg_NoncashLoanForgivenessPerformanceBasedDisbursementEarned,other_operating_activities,other_financing_activities
1134,pcg_AdjustmentsToTreasuryStockAcquiredNoncash,stock_repurchase,other_financing_activities
1135,ubnt_ProvisionForGainLossOnSalesReturns,other_operating_activities,net_income_starting_point
1136,ubnt_IncreaseDecreaseinVendorDeposits,other_operating_activities,change_accounts_payable
1137,dg_NetPaymentsForEquitySettlementsWithEmployees,PaymentsRelatedToTaxWithholdingForShareBasedCompensation,stock_based_compensation
1138,dg_CashPaidForAbstract,cash_paid_for_interest,cash_paid_for_taxes
1139,be_DerecognitionOfLoanCommitmentAsset,other_operating_activities,other_investing_activities
1140,be_GainLossOnExtinguishmentOfDebtBeforeRevaluationOfFairValueOfDebtDerivativesUponConversion,other_operating_activities,other_financing_activities
1141,be_InterestExpenseOnDerivativeSettlement,other_operating_activities,stock_based_compensation
1142,be_ProceedsFromFinancingObligations,other_financing_activities,debt_issuance
1143,be_PaymentsOfDistributionsToRedeemableNoncontrollingInterest,other_financing_activities,dividends_paid
1144,be_PaymentsToAcquireNoncontrollingInterests,other_financing_activities,acquisitions
1145,be_CashPaidForAmountsIncludedInTheMeasurementOfLeaseLiabilitiesAbstract,other_operating_activities,cash_paid_for_taxes
1146,us-gaap_FinanceLeaseInterestPaymentOnLiability,cash_paid_for_interest,other_financing_activities
1147,be_RecognitionOfOperatingLeaseRightOfUseAssetsInPeriod,other_operating_activities,net_income_starting_point
1148,be_RecognitionOfFinancingLeaseRightOfUseAssetsInPeriod,other_investing_activities,other_operating_activities
1149,be_IncreaseInCarryingAmountOfTheRedeemableConvertiblePreferredStock,other_operating_activities,stock_issuance
1150,expe_ForeignExchangeGainLossOnCashCashEquivalentsAndShortTermInvestmentsNet,effect_of_exchange_rate,other_investing_activities
1151,ares_IncreaseDecreaseInPerformanceFeesReceivableAndPayableNet,other_operating_activities,change_accounts_payable
1152,ares_DistributionMadeToPreferredPartnerCashDistributionsPaid,dividends_paid,other_financing_activities
1153,ares_RedemptionOfSeriesAPreferredStock,other_financing_activities,stock_repurchase
1154,ares_NonControllingInterestsInConsolidatedFundAbstract,other_operating_activities,net_income_starting_point
1155,ares_RedemptionsOfRedeemableInterestsInConsolidatedFunds,other_financing_activities,net_cash_financing_activities
1156,us-gaap_ProvisionForLoanAndLeaseLosses,other_operating_activities,net_income_starting_point
1157,mtb_NetChangeInAccruedInterestReceivablePayable,other_operating_activities,change_accrued_expenses
1158,mtb_NetIncreaseDecreaseInLoanServicingAdvances,other_operating_activities,net_cash_operating_activities
1159,mtb_NetIncreaseDecreaseInShortTermBorrowings,other_financing_activities,net_cash_financing_activities
1160,us-gaap_ProceedsFromInterestReceived,other_operating_activities,net_cash_investing_activities
1161,us-gaap_ConvertiblePreferredStockConvertedToOtherSecurities,other_financing_activities,stock_issuance
1162,cien_NoncashGainLossFromCostMethodEquityInvestment,other_operating_activities,non_cash_stock_based_comp
1163,sofi_FairValueAdjustmentOfFinancingReceivableHeldForInvestmentAtFairValue,other_operating_activities,other_investing_activities
1164,sofi_IncreaseDecreaseInFinancingReceivableHeldForSalePreviously,change_accounts_receivable,other_operating_activities
1165,sofi_IncreaseDecreaseInRelatedPartyNotesReceivableInterestIncome,other_operating_activities,change_accounts_receivable
1166,sofi_ProceedsFromReceiptsFromSecuritizationInvestments,other_investing_activities,net_cash_investing_activities
1167,sofi_ProceedsFromReverseRecapitalizationTransaction,other_financing_activities,stock_issuance
1168,sofi_DepositsCreditedButNotYetReceivedInCash,other_operating_activities,net_cash_financing_activities
1169,sofi_DeconsolidationOfSecuritizedDebt,other_operating_activities,other_financing_activities
1170,sofi_DerecognitionOfSecuritizationInvestments,other_operating_activities,other_investing_activities
1171,sofi_NoncashOrPartNoncashAcquisitionDepositsAssumed,acquisitions,other_investing_activities
1172,sofi_NoncashOrPartNoncashAcquisitionFinancingReceivablesAcquired,acquisitions,other_financing_activities
1173,hum_NoncashOrPartNoncashAcquisitionNoncontrollingInterestAcquired,acquisitions,other_investing_activities
1174,hum_NoncashOrPartNoncashAcquisitionRemeasurementOfEquityInvestment,other_operating_activities,other_investing_activities
1175,eme_ExcessTaxBenefitFromShareBasedCompensation,stock_based_compensation,other_financing_activities
1176,eme_Noncashsharebasedcompensation,stock_based_compensation,non_cash_stock_based_comp
1177,eme_PaymentsforContingentConsiderationArrangements,other_financing_activities,other_investing_activities
1178,us-gaap_CostOfGoodsAndServicesSoldAmortization,depreciation_amortization,cost_of_goods_and_services_sold
1179,wtw_IncreaseDecreaseInProvisionForLiabilities,change_accrued_expenses,other_operating_activities
1180,wtw_NetPaymentsProceedsFromFiduciaryFundsHeldForClients,other_operating_activities,other_financing_activities
1181,vrsk_AmortizationOfIntangibleAssetsIncludingDiscontinuedOperating,depreciation_amortization,other_operating_activities
1182,us-gaap_AmortizationOfDeferredLoanOriginationFeesNet,depreciation_amortization,deferred_income_taxes
1183,vrsk_ImpairmentOfCostbasedInvestments,other_operating_activities,other_investing_activities
1184,vrsk_IncreaseDecreaseInOperatingLeaseLiabilities,other_operating_activities,change_accounts_payable
1185,vrsk_ProceedsFromRepaymentsOfShorttermDebtNetExcludingDebtMaturingInMoreThanThreeMonths,other_financing_activities,debt_repayment
1186,vrsk_ProceedsFromRepaymentsOfDebtIssuanceCosts,other_financing_activities,debt_repayment
1187,vrsk_FixedAssetsChangesIncludedInAccountsPayableAndAccruedLiabilities,capital_expenditures,change_accounts_payable
1188,fis_PaymentsForContingentValueRights,acquisitions,other_investing_activities
1189,fis_PaymentsOfTaxReceivableAgreement,other_financing_activities,cash_paid_for_taxes
1190,vici_NonCashLeasingAndFinancingAdjustments,other_operating_activities,non_cash_stock_based_comp
1191,vici_PaymentsOfCapitalizedTransactionCosts,other_investing_activities,capital_expenditures
1192,vici_DistributionstoNonControllingInterests,other_financing_activities,net_income_starting_point
1193,vici_ShareBasedPaymentArrangementAwardsIssuedSubjectToRepurchaseForTaxWitholding,PaymentsRelatedToTaxWithholdingForShareBasedCompensation,stock_based_compensation
1194,vici_DeferredTransactionCostsPayable,other_operating_activities,deferred_income_taxes
1195,vici_DebtIssuanceCostsPayable,other_financing_activities,debt_issuance
1196,exr_PaymentsForInvestmentInUnconsolidatedRealEstateEntities,purchases_investments,other_investing_activities
1197,exr_CashPortionOfRedemptionOfOperatingPartnershipUnits,other_financing_activities,acquisitions
1198,exr_NoncontrollingInterestIncreaseDecreaseFromRedemptionsOfOperatingPartnershipUnits,other_financing_activities,other_operating_activities
1199,exr_RedemptionOfOperatingPartnershipUnitsHeldByNoncontrollingInterestIncludingAdditionalPaidInCapital,other_financing_activities,net_cash_financing_activities
1200,exr_NoncontrollingInterestsInOperatingPartnershipNoteReceivablePayoff,other_financing_activities,other_investing_activities
1201,exr_RedemptionOfOperatingPartnershipUnitsForCommonStockIncludingAdditionalPaidInCapital,other_financing_activities,stock_issuance
1202,exr_IssuanceOfOPAndPreferredOPUnitsInConjunctionWithBusinessCombinationsAbstract,acquisitions,other_financing_activities
1203,exr_EstablishmentOfOperatingLeaseLiability,other_operating_activities,net_cash_financing_activities
1204,exr_NoncashOrPartNoncashAcquisitionNetRealEstateAssetsAcquiredAbstract,acquisitions,other_investing_activities
1205,exr_NoncashOrPartNoncashAcquisitionNetRealEstateAssetsAcquired,acquisitions,other_investing_activities
1206,exr_InvestmentsInRealEstateJointVenturesNetOfDistributionsReceived,other_investing_activities,acquisitions
1207,exr_LifeStorageMergerRealEstateAssetsAbstract,acquisitions,net_cash_investing_activities
1208,exr_AssetAcquisitionUnsecuredSeniorNotes,debt_issuance,other_investing_activities
1209,exr_AssetAcquisitionAccountsPayableAccruedExpensesAndOtherLiabilities,change_accrued_expenses,change_accounts_payable
1210,exr_AccruedConstructionCostsAndCapitalExpendituresAbstract,capital_expenditures,change_accrued_expenses
1211,exr_EstablishmentOfFinanceLeaseAssetsAndLeaseLiabilitiesAbstract,capital_expenditures,other_investing_activities
1212,exr_EstablishmentOfFinanceLeaseAsset,capital_expenditures,other_investing_activities
1213,ftai_ProceedsfromForfeitedSecurityDeposits,other_operating_activities,other_investing_activities
1214,ftai_GainLossOnExtinguishmentOfDebtIncludingDiscontinuedOperations,other_operating_activities,debt_issuance
1215,ftai_FairValueAdjustmentOfGuarantees,other_operating_activities,other_investing_activities
1216,us-gaap_ProceedsFromCollectionOfLeaseReceivables,other_investing_activities,net_cash_investing_activities
1217,ftai_PaymentsProceedsFromAcquisitionOfIntangibleAssets,other_investing_activities,acquisitions
1218,ftai_InvestmentInConvertiblePromissoryNotes,purchases_investments,other_investing_activities
1219,ftai_ProceedsFromSaleofEquipmentonLease,other_investing_activities,sales_investments
1220,ftai_PaymentsforDepositsonSaleofMachineryandEquipment,other_investing_activities,capital_expenditures
1221,ftai_DecreaseinSecurityDeposits,other_operating_activities,change_accounts_payable
1222,ftai_ProceedsFromDividendsOnDivestitureOfBusiness,other_investing_activities,dividends_paid
1223,ftai_PaymentforSettlementofEquityBasedCompensation,PaymentsRelatedToTaxWithholdingForShareBasedCompensation,stock_based_compensation
1224,ftai_TransfersFromLeasingEquipment,other_operating_activities,other_investing_activities
1225,ftai_NoncashOrPartNoncashAcquisitionSecurityDepositsMaintenanceDepositsOtherAssetsAndOtherLiabilitiesSettled,acquisitions,other_investing_activities
1226,ftai_NoncashorPartNoncashAcquisitionSecurityDepositsSettledandAssumed,acquisitions,other_investing_activities
1227,ftai_NoncashChangeInEquityMethodInvestment,other_operating_activities,other_investing_activities
1228,tsco_CashOutflowforDebtIssuanceCost,other_financing_activities,debt_issuance
1229,ulta_NoncashLeaseExpense,other_operating_activities,non_cash_stock_based_comp
1230,ulta_IncreaseDecreaseInCurrentOperatingLeaseLiabilities,other_operating_activities,change_accounts_payable
1231,us-gaap_GainLossOnSaleOfStockInSubsidiaryOrEquityMethodInvestee,other_operating_activities,other_investing_activities
1232,us-gaap_AmortizationOfDeferredCharges,depreciation_amortization,deferred_income_taxes
1233,mtd_SwissTaxReformnoncashdeferredtaxbenefit,deferred_income_taxes,net_income_starting_point
1234,mtd_ProceedsFromGovernmentFunding,other_operating_activities,other_financing_activities
1235,us-gaap_ProceedsFromSaleOfInterestInPartnershipUnit,other_investing_activities,sales_investments
1236,lpla_IncreaseDecreasePayablesToClients,other_operating_activities,change_accounts_payable
1237,us-gaap_IncreaseDecreaseInPayablesToBrokerDealers,other_operating_activities,change_accounts_payable
1238,lpla_FinanceLeasePaymentOnLiability,other_financing_activities,OtherOperatingActivitiesCashFlowStatement
1239,lpla_NocnashContingentConsiderationLiabilitiesRecognizedAtAcquisitionDate,acquisitions,other_operating_activities
1240,dxcm_PaymentsForPurchasesOfCappedCallTransactions,other_financing_activities,other_investing_activities
1241,tdy_BridgeFinancingAndDebtExtinguishmentIncomeExpense,other_operating_activities,net_cash_financing_activities
1242,us-gaap_BusinessCombinationContingentConsiderationArrangementsChangeInAmountOfContingentConsiderationAsset1,other_operating_activities,other_investing_activities
1243,cboe_IncreaseDecreaseInRestrictedCashAndCashEquivalentsOther,other_operating_activities,change_accounts_payable
1244,cboe_IncreaseDecreaseInRegulatoryFeesPayable,other_operating_activities,change_accrued_expenses
1245,cboe_IncreaseDecreaseLiabilityForUncertaintyInIncomeTaxes,other_operating_activities,change_accrued_expenses
1246,cboe_ProceedsFromAcquisitionRelatedEscrow,other_investing_activities,acquisitions
1247,cboe_ProceedsFromInvestments,sales_investments,purchases_investments
1248,cboe_ProceedsFromCboeDigitalSyndication,other_investing_activities,other_financing_activities
1249,cboe_NoncashOrPartNoncashAcquisitionOtherCurrentAssetsAcquired,acquisitions,other_investing_activities
1250,cboe_NoncashOrPartNoncashAcquisitionDataProcessingSoftwareAndOtherAssetsAcquired,capital_expenditures,other_investing_activities
1251,cboe_NoncashOrPartNoncashAcquisitionAccountsPayablesAndAccruedLiabilitiesAssumed,acquisitions,other_investing_activities
1252,cboe_NonCashOrPartNoncashAcquisitionIncomeTaxesPayableAcquired,acquisitions,other_investing_activities
1253,cboe_NoncashOrPartNoncashAcquisitionDeferredRevenue,acquisitions,other_operating_activities
1254,cboe_NoncashOrPartNoncashAcquisitionOperatingLeaseLiabilityAssumed,acquisitions,other_investing_activities
1255,cboe_BusinessCombinationContingentConsiderationLiabilityRelatedToAcquisitions,other_operating_activities,other_investing_activities
1256,cboe_NoncashOrPartNoncashAcquisitionDeferredIncomeTaxesAcquired,deferred_income_taxes,other_investing_activities
1257,cboe_PaycheckProtectionProgramLoanForgiveness,other_operating_activities,other_financing_activities
1258,cboe_PaymentToAcquireRevenueAssets,other_investing_activities,capital_expenditures
1259,us-gaap_EquitySecuritiesWithoutReadilyDeterminableFairValueUpwardPriceAdjustmentAnnualAmount,other_operating_activities,other_investing_activities
1260,us-gaap_EquitySecuritiesWithoutReadilyDeterminableFairValueDownwardPriceAdjustmentAnnualAmount,other_operating_activities,other_investing_activities
1261,zm_IncreaseDecreaseInDeferredContractAcquisitionCosts,other_operating_activities,deferred_income_taxes
1262,zm_ProceedsPaymentsForShareBasedPaymentArrangementNetOfTaxWithholding,PaymentsRelatedToTaxWithholdingForShareBasedCompensation,stock_based_compensation
1263,dte_IncomeLossFromEquityMethodInvestmentsIncludingDiscontinuedOperations,other_operating_activities,net_income_starting_point
1264,dte_IncreaseDecreaseInPrepaidPostretirementCosts,other_operating_activities,change_accrued_expenses
1265,dte_NetAssetsOfSpinoffExcludingCashTransferredDiscontinuedOperations,other_investing_activities,net_income_starting_point
1266,us-gaap_DebtAndEquitySecuritiesUnrealizedGainLossExcludingOtherThanTemporaryImpairment,other_operating_activities,other_investing_activities
1267,stz_GainLossOnExtinguishmentOfDebtAndAmortizationOfDebtIssuanceCosts,other_operating_activities,debt_issuance
1268,stz_LongLivedAssetImpairmentCharge,other_operating_activities,net_income_starting_point
1269,stz_PaymentsOfDebtExtinguishmentDebtIssuanceAndOtherFinancingCosts,other_financing_activities,debt_issuance
1270,stz_PaymentsForReclassificationOfStock,other_financing_activities,stock_repurchase
1271,aee_CashPaidReceivedForAbstract,other_operating_activities,cash_paid_for_interest
1272,khc_ProceedsFromSaleOfLicense,other_investing_activities,sales_investments
1273,khc_DebtPrepaymentAndExtinguishmentBenefitCosts,other_operating_activities,debt_repayment
1274,csgp_IncreaseDecreaseInLeaseLiability,other_operating_activities,change_accrued_expenses
1275,csgp_IncreaseDecreaseLeaseRightofUseandOtherAssets,other_operating_activities,change_accounts_receivable
1276,csgp_OtherSignificantNoncashTransactionAmountsOwedforAcquisitions,acquisitions,other_investing_activities
1277,ntrs_ProceedsFromPaymentsForFederalFundsSold,other_investing_activities,other_financing_activities
1278,ntrs_ChangeInFederalFundsPurchased,other_operating_activities,change_accounts_payable
1279,us-gaap_ProceedsFromPaymentsForInSecuritiesSoldUnderAgreementsToRepurchase,other_financing_activities,stock_repurchase
1280,irm_BusinessCombinationContingentConsiderationArrangementsGainLossOnRemeasurementOfContingentConsiderationLiability,other_operating_activities,other_investing_activities
1281,irm_IncreaseDecreaseInContractWithCustomerLiabilitiesNet,other_operating_activities,change_accounts_payable
1282,cqp_GainsLossesonModificationorExtinguishmentofDebt,other_operating_activities,other_investing_activities
1283,len_UnrealizedGainLossOnFinancingReceivablesHeldForSale,other_operating_activities,other_investing_activities
1284,len_UnrealizedGainLossOnInvestmentsAndOtherGainLoss,other_operating_activities,other_investing_activities
1285,len_IncreaseInDepositsAndPreAcquisitionCostsOnRealEstate,other_operating_activities,change_accounts_payable
1286,len_ProceedsfromSaleofOtherAssetsPropertyPlantandEquipmentandMortgageBackedSecurities,other_investing_activities,sales_investments
1287,len_PaymentsToOtherLiabilities,other_financing_activities,other_operating_activities
1288,len_NoncashorPartNoncashContributionAmount,other_operating_activities,other_financing_activities
1289,len_ConsolidationsDeconsolidationsOfNewlyFormedOrPreviouslyUnconsolidatedConsolidatedEntitiesNetAbstract,other_investing_activities,other_operating_activities
1290,len_NoncashConsolidationDeconsolidationNoncontrollinginterests,other_operating_activities,other_financing_activities
1291,len_NoncashConsolidationDeconsolidationInventory,change_inventory,other_operating_activities
1292,len_NoncashConsolidationDeconsolidationEquityMethodInvestments,other_operating_activities,other_investing_activities
1293,ato_IncreaseDecreaseInRegulatoryAssetsCurrent,other_operating_activities,change_accounts_payable
1294,ato_PaymentsOfSecuritizedDebtIssuanceCosts,other_financing_activities,debt_issuance
1295,hban_FinancingReceivableAndOffBalanceSheetCreditLossExpenseReversal,other_operating_activities,other_financing_activities
1296,hban_PaymentsForProceedsFromInterestReceivablesAndOtherReceivablesActivity,change_accounts_receivable,other_investing_activities
1297,hban_AvailableForSaleSecuritiesTransferredToHeldToMaturitySecurities,other_investing_activities,net_cash_investing_activities
1298,bro_AdjustmentForAmortizationExcludingAccretionAmortizationOfDebtDiscountsAndPremiumsInvestments,depreciation_amortization,other_operating_activities
1299,bro_NetLossGainOnSalesOfBusinessesInvestmentsFixedAssetsAndCustomerAccounts,other_operating_activities,net_income_starting_point
1300,bro_NetLossGainOnSalesOfInvestmentsFixedAssetsAndCustomerAccounts,other_operating_activities,net_income_starting_point
1301,bro_IncreaseDecreaseInEffectOfForeignExchangeRate,effect_of_exchange_rate,other_operating_activities
1302,bro_IncreaseDecreaseForLossAndLossAdjustmentExpense,other_operating_activities,change_accrued_expenses
1303,bro_ProceedsFromSalesOfBusinessesFixedAssetsAndCustomerAccounts,other_investing_activities,sales_investments
1304,bro_FiduciaryReceivablesAndLiabilitiesNet,other_operating_activities,change_accounts_receivable
1305,bro_PaymentsOnAcquisitionEarnOuts,acquisitions,other_investing_activities
1306,bro_RepurchaseOfStockBenefitPlanSharesForEmployeesToFundTaxWithholdings,PaymentsRelatedToTaxWithholdingForShareBasedCompensation,stock_repurchase
1307,fe_TransmissionRevenueCollectionNet,other_operating_activities,net_income_starting_point
1308,fe_RedemptionsAndRepaymentsAbstract,debt_repayment,stock_repurchase
1309,ppl_IncreaseDecreaseUnbilledRevenue,change_accounts_receivable,other_operating_activities
1310,ppl_Proceedsfromtransferofexcessbenefitfunding,other_financing_activities,stock_issuance
1311,ppl_ProceedsFromPollutionControlBond1,debt_issuance,other_financing_activities
1312,ppl_RepaymentOfCapitalToParent,other_financing_activities,debt_repayment
1313,ppl_ProceedsFromContributionsFromDiscontinuedOperations,other_investing_activities,net_cash_financing_activities
1314,efx_IncreaseDecreaseInCurrentLiabilitiesExcludingDebt,other_operating_activities,change_accounts_payable
1315,ste_AmortizationOfInventoryFairValueAdjustments,depreciation_amortization,change_inventory
1316,cnp_IndexedDebtSecuritiesGainLoss,other_operating_activities,other_investing_activities
1317,cnp_PaymentsForMergerRelatedActivitiesTransactionCosts,acquisitions,other_investing_activities
1318,us-gaap_ProceedsFromAdvancesForConstruction,other_investing_activities,capital_expenditures
1319,awk_NoncashOrPartNoncashDisposalNotesReceivable,other_investing_activities,other_operating_activities
1320,biib_AmortizationOfInventoryStepUp,depreciation_amortization,other_operating_activities
1321,biib_PaymentsToAcquireInProcessResearchAndDevelopmentOperatingActivities,other_operating_activities,acquisitions
1322,avb_ProceedsFromPaymentsToConstructionPayables,capital_expenditures,other_investing_activities
1323,avb_PaymentsForRedemptionOfNoncontrollingInterestsDistributionToJointVenturesAndPreferredEquityRedemptionAndDividends,other_financing_activities,dividends_paid
1324,chtr_ChangesInAccruedExpensesRelatedToCapitalExpenditures,capital_expenditures,change_accrued_expenses
1325,dltr_ProceedsFromGovernmentGrants,other_investing_activities,net_cash_operating_activities
1326,dltr_PaymentsOfDebtIssuanceCostsAndExtinguishmentCosts,other_financing_activities,debt_repayment
1327,dltr_CashPaidForAbstract,cash_paid_for_interest,cash_paid_for_taxes
1328,cinf_NonCashShareBasedCompensation,stock_based_compensation,non_cash_stock_based_comp
1329,on_InterestNoncash,other_operating_activities,non_cash_stock_based_comp
1330,on_IncreaseDecreaseInDepositPaymentsReceiptsForPurchaseOfFixedAssets,capital_expenditures,change_accounts_payable
1331,on_ProceedsFromReimbursementOfDebtIssuanceCosts,other_financing_activities,debt_issuance
1332,fcnca_GainOnSalesOfOperatingLeaseEquipmentNet,other_operating_activities,other_investing_activities
1333,us-gaap_PaymentsForSecuritiesPurchasedUnderAgreementsToResell,purchases_investments,other_investing_activities
1334,fcnca_IncreaseDecreaseInLiabilitiesCreditBalancesOfFactoringClients,other_operating_activities,change_accrued_expenses
1335,fcnca_ProceedsFromSalesOfOperatingLeaseEquipment,other_investing_activities,sales_investments
1336,fcnca_IncreaseDecreaseInDemandDepositsAndOtherInterestBearingDeposits,other_operating_activities,change_accounts_payable
1337,fcnca_PropertyPlantAndEquipmentOwnedTransferToRealEstateOwned,other_investing_activities,net_cash_investing_activities
1338,fcnca_TransferOfAssetsFromHeldForInvestmentToHeldForSale,other_operating_activities,other_investing_activities
1339,br_AmortizationOfAcquiredIntangibleAssetsAndIntellectualProperty,depreciation_amortization,amortization_amortization
1340,br_OtherAssetAmortization,depreciation_amortization,other_operating_activities
1341,br_IncreaseDecreaseInContractWithCustomerLiabilityCurrent,other_operating_activities,change_accounts_payable
1342,ldos_IncreaseDecreaseInAccountsPayableAndAccruedLiabilitiesAndOtherNoncurrentLiabilities,other_operating_activities,change_accounts_payable
1343,us-gaap_GainLossOnSaleOfLoansAndLeases,other_operating_activities,net_income_starting_point
1344,pstg_IncreaseDecreaseInDeferredCommissions,other_operating_activities,deferred_income_taxes
1345,us-gaap_RestrictedCashAndInvestmentsNoncurrent,cash_end_of_period,other_investing_activities
1346,gis_NetRepaymentsFromAdvancesToJointVentures,other_investing_activities,net_cash_financing_activities
1347,gis_Proceedsfromredeemableinterestinvestment,sales_investments,other_investing_activities
1348,us-gaap_PublicUtilitiesAllowanceForFundsUsedDuringConstructionAdditions,other_operating_activities,other_investing_activities
1349,eix_WildlifeInsuranceFundAmortization,depreciation_amortization,other_operating_activities
1350,us-gaap_ProceedsFromRentsReceived,other_operating_activities,other_investing_activities
1351,eix_WildfireInsuranceFundContributions,other_operating_activities,other_financing_activities
1352,eix_IncreaseDecreaseintaxreceivablesandpayables,other_operating_activities,change_accounts_payable
1353,flex_NonCashLeaseExpense,other_operating_activities,non_cash_stock_based_comp
1354,flex_CashFlowImpactIncomeTaxExpenseBenefit,deferred_income_taxes,other_operating_activities
1355,us-gaap_PaymentsToAcquireRoyaltyInterestsInMiningProperties,other_investing_activities,capital_expenditures
1356,tpl_DecreaseIncreaseInAccountsPayableRelatedToCapitalExpenditures,capital_expenditures,change_accounts_payable
1357,tpl_NoncashOrPartNoncashAcquisitionOperatingLeaseRightOfUseAssets,other_operating_activities,acquisitions
1358,ilmn_GainLossOnStrategicInvestmentsNoncash,other_operating_activities,other_investing_activities
1359,ilmn_PropertyAndEquipmentAndRightOfUseAssetImpairment,other_operating_activities,capital_expenditures
1360,us-gaap_InvestmentIncomeAmortizationOfDiscount,other_operating_activities,other_investing_activities
1361,us-gaap_ContractWithCustomerAssetIncreaseDecreaseForContractAcquiredInBusinessCombination,acquisitions,other_operating_activities
1362,wat_PaymentsForIntellectualPropertyLicenses,other_investing_activities,other_operating_activities
1363,qsr_GainsLossesOnExtinguishmentOfDebtNoncashPortion,other_operating_activities,debt_issuance
1364,qsr_IncreaseDecreaseInOtherAccruedLiabilitiesAndGiftCardLiability,change_accrued_expenses,other_operating_activities
1365,trow_AmortizationOfAcquisitionRelatedAssetsAndRetentionArrangements,depreciation_amortization,amortization_and_depreciation
1366,trow_NetGainsLossesRecognizedOnInvestments,other_operating_activities,net_income_starting_point
1367,us-gaap_ProceedsFromPaymentsForTradingSecurities,other_operating_activities,purchases_investments
1368,trow_IncreaseDecreaseInTradingSecuritiesConsolidatedSponsoredInvestmentPortfolios,other_operating_activities,other_investing_activities
1369,trow_NetContributionsFromDistributionsToNonControllingInterestsInConsolidatedEntities,other_financing_activities,net_income_starting_point
1370,crdo_ClassOfWarrantOrRightContraRevenue,stock_based_compensation,crdo_ClassOfWarrantOrRightContraRevenue
1371,crdo_IncreaseDecreaseInAccountsPayableAndOtherAccruedLiabilitiesAndEmployeeRelatedLiabilities,change_accrued_expenses,change_accounts_payable
1372,crdo_IncreaseDecreaseInContractWithCustomerAssetLiability,other_operating_activities,change_accounts_receivable
1373,crdo_PaymentsForRecordedUnconditionalPurchaseObligation,other_operating_activities,capital_expenditures
1374,tw_IncreaseDecreaseInEquityCompensationPayable,change_accrued_expenses,stock_based_compensation
1375,tw_PaymentsOfCapitalDistributionToNoncontrollingInterest,other_financing_activities,dividends_paid
1376,tw_NoncashFinancingActivitiesTaxesPayableRelatingToStockBasedCompensationSettlements,PaymentsRelatedToTaxWithholdingForShareBasedCompensation,other_financing_activities
1377,tw_RightOfUseAssetObtainedInExchangeForOperatingLeaseLiabilityNetOfModifications,other_investing_activities,acquisitions
1378,us-gaap_OtherNoncashIncomeTaxExpense,deferred_income_taxes,other_operating_activities
1379,afrm_AccretionAmortizationOfDiscountsAndPremiumsFinancingReceivables,other_operating_activities,other_financing_activities
1380,afrm_AmortizationOfDiscountOnAvailableForSaleSecurities,other_operating_activities,other_investing_activities
1381,afrm_IncreaseDecreaseInCommercialAgreementAssets,other_operating_activities,change_accounts_receivable
1382,afrm_ProceedsFromSecuritiesRetainedUnderUnconsolidatedSecuritizationTransactions,other_investing_activities,net_cash_financing_activities
1383,afrm_StockIssuedBusinessCombination,acquisitions,stock_issuance
1384,lulu_DerecognitionOfUnredeemedGiftCardLiability,other_operating_activities,stock_based_compensation
1385,lulu_IncreaseDecreaseinIncomeTaxesPayableCurrent,other_operating_activities,change_accounts_payable
1386,lulu_RightofuseLeaseAssetsandCurrentandNoncurrentLeaseLiabilities,other_operating_activities,net_cash_operating_activities
