rank,percentile,ticker,score,sector,market_cap,price,liquidity,pe_ratio,fcf_yield,earnings_yield,ttm_gross_margin,ttm_operating_margin,debt_to_ebitda,roa,top_factor,value_trap,missing_factor_count,data_quality,feature_available_date
1,100.0,MUR,6.78830052803782,ENERGY,5339209380.0,36.98,,0.10070718569556077,60.20578031723492,9.929778030169704,0.0026557749654198735,0.0018425047765859284,0.8284578416781136,0.005282891344981294,high_fcf_yield,False,0,good,2026-05-15 10:17:54.179147
2,99.92542878448918,DVN,6.133589025016421,ENERGY,28369420000.0,45.61,,13.206627190287321,0.07228966965133585,0.07571956000510409,0.3456753852409601,0.30841989583659285,0.0001762193798982902,66.0086654580094,low_ps,False,0,good,2026-05-15 10:38:26.007848
3,99.85085756897838,EVTC,4.965077200051647,TECHNOLOGY,1502521790.0,24.01,,0.06297271189926425,20.851702922724332,15.879894161135592,0.5229802731915122,0.17981198798552167,0.677613242185502,0.01039188705977454,high_earnings_yield,False,0,good,2026-05-15 10:39:46.182922
4,99.77628635346755,TGTX,4.242089688038189,HEALTHCARE,6860271292.36,42.86,,14.852415462268564,-0.0020685770861283473,0.06732911576170383,0.8303531524996823,0.21346071744230377,0.011614342629482072,0.3021224630225459,low_ps,False,1,partial,2026-05-15 10:22:59.498867
5,99.70171513795675,HMC,3.338357150822112,CONSUMER CYCLICAL,31961513851.83,24.51,,0.06407886326992748,0.37019523089087164,15.605769967977954,0.20476801936204933,0.031160626849861282,2.9502154587051646,0.01518389195030398,high_earnings_yield,False,0,good,2026-05-15 10:43:27.032593
6,99.62714392244594,HRB,3.2247941238325457,CONSUMER CYCLICAL,4785913440.0,36.96,,15.959486261448273,-0.14536809905195444,0.0626586585318601,0.5054159552025738,-0.014646634334598427,0.20279717452626622,88.41504983610076,low_evebitda,True,0,good,2026-05-15 10:43:48.720585
7,99.55257270693512,MCY,3.1527005253603058,FINANCIAL SERVICES,5520621630.0,99.67,,6.573397206382622,0.2571137989762939,0.15212833921385768,0.4385426884110987,0.1696856134637061,0.0059327331339682505,85.06578384288653,low_ps,False,0,good,2026-05-15 10:17:00.937770
8,99.47800149142431,TAK,1.9266096121358218,HEALTHCARE,52753246560.0,16.46,,0.4597194355498202,18.13335611320146,2.175239771631602,0.6211175355392597,0.08308438779521149,0.8373108053174797,0.0074420379027498205,high_fcf_yield,False,0,good,2026-05-15 10:22:43.561853
9,99.4034302759135,PFBC,1.6620847338776055,FINANCIAL SERVICES,1168254204.48,95.04,,8.66966133697459,0.14276516134965495,0.11534475928548382,0.5538288127669353,0.3794423182066703,0.0299239037777824,0.017603969985774636,low_ps,False,0,good,2026-05-15 10:19:40.407242
10,99.32885906040269,NCLH,1.4856624776639755,CONSUMER CYCLICAL,7961758325.079999,17.08,,14.012073637037206,-0.11920444721492646,0.07136702431799707,0.430469751556634,0.15879052083187956,0.4938873263407305,0.023879407870265053,low_ps,False,1,partial,2026-05-15 10:18:02.016921
11,99.25428784489188,FTNT,1.406453511689327,TECHNOLOGY,84731196000.0,114.07,,43.35185264773599,0.028743840698294876,0.02306706493320359,0.8067374639566777,0.310598494971517,0.4039448688411948,0.19775383214448322,low_ps,False,1,partial,2026-05-15 10:41:31.848198
12,99.17971662938105,CPK,1.3957214394782433,UTILITIES,3040780260.0,126.42,,40.511705544815904,-0.051171076728839325,0.024684223647255588,0.501831659963918,0.2511707556874966,0.0005984326045289699,0.01856708553900955,low_ps,False,0,good,2026-05-15 10:36:25.809014
13,99.10514541387025,WINA,1.1366599190905589,CONSUMER CYCLICAL,1384768089.1999998,373.4,,33.81417134568754,0.029997802754104654,0.029573399560108814,0.9666461534116916,0.6278585691475154,0.011405188925648615,1.1676370292648435,low_ps,False,0,good,2026-05-15 10:24:56.029166
14,99.03057419835943,MAR,0.948791309076234,CONSUMER CYCLICAL,95146692000.0,353.18,,36.821475232198146,0.03125699840410637,0.027158064517892013,0.06018497216214973,0.19587723738094143,0.5482260183968463,0.15978233984664852,high_div_yield,False,0,good,2026-05-15 10:16:50.633580
15,98.95600298284862,LOW,0.8219043863539026,CONSUMER CYCLICAL,128352000000.0,229.2,,19.289449954914335,0.05960951134380454,0.0518418100224383,0.334758825301903,0.11766682891778504,0.4655921162518791,0.1228945035460993,low_ps,False,0,good,2026-05-15 10:16:30.274251
16,98.88143176733782,OGN,0.8006470852933915,HEALTHCARE,3509661600.0,13.35,,14.266917073170731,0.17494564148292815,0.07009222769511454,0.5310725296122019,0.1922764887230245,1.2075471698113207e-05,18.928901200369346,low_ps,False,0,good,2026-05-15 10:18:53.232999
17,98.80686055182699,HMY,0.7308084628615278,BASIC MATERIALS,11243280000.0,17.79,,0.42688634142643267,1.8124821098469486,2.3425439114742317,0.38298400335800903,0.30920633845856654,0.20247507282108324,0.22999382030844256,high_earnings_yield,False,0,good,2026-05-15 10:43:30.065626
18,98.73228933631619,CCL,0.7022981566214305,CONSUMER CYCLICAL,36720960000.0,26.38,,11.856945431062316,0.08131595688130157,0.08433875367092801,0.37548190984578883,0.16852016607354686,0.4389603207521084,0.06005778889599939,low_ps,False,0,good,2026-05-15 10:34:41.071945
19,98.65771812080537,MC,0.6813775541553538,FINANCIAL SERVICES,5172428435.24,65.08,,23.383280599813745,0.08061261846741298,0.04276559893858372,0.6933371155104338,0.18133992338476965,0.09627254669315168,0.17158162386731554,low_ps,False,0,good,2026-05-15 10:16:56.386186
20,98.58314690529456,RCL,0.6364745131196182,CONSUMER CYCLICAL,74590040000.0,275.24,,16.634710080285462,0.018380470100297572,0.060115264718989286,0.47226452033935173,0.27876876223624103,0.4170171012054948,0.10678733031674208,low_evebitda,False,0,good,2026-05-15 10:20:38.621029
21,98.50857568978374,IT,0.6315824546288396,TECHNOLOGY,11099947250.0,158.65,,14.988100269517032,0.11332450251058625,0.06671959634763129,0.6824678757900438,0.1643040718597466,0.007923917711699348,0.09674168380409164,low_ps,False,1,partial,2026-05-15 10:15:20.713101
22,98.43400447427292,NSP,0.5246640010298769,INDUSTRIALS,1228643000.0000002,32.59,,75.66555645893921,0.05453170693195663,-0.020347651840282324,0.1287258912916423,-0.0023378141437755697,0.5277777777777778,-0.011384335154826957,low_ps,True,0,good,2026-05-15 10:18:26.139179
23,98.35943325876212,SBS,0.391129949347832,UTILITIES,4344873200.0,6.35,,0.5237413898079241,-1.074733981419757,1.9093392644922298,0.36636657222885727,0.32229133082332273,0.6968282489694181,0.07810223910131554,high_earnings_yield,False,0,good,2026-05-15 10:21:27.228841
24,98.28486204325131,MOH,0.3521118108899705,HEALTHCARE,9482940000.0,185.94,,50.44117021276596,0.026257679580383303,0.019825075345831566,0.0958624514697726,0.011625069328896283,0.0,0.011469708986639009,low_ps,False,1,partial,2026-05-15 10:17:25.917036
25,98.2102908277405,FUTU,0.3421793797297467,FINANCIAL SERVICES,20482673621.25,144.59,,1.6272458202202755,1.9886759782053371,0.6145353010429813,0.8811691420757923,0.632044395326248,1.1294357768841987,0.055107174088777855,high_fcf_yield,False,0,good,2026-05-15 10:41:38.700605
26,98.13571961222968,GDDY,0.33447677229335665,TECHNOLOGY,12222984780.0,91.02,,14.047793104240892,0.13427980395472602,0.07118555865533852,0.5979656428528773,0.23850946513525886,0.022523866348448687,0.10670312959874424,low_ps,False,1,partial,2026-05-15 10:41:52.166555
27,98.06114839671886,KNSA,0.3312969708432679,HEALTHCARE,4829208595.8,58.6,,66.10102378658053,0.03400764260687188,0.01512835872601136,0.5463215060109144,0.12362126928764199,0.03122229882793263,0.08852510663047693,low_ps,False,1,partial,2026-05-15 10:15:56.536891
28,97.98657718120806,TSM,0.31932382554647903,TECHNOLOGY,2135054816000.0,411.68,,1.1008301323230927,0.5162219066885072,0.9084053666751383,0.6188617195180239,0.5326166276247574,0.049815297627876516,0.22398466782381368,high_earnings_yield,False,0,good,2026-05-15 10:23:30.853756
29,97.91200596569725,ERIC,0.2782190113340458,TECHNOLOGY,39714840000.0,11.88,,1.602929258432059,0.8228413211786827,0.6238578494587916,0.48048341878394335,0.13728395720021655,0.46437646979015706,0.08579527564808241,high_earnings_yield,False,0,good,2026-05-15 10:39:28.768058
30,97.83743475018642,PRU,0.26368256927927664,FINANCIAL SERVICES,35223014000.0,100.81,,10.136119136690649,0.2778013261443214,0.09865708823214277,0.30817264138734307,0.0816778827488029,0.17573843581645923,4.540109746537758,low_ps,False,0,good,2026-05-15 10:20:20.695872
31,97.76286353467562,KEX,0.2495945487784108,INDUSTRIALS,7682809120.000001,142.24,,22.00325093723061,0.052810240845863936,0.0454478296344814,0.2591672635757028,0.13778290706316654,0.08033013987379349,6.018667907746406,low_ps,False,1,partial,2026-05-15 10:15:43.985482
32,97.6882923191648,HCI,0.24063391297898806,FINANCIAL SERVICES,1961307920.0,152.24,,6.238971129009683,0.22513548000152878,0.16028283819911357,0.7106572878278514,0.46290046771998905,0.08328385623400333,0.12430721633830619,low_ps,False,0,good,2026-05-15 10:43:07.549301
33,97.613721103654,ZTO,0.23841210056351622,INDUSTRIALS,19872098166.600002,25.05,,2.064184537228405,0.8105824993896948,0.4844528102815396,0.25159137837499734,0.20626444742353048,0.9089021186189622,0.10569704256474059,low_ps,False,0,good,2026-05-15 10:25:30.745809
34,97.53914988814317,MTD,0.23697036642331734,HEALTHCARE,22810945113.18,1124.46,,26.243820547542377,0.037203543991242045,0.03810420811971471,0.5752477586051457,0.2777891609847906,0.1313073366775868,0.234116853586364,low_ps,False,1,partial,2026-05-15 10:17:44.831128
35,97.46457867263236,SPNT,0.23154612201003996,FINANCIAL SERVICES,2857123752.7,23.45,,6.216544283507398,0.033705225371843235,0.1608610756064294,0.39465512374141337,0.16975628117060318,0.004120070629782225,3.792079207920792,low_ps,False,1,partial,2026-05-15 10:22:11.134895
36,97.39000745712156,HALO,0.22686749299107453,HEALTHCARE,7545128640.000001,64.12,,23.810004891302633,0.08543101526231897,0.04199915138888871,0.8194558112459375,0.5844812907817567,1.6034768678857891,0.1254845419774025,low_ps,False,1,partial,2026-05-15 10:43:00.115959
37,97.31543624161074,CVLT,0.2262373361951775,TECHNOLOGY,4546508670.0,105.09,,64.34618891263428,0.05216112344947975,0.015540935941952135,0.8093394385354273,0.07822402825063995,0.05948993976675637,0.03745788724516979,high_earnings_yield,False,1,partial,2026-05-15 10:37:12.900774
38,97.24086502609993,BBWI,0.2238160397271365,CONSUMER CYCLICAL,4320870000.0,19.73,,6.65773497688752,0.20019116520515542,0.15020123262213397,0.4372514058428199,0.1544369770950487,0.5377492877492878,0.12803314263168278,low_ps,False,0,good,2026-05-15 10:32:45.346520
39,97.16629381058911,NVO,0.216836221769312,HEALTHCARE,204442176568.63,46.07,,1.6763463890439254,0.1517739662176985,0.5965354216382047,0.8184990848078096,0.4529743746186699,0.17361177574029057,0.21808372718478025,high_earnings_yield,False,0,good,2026-05-15 10:18:35.472759
40,97.0917225950783,PARR,0.2030276266571583,ENERGY,3194811840.0,64.37,,7.033296965780934,0.08817921496121661,0.1421808299671257,0.19500371452312257,0.08191663560183493,0.13448876988373104,2.6383590388457785,low_ps,False,1,partial,2026-05-15 10:19:22.480155
41,97.0171513795675,COKE,0.1943740544170883,CONSUMER DEFENSIVE,1697605090.0,174.31,,2.9343575840021296,0.39002474951344546,0.34079009506268626,0.39302546076945105,0.13366123414989647,0.1132692500068206,0.13170167468449986,low_ps,False,0,good,2026-05-15 10:36:08.727887
42,96.94258016405668,DXC,0.18724395672475377,TECHNOLOGY,1587351900.0,9.43,,3.7526049645390067,0.6432096121849226,0.266481553334204,0.1969565560198691,0.05416699519041236,0.5621773815110277,0.03210138878348638,low_ps,False,0,good,2026-05-15 10:38:27.081351
43,96.86800894854586,MTN,0.1829786217133733,CONSUMER CYCLICAL,4503832200.0,125.42,,19.535418808312407,0.06356653340681742,0.05118907405120466,0.5907950876285096,0.26366040264689233,0.16896838533055653,0.04116909243960984,low_ps,False,0,good,2026-05-15 10:17:48.428196
44,96.79343773303505,SMG,0.18229961378440063,BASIC MATERIALS,3609828000.0,61.08,,32.55029756537421,0.10479723687666005,0.030721685354537672,0.3247573245212876,0.13578024960906382,0.5378248315688162,0.03250293083235639,low_ps,False,0,good,2026-05-15 10:21:59.373246
45,96.71886651752423,WYNN,0.1677438542274611,CONSUMER CYCLICAL,10631196000.0,102.42,,32.478129372445274,0.06511214730685051,0.030789950632083164,0.39192473890167506,0.1587318665763323,0.01069118329584981,0.02424580814410099,low_ps,False,0,good,2026-05-15 10:25:19.496262
46,96.64429530201343,CAH,0.16621556989309255,HEALTHCARE,43341400000.0,183.65,,27.800769724182167,0.10133498225714904,0.03597022708080495,0.036839101333471694,0.009227735891981208,0.44115713346482577,0.027500926105593678,low_ps,False,0,good,2026-05-15 10:34:07.154186
47,96.5697240865026,BLKB,0.16383504755459585,TECHNOLOGY,1738176712.5,37.5,,12.301321390658174,0.16802491823742,0.0812920797890393,0.5918601904785319,0.19478611773775353,0.14646408752430792,0.06698911201736313,low_ps,False,0,good,2026-05-15 10:33:33.726276
48,96.4951528709918,MAS,0.1557177711465177,INDUSTRIALS,14552971438.82,71.74,,17.38706265091995,0.06479776339590353,0.05751402753167683,0.3540825628337023,0.16786039848938664,0.18614718614718614,0.1599464934072234,low_ps,False,0,good,2026-05-15 10:16:52.135055
49,96.42058165548099,NU,0.15379943855962755,FINANCIAL SERVICES,67721457600.0,13.8,,23.605439870165906,0.043580795579332005,0.042363116531620545,0.44605588439940713,0.2447167808122338,1.0388372920414717,0.03830609543688064,low_pe,False,1,partial,2026-05-15 10:18:30.973452
50,96.34601043997017,HG,0.15324771705728887,FINANCIAL SERVICES,3131271620.0,30.86,,4.975500637177478,0.290066500203518,0.20098479990694645,0.4949409777866713,0.29663393117438935,0.0,0.0638014421925203,low_ps,False,0,good,2026-05-15 10:43:15.055077
51,96.27143922445936,BAP,0.15324544179814578,FINANCIAL SERVICES,26357044500.0,330.5,,3.925994232490799,0.2646817004842861,0.2547125494286736,0.7651629001925618,0.3394633580776491,1.3900178081532464,0.025112228428748135,low_ps,False,0,good,2026-05-15 10:32:41.217035
52,96.19686800894854,CHTR,0.1524622562535471,COMMUNICATION SERVICES,19643878107.06,154.86,,3.9821362471234547,0.20515297325896253,0.2511214930735638,0.43260853649608316,0.2410864631378578,0.03980587283690377,0.0318990714156385,low_ps,False,1,partial,2026-05-15 10:35:20.130936
53,96.12229679343773,KSS,0.15228197179687256,CONSUMER CYCLICAL,1667500000.0,14.5,,6.1531365313653135,0.5649175412293853,0.16251874062968516,0.4056804276421717,0.03284601017582276,0.1351963746223565,0.02028139500074839,low_ps,False,0,good,2026-05-15 10:16:03.736265
54,96.04772557792693,RNR,0.15221453662820902,FINANCIAL SERVICES,12795220480.000002,300.16,,4.560402092580805,0.33003745473559826,0.21927890999499208,0.5502935386963606,0.40396279201631935,0.0,0.05223023514739814,low_ps,False,0,good,2026-05-15 10:20:58.910255
55,95.97315436241611,SNEX,0.15029060479553533,FINANCIAL SERVICES,9931180259.52,121.92,,21.47746595916955,0.6546251130391041,0.046560427654784006,0.3127166985027208,0.30868500685952094,0.6350237524869057,0.008622538315658746,low_ps,False,1,partial,2026-05-15 10:22:03.791033
56,95.8985831469053,CNK,0.14783285649840086,COMMUNICATION SERVICES,3103782000.0,27.06,,18.246807760141092,0.08386542611562282,0.054804106731722785,0.32572884938148816,0.11997264872257102,0.054217974637015255,0.03914123981775507,low_ps,False,0,good,2026-05-15 10:35:49.863390
57,95.82401193139448,BAH,0.1391869859965574,INDUSTRIALS,9494366149.44,77.04,,11.347328089876362,0.0983148306382787,0.08812647277663194,0.5265098946612945,0.09159454507540653,0.2189369902873195,0.1186647284073181,low_ps,False,0,good,2026-05-15 10:32:34.151089
58,95.74944071588367,LNC,0.13738340603781476,FINANCIAL SERVICES,7027463101.599999,35.8,,5.975733929931972,-0.023763909903984803,0.1673434613597972,0.19984694435333988,0.0731387340111512,0.5069708491761724,0.0028187649207581903,low_ps,False,0,good,2026-05-15 10:16:26.796004
59,95.67486950037286,WU,0.13639501244832586,FINANCIAL SERVICES,2873376000.0,9.07,,6.518548094373866,0.11529991201986792,0.15340839486374216,0.3402431190393833,0.17648366852794387,0.37834164023561395,0.05441840942198958,low_ps,False,0,good,2026-05-15 10:25:15.888059
60,95.60029828486203,CALM,0.13435634183118356,CONSUMER DEFENSIVE,3607731260.0,76.09,,5.190733763720572,0.2003647023309602,0.1926509903068556,0.3377393249042874,0.25081893973764474,0.0006502551971366349,0.22140019577856063,low_ps,False,0,good,2026-05-15 10:34:10.173353
61,95.52572706935123,AXP,0.13420614425826463,FINANCIAL SERVICES,216796579999.99997,316.03,,19.32233333333333,0.06607115296744996,0.051753583935687554,0.834997755154045,0.2070476028685491,0.18384310316727331,0.036323139976820525,low_ps,False,0,good,2026-05-15 10:32:19.524449
62,95.45115585384042,HPQ,0.13375678237003294,TECHNOLOGY,21137760000.0,22.68,,8.424774810681546,0.136154445882629,0.11869753464889372,0.2014796635188248,0.05699905742588344,0.4230958230958231,0.060406885758998434,low_ps,False,0,good,2026-05-15 10:43:43.930585
63,95.3765846383296,THC,0.1313313849282017,HEALTHCARE,16676526480.0,190.38,,9.792440681150909,0.20082119642938978,0.10211958719595426,0.42763924493125144,0.16140759729666745,0.03679309561662503,0.054578085440502515,low_ps,False,1,partial,2026-05-15 10:23:00.371300
64,95.30201342281879,BCO,0.13063179016453078,INDUSTRIALS,4664070000.0,107.22,,25.88274139844617,0.11665776885852915,0.03863578376825391,0.26096556330711,0.10698382069170254,0.2848974518334369,0.0247683976138769,low_ps,False,0,good,2026-05-15 10:32:51.998309
65,95.22744220730797,LEG,0.1295821594988257,CONSUMER CYCLICAL,1418460000.0,10.06,,6.030867346938776,0.1981021671390099,0.16581362886510723,0.1816724618381791,0.05908608912233977,0.11368377138089278,0.0665083135391924,low_ps,False,0,good,2026-05-15 10:16:14.277572
66,95.15287099179717,ALL,0.1294855691018208,FINANCIAL SERVICES,55973190000.0,213.15,,4.608743515850144,0.20599147556178232,0.216978878638148,0.3982543418034496,0.2329977062170455,0.06721251374801418,0.09796566966734424,low_ps,False,0,good,2026-05-15 10:30:32.292217
67,95.07829977628636,CMCSA,0.12413701466193108,COMMUNICATION SERVICES,91871800000.0,25.4,,4.938813030856897,0.2219397029338709,0.2024778005873402,0.6166814339423837,0.15286125944906087,0.23975464485732065,0.07154560349535773,low_ps,False,0,good,2026-05-15 10:35:41.248554
68,95.00372856077554,TDC,0.11796543365131881,TECHNOLOGY,3051594000.0,31.59,,7.248441805225653,0.22283436132067372,0.13796068546471124,0.6021314387211367,0.06216696269982238,0.4550898203592814,0.1965452847805789,low_ps,False,0,good,2026-05-15 10:22:46.978699
69,94.92915734526473,ORLY,0.11730427929815067,CONSUMER CYCLICAL,78320287360.0,92.96,,30.07801258494453,0.02443140933848586,0.03324687750481717,0.51631714339434,0.19558556877559755,0.10865673243813875,0.15373901130400827,low_pe,False,1,partial,2026-05-15 10:19:10.179215
70,94.85458612975391,ANF,0.116319187536159,CONSUMER CYCLICAL,3652817629.9999995,77.99,,7.2058913124530255,0.10358250488404482,0.1387753376562629,0.586119417609202,0.1341727727972547,0.2763118413307038,0.14312225674882845,low_ps,False,0,good,2026-05-15 10:31:09.448101
71,94.78001491424311,M,0.11292148700763847,CONSUMER CYCLICAL,5386220000.0,19.48,,8.3897507788162,0.19624152002703193,0.11919305189910548,0.3654568763538305,0.04553291189602582,0.0,0.03953688877940633,low_ps,False,0,good,2026-05-15 10:16:44.981811
72,94.7054436987323,RH,0.11183230439627434,CONSUMER CYCLICAL,2638555903.7699995,133.89,,21.144477419683138,0.0946081906558535,0.04729367296016085,0.44068647631540997,0.11351909094715101,0.36199012911909867,0.02580531090574083,low_ps,False,1,partial,2026-05-15 10:20:49.582638
73,94.63087248322147,UAL,0.11130217767601204,INDUSTRIALS,32542744000.0,99.58,,8.879329877216916,0.09854731365001058,0.1126211114834078,0.6424436873614924,0.08439453577216949,0.623250296559905,0.04527989523232972,low_ps,False,0,good,2026-05-15 10:23:46.661026
74,94.55630126771067,PPC,0.11003134065490451,CONSUMER DEFENSIVE,6942066900.0,29.1,,7.819853246807376,0.07749925314030033,0.12787963769118962,0.11572895545725664,0.07402191512473867,0.0009835080274289462,0.0870112856533494,low_ps,False,0,good,2026-05-15 10:20:07.475844
75,94.48173005219985,MGM,0.10968102642688826,CONSUMER CYCLICAL,10041838830.0,38.79,,54.92385813205566,0.17246771525808288,0.01820702394204827,0.44160209590355104,0.05181758228570425,0.0,0.004416001697302831,low_ps,False,0,good,2026-05-15 10:17:08.651368
76,94.40715883668904,SBH,0.1092200135186681,CONSUMER CYCLICAL,1413732950.0,14.03,,7.835701577412953,0.1533259870614178,0.12762099093750345,0.5172172198637277,0.08185861478794053,0.40877759401027997,0.06328868821072704,low_ps,False,1,partial,2026-05-15 10:21:25.513251
77,94.33258762117822,UPBD,0.10827115086656984,TECHNOLOGY,1099324860.0,18.78,,13.05022507656877,0.21326998827262034,0.0766270308851198,0.41311051114642056,0.05390691889945756,0.27185303071847944,0.02692929963936771,low_ps,False,0,good,2026-05-15 10:24:04.889938
78,94.2580164056674,MET,0.1079629085974907,FINANCIAL SERVICES,51197056000.0,78.08,,14.146741088698535,0.353633615182873,0.0706876582903517,0.3642082006628111,0.06057573591526415,0.5456134218804614,0.00491517620071412,low_ps,False,0,good,2026-05-15 10:17:05.975370
79,94.1834451901566,DELL,0.10742540779927677,TECHNOLOGY,174593216488.13998,260.46,,29.41260385581873,0.04898242997075967,0.03399902997034956,0.2010604379150593,0.07224013105744333,1.744351053378452,0.05860632269020398,low_ps,False,0,good,2026-05-15 10:37:45.784379
80,94.10887397464579,CHH,0.10705886106404348,CONSUMER CYCLICAL,4918134100.0,106.58,,14.225937185435445,0.02323767483281922,0.07029413858398045,0.44521124232475,0.2699288504638182,0.01346166226743063,0.11740733671898189,low_ps,False,0,good,2026-05-15 10:35:16.414085
81,94.03430275913497,TMDX,0.10692892095128813,HEALTHCARE,2455402520.32,67.84,,14.281906658290874,0.06164284623291593,0.07001866234852362,0.5908867885955118,0.1485115350139175,0.14746000382433552,0.11982269552975286,low_pe,False,1,partial,2026-05-15 10:23:07.099981
82,93.95973154362416,PM,0.10617789306137393,CONSUMER DEFENSIVE,267226679517.87003,170.99,,24.083154246383383,0.03991367934984479,0.04152280011868346,0.6730291856457715,0.3683030872677319,0.9175966632848608,0.16101461262751585,low_ps,False,0,good,2026-05-15 10:19:57.089581
83,93.88516032811334,SON,0.10489062798836309,CONSUMER CYCLICAL,5140738240.0,51.56,,4.965347278095821,0.05170580325054636,0.2013957824080924,0.20923869955611613,0.08662140776201659,1.5584285992907456,0.09352495239619733,low_ps,False,0,good,2026-05-15 10:22:08.729420
84,93.81058911260254,WEN,0.10425763683596503,CONSUMER CYCLICAL,1390971200.0,7.3,,8.426298349235196,0.17442201535157595,0.1186760732357363,0.2716534723144154,0.15438485436340174,0.3222128613892639,0.033304341457716345,low_ps,False,0,good,2026-05-15 10:24:50.264891
85,93.73601789709171,PRG,0.1040730230413357,INDUSTRIALS,1483035400.0000002,36.34,,10.012120925710892,0.19251259949695063,0.09987893748186993,0.6590983579463264,0.08656508402161117,0.027890408544282437,0.07252050416350063,low_ps,False,0,good,2026-05-15 10:20:13.224800
86,93.66144668158091,KBR,0.10391251716139704,INDUSTRIALS,4132580000.0,32.54,,10.30568578553616,0.11881197702161846,0.09703381422743178,0.14497464568976726,0.0921856715641659,0.11098527746319366,0.06052830188679245,low_ps,False,0,good,2026-05-15 10:15:42.376666
87,93.5868754660701,DVA,0.10334569164316067,HEALTHCARE,13682018750.0,198.65,,17.509263631663543,0.10909925116130981,0.057112624553302856,0.3109710614056087,0.15010421328725918,0.24357234249525653,0.04465396315809174,low_ps,False,1,partial,2026-05-15 10:38:24.178305
88,93.51230425055928,BBY,0.10312579871077436,CONSUMER CYCLICAL,12598740000.0,59.4,,11.78553788587465,0.09985125496676651,0.08484975481675151,0.224724760739728,0.033316543138806935,0.30393096836049854,0.07286980231765508,low_ps,False,0,good,2026-05-15 10:32:46.677327
89,93.43773303504848,UHS,0.10299078132695028,HEALTHCARE,10488848214.880001,169.96,,6.896937144104608,0.08523509747540266,0.14499189699804413,0.7132353293085119,0.11497840885602606,0.2968179411572028,0.09698260496588833,low_ps,False,0,good,2026-05-15 10:23:55.667856
90,93.36316181953765,HSAI,0.10294134350255632,CONSUMER CYCLICAL,3515911725.6000004,21.6,,5.849834644182861,-0.05322703458035875,0.1709450028633563,0.41580814123305,0.03578467277055248,2.6758733439015807,0.0533372015308397,low_ps,False,1,partial,2026-05-15 10:43:50.757532
91,93.28859060402685,VIRT,0.10253887320258107,FINANCIAL SERVICES,4417469132.37,51.31,,8.017345414100825,0.23197038152255975,0.12472956425716798,0.59828269199522,0.4497742170354815,1.3541803341563776,0.021938415130880587,low_ps,False,0,good,2026-05-15 10:24:20.125996
92,93.21401938851604,GBX,0.10084447686916928,INDUSTRIALS,1607439450.0,50.55,,11.00232340862423,0.13978753600952123,0.09088989323983557,0.15983805107619906,0.08256626756176898,0.2084221748400853,0.03366592160748439,low_ps,False,0,good,2026-05-15 10:41:48.021557
93,93.13944817300522,GAP,0.10067130043941101,CONSUMER CYCLICAL,8974080000.0,23.37,,10.99764705882353,0.10875766652403365,0.090928540864356,0.4079135754262658,0.07256280098919693,0.38032393521295743,0.06459784673844206,low_ps,False,0,good,2026-05-15 10:41:42.817248
94,93.0648769574944,RGA,0.10018649324923458,FINANCIAL SERVICES,14053548600.0,210.6,,11.889635025380711,0.2911008540576008,0.08410687105746373,0.16770610850064074,0.06578385305425032,0.0,0.0075483747365732165,low_ps,False,0,good,2026-05-15 10:20:47.100591
95,92.99030574198359,COR,0.10010307685270904,HEALTHCARE,50935141520.0,261.08,,19.98493395593086,0.030590118207253783,0.05003769350477305,0.035480936964047506,0.012167131498696705,0.055725349314569406,0.031213857328837837,low_ps,False,0,good,2026-05-15 10:36:16.638347
96,92.91573452647278,RJF,0.09940894359496835,FINANCIAL SERVICES,30742536000.000004,154.33,,14.318833721471822,0.07305838399278446,0.06983809013023519,0.8916473034120093,0.16858260975908035,0.11371588523442967,0.027078498637877105,low_ps,False,0,good,2026-05-15 10:20:53.736630
97,92.84116331096197,TNL,0.09860211777150417,CONSUMER CYCLICAL,4259524566.44,65.78,,17.972677495527424,0.17302400502785817,0.05564001247164503,0.43220548283526794,0.15263027908125462,1.3577586206896552,0.03464912280701754,low_ps,False,0,good,2026-05-15 10:23:12.798521
98,92.76659209545114,MUSA,0.09745919546904533,CONSUMER CYCLICAL,10810791960.0,577.87,,19.524637818313167,0.05136533965824276,0.05121733930767455,0.05507701533192058,0.043490413103024206,0.016843582770418458,0.11378020713463752,low_ps,False,0,good,2026-05-15 10:17:54.926996
99,92.69202087994034,TRIP,0.09603560829796487,CONSUMER CYCLICAL,1205930000.0,10.45,,30.148249999999997,0.13516539102601313,0.03316942111067807,0.8529878371232152,0.04230565838180857,3.0964912280701755,0.015238095238095238,low_ps,False,0,good,2026-05-15 10:23:20.397133
100,92.61744966442953,EEFT,0.09597675883042349,TECHNOLOGY,3234327963.5299997,68.83,,10.480647969961113,0.1270124751206881,0.09541394796067273,0.36025803478861884,0.12136850593249626,1.4962099125364432,0.04873657612128869,low_ps,False,1,partial,2026-05-15 10:38:44.002175
101,92.54287844891871,AAL,0.095868504137483,INDUSTRIALS,8826766350.0,13.35,,43.69686311881188,0.12462094909762736,0.02288493792520066,0.2180412187020038,0.030306818587705824,2.443616253907189,0.003169224010794189,low_ps,False,0,good,2026-05-15 10:28:58.838760
102,92.46830723340791,ABG,0.09582290566210856,CONSUMER CYCLICAL,3807409999.9999995,200.39,,9.329143389199254,0.14676643702674524,0.10719097759369231,0.16860206194749383,0.05206083413124318,4.343310934636531,0.03610786707718441,low_ps,False,0,good,2026-05-15 10:29:11.650273
103,92.39373601789708,KMPR,0.09574362922532567,FINANCIAL SERVICES,1781094406.0,30.29,,45.43608178571428,0.3109885686766904,0.022008940047167833,0.3027663281349594,0.034143543109675774,0.06252285191956124,0.0031428640150087794,low_ps,False,0,good,2026-05-15 10:15:53.819225
104,92.31916480238628,MRX,0.09508795592738817,FINANCIAL SERVICES,4301930214.84,56.51,,9.477704813483145,0.15211776279925984,0.10551077710052573,0.6477179173108973,0.30013453545109536,12.884758672075503,0.01309008481590536,low_ps,True,0,good,2026-05-15 10:17:36.317927
105,92.24459358687547,YELP,0.0948848500135073,COMMUNICATION SERVICES,1607847920.0,27.08,,11.042911538461537,0.20090208531662623,0.09055582819051694,0.9026618565075377,0.12595677000317415,0.029492831327693713,0.15190750335427625,low_ps,False,1,partial,2026-05-15 10:25:25.828737
106,92.17002237136465,UFCS,0.09465908523596016,FINANCIAL SERVICES,1258474106.24,48.22,,9.640303242916126,0.2275469940780718,0.10373117678998517,0.43623956320637935,0.11508544056331509,0.042717247958696934,0.033390876320263684,low_ps,False,0,good,2026-05-15 10:23:51.917928
107,92.09545115585384,EAT,0.09456168432654163,CONSUMER CYCLICAL,6171260000.0,138.68,,13.331734715921366,0.08173371402274414,0.07500899330120592,0.4603819656405337,0.10424696956483823,0.17443012884043607,0.16697327129098583,low_ps,False,0,good,2026-05-15 10:38:35.830837
108,92.02087994034302,WHR,0.09447406922469347,CONSUMER CYCLICAL,2679616000.0,44.96,,8.426465408805033,-0.0037318780004299123,0.1186737204136712,0.15219631585727167,0.04663145691098802,1.5655806182121972,0.019873757890131866,low_ps,False,0,good,2026-05-15 10:24:55.140881
109,91.94630872483222,SKYW,0.09438755031933677,INDUSTRIALS,3588137640.0,88.23,,8.354706653472263,0.06418092701705835,0.11969301155348097,0.32751125172329154,0.14605047291679402,1.2042767019432272,0.05846109993849997,low_ps,False,0,good,2026-05-15 10:21:52.219606
110,91.8717375093214,DAL,0.09415255284371339,INDUSTRIALS,47811160000.0,73.33,,10.679285235648873,0.08196831032754696,0.09363922565359217,0.26188284390438493,0.08828132191843874,0.6392712969671877,0.05302554748848172,low_ps,False,0,good,2026-05-15 10:37:30.641178
111,91.79716629381059,DLX,0.09397302164207556,INDUSTRIALS,1230654000.0,26.58,,11.499934587997831,0.1655168715170958,0.08695701635065584,0.5289672768253822,0.12189090963596107,0.11797678974763359,0.041862848648437194,low_ps,False,0,good,2026-05-15 10:38:07.653054
112,91.72259507829978,MCK,0.0937295031324598,HEALTHCARE,90318243000.0,736.09,,20.810655069124422,0.10932453590798925,0.048052307660590786,0.03373722855175672,0.012963679584277738,0.3942486085343228,0.0515500653284238,low_ps,False,0,good,2026-05-15 10:16:58.187685
113,91.64802386278896,AES,0.09367831139963465,UTILITIES,3758258883.0,14.33,,3.572489432509506,-0.39353329455032116,0.27991685318927506,0.19308080403619765,0.16473132057339634,2.1776114324600204,0.01991707529487495,low_ps,False,0,good,2026-05-15 10:29:52.714717
114,91.57345264727816,GEF,0.09328204933988106,CONSUMER CYCLICAL,3876586499.9999995,68.07,,4.060953802639848,-0.04423995182359532,0.24624756857611718,0.2272929281706572,0.04066440753291484,1.1682443293445257,0.17056784476289175,low_ps,False,0,good,2026-05-15 10:41:55.683241
115,91.49888143176734,SAIC,0.09328104428683925,TECHNOLOGY,4264422000.0000005,93.93,,11.911793296089385,0.1338985681998639,0.08395041578905653,0.12007711374277058,0.07119250895070228,0.0893939393939394,0.06686589465819948,low_ps,False,0,good,2026-05-15 10:21:20.070873
116,91.42431021625652,LEA,0.09324223606360364,CONSUMER CYCLICAL,7200676421.36,139.69,,13.62732100938683,0.10171266658051978,0.07338199484045145,0.07227491673504441,0.04275273900677259,0.14504621874806128,0.03419268002277786,low_ps,False,0,good,2026-05-15 10:16:12.500777
117,91.34973900074571,CI,0.09280516367278202,HEALTHCARE,76110421611.12,288.06,,12.10407468370229,0.10064324750607934,0.08261680683005573,0.09300434619923438,0.0342371125118729,0.2563070991534658,0.04102671172993358,low_ps,False,0,good,2026-05-15 10:35:22.103703
118,91.2751677852349,SIG,0.09211908472856842,CONSUMER CYCLICAL,3588030000.0,87.3,,12.187601902173913,0.14634771727103732,0.0820505960095094,0.3959287306269813,0.07699307267817307,0.42687100133908645,0.049461534584432386,low_ps,False,0,good,2026-05-15 10:21:46.676898
119,91.20059656972408,TMHC,0.09205864696081748,CONSUMER CYCLICAL,5851800000.0,60.0,,8.706273730316484,0.12127037834512458,0.11485970128849243,0.22441288753252855,0.13151185931073475,0.08224141080507219,0.06878183266289732,low_ps,False,1,partial,2026-05-15 10:23:07.684081
120,91.12602535421327,APO,0.09184902760498999,FINANCIAL SERVICES,79254000000.0,133.2,,17.686677081008703,0.06808489161430338,0.05653973301032125,0.8846826627941516,0.34393874385293244,0.0,0.009721248988499812,low_ps,False,0,good,2026-05-15 10:31:22.825208
121,91.05145413870245,KR,0.09180911882767182,CONSUMER DEFENSIVE,41418840000.0,65.64,,40.76657480314961,0.08520277245813741,0.024529899919939813,0.21043470015307297,0.03228756045027838,0.445457734128376,0.02034400592699385,low_ps,False,0,good,2026-05-15 10:16:00.048040
122,90.97688292319165,KBH,0.09161135612150344,CONSUMER CYCLICAL,3155909600.0,49.52,,8.948974638174313,0.15754475349991012,0.11174464566412168,0.17937724016152806,0.07280381420220189,1.118279394990515,0.052612945831742586,low_ps,False,0,good,2026-05-15 10:15:41.526804
123,90.90231170768084,MMS,0.09146342041797591,INDUSTRIALS,3530029750.0,64.27,,9.494917034490735,0.06189239623263799,0.10531950899280665,0.23470912771158953,0.10783905232331041,0.21305301230805818,0.0883446997599981,low_ps,False,0,good,2026-05-15 10:17:19.403826
124,90.82774049217002,APAM,0.09128905816680496,FINANCIAL SERVICES,2707024000.0,38.02,,9.42606333896269,0.07198680174243005,0.10608882669677105,0.7289584241092042,0.33743504783210965,0.04172884117471507,0.19937864482088308,low_ps,False,0,good,2026-05-15 10:31:18.167438
125,90.75316927665921,ECPG,0.09125609264332717,FINANCIAL SERVICES,1872201600.0,83.88,,6.319006618716691,0.08872228289944843,0.15825272235639581,0.7478489692876564,0.3679820766344863,0.000629241499358997,0.05435789086664657,low_ps,False,1,partial,2026-05-15 10:38:40.723855
126,90.67859806114839,LVS,0.09099113900637344,CONSUMER CYCLICAL,35636810000.0,53.11,,19.34680238870793,0.06510122539026361,0.051688128090028256,0.26695778748180493,0.24636098981077148,0.7667087011349306,0.08698526633925198,low_ps,False,0,good,2026-05-15 10:16:40.579510
127,90.60402684563759,SLGN,0.0905850047717439,CONSUMER CYCLICAL,4263534000.0,40.26,,13.851952448561207,0.20218719963298054,0.07219198908698747,0.16645289803711727,0.0963257195375446,1.0777433671744654,0.03301685206440471,low_ps,False,0,good,2026-05-15 10:21:55.802571
128,90.52945563012678,GPK,0.09056150907871972,CONSUMER CYCLICAL,3153921000.0,10.63,,11.510660583941606,0.048511043872056396,0.08687598706498989,0.16965214376516816,0.07488732231595978,1.081268582755203,0.023438836612489307,low_ps,False,0,good,2026-05-15 10:42:34.569855
129,90.45488441461596,ABM,0.09044465452865198,INDUSTRIALS,2440140000.0,40.2,,15.483121827411168,0.13392674190825116,0.06458645815404034,0.11539805059439968,0.036678122711138655,0.20597297937899978,0.029797693325770466,low_ps,False,0,good,2026-05-15 10:29:13.505470
130,90.38031319910515,FNF,0.09026681906193335,FINANCIAL SERVICES,13606020000.0,50.58,,17.855669291338582,0.4442886310618388,0.05600462148372559,0.9619099074761936,0.09671101506044438,0.051628276409849086,0.006834142010242244,low_ps,False,0,good,2026-05-15 10:41:14.367990
131,90.30574198359433,HMN,0.09013205167889737,FINANCIAL SERVICES,1833812000.0,44.51,,11.31284392350401,0.3016666921145679,0.08839510266046902,0.5194086152348504,0.2949622779265028,0.0,0.010617950296726186,low_ps,False,0,good,2026-05-15 10:43:28.806924
132,90.23117076808353,GCT,0.08999641491761057,TECHNOLOGY,1477481682.6,40.18,,10.755333565792155,0.12371523935128616,0.09297712561705637,0.2330930299085896,0.11236943724964087,0.5902432136679727,0.11424256461135057,low_ps,False,1,partial,2026-05-15 10:41:48.937845
133,90.1565995525727,BFH,0.08997497908344564,FINANCIAL SERVICES,3773088000.0,87.34,,6.7256470588235295,0.5700900694603465,0.14868457878533445,0.6398727465535525,0.13997879109225875,19.354659248956885,0.02514792899408284,low_ps,True,0,good,2026-05-15 10:33:03.192025
134,90.0820283370619,SYY,0.08949076482439124,CONSUMER DEFENSIVE,34857301169.84,72.44,,20.079090535622118,0.05731941180026735,0.0498030524951272,0.18537221630547943,0.03588737180944631,0.6761061946902654,0.062037665725619126,low_ps,False,0,good,2026-05-15 10:22:41.903430
135,90.00745712155108,DINO,0.08935615119830975,ENERGY,13084696790.000002,72.43,,10.629323143785541,0.07122824586292917,0.0940793676580105,0.11020201288827745,0.0631380783433495,0.039251650770359504,0.06774158045344486,low_ps,False,0,good,2026-05-15 10:37:56.076751
136,89.93288590604027,MOS,0.08899822554696672,BASIC MATERIALS,6544032729.29,22.19,,5.353429915976767,-0.08169274545452981,0.18679613176883136,0.16506450038948478,0.09915169361672987,0.5706063720452209,0.049934436542334384,low_ps,False,0,good,2026-05-15 10:17:27.822397
137,89.85831469052945,SYF,0.08838997481924059,FINANCIAL SERVICES,25306440000.0,73.14,,7.029566666666667,0.3885967366409499,0.1422562794292678,0.6107958825006277,0.2285212151644489,1.09986373369671,0.029629385766372293,low_ps,False,0,good,2026-05-15 10:22:38.965124
138,89.78374347501864,CDW,0.0878552674105274,TECHNOLOGY,13570305000.0,104.79,,12.598927676167488,0.07930551303010507,0.07937183431028264,0.2157233418322797,0.07291921343997765,0.5319970382906706,0.06546367316177812,low_ps,False,0,good,2026-05-15 10:34:50.063589
139,89.70917225950782,TEN,0.08772742439603186,ENERGY,1305967211.3999999,43.8,,8.132661685234426,0.15421826692271579,0.12296097375052369,0.3534992969729144,0.3052602452268655,0.8518895400803614,0.040622238704443446,low_ps,False,0,good,2026-05-15 10:22:53.303364
140,89.63460104399702,MPC,0.08743360581983173,ENERGY,72236650000.0,244.87,,15.595131692573403,0.07893500044644927,0.06412257489792231,0.0879926335174954,0.05022467771639042,0.21151206910470655,0.05252474854570401,low_ps,False,0,good,2026-05-15 10:17:28.510077
141,89.56002982848621,CPB,0.08742028224869026,CONSUMER DEFENSIVE,6231160000.0,20.84,,11.329381818181817,0.10672170189820195,0.0882660692391144,0.29311547275082195,0.1207532131114875,0.5867032213845099,0.035835287985405265,low_ps,False,0,good,2026-05-15 10:36:22.884239
142,89.48545861297539,THG,0.08683259908529115,FINANCIAL SERVICES,6865781999.999999,189.14,,9.52126196089308,0.18185838117202094,0.10502809439623921,0.34522028013887224,0.13779480426194182,0.05255428511486416,0.043629785148568766,low_ps,False,0,good,2026-05-15 10:23:01.345649
143,89.41088739746458,GIII,0.08576212970979404,CONSUMER CYCLICAL,1340344530.0,31.77,,19.90029441895684,0.1969068355880111,0.05025051282896644,0.3838378065425504,0.05294229445129069,0.3581024643390258,0.0257976421201002,low_ps,False,0,good,2026-05-15 10:42:09.896764
144,89.33631618195376,AXS,0.0857295317031387,FINANCIAL SERVICES,7469456670.0,99.39,,6.98343736326613,0.018247645849185975,0.1431959575180185,0.40537819696561556,0.19571660263042906,0.0,0.030029018989045825,low_ps,False,0,good,2026-05-15 10:32:20.855865
145,89.26174496644296,CENTA,0.08567708355856891,CONSUMER DEFENSIVE,2120722880.0000002,34.24,,12.368399479771147,0.13317015752666372,0.08085120484954639,0.3221149832923124,0.08195588715164914,0.19195447190760476,0.04722844189909773,low_ps,False,1,partial,2026-05-15 10:34:56.347047
146,89.18717375093213,PBI,0.08555204157364202,INDUSTRIALS,2473283800.0,15.7,,14.773546857173576,0.1579721663967556,0.06768855236103516,0.5474299027721086,0.1966554798995216,1.0169404743125932,0.053192442557258454,low_ps,False,0,good,2026-05-15 10:19:28.750723
147,89.11260253542133,NRG,0.08528596018902157,UTILITIES,28726880000.000004,138.11,,120.19615062761508,-0.01246219568571317,0.008319733991300133,0.2072202834995831,0.03224112905716315,1.3300857365549494,1.3579545454545452,low_ps,False,0,good,2026-05-15 10:18:23.240214
148,89.03803131991052,CRI,0.08509634898091332,CONSUMER CYCLICAL,1254072796.75,35.33,,13.842932641042907,0.10133143811852643,0.07223902809691499,0.4466261632911405,0.049589231223512255,0.7043193579047418,0.03646833631556807,low_ps,False,0,good,2026-05-15 10:36:34.989786
149,88.9634601043997,CCEP,0.08501116400362765,CONSUMER DEFENSIVE,42469401030.0,94.57,,12.639702687499998,0.10410409753311277,0.07911578497720104,0.3560560245772757,0.1191368925227993,0.11597899474868717,0.11247991430101767,low_ps,False,0,good,2026-05-15 10:34:35.563020
150,88.88888888888889,PGR,0.08491140404707566,FINANCIAL SERVICES,113858600000.0,194.0,,9.850211956051563,0.14421396363559713,0.10152065807940726,0.28443947441990497,0.16273972602739725,0.0,0.09458386861851419,low_ps,False,0,good,2026-05-15 10:19:45.024362
151,88.81431767337807,SM,0.08478031648685366,ENERGY,3385600000.0,29.44,,5.224691358024692,-0.07132561436672967,0.19139886578449905,0.3186429930247305,0.26062143310082436,0.2163833714285124,0.03384872544922691,low_ps,False,0,good,2026-05-15 10:21:57.625702
152,88.73974645786727,VTOL,0.08477618798892843,ENERGY,1273426320.0,42.36,,11.090535006662543,0.046524874717525866,0.09016697565980888,0.42977862701782643,0.10449882807926017,0.5140919686374232,0.04773698241039312,low_ps,False,0,good,2026-05-15 10:24:34.965117
153,88.66517524235645,BHF,0.08471322025538143,FINANCIAL SERVICES,3543794371.26,61.38,,8.010611030669745,-0.02878270839505109,-0.018341922016454126,0.7894642537179717,0.08493101594696291,0.0023121387283236996,-0.00027448976575465683,low_ps,False,1,partial,2026-05-15 10:33:11.132534
154,88.59060402684564,AMTM,0.08454148862476392,INDUSTRIALS,5985320000.0,24.53,,61.07469387755102,0.045444520927870186,0.016373393569600287,0.1039819895877304,0.03419164204305614,0.08453608247422681,0.008751562779067691,low_ps,False,1,partial,2026-05-15 10:30:58.945868
155,88.51603281133482,FISV,0.08448092760886881,TECHNOLOGY,29703992000.0,55.48,,9.2824975,0.1461419731058371,0.10772962772141872,0.6077287814129919,0.2436225699383594,0.17251271352197156,0.03972786413070467,low_ps,False,1,partial,2026-05-15 10:40:52.615167
156,88.44146159582401,FLO,0.08446651107327627,CONSUMER DEFENSIVE,1784384800.0,8.44,,21.28702415747092,0.18449495871069962,0.0469769749215528,0.48139334333876344,0.059764911074504434,2.469038538456772,0.020035321441128184,low_ps,False,0,good,2026-05-15 10:41:02.974618
157,88.36689038031321,EXTR,0.08441167376516301,TECHNOLOGY,3211527640.0,24.04,,197.34101265822784,0.030513204613116768,0.005067370368327267,0.6128635746102183,0.032148154182710394,1.7092924260578923,0.013908688443327693,low_pe,False,1,partial,2026-05-15 10:40:03.628100
158,88.2923191648024,INGR,0.08439385904403603,CONSUMER DEFENSIVE,6915916000.0,107.39,,10.140639296187684,0.06116326456249613,0.09861311213149494,0.2532206676825045,0.14364870480675995,0.06731549067315491,0.0860242179616549,low_ps,False,0,good,2026-05-15 10:15:06.985274
159,88.21774794929156,NSIT,0.08359899655596224,TECHNOLOGY,2585424240.0,83.79,,13.139655121591748,0.010245127120800878,0.07610549826050984,0.21824576392823603,0.05236581047044203,0.9596075245776859,0.021652574583719032,low_ps,False,1,partial,2026-05-15 10:18:25.108343
160,88.14317673378076,SOLV,0.0834271305408804,HEALTHCARE,12878190000.0,73.38,,8.993149441340782,-0.015763084719203554,0.11119575033448025,0.5366739288307916,0.2553861050593077,0.18317011244105913,0.1015818968574874,low_ps,False,1,partial,2026-05-15 10:22:07.760538
161,88.06860551826995,WWW,0.08338352133401684,CONSUMER CYCLICAL,1364390000.0,16.7,,14.242066805845509,0.09198249767295275,0.07021452810413446,0.4730832844261858,0.0801365843248146,1.0266370756195176,0.056046334756918045,low_ps,False,0,good,2026-05-15 10:25:17.693780
162,87.99403430275913,HCA,0.0832366289213414,HEALTHCARE,98636683880.0,435.19,,14.51820486900206,0.08036563769361789,0.06887903904256842,0.3492302455883123,0.15673927842069435,1.089516026050313,0.11056143205858421,low_ps,False,0,good,2026-05-15 10:43:06.083434
163,87.91946308724832,GPI,0.08317042949854844,CONSUMER CYCLICAL,4293960000.0,357.83,,13.167617295308187,0.06476539138697147,0.07594388396724702,0.15506469928626096,0.04257515618603492,4.730202834120589,0.03240777548099857,low_ps,False,0,good,2026-05-15 10:42:33.183943
164,87.8448918717375,KMX,0.08295867940793374,CONSUMER CYCLICAL,5954708420.000001,40.34,,24.079859355412676,0.2087185320150403,0.04152848175897754,0.1084416673676278,0.007915264599526196,1.9828175966754145,0.009378447728664658,low_ps,False,1,partial,2026-05-15 10:15:55.565896
165,87.7703206562267,LDOS,0.08295265767231275,TECHNOLOGY,16654080000.000002,130.11,,11.71997185080929,0.11162429867035584,0.0853244370148336,0.17526227710773848,0.12032915921288015,0.27327070879590093,0.09235068564372523,low_ps,False,0,good,2026-05-15 10:16:11.745707
166,87.69574944071589,MHO,0.08277789986505137,CONSUMER CYCLICAL,3502730940.0,131.87,,9.742364992657203,0.05689018180768403,0.10264448116588709,0.22227881702596852,0.1041680086282879,0.0,0.07508500776670887,low_ps,False,0,good,2026-05-15 10:17:10.478035
167,87.62117822520507,SIGI,0.08263151142170752,FINANCIAL SERVICES,5129190000.0,84.78,,11.293223216192592,0.2210516670273474,0.08854867922615461,0.4060470808890116,0.09901892759600893,0.015634427281275128,0.0296426678250931,low_ps,False,0,good,2026-05-15 10:21:47.606541
168,87.54660700969426,G,0.08227071652185526,TECHNOLOGY,5627839028.240001,32.56,,10.186244607615649,0.13000833825000405,0.09817160676196206,0.36044401845004576,0.14814112698353643,0.9455977335003614,0.09455224277788436,low_ps,False,0,good,2026-05-15 10:41:41.391064
169,87.47203579418344,MO,0.08211704679728764,CONSUMER DEFENSIVE,113964760000.0,68.12,,14.151839066186517,0.07566374026497313,0.07066219417300575,0.6783864313545725,0.5073114829245932,0.0926812585499316,0.232853342586167,low_ps,False,0,good,2026-05-15 10:17:23.057373
170,87.39746457867264,ACM,0.08181415920527639,INDUSTRIALS,10729672010.0,80.59,,22.865479550433456,0.05740660100569095,0.0437340488658609,0.0770415880770384,0.06449958586900827,0.20615262190616335,0.039300719026307794,low_ps,False,0,good,2026-05-15 10:29:28.305007
171,87.32289336316181,TRV,0.08121415475465757,FINANCIAL SERVICES,65091936000.00001,298.04,,8.560223040504997,0.13456351951184858,0.11681938604499334,0.44017408360917004,0.193024396224102,0.05674295441649328,0.05343302250736074,low_ps,False,0,good,2026-05-15 10:23:27.485599
172,87.24832214765101,POST,0.0811919900281016,CONSUMER DEFENSIVE,5520905000.0,102.05,,17.29606829573935,0.0789725597524319,0.05781660796554188,0.2625508494855229,0.10440296721703757,0.0017556693489392831,0.024583535500566068,low_ps,False,0,good,2026-05-15 10:20:04.471344
173,87.1737509321402,PRKS,0.08113632394161703,CONSUMER CYCLICAL,2103094060.0,39.22,,12.492168598124179,0.077312756995757,0.08005015239308888,0.9232730988794984,0.21980332728041532,0.06740901166212901,0.06434838247064337,low_ps,False,0,good,2026-05-15 10:20:18.185412
174,87.09917971662938,T,0.08112212819231703,COMMUNICATION SERVICES,176799320000.0,25.16,,8.274410071605747,0.09813386160082517,0.12085453722333321,0.4281977111785534,0.19353028578654527,0.12726797580825805,0.05073031520366202,low_ps,False,0,good,2026-05-15 10:22:42.784054
175,87.02460850111858,AIZ,0.08108415475268838,FINANCIAL SERVICES,12030846089.49,239.67,,12.028440401409716,0.13285848627025015,0.08313629752721736,0.7783350050150452,0.09416887024710495,0.0,0.029816486412363025,low_ps,False,0,good,2026-05-15 10:30:15.757760
176,86.95003728560775,APA,0.0810260126581657,ENERGY,12588240000.0,35.56,,8.778410041841004,0.14132237707574688,0.11391584526510456,0.38094170403587446,0.30896860986547087,0.09575247162211645,0.07548162964522581,low_ps,False,0,good,2026-05-15 10:31:17.196656
177,86.87546607009693,SEM,0.08096095401521905,HEALTHCARE,2026733460.0,16.41,,15.177772236076475,0.05784776455015451,0.06588582200641223,0.10649931698814048,0.05829291591183985,0.5301586487030597,0.022100490840658762,low_ps,False,0,good,2026-05-15 10:21:37.250188
178,86.80089485458613,ENVA,0.08054720247397003,FINANCIAL SERVICES,4608440100.0,174.9,,14.112812401429522,0.4030650197666668,0.07085759886517783,0.6401689719844913,0.23688626360531675,0.40358883611188723,0.047481617291560245,low_ps,False,1,partial,2026-05-15 10:39:15.971142
179,86.72632363907532,HIG,0.08053334634660157,FINANCIAL SERVICES,37308852000.0,132.02,,9.184847858197934,0.1559951509631012,0.10887496618764897,0.47018117327954934,0.17505303056647079,0.0,0.047056370334329606,low_ps,False,0,good,2026-05-15 10:43:16.406198
180,86.65175242356452,GIS,0.08050897992031947,CONSUMER DEFENSIVE,18813900000.0,34.68,,8.496545183579462,0.08770642982050506,0.11769489579513019,0.3297226093015154,0.19067888869534924,1.951533038202984,0.06833605426641279,low_ps,False,0,good,2026-05-15 10:42:12.475565
181,86.57718120805369,LKQ,0.08027632416576894,CONSUMER CYCLICAL,7392951000.0,28.89,,14.299711798839459,0.10929329844063622,0.06993147932402094,0.37681367619594885,0.07304984915960351,0.9599417334304443,0.03415020807186736,low_ps,False,0,good,2026-05-15 10:16:23.133013
182,86.50260999254287,TOL,0.0800859245459565,CONSUMER CYCLICAL,13306936559.999998,137.89,,9.644692501935179,0.10917028073665064,0.10368396916743099,0.25321350273197385,0.15289305220133012,0.07006184079436506,0.0956009123590168,low_ps,False,0,good,2026-05-15 10:23:13.697599
183,86.42803877703207,ELV,0.08002208410072635,HEALTHCARE,83326628000.0,378.07,,15.892929238985314,0.07740622841476318,0.06292106288040361,0.23164932764513635,0.038080981962427964,0.20163732196927217,0.04166832237913961,low_ps,False,0,good,2026-05-15 10:39:04.645262
184,86.35346756152124,LULU,0.07994043957067239,CONSUMER CYCLICAL,15619340240.0,131.18,,9.890772785674619,0.05900857435960432,0.10110433448115987,0.566005440167168,0.19831462900581845,0.10984099155612362,0.18673654857431518,low_ps,False,1,partial,2026-05-15 10:16:37.958928
185,86.27889634601044,LCII,0.07975858616673695,CONSUMER CYCLICAL,2885543700.0,118.82,,11.728803521636275,0.06983952452357593,0.0852601885738206,0.24740419181545523,0.0817527257575621,0.008897842285381423,0.07648044824726219,low_ps,False,0,good,2026-05-15 10:16:10.871587
186,86.20432513049963,CENT,0.07975419791359507,CONSUMER DEFENSIVE,2362277180.0,38.14,,13.77718329902078,0.11955286297097446,0.07258377698081983,0.3221149832923124,0.08195588715164914,0.19195447190760476,0.04722844189909773,high_div_yield,False,0,good,2026-05-15 10:34:55.268058
187,86.12975391498881,EG,0.07969174279450851,FINANCIAL SERVICES,14160552939.519999,351.52,,6.961923765742379,-0.010239713139684435,0.14363845880081477,0.28479706088173545,0.14234896197807326,0.011119936457505957,0.032626479740784704,low_ps,False,0,good,2026-05-15 10:38:49.209997
188,86.05518269947801,OII,0.07960156909450038,ENERGY,3676399020.0,36.54,,10.829150168929369,0.06531744750601093,0.09234334960735573,0.2001029955796838,0.10309122317778836,0.31634617746015375,0.12843963460887298,low_ps,False,0,good,2026-05-15 10:18:56.689312
189,85.98061148396718,LAD,0.07952008938453639,CONSUMER CYCLICAL,6879366000.0,293.99,,9.68242927515834,-0.034974153141437744,0.10327986619697221,0.1522556191687871,0.03748939779474131,6.118621603711067,0.027592554476362833,low_ps,False,0,good,2026-05-15 10:16:08.378232
190,85.90604026845638,TGT,0.07950738884786754,CONSUMER DEFENSIVE,57001275000.0,125.25,,15.38495951417004,0.051402358982321004,0.06499854608515336,0.2793376598587517,0.048835655659477,0.5549299149394992,0.062279374684820976,low_ps,False,0,good,2026-05-15 10:22:58.718200
191,85.83146905294556,PZZA,0.0793356452891829,CONSUMER CYCLICAL,1029052440.0,31.14,,33.705166552029084,0.059574223447738,0.029669041939203798,0.23559456336716966,0.039938007837149334,0.1801897602031143,0.0329377267563605,low_ps,False,0,good,2026-05-15 10:20:29.710651
192,85.75689783743475,MAT,0.07901058099041618,CONSUMER CYCLICAL,4632390000.0,15.39,,9.284853854032418,0.07223657766293425,0.1077022875880485,0.4791972941212749,0.09923759697223346,1.5395118421954002,0.07882314838220425,low_ps,False,0,good,2026-05-15 10:16:53.853147
193,85.68232662192395,ALV,0.07864979375453271,CONSUMER CYCLICAL,9133662000.0,121.62,,12.86431267605634,0.06328239429048284,0.07773442897273843,0.19299363057324842,0.09872611464968153,0.602909090909091,0.08384506376948513,low_ps,False,0,good,2026-05-15 10:30:36.185930
194,85.60775540641312,GNW,0.07840796298434535,FINANCIAL SERVICES,3594481000.0000005,9.13,,14.435666666666668,0.10683044367184023,0.0692728658184589,0.22503639010189228,0.05633187772925764,0.0,0.0028695561983566316,low_ps,False,0,good,2026-05-15 10:42:26.627290
195,85.53318419090232,VLO,0.0783855860581401,ENERGY,71835880000.0,241.06,,17.079381835473132,0.07557504689856935,0.05855012843164168,0.07240346205059921,0.046065563375816375,0.22529644268774704,0.06768369218885778,low_ps,False,0,good,2026-05-15 10:24:21.429632
196,85.4586129753915,OPCH,0.07830292675270446,HEALTHCARE,3244866590.0000005,20.51,,15.737569912603185,0.061166767414003294,0.06354221176162438,0.1800109082067144,0.05926594098215327,0.016705926415075744,0.060999970415076474,low_ps,False,1,partial,2026-05-15 10:19:04.122600
197,85.38404175988067,CCK,0.07810735960611212,CONSUMER CYCLICAL,11387224591.38,101.19,,15.837586357969402,0.08571008608531538,0.0631409343189977,0.17955562534348748,0.12844468870220618,0.5658914728682171,0.05026214610276127,low_ps,False,0,good,2026-05-15 10:34:39.249192
198,85.30947054436987,EIX,0.07802478695721814,UTILITIES,26683650000.0,68.95,,7.209848689543367,-0.024097153125603128,0.13869916596867368,0.37742873170482943,0.2131674231220358,1.1613077546609025,0.03917438475787245,low_ps,False,0,good,2026-05-15 10:38:59.700199
199,85.23489932885906,THO,0.07790754081624156,CONSUMER CYCLICAL,4079574324.4,77.2,,13.579840900890106,0.05583057958712355,0.07363856523049941,0.13483375111525678,0.03307804024054816,0.14883863490191876,0.04281324036091419,low_ps,False,0,good,2026-05-15 10:23:02.287925
200,85.16032811334824,AN,0.07760528875598985,CONSUMER CYCLICAL,7147159000.0,205.97,,10.526007363770251,-0.01455123637238237,0.09500278362353488,0.17514212656993935,0.04448752596105932,5.504358007024847,0.04643274773819863,low_ps,False,1,partial,2026-05-15 10:31:04.216849
201,85.08575689783744,DG,0.07740178158413806,CONSUMER DEFENSIVE,25072323190.0,113.29,,16.578814271667667,0.12299490464569111,0.06031794455342612,0.30660930299520633,0.05157871377807827,0.48039930018160076,0.04884137020959684,low_ps,False,0,good,2026-05-15 10:37:47.245876
202,85.01118568232661,MHK,0.07706682968360275,CONSUMER CYCLICAL,6406311000.0,103.83,,15.459244691119691,0.11073455534706324,0.06468621332932478,0.24337926138949054,0.048907009337289094,0.7439703153988868,0.03004836452494725,low_ps,False,1,partial,2026-05-15 10:17:09.479616
203,84.93661446681581,MLKN,0.07702370166645167,CONSUMER CYCLICAL,1127711804.16,16.32,,104.41775964444446,0.07360036464442642,0.009576914917588017,0.3869396994183139,0.05643144763509068,0.39156065898715686,0.002733070148800486,low_ps,False,0,good,2026-05-15 10:17:16.083082
204,84.862043251305,PYPL,0.07627649499448154,FINANCIAL SERVICES,41740400000.0,45.37,,8.250721486459774,0.1320303590765781,0.12120152178704566,0.46122606272603306,0.17854390229442105,0.36479663394109396,0.06280882973704467,low_ps,False,0,good,2026-05-15 10:20:28.703543
205,84.78747203579418,PBR,0.07615425237342054,ENERGY,131013970944.99998,20.33,,7.490821345866713,0.11299091152816444,0.13349670934974042,0.4686834873486816,0.2494234771584563,0.35270155438556405,0.07833227739621614,low_ps,False,0,good,2026-05-15 10:19:29.636897
206,84.71290082028338,SLM,0.07593880491151664,FINANCIAL SERVICES,4446251250.0,22.47,,5.942112778829847,0.1452023207190552,0.16829030973002257,0.5404478098219871,0.3211983089172553,0.9931993509919272,0.025442754372204633,low_ps,False,0,good,2026-05-15 10:21:56.711060
207,84.63832960477255,CTSH,0.07578934377628867,TECHNOLOGY,24651360000.0,51.68,,11.059380888290713,0.10019731162905414,0.09042097474540958,0.3206110436326264,0.1566383257030739,0.05144855144855145,0.10873170731707317,low_ps,False,0,good,2026-05-15 10:37:00.867775
208,84.56375838926175,LZB,0.07573604061092813,CONSUMER CYCLICAL,1482259049.9999998,35.73,,17.72125641117607,0.10673775275651042,0.05642940753169967,0.4348072178596143,0.05523964256701868,0.3525046677627781,0.04007881308868436,low_ps,False,0,good,2026-05-15 10:16:44.099941
209,84.48918717375093,SFM,0.0756606179407706,CONSUMER DEFENSIVE,7917305550.0,82.83,,15.604660818183252,0.04555021878623846,0.06408341787440551,0.3697540438134952,0.07643223849414231,0.1887063199340462,0.11883896796111093,low_ps,False,1,partial,2026-05-15 10:21:40.358779
210,84.41461595824012,ORI,0.07548913115648236,FINANCIAL SERVICES,9790524098.939999,39.26,,9.588212808676918,0.12385445229957462,0.10429472310992548,0.5113406021294301,0.13752747135511129,0.03896878026972655,0.04715678441623216,low_ps,False,0,good,2026-05-15 10:19:08.440493
211,84.3400447427293,GM,0.07527533708506605,CONSUMER CYCLICAL,72452187200.0,78.8,,28.524483149606297,0.17223772645472324,0.03505760278828408,0.060951235761524836,0.013443612117666813,4.875604513702311,0.009039982347121086,low_ps,False,0,good,2026-05-15 10:42:19.107095
212,84.26547352721849,PBF,0.07501617583155687,ENERGY,4908855034.02,40.71,,11.116066653125,-0.13931965708099858,0.0899598780040488,0.011027437637138633,0.02820001193230406,0.2123342707914825,0.030002853532265297,low_ps,False,0,good,2026-05-15 10:19:26.943004
213,84.19090231170769,SNX,0.074973087714688,TECHNOLOGY,19168154460.0,239.07,,19.41987487817085,0.06520872954192586,0.05149363764048049,0.06801540989158993,0.025612543125452764,1.1803047930790167,0.028133801717920043,low_ps,False,0,good,2026-05-15 10:22:05.603981
214,84.11633109619687,FDP,0.074469462065055,CONSUMER DEFENSIVE,1749621226.5900002,36.81,,36.67969028490567,0.12677029555264752,0.027263043723450345,0.08826818247408755,0.03622513163029985,0.032618825722273995,0.01401951563602163,low_ps,False,0,good,2026-05-15 10:40:26.847407
215,84.04175988068604,UVV,0.07426779148892751,CONSUMER DEFENSIVE,1352642641.2,53.7,,15.866217507888285,0.03895189933777167,0.06302699427275751,0.1817183272162242,0.077981635620878,3.3005886772221773,0.028252727245010295,low_ps,False,0,good,2026-05-15 10:24:12.003977
216,83.96718866517524,VC,0.07406472358553647,CONSUMER CYCLICAL,3167495000.0,114.35,,18.96703592814371,0.06282567139016794,0.05272305086511581,0.13384371700105596,0.07866948257655755,0.14285714285714285,0.04878761320479112,low_ps,False,0,good,2026-05-15 10:24:14.237648
217,83.89261744966443,UPS,0.0739276545487741,INDUSTRIALS,85663000000.0,100.78,,16.319870451514575,0.052718209728821075,0.0612749962060633,0.1814569536423841,0.0863191260542254,0.12975159954836282,0.0730966870447994,low_ps,False,0,good,2026-05-15 10:24:05.773977
218,83.81804623415363,CNMD,0.07378576139049864,HEALTHCARE,1125627960.0,36.76,,20.523054314730064,0.10990132121451568,0.04872569085792788,0.5358451816400257,0.11180006078110276,0.006727507557801212,0.023692602233662874,low_ps,False,0,good,2026-05-15 10:35:51.206739
219,83.74347501864281,CNO,0.07370633285493487,FINANCIAL SERVICES,4329469560.0,46.02,,17.635313890020367,0.15606992742085476,0.05670440607047483,0.4227658488827064,0.06957831994273711,0.0,0.006310307778514623,low_ps,False,0,good,2026-05-15 10:35:52.578611
220,83.66890380313198,PSX,0.0736502709434742,ENERGY,69185515880.0,171.56,,16.780382216832404,0.0017200131918709918,0.05959339823600084,0.07044266038152758,0.04668188848788392,1.4696007654170653,0.04903429903429903,low_ps,False,0,good,2026-05-15 10:20:23.963487
221,83.59433258762118,R,0.0736439949792623,INDUSTRIALS,9469944000.0,239.14,,19.1312,0.05047548327635307,0.052270636447269384,0.19800963588974016,0.08380064765816286,1.1195684746778543,0.030502834606852353,low_ps,False,0,good,2026-05-15 10:20:35.269881
222,83.51976137211037,AGCO,0.07353959073895541,INDUSTRIALS,8530618000.0,117.34,,11.064355382619974,0.06395785158824367,0.09038032180083552,0.24910356261566935,0.06856300123380629,0.5644178012599065,0.06403175842337366,low_ps,False,0,good,2026-05-15 10:29:59.927342
223,83.44519015659955,WLY,0.07345762417056426,COMMUNICATION SERVICES,2179473230.0,41.39,,14.119142734981828,0.08737661806472383,0.07082582978089619,0.7097361961648334,0.16264452484073993,0.09258896350644075,0.060266783481069196,low_ps,False,0,good,2026-05-15 10:24:58.717277
224,83.37061894108874,PAG,0.07317624968081851,CONSUMER CYCLICAL,11436698000.0,173.81,,12.355983146067416,0.04063235734649984,0.08093245095743544,0.16363556985867356,0.039111127742643664,5.74531741043369,0.05052898210522868,low_ps,False,0,good,2026-05-15 10:19:20.500238
225,83.29604772557792,EXE,0.07302439207417655,ENERGY,23098418460.0,95.94,,7.157861313913852,0.12399117303029412,0.13970653469579578,0.5338393870601589,0.2895856980703746,0.253697703901958,0.10931201517563768,low_ps,False,0,good,2026-05-15 10:39:51.868610
226,83.22147651006712,CCS,0.07293203094953217,REAL ESTATE,1607254840.03,55.01,,12.119066520109785,0.05886869875484957,0.08251460608295606,0.1746272241689516,0.04939680944204976,2.1164292705223047,0.029407610340625997,low_ps,False,0,good,2026-05-15 10:34:43.716225
227,83.1469052945563,ROCK,0.07255310539963997,INDUSTRIALS,1215974760.0,40.81,,12.464376973225637,0.09940255667806788,0.08022863895628886,0.26877211028435904,0.10810294310617076,0.07383158937288169,0.0700027195693465,low_ps,False,0,good,2026-05-15 10:21:00.762030
228,83.07233407904549,EPAM,0.07255112969742848,TECHNOLOGY,5376579090.0,99.23,,14.235881067999726,0.11395554491880448,0.0702450375374279,0.28260805826438284,0.09732262230770584,0.056439282943411925,0.07704355815505731,low_ps,False,1,partial,2026-05-15 10:39:19.936542
229,82.99776286353467,MD,0.07249859133602214,HEALTHCARE,1953093250.0000002,23.51,,11.210306618529126,0.12168645813506343,0.08920362609414578,0.258009842179319,0.1160892608840153,1.6264702626691647,0.08415370756341488,low_ps,False,1,partial,2026-05-15 10:17:01.812737
230,82.92319164802386,APTV,0.07247664291725807,CONSUMER CYCLICAL,12387572000.0,57.94,,33.938553424657535,0.08807214198230291,0.02946501542029382,0.19134517643641996,0.052325862820078416,0.05309734513274336,0.02520196091969896,low_ps,False,0,good,2026-05-15 10:31:26.382225
231,82.84862043251306,GRBK,0.0717672372248941,CONSUMER CYCLICAL,2876765520.0,66.09,,9.617686752788254,0.07245846022236807,0.10397510604201067,0.29928672033807246,0.21405099188705765,0.11580923364272189,0.11790522629129818,low_ps,False,1,partial,2026-05-15 10:42:37.179521
232,82.77404921700224,CAKE,0.07161373916178093,CONSUMER CYCLICAL,2987250750.0,61.65,,18.100820134032986,0.05729616102699112,0.055246115512733576,0.622642332918446,0.050052294737240634,1.018280387425209,0.05005063170597157,low_ps,False,0,good,2026-05-15 10:34:08.540917
233,82.69947800149143,HOG,0.07160573497190026,CONSUMER CYCLICAL,2815722560.0,25.42,,12.22064676854436,0.015580015099214887,0.08182872960324614,0.23043060148078406,0.05873790715017293,2.5462442213878886,0.031799307199163754,low_ps,False,0,good,2026-05-15 10:43:33.940165
234,82.62490678598061,RHP,0.07153027392729563,REAL ESTATE,7291546350.0,110.55,,29.057047130976052,0.04148406736795961,0.034415059296715574,0.20596243227634004,0.19164255846905065,0.0003677753952027128,0.04051467108701454,low_ps,False,0,good,2026-05-15 10:20:51.330113
235,82.5503355704698,ADMA,0.07150607162366009,HEALTHCARE,1999005779.5,8.17,,12.089249606903975,0.013917418491385607,0.08271812002532532,0.6127496744229833,0.4213574600285566,0.030730126221181934,0.2648876557488923,low_evebitda,False,1,partial,2026-05-15 10:29:39.441376
236,82.47576435495898,OSW,0.07120220822774213,CONSUMER CYCLICAL,2539284560.0,24.82,,32.69030163368822,0.02551309176628869,0.030590112358262044,0.13652045193032977,0.09437291330047866,0.017479861503674393,0.1094224110485968,low_ps,False,0,good,2026-05-15 10:19:12.708428
237,82.40119313944817,ACGL,0.07116670717386704,FINANCIAL SERVICES,33739860000.0,93.8,,6.925258620689656,0.17365217283059264,0.14439893941468637,0.4283175956949944,0.27647476901208246,0.0,0.07109191460798762,low_ps,False,0,good,2026-05-15 10:29:21.494126
238,82.32662192393735,TTE,0.07049908787194355,ENERGY,191816676800.0,88.48,,12.728702846263445,0.05755082097220444,0.07856260076756788,0.3085654024494322,0.12871749990487114,0.5848530658161322,0.04777522511112151,low_ps,False,0,good,2026-05-15 10:23:35.219096
239,82.25205070842655,DECK,0.07032907554182985,CONSUMER CYCLICAL,14782024840.0,100.42,,14.214701873525716,0.06285593550660006,0.0703496991282285,0.5754464382895663,0.23817093657384486,0.05621749156236018,0.2535038942993308,low_ps,False,1,partial,2026-05-15 10:37:43.124122
240,82.17747949291574,GFF,0.0702799477127102,INDUSTRIALS,4021633800.0,88.02,,90.078255610805,0.06903338638142538,0.011101458317761305,0.4180698663548635,0.08181718909598237,0.18319704324721536,0.021727640911387083,low_ps,False,0,good,2026-05-15 10:42:02.043621
241,82.10290827740492,DLTR,0.07027648496328096,CONSUMER DEFENSIVE,18829152000.0,94.24,,14.681599999999998,0.07442183269857294,0.0681124673060157,0.364046610824344,0.0823313654581234,0.4610066371681416,0.09523844885713861,low_ps,False,1,partial,2026-05-15 10:38:06.004938
242,82.0283370618941,CNH,0.07022077864937346,INDUSTRIALS,13634240000.000002,10.96,,35.321865284974095,0.10767010115708685,0.02831107564484709,0.3138230254794672,0.14646548388879677,3.067981790591806,0.009182168514201438,low_ps,False,0,good,2026-05-15 10:35:48.228271
243,81.95376584638329,ZD,0.07020534206197951,COMMUNICATION SERVICES,1542236733.8000002,41.02,,32.56824626853064,0.18665746554402293,0.030704754310527885,0.7780713141886957,0.13166141608579532,0.8938923349903949,0.012926575066347173,high_div_yield,False,0,good,2026-05-15 10:25:29.402261
244,81.87919463087249,SAH,0.06997111323518986,CONSUMER CYCLICAL,2760800000.0,81.2,,25.35169880624426,0.09537090698348305,0.03944508838017966,0.14831345287937436,0.03476446270110856,8.635503203854554,0.01780109846998823,low_ps,False,0,good,2026-05-15 10:21:18.520861
245,81.80462341536168,TSCO,0.06993127072657475,CONSUMER CYCLICAL,16187368369.349998,30.65,,14.971087295304844,0.036125513836285275,0.06679541574202262,0.32459668710229445,0.09276439472073225,0.23680115315108574,0.09271420054214949,low_ps,False,0,good,2026-05-15 10:23:28.367667
246,81.73005219985086,SF,0.06989845970489098,FINANCIAL SERVICES,8441316000.0,76.5,,9.568418260587663,0.09840811551184674,0.10451048154102986,0.8606990778666809,0.2073583603406189,0.5857583699724801,0.020567525557459616,low_ps,False,0,good,2026-05-15 10:21:38.117033
247,81.65548098434004,MTH,0.06988019622421755,CONSUMER CYCLICAL,4389633720.0,65.16,,11.386385312153061,0.05415827724232081,0.08782418410983048,0.18681412590627203,0.08082478547949386,0.12007211896427049,0.05103055604054266,low_ps,False,0,good,2026-05-15 10:17:47.541315
248,81.58090976882923,PVH,0.0697253283734964,CONSUMER CYCLICAL,4286092000.0,89.48,,169.4107509881423,0.12561559574549497,0.005902813098738898,0.5752497150901655,0.07335031619405152,0.5479055597867479,0.0021659104528721856,low_ps,False,0,good,2026-05-15 10:20:27.209906
249,81.50633855331841,ABR,0.06966835534520313,REAL ESTATE,1526614620.51,7.21,,10.259782658875238,0.18552160852840777,0.09746795163686521,0.9214702069483469,0.7112743164779343,5.90373672625203,0.010265401569089493,low_ps,False,0,good,2026-05-15 10:29:16.287384
250,81.4317673378076,CZR,0.06966634477299187,CONSUMER CYCLICAL,5720160000.0,28.04,,10.053612565445027,0.08671086123465077,-0.08478783810243071,0.43919737069711123,0.17765092544542466,0.06546080964685616,-0.015317079332996463,low_ps,False,1,partial,2026-05-15 10:37:27.926820
251,81.3571961222968,IAG,0.06950005880201447,BASIC MATERIALS,11107800000.0,18.7,,10.641694647076989,0.12775925151695205,0.09396999567871225,0.47546963858721764,0.4476818026236241,0.01644658982263538,0.16474508310716468,low_evebitda,False,0,good,2026-05-15 10:44:07.278396
252,81.28262490678598,CBT,0.06947958561159634,BASIC MATERIALS,4472496000.0,85.68,,15.692968421052631,0.10262725779967158,0.06372280713051504,0.24755244755244754,0.1572027972027972,0.5868102288021534,0.0731331793687452,low_ps,False,0,good,2026-05-15 10:34:32.596411
253,81.20805369127517,TPC,0.06922808586745749,INDUSTRIALS,4453187500.0,82.85,,35.360718936602716,0.16197723540722236,0.028279968000449122,0.11743984731256323,0.03971568788841942,0.028364750614761982,0.024512713089180724,low_ps,False,0,good,2026-05-15 10:23:14.663122
254,81.13348247576435,CGAU,0.06920801063240763,BASIC MATERIALS,3705401100.0,18.39,,5.82676978015485,0.03560382194521397,0.1716216768003874,0.34926985563614704,0.399328261038705,0.008670277644902307,0.20611318520093322,low_ps,False,0,good,2026-05-15 10:35:06.121626
255,81.05891126025354,AEO,0.06906699357195872,CONSUMER CYCLICAL,2930692680.0,16.68,,15.265375996833054,-0.05339386182245489,0.06550772153974192,0.3298932162278151,0.05963914700328864,0.5851173810829008,0.04749137967500651,low_ps,False,0,good,2026-05-15 10:29:50.163383
256,80.98434004474274,CNXN,0.06901383216754424,TECHNOLOGY,1684978650.0000002,66.65,,19.264824956553554,0.0738466330122343,0.051908076105296644,0.18826458425347822,0.038872450118642536,0.013549140664108126,0.06137747031967315,low_ps,False,0,good,2026-05-15 10:36:00.386821
257,80.90976882923192,BLDR,0.0689022736167381,INDUSTRIALS,8503938000.000001,77.4,,29.172929080860786,0.1013223520679478,0.034278354334192,0.2988813062360499,0.04181925369449369,0.13173222278210867,0.025789487373988042,low_ps,False,1,partial,2026-05-15 10:33:27.871169
258,80.8351976137211,SAFT,0.06888815067482922,FINANCIAL SERVICES,1035604783.1100001,71.43,,16.428783284313724,0.18538925575781853,0.06086878027996172,0.360011535724895,0.06953662474460268,0.11204190595383481,0.025892036009629627,low_ps,False,0,good,2026-05-15 10:21:17.658106
259,80.76062639821029,FAF,0.06877103858974934,FINANCIAL SERVICES,7338432000.000001,71.04,,10.908922253604876,0.11232644793874222,0.09166808386314677,0.7425829840588344,0.14824053750885394,1.6940474320716192,0.03750432077428275,low_ps,False,0,good,2026-05-15 10:40:08.132311
260,80.68605518269948,LRN,0.06875102709521455,CONSUMER DEFENSIVE,4030345674.9900002,87.93,,13.080271822350744,0.09286408764452408,0.07645101061976886,0.3834252553077792,0.1584515304663668,0.11524002583371598,0.12592237802705097,low_ps,False,1,partial,2026-05-15 10:16:34.385189
261,80.61148396718866,AXTA,0.06867577008488927,BASIC MATERIALS,6251298000.0,29.13,,16.941186991869916,0.07790382093446833,0.05902774111872447,0.3219808181640243,0.14034057545507928,0.03929273084479371,0.048822439798888596,low_ps,False,1,partial,2026-05-15 10:32:21.769943
262,80.53691275167785,ARW,0.06857909580187652,TECHNOLOGY,10080279650.0,194.95,,17.645509534962695,-0.005012360941791928,0.05667164204120071,0.11126118147268647,0.02798638119841759,0.0007035206988823313,0.019645893419998214,low_ps,False,1,partial,2026-05-15 10:31:40.987464
263,80.46234153616703,KFY,0.06834119491332878,INDUSTRIALS,3566041360.0,67.78,,13.279169744995233,0.08074639941921481,0.07530591288486907,0.8816066087885595,0.13071151873980177,0.05972506735261097,0.06799257040192343,low_ps,False,0,good,2026-05-15 10:15:46.324191
264,80.38777032065623,ZTS,0.0677025941269209,HEALTHCARE,34987392000.0,82.83,,13.089185185185185,0.0652520770910847,0.07639894965592177,0.704869546846942,0.37995141016161404,0.012967947149498409,0.17281955130277366,low_evebitda,False,0,good,2026-05-15 10:25:31.373742
265,80.31319910514542,ADM,0.06739788240665515,CONSUMER DEFENSIVE,37509780000.0,77.66,,34.69914893617021,0.12778000830716682,0.028819150632181795,0.058308314517529714,0.01519737984765402,1.3192528735632183,0.05953954615554087,low_ps,False,0,good,2026-05-15 10:29:38.456164
266,80.2386278896346,UGI,0.06737702517939122,UTILITIES,7197825600.0,32.32,,11.996376000000001,0.039178498573235784,0.08335850760262932,0.49005449591280653,0.14632152588555858,1.2740235585864848,0.0379386658235852,low_ps,False,0,good,2026-05-15 10:23:54.808665
267,80.16405667412378,HUM,0.06733957306765902,HEALTHCARE,33174473919.999996,274.96,,29.35794152212389,0.03834273312268399,0.034062333670308885,0.14005830903790087,0.010087463556851311,1.2058926692388636,0.020441389290882777,low_ps,False,0,good,2026-05-15 10:44:00.435906
268,80.08948545861297,UFPI,0.06723684070992855,BASIC MATERIALS,4813794620.0,84.38,,18.235244769549556,0.061936792808165136,0.05483885808156892,0.16615387633321269,0.054150674472780956,0.011480328009371696,0.06547499463020863,low_ps,False,0,good,2026-05-15 10:23:52.793253
269,80.01491424310217,ITRI,0.0671087691705478,TECHNOLOGY,3722628900.0,81.87,,12.879286257957379,0.10544376314276181,0.07764405417902386,0.3882438406067255,0.13043320799735836,2.2447681575707836,0.07265590201005277,low_ps,False,1,partial,2026-05-15 10:15:22.395361
270,79.94034302759134,ANDE,0.06691959469646155,CONSUMER DEFENSIVE,2442446800.0,71.45,,18.990077516968988,-0.042966749572600715,0.05265907941167848,0.06566991852854344,0.010803585939304895,2.6727705432313367,0.032808986127153474,low_ps,False,0,good,2026-05-15 10:31:06.443774
271,79.86577181208054,JBL,0.0667149764589572,TECHNOLOGY,38214140000.0,355.15,,47.23626699629171,0.033573959796033614,0.02117017418159875,0.09036642483239966,0.04316282486913399,0.5592875318066157,0.039218537909637384,low_ps,False,0,good,2026-05-15 10:15:28.720982
272,79.79120059656972,PACS,0.06634594981329518,HEALTHCARE,5263564387.01,33.59,,27.479805511086287,0.06404424363686605,0.036390359444013025,0.18360852436749045,0.05853639260251408,0.44312412464985995,0.034301904322215804,low_ps,False,1,partial,2026-05-15 10:19:19.480427
273,79.71662938105891,UNFI,0.06631812183219701,CONSUMER DEFENSIVE,3280464000.0,52.32,,35.232166666666664,0.12040979568743933,-0.023777124211696882,0.13344112611755754,0.003360598566990045,0.43617021276595747,-0.010766045548654244,low_ps,False,1,partial,2026-05-15 10:24:01.158419
274,79.64205816554811,CXW,0.06621918027759618,INDUSTRIALS,2114137029.9999998,20.33,,16.349875721157563,0.025526727565052868,0.061162544416527256,0.22190456957733848,0.14935027151172045,0.10141225330779888,0.03839257481082959,low_ps,False,0,good,2026-05-15 10:37:25.513004
275,79.56748695003728,LEN,0.06619941208200421,CONSUMER CYCLICAL,21603430440.0,88.38,,12.082212237337503,0.0006838265821268337,0.08276629977660159,0.1677271472517473,0.06606098069931271,0.1749764547958593,0.05383973462242575,low_ps,False,0,good,2026-05-15 10:16:15.168944
276,79.49291573452648,PHM,0.06617763809439445,CONSUMER CYCLICAL,22787363020.7,117.55,,11.154271797621744,0.07214724027113414,0.08965175119842558,0.2606386285041117,0.16402297759063325,0.17198833299018598,0.11227353514347675,low_ps,False,0,good,2026-05-15 10:19:48.012930
277,79.41834451901566,GFI,0.06609928434436345,BASIC MATERIALS,40123591480.0,44.86,,8.321091635275213,0.0958448722596754,0.12017653978965294,0.5252454829375639,0.48325800325222085,0.05091559703076491,0.31670630264857486,low_ps,False,0,good,2026-05-15 10:42:04.051604
278,79.34377330350485,KALU,0.0660474035551066,BASIC MATERIALS,3037478520.0,180.33,,19.8010333767927,0.007967134529728295,0.05050241474629424,0.10239304208081244,0.06622731201382887,0.018644957983193277,0.05498404960751281,low_ps,False,0,good,2026-05-15 10:15:40.619380
279,79.26920208799405,VZ,0.06561473199176283,COMMUNICATION SERVICES,198796200000.0,47.22,,11.464602076124567,0.10087717974488446,0.08722500731905339,0.5885257211849424,0.2121728256651287,1.2575386955538654,0.04149496747885767,low_ps,False,0,good,2026-05-15 10:24:38.366482
280,79.19463087248322,BWA,0.06551034690535713,CONSUMER CYCLICAL,12772956000.0,61.32,,35.284408839779005,0.10608350956505291,0.028341129492656204,0.18913073810520442,0.09592577089437701,0.0026553372278279343,0.026514319197246027,low_ps,False,0,good,2026-05-15 10:33:54.746854
281,79.1200596569724,STC,0.06538673567142368,FINANCIAL SERVICES,2148311570.0,69.73,,16.59632716597783,0.061573470928148466,0.06025429542326582,0.7943761962132693,0.061760191834109565,1.5188566047479457,0.039976998054655564,low_ps,False,0,good,2026-05-15 10:22:23.082378
282,79.0454884414616,NOV,0.06529163961663827,ENERGY,7007000000.0,19.25,,76.16304347826087,0.10475239046667618,0.013129727415441701,0.19544461060623491,0.05280110433682273,0.20952380952380953,0.008256304406353764,low_ps,False,0,good,2026-05-15 10:18:19.202629
283,78.97091722595077,NVR,0.0652747813567108,CONSUMER CYCLICAL,17492076960.0,5974.07,,14.122469790464871,0.07036928792474281,0.07080914421039684,0.22818531023787086,0.1571284113498671,0.0,0.22174153716814382,low_ps,False,1,partial,2026-05-15 10:18:36.436013
284,78.89634601043997,AVT,0.06525678977702384,TECHNOLOGY,6807723700.0,82.09,,31.826814057101714,0.004829808236782582,0.031420047203149566,0.10460979500744157,0.027428260057933647,1.2695374003769055,0.015856945515458406,low_ps,False,0,good,2026-05-15 10:32:08.100218
285,78.82177479492915,CNX,0.06521086069027497,ENERGY,5520021847.92,35.72,,4.681861039114589,0.10097496266432857,0.21359027780737277,0.5030455710386302,0.41706029500635206,0.20816481994766903,0.1291205093578784,low_ps,False,0,good,2026-05-15 10:35:58.381933
286,78.74720357941834,STRA,0.06516551912591452,CONSUMER DEFENSIVE,1777670780.0000002,80.18,,13.708239421957295,0.0978336382398095,0.0729488280164002,0.4934540571937684,0.1421304655120034,0.062293855030589956,0.06239438869578941,low_ps,False,0,good,2026-05-15 10:22:27.996859
287,78.67263236390754,GEO,0.0651556870485019,INDUSTRIALS,2917036800.0,21.76,,11.467601780070135,-0.042817766303119655,0.08720219093567828,0.6051514870467818,0.09787323650285155,0.033719381825451415,0.06618028515811389,low_ps,False,0,good,2026-05-15 10:41:59.588493
288,78.59806114839671,PRGS,0.06507490912738133,TECHNOLOGY,1276315230.0,29.87,,15.015473294117648,0.20194775862699685,0.0665979673375832,0.7865251135310825,0.1723414488439321,2.158748955937711,0.035493954753141634,low_ps,False,0,good,2026-05-15 10:20:15.011680
289,78.52348993288591,CVS,0.06504094538276965,HEALTHCARE,115813450000.0,90.55,,39.49981241473397,0.06384405265536948,0.02531657592447164,0.1387332834851252,0.01462595457275591,0.7074611917876815,0.011590123886249179,low_ps,False,0,good,2026-05-15 10:37:15.517909
290,78.4489187173751,JLL,0.06502637839869961,REAL ESTATE,15768445740.0,329.87,,17.602640924313462,0.06155964994936781,0.0568096573860551,0.8938394435578213,0.04647607799459554,2.748609037861311,0.050077424909018745,low_ps,False,0,good,2026-05-15 10:15:36.100470
291,78.37434750186428,MTX,0.06455144339008526,BASIC MATERIALS,2464810000.0,79.51,,15.243104514533087,0.047995585866659085,0.06560343393608431,0.24886027165483857,0.1348404380316774,0.06317969963749352,0.04666262661241451,low_ps,False,0,good,2026-05-15 10:17:51.475047
292,78.29977628635348,URBN,0.06440738913916966,CONSUMER CYCLICAL,6531694026.0,71.5,,14.049101082123984,0.05401630857103471,0.07117893124652622,0.3600335162040401,0.09855408656341479,0.3628425817601916,0.09284243810374324,low_ps,False,1,partial,2026-05-15 10:24:06.693937
293,78.22520507084265,TEX,0.06437982402752686,INDUSTRIALS,4216680000.0,63.6,,39.408224299065424,0.07636339489835604,0.025375413832683533,0.1655416807289909,0.06648666891663854,0.013445378151260505,0.01050255202198665,low_ps,False,0,good,2026-05-15 10:22:55.013728
294,78.15063385533185,FBIN,0.06412131129571347,INDUSTRIALS,4572792000.0,37.98,,15.298735362997657,0.08054160346676605,0.06536487992456251,0.4453630884362887,0.1156371132172705,1.3577921222500329,0.04583933993804251,low_ps,False,0,good,2026-05-15 10:40:12.155872
295,78.07606263982103,BCC,0.06384378452829566,BASIC MATERIALS,2700654050.0,70.67,,24.477966554880812,0.01428987137393625,0.04085306668582746,0.14068039797603632,0.025213787644020505,0.040116506993335514,0.03301688041503173,low_ps,False,0,good,2026-05-15 10:32:49.744385
296,78.00149142431022,HSIC,0.0638185036440231,HEALTHCARE,8219457300.079999,70.82,,20.80875265843038,0.05243655198449722,0.04805670077465522,0.2919157202630006,0.05685893604303646,2.382978723404255,0.034943382873319176,low_ps,False,1,partial,2026-05-15 10:43:52.552176
297,77.9269202087994,HLX,0.06334314278536084,ENERGY,1421594580.0,9.66,,99.07272841312982,0.11777478780201876,0.010093595038889357,0.10790898109356702,0.033540399398780965,0.4642957154858583,0.005587423177312002,low_ps,False,1,partial,2026-05-15 10:43:25.451123
298,77.85234899328859,BHP,0.06331933794868787,BASIC MATERIALS,215570040000.0,84.72,,9.962210431865461,0.09675935023252767,0.10037932914982063,0.8272489428327705,0.410390132001543,0.1313809785501119,0.18652187704720202,low_ps,False,0,good,2026-05-15 10:33:12.561822
299,77.77777777777779,AFG,0.06327387897759253,FINANCIAL SERVICES,10938956000.0,131.32,,12.444773606370877,0.12551472005189526,0.08035501742579457,0.3236412710096921,0.13679303152987363,0.030878859857482184,0.02692849702836836,low_ps,False,0,good,2026-05-15 10:29:54.761669
300,77.70320656226697,FOX,0.0629447807118748,COMMUNICATION SERVICES,24960600000.0,56.6,,13.199682707562136,0.09326698877430831,0.07575939680937158,0.3305585716009169,0.190312462299433,0.012526096033402923,0.08807228354524707,low_ps,False,0,good,2026-05-15 10:41:18.305350
301,77.62863534675614,ALK,0.06290606363817222,INDUSTRIALS,4667766960.0,40.84,,63.942013150684936,-0.10219019160288155,0.015639169784088792,0.7835717261491459,0.015345090959588945,0.6362007168458781,0.0035964134397477583,low_ps,False,0,good,2026-05-15 10:30:29.635407
302,77.55406413124534,FUL,0.06283626230040293,BASIC MATERIALS,3400171250.0,61.25,,21.28232873282634,0.042772551529573696,0.046987339240633835,0.3198224997612688,0.11256594044163819,0.0,0.030604580543980544,low_ps,False,0,good,2026-05-15 10:41:34.417461
303,77.47949291573453,ARMK,0.0628262815728329,INDUSTRIALS,12006832600.0,45.08,,37.884092056440416,0.021414390336382306,0.026396303717934735,0.06982623329306525,0.042166562101659755,0.10647541326010658,0.023402347279001603,low_ps,False,0,good,2026-05-15 10:31:36.976647
304,77.40492170022371,PAHC,0.06281109445799672,HEALTHCARE,1641480000.0,40.0,,17.236281160089884,0.028808757950142556,0.05801715525014012,0.3254060050278559,0.1204472138465364,0.18986088939566706,0.0659005008587534,low_ps,False,0,good,2026-05-15 10:19:21.155091
305,77.33035048471291,SCHL,0.06249379920718511,COMMUNICATION SERVICES,1034580000.0,40.1,,16.500478468899523,0.02136132536874867,0.060604303195499615,0.5232017842760671,0.018834025153336223,0.36663524976437323,0.0352088948787062,low_ps,False,0,good,2026-05-15 10:21:30.824256
306,77.25577926920208,HUBG,0.06231205923320899,INDUSTRIALS,2586564480.0,42.88,,24.62902162424658,0.0438496704323412,0.040602506070136705,0.48679117266088656,0.03825689820240448,0.6983060790930989,0.03620513658500766,low_ps,False,0,good,2026-05-15 10:43:59.549094
307,77.18120805369128,L,0.06217640726395114,FINANCIAL SERVICES,21555215000.0,104.5,,11.533020331728196,0.10132118839918784,0.0867075554569973,0.4605040179303559,0.12616847974635106,0.0007575757575757576,0.02182085648904871,low_ps,False,0,good,2026-05-15 10:16:07.514196
308,77.10663683818046,SRPT,0.06205691936926503,HEALTHCARE,2432833780.0,19.955,,37.395419094025236,0.044037122832123785,0.026741243292009866,0.6028489358039433,-0.018753914505371342,0.1037569736622616,0.02046503639270271,low_ps,False,1,partial,2026-05-15 10:22:16.281617
309,77.03206562266965,EFC,0.06163943046103696,REAL ESTATE,1657703820.0,13.62,,7.764384335436368,-0.5582788606953926,0.12879321228806723,0.7286310349323756,0.4347047876438723,8.140664326553136,0.010552067760663024,high_fcf_yield,False,0,good,2026-05-15 10:38:45.463580
310,76.95749440715883,ACN,0.06153467280521607,TECHNOLOGY,113747135113.62,180.42,,14.806172893024627,0.10986614289245185,0.06753939773802807,0.3198530856650453,0.148077344599848,0.08112660091572994,0.11455308744681367,low_ps,False,0,good,2026-05-15 10:29:30.216621
311,76.88292319164802,PTEN,0.0614864035963082,ENERGY,4334883540.0,11.42,,27.26171989125295,0.06300284597726472,-0.027513311234192924,0.0880849625746609,-0.01628333531328309,0.025013523495983667,-0.022249151621326214,low_ps,False,0,good,2026-05-15 10:20:26.319824
312,76.80835197613722,FHI,0.061486189350020704,FINANCIAL SERVICES,4064767500.0,55.95,,10.189966633157768,0.0743225781056358,0.09813574823160241,0.6997908842722961,0.2738997264583742,0.032786657593978696,0.18607038795286626,low_ps,False,0,good,2026-05-15 10:40:43.831023
313,76.7337807606264,JEF,0.06121891772953688,FINANCIAL SERVICES,11799440700.0,52.98,,15.90549088963088,-0.00796359780002115,0.06287136982687663,0.5881492714629144,0.0674511440750991,3.416220299470595,0.009973677237135705,low_ps,False,0,good,2026-05-15 10:15:33.349631
314,76.65920954511559,PATK,0.06119642285541055,CONSUMER CYCLICAL,3430592990.0,95.17,,25.169796988950683,0.0564488415164633,0.03973015755506455,0.2248988154467268,0.06975288507488227,0.15076532162674486,0.04234904890346046,low_ps,False,0,good,2026-05-15 10:19:23.521850
315,76.58463832960477,OMC,0.06118598797344908,COMMUNICATION SERVICES,15789594000.0,77.06,,250.6284761904762,0.18938422355888315,0.003989969596431675,0.16762676297895523,0.13704828393293114,0.1128127876809775,0.001260890188473062,low_ps,False,0,good,2026-05-15 10:19:00.352413
316,76.51006711409396,FDX,0.06091593343254194,INDUSTRIALS,91994940000.0,378.58,,20.516266726137378,0.04751348280677177,0.0487418112344005,0.2440690502866218,0.06538457354812743,0.47756956274843837,0.04733303072846843,low_ps,False,0,good,2026-05-15 10:40:33.791935
317,76.43549589858316,LUV,0.06068423080854476,INDUSTRIALS,20778930000.0,41.31,,25.433206854345165,-0.019298395056915826,0.0393186752157113,0.16462401329455753,0.033963439966763605,0.7341400806747341,0.027831715210355986,low_ps,False,0,good,2026-05-15 10:16:39.715085
318,76.36092468307234,CINF,0.060558502841926425,FINANCIAL SERVICES,25286285622.0,161.5,,9.171666892274212,0.1358443881932356,0.10903143471579346,0.5029407212505804,0.26675437238817523,0.013706140350877192,0.06689961418067991,low_ps,False,0,good,2026-05-15 10:35:26.183566
319,76.28635346756153,TILE,0.06047446746677486,CONSUMER CYCLICAL,1755071180.0,29.66,,15.117152577994453,0.06934989383165645,0.0661500236132873,0.3874813066119433,0.1182496499271012,0.16827085828040764,0.06550438113937834,low_ps,False,0,good,2026-05-15 10:23:04.059274
320,76.21178225205071,WCC,0.060095621577542405,INDUSTRIALS,17587845000.0,355.31,,26.02907355335208,0.012258466003083378,0.03841857828517365,0.20263615892837994,0.0538531966313914,0.029792238337906705,0.03982976415733847,low_ps,False,0,good,2026-05-15 10:24:44.464566
321,76.1372110365399,PEB,0.05995445795090375,REAL ESTATE,1668239694.72,14.72,,576.2073939097043,0.1467468978078052,-0.03125330260694398,0.17845421584160262,0.04207047078685672,2.549945282424148,-0.009829624616103934,low_pe,False,0,good,2026-05-15 10:19:34.438964
322,76.06263982102908,HII,0.05982302688554963,INDUSTRIALS,12429803999.999998,316.28,,20.545130578512396,0.05905161497317255,0.04867333386753323,0.12444548213868784,0.048797571795470465,0.0,0.04827256044043725,low_ps,False,0,good,2026-05-15 10:43:17.907508
323,75.98806860551827,AR,0.05979364958596221,ENERGY,11192650440.0,35.94,,11.638848993878312,0.15286272086953517,0.08591914892322859,0.26042609808363637,0.2086714966463135,0.2458819775310571,0.06265131653611472,low_ps,False,1,partial,2026-05-15 10:31:27.676676
324,75.91349739000745,CMC,0.059520638769319,INDUSTRIALS,7953675567.119999,70.96,,15.742963113409774,0.04948177690663683,0.06352044356555757,0.17739390594321308,0.08396095448254745,0.11618038306562897,0.052838580349529624,low_ps,False,0,good,2026-05-15 10:35:39.468641
325,75.83892617449665,POOL,0.05950517377370819,INDUSTRIALS,6841963260.0,187.77,,16.84851585990194,0.08843996627950322,0.05935240874123022,0.2968621053032515,0.10927701197412043,0.213330860405864,0.10153936708018842,low_ps,False,0,good,2026-05-15 10:20:02.928263
326,75.76435495898583,PRIM,0.059415975839542105,INDUSTRIALS,5743040000.0,104.8,,23.144727085146855,0.028646500807934475,0.043206385468323394,0.10380315027835112,0.048974944725807545,0.2614498583051467,0.05888931080311373,low_ps,False,0,good,2026-05-15 10:20:16.603142
327,75.68978374347502,EMN,0.05937749607691332,BASIC MATERIALS,8462385000.000001,73.65,,21.208984962406017,0.05884865791381507,0.047149828328538576,0.19770806806343327,0.09352934367403634,1.2941176470588236,0.026212061489948757,low_ps,False,0,good,2026-05-15 10:39:07.151394
328,75.6152125279642,DXPE,0.05915984745045223,INDUSTRIALS,2556822780.0,156.18,,28.832986907540853,0.021111357588890066,0.03468249762699627,0.315383375529728,0.08809268163254173,0.20062945444231983,0.052622459061629344,low_ps,False,1,partial,2026-05-15 10:38:29.779695
329,75.54064131245339,RUSHA,0.05908218362156254,CONSUMER CYCLICAL,5775472010.0,72.31,,21.801638329998866,0.03676340213100608,0.04586811251813166,0.18907417217631803,0.05285068558179854,1.6346216959935371,0.05865960445565876,low_ps,False,0,good,2026-05-15 10:21:12.079952
330,75.46607009694259,TXT,0.058912951437274985,INDUSTRIALS,16033868770.0,91.01,,17.166883051391864,0.0440941615614832,0.058251692925636936,0.1440611008691072,0.08368448775348959,0.4775840597758406,0.05148558513863624,low_ps,False,0,good,2026-05-15 10:23:43.946303
331,75.39149888143177,CAG,0.058743608991789396,CONSUMER DEFENSIVE,6766857000.0,14.13,,9.286091623881141,0.12442999756016715,-0.006398834791395768,0.24182340157226798,0.12279430835412698,1.0387323943661972,-0.002253764515440629,low_ps,False,0,good,2026-05-15 10:34:05.855886
332,75.31692766592096,VOYA,0.058669297058310844,FINANCIAL SERVICES,7914230000.0,81.59,,11.42024531024531,0.16274482798705622,0.08756379331912265,0.5141571844403281,0.11828526065096587,1.091247672253259,0.003874560407919087,low_ps,False,0,good,2026-05-15 10:24:26.535207
333,75.24235645041014,TSN,0.058548835466608225,CONSUMER DEFENSIVE,24206520000.0,68.38,,53.436026490066226,0.05068882268083145,0.018713966319817966,0.06549991024950637,0.0230479267635972,0.11133043821555468,0.012882127115029148,low_ps,False,0,good,2026-05-15 10:23:31.737271
334,75.16778523489933,DPZ,0.05848262979408483,CONSUMER CYCLICAL,10938476200.0,323.48,,18.481401470608112,0.05979672013182238,0.05410845068164064,0.4007054690017057,0.19588967189524945,0.06548083286667006,0.32088254301464686,low_ps,False,0,good,2026-05-15 10:38:16.623457
335,75.09321401938851,BKE,0.05846399000334042,CONSUMER CYCLICAL,2668822020.0,52.41,,12.724187676405522,0.07710480446350634,0.07859047865619753,0.4899374727912254,0.2014462547242138,0.3035756579528784,0.21158927002387823,low_ps,False,0,good,2026-05-15 10:33:20.725442
336,75.0186428038777,MAN,0.05841237696719176,INDUSTRIALS,1405464000.0,29.84,,17.128956324490208,-0.09235384186290078,-0.011668744272354183,0.16488910171299218,0.00817317104890843,0.8489827889240328,-0.001954405157955788,low_ps,False,0,good,2026-05-15 10:16:48.703285
337,74.9440715883669,ANIP,0.058298314657530624,HEALTHCARE,1763591840.0,81.86,,23.249819917209376,0.07283261188144304,0.043011085830381254,0.6907589832526948,0.1257610095928528,0.15301931418237422,0.05266260152723905,low_ps,False,1,partial,2026-05-15 10:31:10.789798
338,74.86950037285608,CHEF,0.0581320207640203,CONSUMER DEFENSIVE,3765139521.2899995,81.71,,47.39601612902819,0.021547674273755334,0.021098819725220312,0.2431920811668188,0.03840669792068625,0.20063150810149,0.03992427254045323,low_ps,False,1,partial,2026-05-15 10:35:14.416726
339,74.79492915734527,HNI,0.057772921991302614,CONSUMER CYCLICAL,1583031000.0,33.61,,38.8473398250493,0.0048640866792880235,-0.009728173358576047,0.3987955838072934,0.04561168729786997,0.5149087695367547,-0.0032267527134056907,low_ps,False,0,good,2026-05-15 10:43:31.806778
340,74.72035794183445,OTIS,0.05763502352882363,INDUSTRIALS,29149871999.999996,74.82,,19.682560432140445,0.05722152056105084,0.05080639805210809,0.3038847545572472,0.15436608179149314,0.7712525667351129,0.14048567634225004,low_ps,False,0,good,2026-05-15 10:19:13.155222
341,74.64578672632364,SW,0.05762859357779621,CONSUMER CYCLICAL,22390837950.0,41.55,,60.27587212679049,0.04564366917764237,0.01659038624769289,0.18421740669036543,0.06242624059087688,0.43885001726348644,0.00822387978746956,low_ps,False,0,good,2026-05-15 10:22:33.692633
342,74.57121551081283,NTR,0.05730766886200456,BASIC MATERIALS,33019379220.0,68.33,,14.541926631429943,0.06005307755146828,0.06876667895151302,0.3105611965082901,0.13383521305042195,0.5096211134587797,0.04349386811661995,low_ps,False,0,good,2026-05-15 10:18:29.747300
343,74.496644295302,ALG,0.057194240955080966,INDUSTRIALS,1981987280.0,163.76,,19.587757869249394,0.055855050694371765,0.051052295350755235,0.2452773581919046,0.09160606019704107,0.12931313174852907,0.05857498130185407,low_ps,False,0,good,2026-05-15 10:30:24.148033
344,74.4220730797912,UNM,0.057063582880334515,FINANCIAL SERVICES,13296631560.0,80.88,,17.016421243921165,0.04052154093077691,0.058766763332051004,0.33891436734080144,0.07462596797233291,0.0180296200901481,0.012459678255198578,low_ps,False,0,good,2026-05-15 10:24:02.963985
345,74.34750186428039,IOSP,0.05678247420891349,BASIC MATERIALS,2001184200.0,80.55,,17.16281475128645,0.04397396301649793,0.05826550099685976,0.2769403824521935,0.08717660292463442,0.08838243468593664,0.06363239467365205,low_ps,False,0,good,2026-05-15 10:15:11.861694
346,74.27293064876957,AMCR,0.0567135017094733,CONSUMER CYCLICAL,18443667000.0,39.93,,23.676080872913992,0.039525762420238884,0.04223672006223057,0.1941734716398146,0.06793202383579784,0.36934389140271495,0.020728008088978768,low_ps,False,0,good,2026-05-15 10:30:39.452757
347,74.19835943325876,JJSF,0.056579498678848594,CONSUMER DEFENSIVE,1441898100.0,76.17,,24.77999071973603,0.06225752013959932,0.04035514021413857,0.3053067573736441,0.05139096265419639,0.3944544698949449,0.043910964610424895,low_ps,False,0,good,2026-05-15 10:15:34.363727
348,74.12378821774794,GHC,0.056444313127889716,CONSUMER DEFENSIVE,4971531250.0,1136.35,,16.71086089888169,0.057464790148910365,0.059841321524429725,0.2846638857886158,0.05685878546020989,0.6311287467752571,0.036367385861652037,low_ps,False,0,good,2026-05-15 10:42:07.867990
349,74.04921700223714,BG,0.05636116482911919,CONSUMER DEFENSIVE,24454964105.1,124.94,,35.64863572172012,-0.05798413744979822,0.028051564379803648,0.05219636959598719,0.0240743959673214,2.881521739130435,0.014419034807465949,low_ps,False,0,good,2026-05-15 10:33:07.246640
350,73.97464578672633,LMT,0.05603684841294321,INDUSTRIALS,117054461000.0,506.51,,24.421961402044644,0.048370646890595656,0.04094675212762716,0.09816947347400652,0.09880849364308061,0.04153789096303622,0.08091090178601573,low_ps,False,0,good,2026-05-15 10:16:25.847847
351,73.90007457121551,RES,0.05601730846605949,ENERGY,1505050800.0,6.8,,46.91554862842893,0.03516426156512458,0.02131489515171182,0.14293364056546123,0.03495216302320348,0.22201658039728633,0.021847131372221863,low_ps,False,0,good,2026-05-15 10:20:43.811563
352,73.8255033557047,DHI,0.05594694115693799,CONSUMER CYCLICAL,42665070000.0,147.63,,13.4479827271008,0.08197572393529415,0.07436059521289898,0.2280109390555469,0.11755286610452076,0.20926575541308817,0.08920091433327054,low_ps,False,0,good,2026-05-15 10:37:51.434960
353,73.75093214019388,DAN,0.05589507990644199,CONSUMER CYCLICAL,4830240000.0,34.7,,56.324806858111714,0.06169465699426944,-0.006831958660439232,0.07729242300035133,-0.017215130577350978,2.6997971602434077,-0.0042264344262295086,low_ps,False,0,good,2026-05-15 10:37:31.787290
354,73.67636092468307,CHDN,0.055769622889153304,CONSUMER CYCLICAL,6169100000.0,88.13,,15.998703319502074,0.08338331361138579,0.06250506556872154,0.33808505583273935,0.2358551403455181,0.12085171686169192,0.05151636606546426,low_ps,False,0,good,2026-05-15 10:35:12.025109
355,73.60178970917227,BALL,0.055739760500929006,CONSUMER CYCLICAL,15648891720.0,58.52,,16.701058399146213,0.038085764197491684,0.05987644471988205,0.15691879214306656,0.08201407211961302,0.9509981851179673,0.04739504299443601,low_ps,False,0,good,2026-05-15 10:32:35.803960
356,73.52721849366144,CLX,0.05571380927526561,CONSUMER DEFENSIVE,11223889920.0,92.16,,14.846415238095236,0.033856354856338436,0.06735632702997858,0.4377218934911243,0.15902366863905326,2.4638009049773757,0.11746426351771287,low_ps,False,0,good,2026-05-15 10:35:36.464982
357,73.45264727815064,CACI,0.055662267454206486,TECHNOLOGY,10657776420.0,480.99,,19.850099401579026,0.05250372854040412,0.05037758148054677,0.14891410613229528,0.09323480229875675,0.0867940326549784,0.04627424631213357,low_ps,False,1,partial,2026-05-15 10:34:04.580469
358,73.37807606263982,HAE,0.05558978405292512,HEALTHCARE,2547866880.0,55.12,,14.523056157231126,0.1209148729151815,0.06885603065730028,0.5848999639680643,0.19211317820636817,1.6232645223491435,0.0704310507489291,low_ps,False,1,partial,2026-05-15 10:42:54.999915
359,73.303504847129,HCSG,0.05552553060945498,HEALTHCARE,1638389940.0,23.06,,24.132652928959654,0.09504697032014248,0.04143763236241551,0.13568974834757436,0.03637414922282142,0.05804717890927216,0.0833176861857163,low_ps,False,0,good,2026-05-15 10:43:08.925124
360,73.2289336316182,PCG,0.055473879133667796,UTILITIES,36655670000.0,16.07,,12.408825321597833,-0.11485262716518345,0.08058780537908597,0.45929624898385785,0.19351217435063678,0.4440967283072546,0.02080970462054342,low_ps,False,0,good,2026-05-15 10:19:31.403425
361,73.15436241610738,FOXA,0.0553228328173851,COMMUNICATION SERVICES,27756540000.0,62.94,,14.678233738762557,0.08387212527209803,0.06812808801096967,0.3305585716009169,0.190312462299433,0.012526096033402923,0.08807228354524707,low_ps,False,0,good,2026-05-15 10:41:19.450389
362,73.07979120059657,OLN,0.05521827878093567,BASIC MATERIALS,3054392000.0,26.84,,44.77369869547771,0.0811618155102554,-0.013947129248636064,0.07395882491741387,0.00246283624351109,0.29079235873910486,-0.005815064566327227,low_ps,False,0,good,2026-05-15 10:18:59.369827
363,73.00521998508576,WRB,0.05503853567535994,FINANCIAL SERVICES,25929084720.000004,65.68,,13.813764237123527,0.12891141496490124,0.07239156415545082,0.2614184293599397,0.16244395757520078,0.02499136126186556,0.04235639347657469,low_ps,False,0,good,2026-05-15 10:25:05.234912
364,72.93064876957494,EQT,0.05491816547684044,ENERGY,34982610560.0,55.96,,10.439335680466769,0.11609065003981224,0.09579153603338171,0.6404817311575589,0.46726241853504,0.13662794688612692,0.08037550742609939,low_evebitda,False,0,good,2026-05-15 10:39:26.754166
365,72.85607755406414,AVNT,0.05486872355416245,BASIC MATERIALS,3390191000.0,36.89,,41.39427350427351,0.057518883154370946,0.024157930924835796,0.3165449972394332,0.06410649653395498,0.0023207240659085635,0.013592007434944238,low_ps,False,0,good,2026-05-15 10:32:06.813516
366,72.78150633855331,HRL,0.05483694926041632,CONSUMER DEFENSIVE,11256430640.0,20.44,,23.00084725536993,0.051306761305642434,0.04347665931160572,0.15530754906022926,0.060435595418695816,0.012676947015834944,0.036750982789460214,low_ps,False,0,good,2026-05-15 10:43:49.594523
367,72.7069351230425,OKE,0.05477243035634976,ENERGY,53787056000.0,85.16,,15.224187942258704,0.04168289114020295,0.0656849484381521,0.23946142483808658,0.2026190205658448,0.7357024582855687,0.05180124041464452,low_ps,False,0,good,2026-05-15 10:18:57.580178
368,72.6323639075317,PPG,0.05456337594633774,BASIC MATERIALS,24596484000.0,109.61,,15.51828643533123,0.04988517871090844,0.0644401045287611,0.40555796786799825,0.12796972892500466,0.576647564469914,0.07155756207674943,low_ps,False,0,good,2026-05-15 10:20:08.361512
369,72.55779269202087,TRUP,0.05445626563111267,FINANCIAL SERVICES,1075007621.3999999,24.61,,41.673423065591564,0.069832993278907,0.023996108945167707,0.22379755619594985,0.01378580363296631,0.34741523068371316,0.02799105883374205,low_ps,False,1,partial,2026-05-15 10:23:26.601333
370,72.48322147651007,UNH,0.05443436171929932,HEALTHCARE,345781800000.0,379.98,,28.709880438392563,0.05687401708244911,0.034831214366979404,0.1880132440022859,0.041882267134817096,0.5635604280866614,0.0385230485792147,low_ps,False,0,good,2026-05-15 10:24:02.065774
371,72.40865026099925,KMB,0.054390907928474,CONSUMER DEFENSIVE,32756892000.0,98.31,,15.458655969797075,0.05421759793328378,0.06468867681341685,0.35860692907672775,0.13271660922667633,0.39764936336924583,0.12331238361266295,low_ps,False,0,good,2026-05-15 10:15:52.161079
372,72.33407904548844,ADUS,0.054231205430582075,HEALTHCARE,1840651019.9999998,99.57,,18.452456817475515,0.0746344627565523,0.054193325576729914,0.32453693060017275,0.09815642145684336,0.0825029041474365,0.0694789997910427,low_ps,False,1,partial,2026-05-15 10:29:43.888945
373,72.25950782997764,HE,0.053933181085136526,UTILITIES,2570424580.0,14.83,,20.354800643010428,0.019401853058843687,0.049128459548110924,0.07623256501028865,0.07623256501028865,0.4423515342994243,0.014152494951461293,low_ps,False,0,good,2026-05-15 10:43:12.732710
374,72.1849366144668,WEX,0.053438824483125216,TECHNOLOGY,4957399999.999999,141.64,,15.971005154639174,0.09270988824787188,0.0626134667365958,0.5744412734887513,0.24654386420073385,3.4251522149905522,0.020122785294289253,low_ps,False,1,partial,2026-05-15 10:24:52.017477
375,72.110365398956,PFG,0.05337129217994885,FINANCIAL SERVICES,22140150000.0,100.5,,14.284889347699853,0.16400521225014286,0.0700040424297035,0.4867614999967656,0.12355502079735035,0.01905759162303665,0.004658488238061103,low_ps,False,0,good,2026-05-15 10:19:42.182698
376,72.03579418344519,BDC,0.05327279046083729,TECHNOLOGY,4424058500.0,112.3,,18.697523794228527,0.040775907461440664,0.05348301791217272,0.35754230439644197,0.12313094877540094,0.0,0.06839635731266244,low_ps,False,0,good,2026-05-15 10:32:55.805639
377,71.96122296793438,RNG,0.053248214933045435,TECHNOLOGY,3969399330.0,45.63,,91.47978451752668,0.1405290709312434,0.010931376864015342,0.7121411037627299,0.0501880211932368,3.224930835221211,0.029289448548892812,low_ps,False,0,good,2026-05-15 10:20:57.982893
378,71.88665175242357,GEHC,0.05321744914896175,HEALTHCARE,29005790000.0,63.47,,19.272950166112956,0.05240333050746075,0.051886192377452914,0.4254786007817981,0.12458654906284454,0.04604225796278776,0.04053872053872054,low_ps,False,0,good,2026-05-15 10:41:56.249987
379,71.81208053691275,CASH,0.05314979906796854,FINANCIAL SERVICES,1874889563.04,86.32,,9.924934295923391,0.2250281874287648,0.10075633451908535,0.9194069213277819,0.29255874199208814,0.0969414958072803,0.026560236567155466,low_ps,False,0,good,2026-05-15 10:34:17.551065
380,71.73750932140194,AVY,0.05314691149200756,CONSUMER CYCLICAL,12590270000.0,163.51,,18.252058567700782,0.06933131696143133,0.05478834052010005,0.2875512175622106,0.12449892845642205,0.9731381703177885,0.07682712226850512,low_ps,False,0,good,2026-05-15 10:32:09.839761
381,71.66293810589113,AIG,0.05312816578171185,FINANCIAL SERVICES,41402392000.0,76.36,,13.0978778867447,0.08514000833575026,0.07634824577285293,0.3850281425891182,0.14656660412757974,0.021295818275684046,0.019567545483245945,low_ps,False,0,good,2026-05-15 10:30:08.824020
382,71.5883668903803,NXST,0.053012199320655755,COMMUNICATION SERVICES,6320153140.0,202.79,,57.983056330275225,0.11756044253066944,0.017246417544876137,0.4711111111111111,0.17454545454545456,0.15599051008303677,0.009921718550882941,low_ps,False,0,good,2026-05-15 10:18:46.490223
383,71.51379567486951,RHI,0.052854916538883905,INDUSTRIALS,2700269970.0,27.03,,20.86278273970486,0.08062786403538755,0.04793224434518301,0.3723032947872053,0.013984063161633543,0.49823148461643746,0.047871400028553446,low_ps,False,0,good,2026-05-15 10:20:50.457268
384,71.43922445935868,AMP,0.052622290419639325,FINANCIAL SERVICES,46556000000.0,465.56,,11.952759948652117,0.057071054214279576,0.08366268579774895,0.3921180211645728,0.2713339936402023,0.03758691975192633,0.02111706280360861,low_ps,False,0,good,2026-05-15 10:30:51.936061
385,71.36465324384787,MZTI,0.052541616888105006,CONSUMER DEFENSIVE,3112491130.0,113.69,,17.700196934800534,0.0796715523491307,0.056496546545981643,0.24192462710414284,0.11480450670542516,0.03955576559546314,0.12967394390345524,low_ps,False,0,good,2026-05-15 10:17:58.398834
386,71.29008202833707,IBKR,0.05252952017960545,FINANCIAL SERVICES,37851335546.22,84.42,,36.46564118132948,0.4159430512240476,0.027423074642439114,0.917443283441589,0.8675515391132449,0.0012741558717349756,0.004745164549323654,low_evebitda,False,0,good,2026-05-15 10:14:53.512829
387,71.21551081282624,EHC,0.05234708819022072,HEALTHCARE,10673660000.0,106.1,,17.520781352593563,0.043508974428640226,0.05707508015057628,0.5881906897006461,0.17929909006989317,0.07807953443258972,0.0833014275556528,low_ps,False,0,good,2026-05-15 10:38:55.700153
388,71.14093959731544,SWK,0.052231060888081805,INDUSTRIALS,12354176229.999998,81.07,,33.290693155483694,0.058733175445401596,0.030038425313931274,0.3003243129685797,0.07787450269823137,2.7072380829308114,0.01718071463624663,low_ps,False,0,good,2026-05-15 10:22:34.570908
389,71.06636838180462,OVV,0.05220989489226056,ENERGY,15018451000.0,57.83,,12.092150563607085,0.017048793514058143,0.08269827560778406,0.47092295436440196,0.12586775918971208,0.520527419838178,0.06091221186856302,low_ps,False,0,good,2026-05-15 10:19:15.684782
390,70.99179716629381,TCBI,0.05218043836016976,FINANCIAL SERVICES,4542851932.08,99.96,,12.725610129501238,0.19225764190824157,0.07858169390886356,0.6232956298863737,0.23699141774420332,0.0,0.010660569798847799,low_ps,False,1,partial,2026-05-15 10:22:46.139982
391,70.917225950783,HAL,0.051939601003381415,ENERGY,33417370000.0,39.83,,21.699590909090908,0.050213406979663575,0.046083818086222826,0.15314177455004738,0.11313094862194957,0.11050156739811912,0.06125208813936839,low_ps,False,0,good,2026-05-15 10:42:58.289786
392,70.84265473527218,ARCB,0.05189432371462073,INDUSTRIALS,2702275885.09,120.97,,48.315320670302164,0.060974529251113935,0.020697368580535305,0.04092143556430729,0.021551674015993103,1.014225571772427,0.02275060649301414,low_ps,False,0,good,2026-05-15 10:31:29.605572
393,70.76808351976138,SCL,0.051343351736338416,BASIC MATERIALS,1211461840.0,52.93,,24.64833584302397,0.0096016231101427,-0.011739536096324752,0.11064245991239958,0.02428513148596379,1.5754158910838019,-0.006095133279076276,low_ps,False,0,good,2026-05-15 10:21:33.527509
394,70.69351230425056,LGIH,0.05127681683800255,CONSUMER CYCLICAL,1083641184.08,46.67,,15.323413898583105,-0.06382463219014572,0.06525960902827704,0.20298598415600244,0.0472123645314311,0.004274442886347126,0.01763468585457207,low_ps,False,1,partial,2026-05-15 10:16:16.675130
395,70.61894108873975,MKC,0.05120454344748816,CONSUMER DEFENSIVE,13017408000.0,48.32,,7.921504290147873,0.04975644921016534,0.12623864904595444,0.37940833063710666,0.15510571553167246,2.1116376194683157,0.1005303952576424,low_ps,False,0,good,2026-05-15 10:17:12.416899
396,70.54436987322894,MTCH,0.05110362973296579,COMMUNICATION SERVICES,9701076000.0,36.96,,14.638427192464913,0.10513256467633075,0.0683133499830328,0.738030024832718,0.26601264278244624,0.8242039108590236,0.15034538833018712,low_ps,False,0,good,2026-05-15 10:17:44.010511
397,70.46979865771812,PLUS,0.051102230773989225,TECHNOLOGY,2374069280.0,90.31,,17.87702771084337,-0.02752489177569409,0.055937710461423436,0.25581245503976424,0.0691877887045899,1.2997344890867206,0.07250158870198135,low_ps,False,0,good,2026-05-15 10:19:55.287576
398,70.39522744220731,TRN,0.05085196934261254,INDUSTRIALS,2999997000.0,36.63,,11.755474137931035,-0.1472668139334806,0.08506675173341839,0.2700751150957112,0.16588320814150714,0.0,0.030633680242956773,low_ps,False,0,good,2026-05-15 10:23:23.211121
399,70.3206562266965,TDW,0.050791403266321526,ENERGY,4024643240.0,81.16,,13.498810121147887,0.07002682776921117,0.07408060347729106,0.30942043633747635,0.20007521009777313,0.012789342214820983,0.12737720396296787,low_ps,False,0,good,2026-05-15 10:22:49.795565
400,70.24608501118567,COLM,0.05065528086775153,CONSUMER CYCLICAL,3453142080.0,63.04,,20.398514212802155,0.05049053759178076,0.049023178333861085,0.5028366516648274,0.05976617383039081,0.3256656221765124,0.06603406322237677,low_ps,False,0,good,2026-05-15 10:36:12.575964
401,70.17151379567487,FCN,0.0505912734602803,INDUSTRIALS,5220706700.0,163.9,,19.576818110230317,0.05575260529383886,0.051080823981167145,0.3179915950768214,0.10177985090037997,0.0,0.07605182331250551,low_ps,False,1,partial,2026-05-15 10:40:20.306737
402,70.09694258016405,CXT,0.05039884980096641,INDUSTRIALS,2627980000.0,45.31,,20.24637904468413,0.07853941049779678,0.04939154788088189,0.41975380666238843,0.13861501662680123,0.8322214837632471,0.035655422481046035,low_ps,False,0,good,2026-05-15 10:37:23.547082
403,70.02237136465325,GL,0.050219897600883454,FINANCIAL SERVICES,12056362274.400002,151.08,,10.242271611172372,0.10400375929831639,0.09763459103244147,0.38071520333593073,0.24923212649790452,0.37873270935556413,0.03820113474230871,low_ps,False,0,good,2026-05-15 10:42:14.365892
404,69.94780014914244,BMY,0.05009048012635869,HEALTHCARE,114566400000.0,56.16,,15.747958762886595,0.10393972403776325,0.06350029327970505,0.6874716389587888,0.2567138319376263,0.3350029036004646,0.08412738794578843,low_ps,False,0,good,2026-05-15 10:33:38.854906
405,69.87322893363161,OZK,0.04983713413106429,FINANCIAL SERVICES,5379426000.0,48.5,,7.610044066573771,0.13602362036395704,0.13140528376075813,0.5580027888018878,0.3296571203832815,0.35312126748052797,0.016966335618088874,low_ps,False,0,good,2026-05-15 10:19:18.345141
406,69.79865771812081,PSMT,0.04971077792548039,CONSUMER DEFENSIVE,4786573700.0,158.26,,31.30116204551399,0.01766190291815626,0.03194769569723747,0.17570276110413766,0.04525704326465058,0.2537282812344435,0.06275551367842026,low_ps,False,0,good,2026-05-15 10:20:23.188440
407,69.72408650260999,ZYME,0.04962521966094778,HEALTHCARE,1784463550.0,23.89,,3.050137188887102,-0.019574594280729354,-0.04546464398222087,0.9840419006275657,-0.8733921577879489,0.017712132880192938,-0.23412317077745745,low_ps,False,1,partial,2026-05-15 10:25:32.492680
408,69.64951528709918,EXPE,0.04946190501619642,CONSUMER CYCLICAL,28017773460.0,229.98,,21.65206604327666,0.10361280150060861,0.046184969046430435,0.8862417701757959,0.12909794339238445,1.1861198738170347,0.05292000654343203,low_ps,False,0,good,2026-05-15 10:39:59.676293
409,69.57494407158838,TMP,0.04936894662240803,FINANCIAL SERVICES,1228741020.0,85.77,,7.337256637168141,0.06731035967204871,0.13629072137593323,0.761466368657959,0.4033532888623276,0.5013963872194492,0.019258348981762492,low_ps,False,0,good,2026-05-15 10:23:09.587591
410,69.50037285607755,NWSA,0.04916012817867576,COMMUNICATION SERVICES,15171730000.0,27.02,,14.060917516218721,0.04297466406270083,0.07111911430008311,0.8553999096249435,0.12121554450971532,0.03170577045022194,0.06956802063185041,low_ps,False,0,good,2026-05-15 10:18:43.850925
411,69.42580164056675,AA,0.04912797825496123,BASIC MATERIALS,16786275182.82,63.18,,16.37685383689756,0.017097301031602986,0.061061789398582096,0.12872382457526668,0.06661398656657448,0.0011580775911986102,0.061598557692307696,low_ps,False,0,good,2026-05-15 10:28:57.702309
412,69.35123042505593,ASTE,0.04912706738168237,INDUSTRIALS,1225567896.8400002,53.34,,47.50263166046512,0.036064913346673916,0.021051465256655816,0.2607459554592838,0.03675624450010154,0.18243243243243243,0.018055847155154313,low_ps,False,0,good,2026-05-15 10:31:48.803987
413,69.27665920954512,TTEK,0.0488384896887204,INDUSTRIALS,7933526479.71,30.29,,18.012974656157336,0.08428168755849942,0.05551553916488592,0.1953926546865893,0.12394890775948242,0.10950813926896565,0.10096530880643415,low_ps,False,0,good,2026-05-15 10:23:36.125225
414,69.2020879940343,OFG,0.048635138359528075,FINANCIAL SERVICES,1975976000.0,46.0,,9.25650094393097,0.10088027384947995,0.10803218257711632,0.7222247412116238,0.31212507991493876,0.34730376847803457,0.01771835314411147,low_ps,False,0,good,2026-05-15 10:18:51.750117
415,69.12751677852349,ASTH,0.04847429325473797,HEALTHCARE,1944197606.1,39.3,,86.45873642993729,0.055317936645205505,0.011566211134838411,0.09728446915743806,0.024680586792516876,0.8047989926312844,0.01013539247320794,low_ps,False,1,partial,2026-05-15 10:31:49.743786
416,69.05294556301268,CROX,0.04844341651035077,CONSUMER CYCLICAL,5254766410.0,103.63,,25.13331006979063,0.12762926982324224,-0.019743027930331922,0.5810146713937265,0.21504329066175443,0.10501804043381564,-0.02388558861761739,low_ps,False,1,partial,2026-05-15 10:36:40.519239
417,68.97837434750187,CF,0.04836339422890364,BASIC MATERIALS,17770590000.0,115.02,,10.108412969283275,0.09121813063044053,0.09892749762388306,0.4040772242473336,0.2712299176454705,0.041106415674222054,0.12034501642935377,low_ps,False,0,good,2026-05-15 10:34:59.068112
418,68.90380313199105,INVX,0.048319281019724415,ENERGY,1833810916.0,26.6,,35.35397948717949,0.07948420348480464,0.02828535894700716,0.28710356681103977,0.1083658266683182,0.09141532675403431,0.040281840865372294,low_ps,False,1,partial,2026-05-15 10:15:10.970430
419,68.82923191648024,E,0.048306724158971755,ENERGY,80380092000.0,53.43,,32.062262465097724,0.037372437941474365,0.03118931488657664,0.045784590560709965,0.06379840661557079,1.6092464626521883,0.01697290563687325,low_ps,False,0,good,2026-05-15 10:38:32.607369
420,68.75466070096942,BGC,0.048269337510764065,FINANCIAL SERVICES,5413405030.0,11.39,,34.93375814715866,0.056665074624944516,0.028625606091033613,0.5542763279840337,0.11902433303384086,0.6281408626570997,0.03515254159622147,low_ps,False,0,good,2026-05-15 10:33:09.250013
421,68.68008948545861,SAM,0.048254436723189235,CONSUMER DEFENSIVE,2065557780.0,197.34,,22.155525173090933,0.09238182627842054,-0.02963073732074442,0.45821679725479536,0.06418328323612185,0.04487338919028151,-0.05226425196554542,low_ps,False,1,partial,2026-05-15 10:21:21.006537
422,68.60551826994781,POR,0.047798283353024926,UTILITIES,5371948890.0,48.51,,21.402186812749004,0.012286043920272667,0.04672419733315817,0.4795859689476711,0.15238642898217367,0.03968253968253968,0.019009391093607997,low_ps,False,0,good,2026-05-15 10:20:03.802175
423,68.53094705443698,MTDR,0.0477345517092237,ENERGY,6823504800.0,55.26,,14.119621573301549,0.07594498944296194,0.07082342786657086,1.020035864521858,0.26312512944795063,0.03365453973334201,0.03969480772457883,low_ps,False,0,good,2026-05-15 10:17:45.633091
424,68.45637583892618,OI,0.047665009672244414,CONSUMER CYCLICAL,1418425069.9999998,9.29,,6.186964736842106,0.026790276627019858,-0.1311313540164656,0.16049382716049382,0.08610720425066416,0.41237113402061853,-0.020782122905027935,low_ps,False,0,good,2026-05-15 10:18:55.784588
425,68.38180462341536,VFC,0.047634796238417355,CONSUMER CYCLICAL,7538039860.0,18.98,,33.74023051375474,-0.08831168478326407,0.029638208891084317,0.5381690637031793,0.046142187620004875,1.2459612050935744,0.021416980991175966,low_ps,False,0,good,2026-05-15 10:24:17.425011
426,68.30723340790455,DNOW,0.047607771515716206,INDUSTRIALS,2431020000.0,13.07,,15.576421052631579,0.05512089575569103,-0.03085124762445393,0.16950354609929077,-0.0017730496453900709,0.0783132530120482,-0.0191131498470948,low_ps,False,1,partial,2026-05-15 10:38:08.613683
427,68.23266219239373,RITM,0.04758244330944781,REAL ESTATE,5568722408.16,9.84,,7.652245093139706,-0.13694613308117487,0.1306806025981195,0.862170205038636,0.3894846617086155,9.585394938696371,0.013634289784283684,low_ps,False,0,good,2026-05-15 10:20:52.851856
428,68.15809097688292,CSL,0.04753072265142859,INDUSTRIALS,14812029000.0,360.39,,20.427567232105915,0.062314217721285856,0.048953455330123914,0.35571319480728264,0.20101684015915758,0.0,0.12105781591732474,low_ps,False,0,good,2026-05-15 10:36:50.864042
429,68.0835197613721,CRH,0.04715936208607913,BASIC MATERIALS,76048560000.0,113.76,,15.05018009103503,0.037842393149850564,0.0664443876386351,0.5202010047053675,0.19272712001506567,0.47875212412129153,0.08687056234634759,low_ps,False,0,good,2026-05-15 10:36:33.618444
430,68.0089485458613,IQV,0.04715083382157577,HEALTHCARE,30344958000.0,178.71,,21.909716967509027,0.06874288638000421,0.04564184929832494,0.26112313612313615,0.1385882635882636,0.524907486478793,0.04667228306655434,low_ps,False,1,partial,2026-05-15 10:15:15.121185
431,67.93437733035049,ALLY,0.04690853370881335,FINANCIAL SERVICES,13856808560.0,44.24,,9.926080630372493,-0.046691848068658025,0.10074469846035024,0.4886915410171224,0.11084845387170969,1.4889931432695778,0.007076631401791463,low_ps,False,0,good,2026-05-15 10:30:34.709152
432,67.85980611483967,PRI,0.04690107553298067,FINANCIAL SERVICES,8710922400.0,274.55,,11.279501838066295,0.09919500603058981,0.08865639762787923,0.776766138090163,0.29142997946218924,0.00755668001277296,0.05261678716690515,low_ps,False,0,good,2026-05-15 10:20:15.802072
433,67.78523489932886,DRI,0.0468377536882829,CONSUMER CYCLICAL,22900041000.0,196.23,,20.712772250361795,0.0525806918860975,0.04827938954345104,0.44030774534229616,0.11616446512793996,0.2923092430198569,0.08577990193035814,low_ps,False,0,good,2026-05-15 10:38:19.454636
434,67.71066368381804,ARR,0.04670543890678215,REAL ESTATE,2108177770.0,17.63,,8.765666142766856,0.0636929209247852,0.11408146097660447,0.9577440392509134,0.8474465153938183,24.343012263904672,0.01120990161365831,high_div_yield,False,0,good,2026-05-15 10:31:39.797406
435,67.63609246830724,KMT,0.046579922025591906,INDUSTRIALS,2788039100.0,36.1,,20.350056202738607,0.026229904738423505,0.04913991342517399,0.31923852263318436,0.09527032371634205,0.06719459554870906,0.05017088730666005,low_ps,False,0,good,2026-05-15 10:15:54.722510
436,67.56152125279642,IAC,0.046544851817582535,COMMUNICATION SERVICES,3417987897.48,44.06,,31.26904369704233,0.017440670297267723,0.03198051113071257,0.6457479160293071,0.015226712943975155,0.061195994534823016,0.01602720265352261,high_div_yield,False,0,good,2026-05-15 10:44:06.403347
437,67.48695003728561,HST,0.046322040137527075,REAL ESTATE,15453153000.0,22.27,,15.285017804154304,0.05578149650107004,0.06542354171993249,0.025952960259529603,0.14420113544201135,0.5314900153609831,0.07685875019005625,low_ps,False,0,good,2026-05-15 10:43:53.550650
438,67.4123788217748,IBP,0.046137384258097804,CONSUMER CYCLICAL,5932104046.650001,219.99,,22.351560085342882,-0.0037592058103892057,0.04473960637117915,0.3397401373367443,0.13006597549481622,0.15991501439081446,0.1283365570599613,low_ps,False,0,good,2026-05-15 10:14:55.883191
439,67.33780760626398,COLB,0.04581227913249083,FINANCIAL SERVICES,6307649000.0,30.04,,9.623783419257487,0.11192759774679915,0.10390923781586452,0.6897507751814227,0.2633316135262183,0.16339918724033903,0.009926590637163585,low_ps,False,0,good,2026-05-15 10:36:10.572780
440,67.26323639075316,CB,0.04528348233951568,FINANCIAL SERVICES,126129944000.0,319.64,,11.162929816797947,0.12604461316497534,0.08958221689212832,0.351950282116281,0.18622651075312782,0.2421893921046258,0.04101925534386617,low_ps,False,0,good,2026-05-15 10:34:24.544248
441,67.18866517524236,HP,0.045180859317908974,ENERGY,3773390840.0,37.78,,6.661498038206473,0.0678408388779573,-0.08364545666835826,0.13289205839729773,-0.004743330273093936,0.02345843472491317,-0.0488655068758848,low_ps,False,0,good,2026-05-15 10:43:41.233737
442,67.11409395973153,BANC,0.045175881320905,FINANCIAL SERVICES,3048189760.0,19.04,,12.323038199848801,0.07701981126004438,0.08114881929135541,0.5984477425767231,0.19187960115347702,0.6094866598607322,0.007123467435904503,low_ps,False,0,good,2026-05-15 10:32:37.158261
443,67.03952274422073,LYV,0.04477634555377966,COMMUNICATION SERVICES,37946433810.48,163.28,,453.5520684931572,0.03251459692265593,0.002204818519122435,0.45405328014434304,0.034476652991736245,2.3166096876175897,0.0032094792361481617,low_pe,False,1,partial,2026-05-15 10:16:43.115210
444,66.96495152870992,RPM,0.044731194375016305,BASIC MATERIALS,12874142670.0,100.81,,19.332460378956473,0.04467909162917487,0.0517264735267999,0.413553427067806,0.11992928818099861,0.015538000726577154,0.08445950830562761,low_ps,False,0,good,2026-05-15 10:21:06.251175
445,66.8903803131991,SKY,0.04429999510306589,CONSUMER CYCLICAL,4127915640.0,72.84,,19.32816238235707,0.06291189613555184,0.051737975924333574,0.2627306894547816,0.09771688943444952,0.5775338846180651,0.10101143869291,low_ps,False,0,good,2026-05-15 10:21:51.298867
446,66.81580909768829,CVI,0.04412347538085297,ENERGY,3371774999.9999995,33.55,,88.6137233201581,0.06317147496496653,-0.012456347176190583,0.0142761841227485,-0.0057371581054036025,0.10540540540540541,-0.010878010878010878,low_ps,False,0,good,2026-05-15 10:37:11.140086
447,66.74123788217747,PHG,0.04410931756474138,HEALTHCARE,26282519940.0,27.21,,29.365944067039106,0.02873264712531214,0.0340530513072256,0.4518335763149041,0.0798474823371089,0.7383275125957116,0.03321704275534442,low_ps,False,0,good,2026-05-15 10:19:47.021586
448,66.66666666666667,AOS,0.043820045105830055,INDUSTRIALS,8155186200.0,58.6,,15.457138362395753,0.07939732878202094,0.06469502805466294,0.38765445053647785,0.18547181195729165,0.104693595067321,0.14453606552886067,low_ps,False,0,good,2026-05-15 10:31:14.762657
449,66.59209545115586,GVA,0.04379769223805402,INDUSTRIALS,6175894520.0,141.88,,33.39043317474049,0.04893088750485978,0.029948698022776464,0.1589874446256084,0.05974493330921009,1.5759937258026366,0.04893589043821381,low_ps,False,0,good,2026-05-15 10:42:48.963454
450,66.51752423564504,ES,0.043696820885598356,UTILITIES,25046576167.140003,66.51,,14.79969591014027,-0.001800525536866203,0.06756895588069702,0.478384394937558,0.22060409693565416,1.1068425118353276,0.02653171755477407,low_ps,False,0,good,2026-05-15 10:39:32.990012
451,66.44295302013423,MATX,0.043525961182010624,INDUSTRIALS,5591232000.0,182.72,,13.030137497086926,0.0429243501253391,0.0767451609949292,0.22419660874017408,0.13649369032918712,0.29293073840870065,0.09362862753654812,low_ps,False,0,good,2026-05-15 10:16:55.742686
452,66.36838180462341,EZPW,0.04307828036085376,FINANCIAL SERVICES,2797571400.0,33.54,,19.081202340840576,0.04749583871210579,0.052407598962442924,0.5859121795036751,0.13640673016887722,0.2656201812155731,0.06893782411436755,low_ps,False,1,partial,2026-05-15 10:40:05.384109
453,66.2938105891126,TPH,0.04286059296826437,CONSUMER CYCLICAL,3999048130.8,46.95,,21.754056088777677,0.028288231674113262,0.04596843898531055,0.20560814354239174,0.0777496681958621,0.3898666511933213,0.03704514255820458,low_ps,False,1,partial,2026-05-15 10:23:15.279663
454,66.2192393736018,EXPD,0.04270826025883863,INDUSTRIALS,21008368440.0,156.69,,25.11049408524844,0.04381834803731194,0.039823987397662,0.20232197749382416,0.09668865693887972,0.0976274077003518,0.17496716635157517,low_ps,False,0,good,2026-05-15 10:39:58.043307
455,66.14466815809097,DRH,0.042498699233733325,REAL ESTATE,2231381473.62,10.79,,21.44734211476355,0.07222834907674186,0.046625824060112196,0.5553630539241858,0.14738476597259298,1.2264674298365998,0.03456430176057344,low_ps,False,0,good,2026-05-15 10:38:18.129430
456,66.07009694258016,IPAR,0.04235464537956516,CONSUMER DEFENSIVE,3026005440.0,94.48,,15.047192405806038,0.06575533453105754,0.06645758045960419,0.6395671010153388,0.1802345148286302,0.38131495963023837,0.13034950475860832,low_ps,False,0,good,2026-05-15 10:15:13.668457
457,65.99552572706935,EXC,0.042128449839233265,UTILITIES,45051660000.0,43.91,,16.211464555595537,-0.048011549407946344,0.06168474147234531,0.2954086984588074,0.210320342128621,0.3826276064986568,0.023839752938148752,low_ps,False,0,good,2026-05-15 10:39:50.959963
458,65.92095451155853,DKS,0.04200516394639015,CONSUMER CYCLICAL,20536064640.0,225.81,,24.181725832400215,0.02597693420583234,0.04135354138620397,0.3292025847046085,0.07524240318975413,0.7043056949498461,0.04877460573612875,low_ps,False,0,good,2026-05-15 10:38:00.946883
459,65.84638329604773,J,0.041994701624681254,INDUSTRIALS,14093880580.0,118.43,,55.3880639164967,0.034347672896203864,0.018054431393514758,0.23404730376783311,0.046887960756679295,0.14239819325545097,0.022091265104904795,low_ps,False,0,good,2026-05-15 10:15:26.136197
460,65.7718120805369,BAC,0.041975379056160285,FINANCIAL SERVICES,380591925000.0,51.31,,12.007190743603497,0.14862900730224374,0.08328342751885763,0.631804403774664,0.2286702888189877,3.365123856068229,0.009066165244068822,low_ps,False,0,good,2026-05-15 10:32:32.623158
461,65.6972408650261,WERN,0.04194806528813127,INDUSTRIALS,2181922200.0,36.42,,61.15368092362331,-0.031409919198768864,-0.003924521231783607,0.0841175788663359,0.021397365977051618,0.2641040369892554,-0.002625025137458983,low_ps,False,0,good,2026-05-15 10:24:51.195898
462,65.62266964951529,NOC,0.04187183280697634,INDUSTRIALS,78306600000.0,549.52,,17.112456293706295,0.04220589324526924,0.05843696444488715,0.20518327943918616,0.11084098472868034,0.10113408939292862,0.0915071889935409,low_ps,False,0,good,2026-05-15 10:18:17.378939
463,65.54809843400447,VG,0.041774750042794774,ENERGY,30170750000.0,11.45,,12.25456945572705,-0.2253507121964154,0.08160221406494701,0.49299150265088243,0.3656038928026727,0.2717991631799163,0.04606518729184598,low_ps,False,0,good,2026-05-15 10:24:17.614096
464,65.47352721849367,ULTA,0.04164008884252953,CONSUMER CYCLICAL,23466405780.0,521.58,,20.344025144801076,0.04199854929807661,0.04915448112565622,0.39097025535753765,0.12497663969943887,0.23408158889639769,0.16479933547583514,low_ps,False,0,good,2026-05-15 10:23:58.269397
465,65.39895600298284,DIS,0.041559067290471104,COMMUNICATION SERVICES,191411440000.0,108.02,,17.053763364219527,0.037145115255389126,0.0586380834917704,0.3716007114730165,0.15502297893340736,0.4284750012053421,0.054693324627102045,low_ps,False,0,good,2026-05-15 10:37:59.765130
466,65.32438478747203,PFS,0.04127822699745791,FINANCIAL SERVICES,2925185424.0,22.4,,9.542309464392314,0.14669155550940555,0.1047964335815725,0.6343366610536445,0.3053326574796385,0.24076103737540158,0.01216382710842011,low_ps,False,0,good,2026-05-15 10:19:43.210494
467,65.24981357196123,OXY,0.04123253456032921,ENERGY,53035303000.0,53.03,,11.26493266779949,0.06725708722735119,0.08877105877946997,0.26233609385783296,0.12392167011732229,0.05863192182410423,0.05851063829787234,low_ps,False,0,good,2026-05-15 10:19:17.473801
468,65.1752423564504,FLR,0.041213885316789836,INDUSTRIALS,7622560000.0,43.31,,2.23210635155096,-0.057329820952540876,-0.006690665603156945,-0.007739938080495356,-0.024380804953560372,0.0,-0.006192326372025255,low_ps,False,0,good,2026-05-15 10:41:05.015599
469,65.1006711409396,MORN,0.04104715828587922,FINANCIAL SERVICES,6944310000.0,176.7,,17.24009433962264,0.06298681942482406,0.05800432296369258,0.6171264551108276,0.22659862860787752,0.10228889176257597,0.10104608283370545,low_ps,False,0,good,2026-05-15 10:17:26.770450
470,65.02609992542878,ITGR,0.04099048386480295,HEALTHCARE,3034235960.0,88.12,,21.39784599544432,0.030840712862687185,0.04673367591358979,0.23313362657773834,0.10410086281318941,0.0246970342853663,0.04156291886875795,low_ps,False,1,partial,2026-05-15 10:15:21.571159
471,64.95152870991797,LAUR,0.04093043726326167,CONSUMER DEFENSIVE,4668666140.0,32.81,,16.69909484362034,0.05645852414711324,0.05988348526459422,0.26920510448736534,0.23974914748802342,0.30952408562747874,0.12255939665440237,low_ps,False,0,good,2026-05-15 10:16:09.759174
472,64.87695749440716,PRA,0.04088018725389105,FINANCIAL SERVICES,1279731700.0,24.7,,19.62868997039741,-0.03056500046064343,0.05094583497462788,0.4008361214859317,0.08442751529044196,1.191239874855355,0.012040093880119099,low_ps,False,0,good,2026-05-15 10:20:10.401643
473,64.80238627889634,LNN,0.04084019404165418,INDUSTRIALS,1158556410.0,109.37,,19.675901124282465,0.06210918983219815,0.050823593475262885,0.2997034039424654,0.1064116904090135,0.04884041536032731,0.07029167427696223,low_ps,False,0,good,2026-05-15 10:16:27.696636
474,64.72781506338553,TMUS,0.040801379402103106,COMMUNICATION SERVICES,213390522390.0,193.63,,20.24001919662335,0.08528026360393222,0.049407067764383854,0.5434331160941125,0.20364520048602675,0.32952970033059614,0.04911327777441339,low_ps,False,0,good,2026-05-15 10:23:10.410643
475,64.65324384787472,WTFC,0.04079626736038396,FINANCIAL SERVICES,10326229080.0,151.64,,11.976702524840725,0.16270692689300673,0.0834954360706474,0.6284557456537617,0.27198491817775616,0.27791833134944754,0.011948775949388332,low_ps,False,0,good,2026-05-15 10:25:12.645728
476,64.5786726323639,PBH,0.0407126015244395,HEALTHCARE,2526490980.0,52.54,,13.546795888493895,0.1057541871770308,0.07381819348510003,0.563757708297285,0.2920206949720205,0.025501733987935933,0.053366155966261326,low_ps,False,1,partial,2026-05-15 10:19:27.787736
477,64.5041014168531,CUBI,0.040697226892470365,FINANCIAL SERVICES,2728346892.1000004,77.26,,9.715331721795115,0.12353011304240229,0.10293009324186295,0.5482910152667836,0.2595619978404681,0.16892095705787957,0.010850876251078648,low_ps,False,0,good,2026-05-15 10:37:04.247241
478,64.42953020134227,FULT,0.040529524451213,FINANCIAL SERVICES,3905582500.0,21.5,,9.928193389139846,0.06847096431838273,0.10072325959059884,0.6827390672294033,0.25945669005183075,1.3108239887691437,0.012202675659275405,low_ps,False,0,good,2026-05-15 10:41:36.445850
479,64.35495898583147,F,0.04051983024535449,CONSUMER CYCLICAL,50154720000.0,12.32,,11.303095048412157,0.19033103963096593,-0.12172333929887356,0.09176186789282685,0.018429271941051612,10.165315721004703,-0.021615669501547263,low_ps,False,0,good,2026-05-15 10:40:06.685696
480,64.28038777032066,ZBH,0.04044352473650571,HEALTHCARE,16120214000.0,82.33,,21.17458820438723,0.07931036145053658,0.047226420195166145,0.7003163202207107,0.15605527279646103,1.0660441503105027,0.033505562988521934,low_ps,False,0,good,2026-05-15 10:25:27.652573
481,64.20581655480984,ZION,0.040387666937747105,FINANCIAL SERVICES,9189875000.0,62.5,,9.552884615384615,0.09597519008691631,0.1046804227478611,0.6887175324675324,0.24959415584415584,0.296822599544354,0.010937162477119502,low_ps,False,0,good,2026-05-15 10:25:30.262584
482,64.13124533929904,NEU,0.040347893991024654,BASIC MATERIALS,6436348577.24,684.91,,15.665361072955838,0.07515270408294472,0.0638351069817578,0.3126483886055369,0.19565580525178736,0.02372797139883455,0.11724568730830738,low_ps,False,0,good,2026-05-15 10:18:08.234112
483,64.05667412378821,BR,0.03964676905741699,TECHNOLOGY,17491500000.0,149.5,,15.894139027714674,0.07411599919961123,0.06291627361861475,0.3131393141499256,0.17143520478538163,0.5257429251252974,0.12535310734463276,low_ps,False,0,good,2026-05-15 10:33:42.729440
484,63.982102908277405,RS,0.03963996949063599,BASIC MATERIALS,19193478460.0,369.29,,23.81324870967742,0.0318910405571164,0.04199343030393043,0.27217638652969883,0.0752312006255224,0.04951345163136806,0.07456542051751733,low_ps,False,0,good,2026-05-15 10:21:09.066264
485,63.9075316927666,AAP,0.03963334682770465,CONSUMER CYCLICAL,3413920000.0,56.15,,77.5890909090909,-0.08728968458546188,0.012888409804564842,0.43396884445477796,0.01871657754010695,1.359375,0.0037206155927617113,low_ps,False,0,good,2026-05-15 10:29:03.264691
486,63.832960477255774,CHRW,0.03944154566573811,INDUSTRIALS,20739903900.0,171.39,,34.623519896095566,0.041353711383397496,0.028882101040014947,0.08287490355088911,0.049002784561993716,0.07360328668635255,0.1144152932172191,low_ps,False,0,good,2026-05-15 10:35:18.624394
487,63.75838926174497,HSBC,0.03941148206174875,FINANCIAL SERVICES,311827376000.0,90.16,,13.987248230328852,0.08050928793371882,0.07149369079127933,0.509598646921341,0.2320063243338856,6.308060886581933,0.006743380466671164,low_ps,False,0,good,2026-05-15 10:43:51.702627
488,63.68381804623415,USB,0.039410931514773824,FINANCIAL SERVICES,86349150000.0,55.53,,11.05339861751152,0.11111863868955281,0.09046991197944623,0.6280915466961978,0.23181985972683647,3.455688854489164,0.011144111680775124,low_ps,False,0,good,2026-05-15 10:24:08.464422
489,63.60924683072334,PSKY,0.03927124309187103,COMMUNICATION SERVICES,12398620000.0,11.09,,11.888035193733547,0.03726221143966022,-0.0182278350332537,0.34772541541814217,-0.18002587850721874,0.40419336051252186,-0.005080021578852724,low_ps,False,0,good,2026-05-15 10:20:22.281404
490,63.534675615212535,LH,0.03926286427365756,HEALTHCARE,21066548000.0,254.12,,22.375515666489644,0.06569657259461778,0.04469170744063052,0.2778594759689484,0.11031376818766703,0.5727640709329221,0.049326508479549024,low_ps,False,0,good,2026-05-15 10:16:18.434429
491,63.46010439970171,HD,0.038882520435438016,CONSUMER CYCLICAL,316497650000.0,317.45,,22.35784473014976,0.039956062864921746,0.04472703035867723,0.33315521334928316,0.12684976591390731,0.8350146168732243,0.13469717874304202,low_ps,False,0,good,2026-05-15 10:43:11.221328
492,63.3855331841909,CSGS,0.03874814875992638,TECHNOLOGY,2321856680.0,80.38,,36.48194142417195,0.05660039275120116,0.02741082192894008,0.4833536419816931,0.13918507912292497,0.02942477256822953,0.04296220791888727,low_ps,False,0,good,2026-05-15 10:36:49.040118
493,63.31096196868009,AGO,0.03873282072391348,FINANCIAL SERVICES,3407270000.0,75.05,,6.77389662027833,0.07601393490976648,0.14762551837688237,0.929064039408867,0.6522167487684729,0.0,0.0413107752956636,low_evebitda,False,0,good,2026-05-15 10:30:03.732403
494,63.23639075316927,CRK,0.03855130379410755,ENERGY,4107569700.0,14.1,,6.286762896254484,-0.013193446236590946,0.15906437327162093,0.5037672826295088,0.21531007906557417,0.028944922813744722,0.09019560040922701,low_ps,False,0,good,2026-05-15 10:36:36.866878
495,63.161819537658474,NWN,0.03851186392657461,UTILITIES,2065669320.0,50.44,,16.808818474758322,-0.13202694030426904,0.059492581319840684,0.3967834633234849,0.2694841312441559,0.40881591736834094,0.019145136592850533,low_ps,False,0,good,2026-05-15 10:18:42.448354
496,63.08724832214765,PNFP,0.0383557433073768,FINANCIAL SERVICES,7610588145.81,97.89,,11.678287499689269,0.10607471913250922,0.08562899312305915,0.6866147667371536,0.19915700027985256,0.35114921561473916,0.005308367137481062,low_ps,False,0,good,2026-05-15 10:19:59.219583
497,63.012677106636836,CBRE,0.03831379565009278,REAL ESTATE,43458166827.32001,146.33,,33.12360276472562,0.020640539292975893,0.030189952678243443,0.34991818246496076,0.037564920435411576,2.186428038777032,0.04348690752403049,low_ps,False,1,partial,2026-05-15 10:34:27.430065
498,62.93810589112603,DORM,0.03824199027643492,CONSUMER CYCLICAL,3776406990.0,124.13,,19.850751629520605,0.018727589528161528,0.05037592624517412,0.4066766849633052,0.15577878002060985,0.27841624465982173,0.07812310713468804,low_ps,False,0,good,2026-05-15 10:38:12.325691
499,62.863534675615206,AIR,0.038217252361788,INDUSTRIALS,4475640000.0,117.78,,26.173333333333332,0.011752509138357866,0.038206826286296486,0.18998245302281067,0.08623384909873984,0.0,0.05131282820705176,low_ps,False,0,good,2026-05-15 10:30:11.699520
500,62.788963460104405,EXLS,0.03796919206553729,TECHNOLOGY,4876582629.24,31.08,,19.386984241966452,0.06082169062850977,0.051580998236710196,0.3847189467276708,0.15167331089178498,0.06134519626924146,0.15004900443157543,low_ps,False,1,partial,2026-05-15 10:39:55.403833
501,62.71439224459358,RLI,0.03779157552732078,FINANCIAL SERVICES,4521772350.0,49.05,,11.447293092798121,0.12124803231193186,0.0873568966823374,0.3750990834028124,0.2670203560102873,0.19529495396897936,0.06170242445003556,low_ps,False,0,good,2026-05-15 10:20:55.649421
502,62.639821029082775,AMN,0.03733931462451038,HEALTHCARE,1109898640.0,28.97,,18.78873008691062,0.21067509371846785,-0.08622589176251265,0.25703799659320936,-0.03465023261912322,0.05941974527331698,-0.045700625612731346,low_ps,False,1,partial,2026-05-15 10:30:50.169044
503,62.56524981357197,BKR,0.03731625729422424,ENERGY,63634440000.0,63.89,,20.42183568677792,0.03603394639757968,0.0489671944940507,0.23565052163625283,0.12956655791775715,0.3307709202723479,0.06122288588494184,low_ps,False,0,good,2026-05-15 10:33:25.133976
504,62.490678598061145,SHO,0.037231790443094895,REAL ESTATE,1979127320.0,10.49,,52.26108581991022,0.0748658252062328,0.01913469619529076,0.20091502074520426,0.08804284975197053,0.03586190192867636,0.012580797656456852,low_ps,False,0,good,2026-05-15 10:21:43.973615
505,62.41610738255034,BC,0.03655600798445581,CONSUMER CYCLICAL,5441886000.0,81.71,,100.6204705953379,0.06249671547695046,-0.025083215635167664,0.24212280987842222,0.053233317026326755,0.815098104423013,-0.024792037487740202,low_ps,False,0,good,2026-05-15 10:32:48.139907
506,62.34153616703952,HLT,0.03655310442796526,CONSUMER CYCLICAL,73492960000.0,316.78,,47.660804150453956,0.029689918599005948,0.02098160150305553,0.44287924436120835,0.23084439377900823,0.016655562958027982,0.09411046689044858,low_ps,False,0,good,2026-05-15 10:43:23.871914
507,62.266964951528706,SMCI,0.03648663759039554,TECHNOLOGY,23825161260.0,35.37,,13.376798281493093,-0.28749778120074726,0.07475630408387843,0.08393782518718135,0.04483097224984322,1.4259959692267272,0.0759457102837456,low_ps,False,1,partial,2026-05-15 10:21:58.480893
508,62.192393736017905,XOM,0.036337694449263346,ENERGY,604736310000.0,144.57,,23.889401516947142,0.031074700971734277,0.04185956685815674,0.2549231920689063,0.09011128561262301,0.4808723277516712,0.05450787020090007,low_ps,False,0,good,2026-05-15 10:25:21.843692
509,62.11782252050708,TNC,0.03585960859617842,INDUSTRIALS,1551137013.3600001,87.12,,50.19860884660194,0.010572889344233422,0.019920870776634923,0.39450222882615155,0.04804358593363051,0.0034602076124567475,0.02420491931693561,low_ps,False,0,good,2026-05-15 10:23:11.389096
510,62.043251304996275,CVCO,0.035593856180960365,CONSUMER CYCLICAL,3867408824.86,484.54,,20.97065841481401,0.05307558866819067,0.047685674918703735,0.2342318825315426,0.09793547660727386,0.001216896036933422,0.12526873138408975,low_ps,False,1,partial,2026-05-15 10:37:09.360705
511,61.96868008948546,AVA,0.03531773949874938,UTILITIES,3361690280.0,40.82,,16.31888485436893,-0.10143706635579766,0.061278696977402694,0.5607720396452791,0.18935837245696402,1.1773700305810397,0.02450047573739296,low_ps,False,0,good,2026-05-15 10:31:59.918557
512,61.89410887397464,GPC,0.03528957731201046,CONSUMER CYCLICAL,14454501600.0,104.72,,240.55554520037276,0.03790895149231572,0.0041570440588556854,0.3617101364216512,0.04418528967879363,3.98715557991098,0.002864528373718934,low_ps,False,0,good,2026-05-15 10:42:31.906999
513,61.819537658463844,DTE,0.034928553313404435,UTILITIES,29244800000.0,140.6,,23.118418972332016,-0.0502653463179779,0.04325555312397418,0.3941936669320757,0.12476266307343664,0.7460200832721039,0.022954924874791317,low_ps,False,0,good,2026-05-15 10:38:21.217868
514,61.74496644295302,FIZZ,0.034834023706134656,CONSUMER DEFENSIVE,3290685300.0,35.14,,17.49499077583961,0.0501831639749933,0.057159218476467495,0.38089621163833753,0.20547323820590596,0.055684056586879964,0.237350010284288,low_ps,False,0,good,2026-05-15 10:40:58.350819
515,61.67039522744221,FLS,0.034723431247452766,INDUSTRIALS,9148740600.0,71.13,,25.842293981729945,0.0477278808189184,0.038696255088924485,0.3552755155506593,0.1263990478372383,0.20696821784279432,0.0617498901129569,low_ps,False,0,good,2026-05-15 10:41:07.308062
516,61.5958240119314,GNTX,0.034658907013101,CONSUMER CYCLICAL,5006231870.0,23.39,,12.888625970694047,0.09149364470008058,0.07758778959632967,0.34319149285266387,0.1861427849258946,7.142063254932585,0.12957625270786946,low_ps,False,0,good,2026-05-15 10:42:24.815784
517,61.521252796420576,BDX,0.03434526174464299,HEALTHCARE,41936035200.0,149.43,,23.867976778599886,0.0627384059425818,0.04189714148275038,0.4576472198148064,0.12402499657893537,1.0292328820875025,0.032038073703980596,low_ps,False,0,good,2026-05-15 10:32:57.512950
518,61.44668158090977,TKR,0.03430815848910317,INDUSTRIALS,8282047161.33,117.97,,26.20901000420886,0.0462687536710987,0.03815481774547805,0.28124464988871767,0.12636962848827255,0.060851063829787236,0.045920220882075126,low_ps,False,0,good,2026-05-15 10:23:06.618845
519,61.37211036539896,FE,0.034227708202132646,UTILITIES,25711400000.0,44.33,,24.142159624413143,-0.1031060152305981,0.04142131505868992,0.5377085077606749,0.18722225800218972,0.7795311091073038,0.018711457033926595,low_ps,False,0,good,2026-05-15 10:40:35.681100
520,61.29753914988814,AZZ,0.034089418598763736,INDUSTRIALS,4450287600.0,147.6,,14.02725713925487,0.07300157410051432,0.07128977462040881,0.23935506157277223,0.1603661640647726,0.015333353356147564,0.14333125214030074,low_ps,False,0,good,2026-05-15 10:32:27.729725
521,61.22296793437734,GD,0.03379743742435742,INDUSTRIALS,94993922370.0,346.53,,21.88295838977194,0.06527786036507886,0.04569766035233144,0.1524122807017544,0.10236396074933095,0.5608820709491851,0.07354012434566061,low_ps,False,0,good,2026-05-15 10:41:51.001002
522,61.148396718866515,ASB,0.03367581844943732,FINANCIAL SERVICES,4749092650.0,28.55,,9.638404813222765,0.12966434756752956,0.10375160821509767,0.5940759725992509,0.24647697435576102,5.1424231351148935,0.010806878312680644,low_ps,False,0,good,2026-05-15 10:31:43.963849
523,61.07382550335571,PRSU,0.03351595422243946,CONSUMER CYCLICAL,1178908240.0,42.32,,21.918863030839397,-0.010865985634301785,0.04562280436686065,0.31211841879608987,0.15575373006345394,0.04156905661667892,0.053522465262954684,low_ps,False,0,good,2026-05-15 10:20:19.838820
524,60.99925428784489,BURL,0.03344723713573784,CONSUMER CYCLICAL,19530966890.0,304.51,,32.009949783087194,-0.04910002691628136,0.031240286435199625,0.4190673740724638,0.08949874910372321,0.44457851932168924,0.06151320634612746,low_ps,False,1,partial,2026-05-15 10:33:51.446556
525,60.924683072334076,BEN,0.033380344639765525,FINANCIAL SERVICES,16093214968.95,31.05,,19.819230257327586,0.05663256234123766,0.050456046325526645,0.7380422383910872,0.09344717986201093,0.1648376513180224,0.023805475259309643,low_ps,False,0,good,2026-05-15 10:33:00.391228
526,60.85011185682326,BK,0.033309918204221696,FINANCIAL SERVICES,91110402000.0,130.5,,15.284415702063411,0.01596963648563421,0.06542611896279418,0.5052025680761567,0.18576734804319484,5.1840812681402095,0.010615885182461083,low_ps,False,0,good,2026-05-15 10:33:19.026969
527,60.77554064131245,DCOM,0.033257164290577464,FINANCIAL SERVICES,1602428863.56,37.22,,12.943063046702099,0.10248192836165242,0.07726146402839323,0.5741686311477725,0.23751013618459893,2.0881476738034914,0.008254006816092507,low_ps,False,0,good,2026-05-15 10:37:37.623093
528,60.700969425801645,SNY,0.03320904519205793,HEALTHCARE,104307804000.0,43.31,,13.806459827928524,0.07321599829673338,0.07242986344530847,0.721839760104743,0.13363179456856866,0.9584983367654047,0.05901237268012248,low_ps,False,0,good,2026-05-15 10:22:06.536007
529,60.62639821029083,FIS,0.03283229493505671,TECHNOLOGY,22484330000.0,43.49,,58.859502617801056,0.12493145226030751,0.016989610097343347,0.3811840293712712,0.17503441945846718,2.235032024505709,0.011407071189679886,low_ps,False,0,good,2026-05-15 10:40:50.333782
530,60.551826994780015,SCI,0.03278602264559752,CONSUMER CYCLICAL,10875204160.0,77.72,,17.364957710135993,0.05784213250117044,0.0575872407346144,0.26205760055186156,0.22426464052696501,0.09210019794309558,0.033716364081151244,low_ps,False,0,good,2026-05-15 10:21:32.656523
531,60.4772557792692,AUB,0.032783689449819575,FINANCIAL SERVICES,5394829534.12,37.96,,15.589199432818395,0.4217617972188903,0.06414697587964646,0.6300597715924935,0.19678241201203717,1.904264688429771,0.00927406935509144,low_ps,False,0,good,2026-05-15 10:31:58.268594
532,60.40268456375839,DGX,0.03267422734932302,HEALTHCARE,20987680000.0,187.39,,20.49578125,0.06317992269750634,0.04879052853864744,0.33232842702606846,0.14311048058166342,0.5959595959595959,0.06141666166856594,low_ps,False,0,good,2026-05-15 10:37:50.016388
533,60.32811334824757,AYI,0.03244999471776644,INDUSTRIALS,9199415460.0,293.33,,21.408925901791946,0.06066689806832575,0.04670948951793509,0.4873231453423732,0.13381003248239629,0.03773314203730273,0.09426346385872546,low_ps,False,0,good,2026-05-15 10:32:23.645640
534,60.25354213273677,PRDO,0.03243885609796648,CONSUMER DEFENSIVE,2286053240.0,36.04,,14.295516590167214,0.09477644536397586,0.06995200164279639,0.7173287664756718,0.23165929161702692,0.044197067376486696,0.12569770266095798,low_ps,False,0,good,2026-05-15 10:20:12.299799
535,60.178970917225946,BA,0.03222720297072518,INDUSTRIALS,194203636320.48,237.36,,85.66547698300838,-0.012301520431149952,0.011673313862460002,0.04808860539789985,-0.05869782174780873,0.8008415147265077,0.013757153173490628,low_ps,False,0,good,2026-05-15 10:32:30.912545
536,60.10439970171514,NUE,0.03212972298608274,BASIC MATERIALS,52165750000.0,227.5,,22.379129129129126,0.010198262269784293,0.04468449126102855,0.13975409833138172,0.10043911007025762,0.05030549898167006,0.06541321734250036,low_ps,False,0,good,2026-05-15 10:18:31.853261
537,60.02982848620433,ST,0.032109107341941175,TECHNOLOGY,6586738000.0,44.93,,135.96321601816493,0.07718441586715609,0.007354930467858293,0.27953868976388224,0.14219549929793526,0.0031201329257749834,0.007108584005869406,low_ps,False,0,good,2026-05-15 10:22:19.628678
538,59.95525727069351,VIST,0.031956118793021585,ENERGY,7190186389.409999,65.21,,9.63446977254089,-0.11857297486135936,0.10379398385265483,0.4936859899238892,0.2836180830149786,1.272290730304029,0.09666632946269807,low_ps,False,1,partial,2026-05-15 10:24:20.495817
539,59.8806860551827,BHE,0.031934494380835746,TECHNOLOGY,3101960760.0,85.51,,90.61846747100581,0.027992294783251867,0.011035278215447187,0.10101256218979052,0.04108075651181088,0.04777861301871648,0.01633008029317911,low_ps,False,0,good,2026-05-15 10:33:10.495448
540,59.806114839671885,XYZ,0.03192108906104066,TECHNOLOGY,44729312100.0,74.85,,34.296096564203616,0.05420776412968802,0.029157837193744818,0.428208016117265,0.07061372177191873,1.4117089465272805,0.03297632683501725,low_ps,False,1,partial,2026-05-15 10:25:25.108546
541,59.73154362416108,ATR,0.03187010803886766,HEALTHCARE,8165736090.0,120.99,,21.11837401885353,0.03985764374611328,0.047352130382161295,0.2899207897552743,0.13023840460407402,0.5541536078501311,0.07584963895089297,low_ps,False,0,good,2026-05-15 10:31:55.082676
542,59.65697240865027,DAR,0.03181036974191115,CONSUMER DEFENSIVE,10164276720.0,63.12,,45.52316951589281,0.0668252172496933,0.021966836022937402,0.16745753925236637,0.07339271188862909,0.0767243256066076,0.07694558322006843,low_ps,False,1,partial,2026-05-15 10:37:33.470104
543,59.58240119313945,MSM,0.031724689315263684,INDUSTRIALS,5829252000.0,104.28,,28.15696503354635,0.03688020349780727,0.03551519131442593,0.40779377255870286,0.08448389131851623,1.6370501477871864,0.08447264728455858,low_ps,False,0,good,2026-05-15 10:17:42.445807
544,59.50782997762863,WTW,0.031646757614791445,FINANCIAL SERVICES,24560942034.72,256.36,,14.733618497132575,0.06404477473935509,0.06787198950445322,0.38163079721127613,0.22734161867232494,0.4555596876162142,0.0562472584944495,low_ps,False,0,good,2026-05-15 10:25:15.009286
545,59.43325876211782,EGO,0.031366079215622455,BASIC MATERIALS,6859830571.4,34.15,,11.944378384074193,-0.04853108433727052,0.08372139326508031,0.4943943357864581,0.4382897633380989,0.09571651980420427,0.08571823475961593,low_evebitda,False,0,good,2026-05-15 10:38:52.518842
546,59.358687546607,HTH,0.031322176583746565,FINANCIAL SERVICES,2235656320.0,37.76,,13.859292422711407,-0.06567512129950279,0.0721537557257459,0.7941940886705697,0.13435530674594176,6.106484192696837,0.010273371504617034,low_ps,False,0,good,2026-05-15 10:43:56.242845
547,59.2841163310962,NHC,0.031171845133381677,HEALTHCARE,2977787131.74,188.82,,24.811791290588676,0.04991357455196953,0.040303418172766454,0.46428399459914765,0.08061966007874374,0.21814306228684258,0.07862520055109377,low_ps,False,0,good,2026-05-15 10:18:10.888182
548,59.209545115585385,VAC,0.031125642988726294,CONSUMER CYCLICAL,2691488000.0,77.12,,10.740263548273768,-0.010774709008548431,-0.1270672579628815,0.5025873221216042,0.10845191893057353,0.4583333333333333,-0.03549190535491906,low_ps,False,0,good,2026-05-15 10:24:13.519447
549,59.13497390007457,TRMK,0.03076755011818449,FINANCIAL SERVICES,2642101217.91,44.73,,11.658883569679238,0.0603076819767121,0.08577150582416462,0.6637581022497632,0.2398525872695104,1.202242103455275,0.011935173171322089,low_ps,False,0,good,2026-05-15 10:23:22.275102
550,59.06040268456376,NKE,0.03075635294292107,CONSUMER CYCLICAL,65371340000.0,44.14,,29.053928888888887,0.016031490252456197,0.03441875292750615,0.40812071448530834,0.06033574790963609,0.7478234764335034,0.06070580617310598,low_ps,False,0,good,2026-05-15 10:18:13.665002
551,58.98583146905294,WSM,0.030671064321886037,CONSUMER CYCLICAL,22033553700.0,182.1,,20.243297223449773,0.0480097316303543,0.04939906720539592,0.46152631239163316,0.1813443534470391,0.14301774444484647,0.20111875433303425,low_ps,False,0,good,2026-05-15 10:25:07.937997
552,58.91126025354213,BKNG,0.029916974638971895,CONSUMER CYCLICAL,131748420000.0,165.93,,21.408583035424115,0.06856249205872829,0.04671023758766898,1.0,0.3427962581717051,0.6338028169014085,0.222005772005772,high_div_yield,False,0,good,2026-05-15 10:33:24.125047
553,58.836689038031324,EOG,0.029860703336443698,ENERGY,69566050000.0,130.03,,12.655275604875387,0.060819897061857045,0.07901842924817494,0.7129201550057488,0.3692076821530469,0.03529449803202322,0.10298250215444565,low_ps,False,0,good,2026-05-15 10:39:17.254594
554,58.76211782252051,ICUI,0.029737295890861208,HEALTHCARE,3183760260.0,126.43,,4349.399262295082,0.028109842667613422,0.00022991680912557151,0.3681002192868426,0.027982381745580643,0.1795286281283922,0.00018071807289357286,low_pe,False,1,partial,2026-05-15 10:14:57.635781
555,58.6875466070097,VNO,0.029538539386527167,REAL ESTATE,6099401279.999999,32.16,,7.669598098758911,-0.04698231627088487,0.1303849285351496,0.7324667538002966,0.13297982080266557,0.4379627045856387,0.30142245839318677,low_evebitda,False,0,good,2026-05-15 10:24:25.295726
556,58.61297539149888,SHOO,0.029510147995166387,CONSUMER CYCLICAL,2918884360.0,40.61,,38.37607625558769,0.029799741706793757,0.026057901108490645,0.44827998637643046,0.047847282367463516,0.4165146875736061,0.03890616687809469,low_ps,False,0,good,2026-05-15 10:21:44.913369
557,58.53840417598807,SANM,0.02894585761200121,TECHNOLOGY,13736983550.0,248.35,,52.913107729167145,0.05345627716064347,0.01889890885106287,0.08528172058781147,0.04605967524375537,0.6654222239416595,0.026849892476943794,low_ps,False,1,partial,2026-05-15 10:21:22.012059
558,58.463832960477255,WFC,0.028919804421316087,FINANCIAL SERVICES,243364136000.0,75.64,,11.197392840710409,0.004844592220441223,0.08930650323924474,0.6454807990644168,0.20465086676690772,9.466259222901295,0.009853328932717731,low_ps,False,0,good,2026-05-15 10:24:52.919332
559,58.38926174496643,SGI,0.028908652665273073,CONSUMER CYCLICAL,14735306000.0,69.31,,38.36320229107003,0.04297162203485968,0.026066645646856602,0.427994382398181,0.10163846719721795,0.6115572967678746,0.03307215429653866,low_ps,False,0,good,2026-05-15 10:21:42.178589
560,58.31469052945564,KNX,0.028628559946513064,INDUSTRIALS,10448796750.0,64.05,,307.4079655781112,0.09083112847419489,0.0032530061415923326,0.2476985678169047,0.028654201492885778,0.614249607694917,0.0028451238143643344,low_pe,False,0,good,2026-05-15 10:15:57.433220
561,58.24011931394482,ZBRA,0.028611078806212893,TECHNOLOGY,11448915409.82,226.03,,27.324380453031026,0.07258329459638004,0.03659735311177284,0.47312824314306895,0.14510748702742773,0.2722007722007722,0.04928252175958599,low_ps,False,1,partial,2026-05-15 10:25:28.495286
562,58.16554809843401,STWD,0.02859320706442468,REAL ESTATE,5984323750.0,17.75,,14.54115173590187,0.12410241006763714,0.0687703435162578,0.8060987886960482,0.763314582994979,2.002839810643036,0.00651348740460245,high_div_yield,False,0,good,2026-05-15 10:22:30.559001
563,58.090976882923194,CVX,0.02849064179180739,ENERGY,360679158000.0,181.62,,32.76220891997457,0.03707172899632864,0.030522972441895297,0.2543050347791938,0.08401340599396408,0.07416841844936317,0.0339771366492599,low_ps,False,0,good,2026-05-15 10:37:16.860284
564,58.01640566741237,KWR,0.02842933585640506,BASIC MATERIALS,2572093295.22,147.54,,603.9195339798074,0.04621799692138774,0.001655849734500285,0.3437713341144918,0.0405352717969431,0.4978227087211189,0.0015200253254278216,low_pe,False,0,good,2026-05-15 10:16:06.588663
565,57.94183445190156,SR,0.028414159479880154,UTILITIES,5073440000.0,85.7,,14.159754395757746,-0.04003200983947775,0.07062269387240215,0.7329777346749101,0.22051157716086797,3.0383762815184263,0.024423661572439366,low_ps,False,0,good,2026-05-15 10:22:14.555623
566,57.867263236390755,ONB,0.028165793844906882,FINANCIAL SERVICES,9429712200.0,24.3,,12.435823914964326,0.07648600346466565,0.080412846534171,0.6447291095280275,0.24787877115018356,0.432526961967282,0.010386883073602355,low_ps,False,0,good,2026-05-15 10:19:03.185620
567,57.79269202087993,BKU,0.027819397717129855,FINANCIAL SERVICES,3655388862.5,47.5,,13.450501028458307,0.09810556783136229,0.0743466728774058,0.503446213403851,0.1690676738824826,4.137848251878663,0.007685991529136055,low_ps,False,0,good,2026-05-15 10:33:26.182219
568,57.71812080536913,SLB,0.027626986519833894,ENERGY,80704050000.0,53.27,,24.418774583963696,0.057952481938638764,0.040952095960487725,0.1733166388425153,0.14435169727323316,0.5496313102665911,0.06061328540512783,low_ps,False,0,good,2026-05-15 10:21:54.021108
569,57.64354958985831,DY,0.027474892829998907,INDUSTRIALS,12602165130.0,428.31,,44.81741864013173,0.03187642725325882,0.022312753173708018,0.20557791035991915,0.1252513563143447,0.05215520862394589,0.04702800483410607,low_ps,False,1,partial,2026-05-15 10:38:31.211851
570,57.5689783743475,CHE,0.027446870988201488,HEALTHCARE,5801755500.0,424.26,,22.33308376606629,0.06500032619437342,0.04477661976620697,0.3031818332107876,0.129131982548647,0.09988290648922667,0.16914993016737043,low_ps,False,0,good,2026-05-15 10:35:13.296958
571,57.494407158836694,SAFE,0.02735135955890234,REAL ESTATE,1088981750.0,15.13,,9.555321323903621,0.027837013797522316,0.10465372812721609,0.975368228555128,0.5120713763584914,0.0015870032784146672,0.01543867520490457,low_ps,False,0,good,2026-05-15 10:21:16.618798
572,57.41983594332587,BRC,0.026930364244910215,INDUSTRIALS,3739004220.0,78.33,,18.317138532083128,0.045403800052410744,0.054593680025319676,0.508839353363211,0.16354157838358646,0.05748648568520294,0.11183760683760682,low_ps,False,0,good,2026-05-15 10:33:43.961183
573,57.34526472781507,MRTN,0.02669399713602064,INDUSTRIALS,1270066020.0,15.58,,87.64516044441378,-0.04020657130878913,0.011409643098710726,0.03275364398756519,0.005970885135401018,0.0023934084238273513,0.015298339257643628,low_ps,False,0,good,2026-05-15 10:17:35.028089
574,57.27069351230425,SSB,0.02658850848347315,FINANCIAL SERVICES,9524235000.24,96.28,,10.181915465930873,0.05355579739340185,0.09821334731623367,0.7113932048442182,0.32198302639808907,0.4926359506495754,0.013760189639119588,low_ps,False,0,good,2026-05-15 10:22:17.254383
575,57.19612229679344,FFBC,0.02653105725788033,FINANCIAL SERVICES,3201231393.0,30.6,,11.483949794982728,0.09759963015581985,0.08707805396684112,0.70044979446975,0.26365747760786207,1.502769193777989,0.012246591974362892,low_ps,False,0,good,2026-05-15 10:40:38.807411
576,57.12155108128263,MMSI,0.026447471865739914,HEALTHCARE,3676996510.0,61.27,,26.389232651772325,0.05846184499098151,0.0378942432012262,0.486510188657721,0.12131496492726832,0.03477377534555433,0.051240326497710424,low_ps,False,1,partial,2026-05-15 10:17:20.276351
577,57.04697986577181,RAMP,0.02627892452736463,TECHNOLOGY,1952978300.0,30.38,,28.397456850799003,0.08666506944803228,0.03521442096924477,0.7039890795553388,0.07122548304867442,0.1025096588483807,0.05418725421987389,low_ps,False,1,partial,2026-05-15 10:20:35.919933
578,56.972408650260995,FELE,0.02621013711075843,INDUSTRIALS,4440498000.0,99.34,,29.513206343298464,0.038169367489862625,0.033883136531082776,0.35240622300637736,0.1285544283325063,0.5600991985652637,0.0753584281002622,low_ps,False,0,good,2026-05-15 10:40:37.278998
579,56.89783743475019,SFL,0.026137239981801594,INDUSTRIALS,1593573420.0,12.0,,29.341369327557263,0.13784178202470268,-0.016585994512885387,0.3324487669329628,0.23726432789162905,2.9797446816880906,-0.007264970068521221,low_ps,False,0,good,2026-05-15 10:21:39.708230
580,56.823266219239365,GEN,0.026053105104879366,TECHNOLOGY,13812120000.0,22.68,,22.905671641791045,0.10983107589566266,0.04365730966716189,0.7768140469642479,0.3691559128411254,0.2200825309491059,0.03808982376350199,low_ps,False,0,good,2026-05-15 10:41:57.784289
581,56.748695003728564,OTTR,0.02597153094794328,INDUSTRIALS,3703510130.0,88.03,,12.481119573752482,-0.010544051083775487,0.08012101751696842,0.3911890304061475,0.2705160519290982,0.5770315303768264,0.07145259991490098,low_ps,False,0,good,2026-05-15 10:19:14.069503
582,56.67412378821774,PIPR,0.02590576149517495,FINANCIAL SERVICES,5772172050.0,81.03,,20.493549091451335,0.11598077711491639,0.04879584280582905,0.9733864962890015,0.2175883113555753,0.06581530922404916,0.10863727635782132,low_ps,False,0,good,2026-05-15 10:19:49.935840
583,56.59955257270693,TTC,0.025853206885347608,INDUSTRIALS,9387650000.0,95.5,,28.3443538647343,0.07036904869695823,0.03528039498703083,0.3308880054470777,0.09273210481231742,0.03424657534246575,0.08945307224848076,low_ps,False,0,good,2026-05-15 10:23:33.760195
584,56.524981357196125,TDS,0.02561129032106315,COMMUNICATION SERVICES,5460968520.0,46.47,,57.24807759773728,0.0266075512920188,-0.0011496129261701,0.4940429295056815,0.005099970025842222,0.04000623434116007,-0.0007475319716376034,high_div_yield,False,0,good,2026-05-15 10:22:48.819315
585,56.4504101416853,OPLN,0.02561075235014106,CONSUMER CYCLICAL,4103487000.0,37.89,,23.00160874439462,0.08200342781639128,0.04347521997754593,0.4647155770863507,0.10922439194925836,3.124553036352801,0.036411878763139095,low_ps,False,0,good,2026-05-15 10:19:04.999599
586,56.3758389261745,BVN,0.02559116990249497,BASIC MATERIALS,8980975617.119999,35.36,,8.736764662646188,0.02806965754582915,0.11445884587866652,0.506754769996262,0.3619616879970241,0.007725287076682292,0.1706751419239808,low_evebitda,False,0,good,2026-05-15 10:33:52.715303
587,56.30126771066368,NJR,0.025523343970192208,UTILITIES,5637325100.0,55.55,,16.511263447395166,-0.028536761167100334,0.06056471712089126,0.2774403292106599,0.2405208520895521,0.6512464033129857,0.042982757068733154,low_ps,False,0,good,2026-05-15 10:18:12.758558
588,56.22669649515287,PKG,0.025384869194130476,CONSUMER CYCLICAL,20010969000.0,224.59,,27.027240680713128,0.036410030918542724,0.03699970751041591,0.20482633651978602,0.13161749546988422,0.05551326663766855,0.06777364846310162,low_ps,False,0,good,2026-05-15 10:19:51.979684
589,56.152125279642064,AX,0.025318687397919926,FINANCIAL SERVICES,5025217920.860001,86.98,,10.554940907202464,0.0737174000877166,0.09474235893804213,0.6242221343049305,0.30778748835373604,4.929385493482336,0.01627752155237108,low_ps,False,1,partial,2026-05-15 10:32:16.019218
590,56.07755406413124,PAYC,0.025278151956746903,TECHNOLOGY,7007744000.0,136.87,,14.919616776665958,0.06334420892087382,0.0670258502593702,0.8101380727151115,0.28297740193970666,0.03558099029609355,0.09741175494628562,low_evebitda,False,0,good,2026-05-15 10:19:24.192996
591,56.002982848620434,PEG,0.025278095049454052,UTILITIES,38565000000.0,77.13,,17.0415377817057,-0.001659535848567354,0.058680150395436274,0.47334688135063313,0.25465061747694234,0.44809866392600206,0.039054275606178274,low_ps,False,0,good,2026-05-15 10:19:35.384938
592,55.92841163310962,ECG,0.025123588751832366,INDUSTRIALS,8356092360.0,163.24,,37.4018296078133,0.02747994997029927,0.02673665995716687,0.12442758644743071,0.07365966329105159,0.1397515985066465,0.12091157501541067,low_ps,False,1,partial,2026-05-15 10:38:37.624708
593,55.853840417598796,CL,0.025017193705569336,CONSUMER DEFENSIVE,70486505000.0,87.55,,33.77408001916627,0.05344285406121356,0.029608504493165037,0.6006251502765088,0.21207020918490022,0.018381414347715088,0.12564720048163755,low_ps,False,0,good,2026-05-15 10:35:27.584445
594,55.779269202088,FLEX,0.024906556712184075,TECHNOLOGY,53171579999.99999,142.17,,60.42224999999999,0.02185377978235742,0.01655019467166483,0.09217596904778964,0.049401733896969266,0.7687927107061503,0.03989120580235721,high_div_yield,False,0,good,2026-05-15 10:41:00.109743
595,55.70469798657718,RL,0.024728855045284565,CONSUMER CYCLICAL,22367280000.0,358.45,,24.351965160587913,0.031049819200188847,0.04106444771112089,0.6964930869004609,0.150310860323499,0.1749149177538287,0.11754843993959405,low_ps,False,0,good,2026-05-15 10:20:54.679087
596,55.630126771066365,MMM,0.02458904999759697,INDUSTRIALS,76344912000.0,143.29,,27.393222820236815,0.026982806660383604,0.03650537969052869,0.39514066496163686,0.19601182864450128,0.6571087216248507,0.07864883169657975,low_ps,False,0,good,2026-05-15 10:17:18.495259
597,55.55555555555556,NWS,0.02453279324128817,COMMUNICATION SERVICES,17580565000.0,31.31,,40.04684510250569,0.03674512167271075,0.024970756059318915,0.5501043841336117,0.15170494084899094,0.08585164835164835,0.028304319793681497,low_ps,False,0,good,2026-05-15 10:18:43.228394
598,55.480984340044735,ED,0.02451119018917386,UTILITIES,38739364000.0,106.31,,19.158933728981207,-0.03474502059455597,0.05219497150237159,0.6201678685423809,0.17324742877408678,0.6777904004544164,0.027103467688966928,low_ps,False,0,good,2026-05-15 10:38:42.080450
599,55.40641312453394,STZ,0.02428654576195437,CONSUMER DEFENSIVE,25740964590.0,148.21,,15.261139852967332,0.06969435794558156,0.06552590498707493,0.5166599188068325,0.3133487257487389,0.575550517128925,0.07701650647245498,low_ps,False,0,good,2026-05-15 10:22:32.319167
600,55.33184190902312,CFG,0.02424284088122846,FINANCIAL SERVICES,27397197962.01,63.73,,13.871998968106327,0.09128670762126777,0.07208766395521946,0.7112963291363718,0.22255719099131052,0.01961496549219034,0.008665397204257672,low_ps,False,0,good,2026-05-15 10:35:01.954447
601,55.257270693512304,EXP,0.024017165799551883,BASIC MATERIALS,6824735872.95,210.45,,15.86675564703995,0.03396644270422132,0.06302485664021408,0.28300272162739315,0.24573525466283608,0.043944916450627584,0.11191239086910537,low_ps,False,0,good,2026-05-15 10:39:56.555378
602,55.182699478001496,ALLE,0.023992481930613586,INDUSTRIALS,11636442000.0,134.37,,18.36269843774657,0.06050356629629571,0.05445822700787749,0.4496994469824477,0.20639576821351285,0.0006214396685655101,0.11929368799533141,low_ps,False,0,good,2026-05-15 10:30:33.479832
603,55.10812826249067,IFF,0.023948042467377115,BASIC MATERIALS,20829850000.0,81.05,,24.82699642431466,0.019203210776841888,0.04027873460442586,0.3510381905821283,0.07990359658880238,1.1142118863049095,0.03336780146356984,low_ps,False,0,good,2026-05-15 10:15:02.032862
604,55.033557046979865,WOR,0.023801004440313193,INDUSTRIALS,2676651480.0,54.44,,23.938000643915,0.0570085426287923,0.04177458321917951,0.27743123550146115,0.06015274304823306,0.09791974981152096,0.06131816282413638,low_ps,False,0,good,2026-05-15 10:25:02.850812
605,54.95898583146905,LSTR,0.023764150838216338,INDUSTRIALS,6239294580.0,183.39,,50.05812357089561,0.03744061079417731,0.019976777567056306,0.1724181845876384,0.03449127390387216,0.33999079885365535,0.07779375582793138,low_ps,False,0,good,2026-05-15 10:16:36.205279
606,54.884414615958235,EVR,0.023724245923571714,FINANCIAL SERVICES,14278801500.0,341.19,,19.11555236936275,0.1066482365484246,0.052313424204405386,0.9894939049850366,0.2233244738494621,0.05860117046994282,0.17313994733295737,low_ps,False,0,good,2026-05-15 10:39:44.462456
607,54.809843400447434,KVUE,0.0236130483870635,CONSUMER DEFENSIVE,33807980000.0,17.59,,22.998625850340137,0.0509347201459537,0.04348085866118,0.581327691087014,0.17878868024332187,0.9814251941911516,0.05429162357807653,low_ps,False,0,good,2026-05-15 10:16:04.853379
608,54.73527218493661,NTAP,0.023530175445563555,TECHNOLOGY,23600000000.0,118.0,,19.471947194719473,0.06817796610169491,0.051355932203389826,0.704575942763452,0.22164256968251603,0.022905027932960894,0.12155250225654397,low_evebitda,False,0,good,2026-05-15 10:18:28.195739
609,54.660700969425804,UMBF,0.02343959949657859,FINANCIAL SERVICES,10023552219.2,131.36,,11.358094215203803,0.0978362738632262,0.08804293933936669,0.5667467138325404,0.20926635438481875,3.2645721357264876,0.012143284323571344,low_ps,False,0,good,2026-05-15 10:23:59.162990
610,54.58612975391499,BBT,0.02337694714020441,FINANCIAL SERVICES,2427326519.2,28.93,,30.452351920109397,0.08550229990005706,0.03283818611526172,0.5342668630657279,0.11094611008694764,9.323902898488676,0.0035860345976824505,low_ps,False,0,good,2026-05-15 10:32:43.467574
611,54.511558538404174,BANR,0.023375334002803023,FINANCIAL SERVICES,2249498728.29,65.67,,10.975145408146837,0.11022455664533048,0.09111496593545824,0.8029670586497231,0.3064660856550186,0.44591168310727497,0.012540356646047007,low_ps,False,0,good,2026-05-15 10:32:39.836977
612,54.43698732289337,MTB,0.023348862433064405,FINANCIAL SERVICES,33211153419.999996,212.14,,11.330997413851927,0.09487776471209351,0.08825348409112857,0.7530534659872199,0.3068834425301302,3.984470468431772,0.01364931823262052,low_ps,False,0,good,2026-05-15 10:17:43.432791
613,54.36241610738255,GPN,0.0233156468148244,INDUSTRIALS,16617639060.0,69.19,,13.072238389097288,0.0638549794088499,-0.042455188577191307,0.6332922688702796,0.16212743738386567,0.6973375893357261,-0.010979795281105745,low_ps,False,0,good,2026-05-15 10:42:35.884247
614,54.28784489187174,PFE,0.02323781781988587,HEALTHCARE,147172080000.0,25.68,,19.646519823788545,0.06444157071096637,0.05089959997847418,0.6934691621258785,0.23446260759693596,0.45921378821862824,0.03608068664566656,low_ps,False,0,good,2026-05-15 10:19:41.277091
615,54.21327367636093,FNB,0.02313064439768161,FINANCIAL SERVICES,6448199465.299999,17.9,,11.008656526712409,0.07505971280891233,0.09083760562185847,0.6339189475118506,0.2568888780571745,2.943986460664956,0.01156946748834637,low_ps,False,0,good,2026-05-15 10:41:13.100828
616,54.138702460850105,BXP,0.023098894161216042,REAL ESTATE,9432283875.0,59.43,,29.724176874328375,0.07311718022269553,0.033642647338155945,0.6020359324684198,0.3521706333693682,0.3993718679261258,0.01264137676901473,low_ps,False,0,good,2026-05-15 10:34:00.971753
617,54.0641312453393,HBAN,0.02302074307794927,FINANCIAL SERVICES,30644120000.0,16.12,,13.884966017217943,0.06493904866577993,0.07202034191224939,0.6264506405425773,0.20165787490580256,1.3051675977653632,0.007733765050530536,low_ps,False,0,good,2026-05-15 10:43:04.356805
618,53.98956002982849,ENSG,0.023019821185441925,HEALTHCARE,10212762150.0,171.45,,28.106302117447612,0.03976397315783958,0.035579209097707225,0.139339127295508,0.08509411080326948,0.21032674614803587,0.06475008468821106,low_ps,False,0,good,2026-05-15 10:39:13.553565
619,53.91498881431767,VLY,0.022925267469300105,FINANCIAL SERVICES,7499609174.52,13.41,,11.435154984188168,0.04301917506529921,0.087449623672153,0.5646594495787824,0.2310250573355435,0.0753498423453445,0.010173301408784101,low_ps,False,0,good,2026-05-15 10:24:22.610880
620,53.840417598806866,STLD,0.022834354258035428,BASIC MATERIALS,34041774700.0,235.1,,24.813959457095375,0.019527448432352146,0.04029989658559135,0.1399962571488142,0.09408910384276574,0.018170573756152608,0.08204916454742608,low_ps,False,0,good,2026-05-15 10:22:24.909117
621,53.765846383296044,PEP,0.022723080588880114,CONSUMER DEFENSIVE,211984020000.0,154.62,,24.243369167429094,0.04171069121153566,0.04124839221371498,0.5405714046244592,0.12845603411245796,1.3464650484149092,0.0790268062107984,low_ps,False,0,good,2026-05-15 10:19:38.327645
622,53.691275167785236,WMT,0.022668698820245522,CONSUMER DEFENSIVE,1044613870000.0,130.43,,47.71451468505915,0.014285661361168791,0.020957983259402825,0.24926699786724774,0.041820733829433104,0.48983236857394935,0.07690713392443127,low_ps,False,0,good,2026-05-15 10:25:01.924303
623,53.61670395227443,UNF,0.022421952945856406,INDUSTRIALS,4590833080.0,252.41,,33.867190049721884,0.01967747431148161,0.029527102736656242,0.3665914959935975,0.06847781007092613,0.06286151197088323,0.04840526239484531,low_ps,False,0,good,2026-05-15 10:24:00.205555
624,53.542132736763605,RF,0.022219976397766378,FINANCIAL SERVICES,23982840000.0,27.63,,10.778804494382022,0.08960573476702509,0.09277466722039591,0.7581081081081081,0.2948024948024948,1.1042097998619738,0.013842143572579492,low_ps,False,0,good,2026-05-15 10:20:46.187323
625,53.467561521252804,PNW,0.022190565158331534,UTILITIES,12284966500.0,99.25,,18.781624228896412,-0.08074348440429203,0.0532435314333173,0.40717312876654493,0.27543292819688137,1.1564801572868386,0.02131253297627318,low_ps,False,0,good,2026-05-15 10:20:01.153410
626,53.39299030574198,COP,0.02215586880093594,ENERGY,145170471730.0,113.87,,19.826614549303468,0.014155771318440421,0.050437254303465094,0.29183673469387755,0.18281598353627165,0.09491978609625669,0.05966184558973315,low_ps,False,0,good,2026-05-15 10:36:15.316915
627,53.318419090231174,OGS,0.022110684803435438,UTILITIES,5366651640.0,84.91,,19.623705160927024,-0.04089607724193554,0.0509587762249461,0.6795402997225842,0.2007617206745931,1.3256858300007641,0.03098689822936704,low_ps,False,0,good,2026-05-15 10:18:53.854978
628,53.24384787472036,ENS,0.021803607380330613,INDUSTRIALS,8655181154.72,229.82,,27.669751104433143,0.050984259267566494,0.03614054915874483,0.2970370314888299,0.11611629739682282,0.11312112273446052,0.0772760455202928,low_ps,False,0,good,2026-05-15 10:39:12.181246
629,53.169276659209544,JBHT,0.02177488258743342,INDUSTRIALS,23363061600.0,245.4,,37.555395951750214,0.044171094425398426,0.026627332095892776,0.17282275420825197,0.07362968866084647,0.9446442506377368,0.07844308205998583,low_ps,False,0,good,2026-05-15 10:15:27.808839
630,53.09470544369873,MS,0.02162326605777923,FINANCIAL SERVICES,307592370000.0,193.09,,16.915550483941928,-0.01765323372618118,0.05911720111913049,0.5799070045998619,0.1948162134735196,1.7037921657970163,0.011498541182660119,low_ps,False,0,good,2026-05-15 10:17:37.183855
631,53.02013422818792,FRPT,0.021233404465364,CONSUMER DEFENSIVE,2975664800.0,53.08,,14.852925497399447,0.033333055524264694,0.0673268037448304,0.38901980799183394,0.08808968594081361,0.02865834623836252,0.10893012588769228,low_ps,False,1,partial,2026-05-15 10:41:23.053941
632,52.9455630126771,MWA,0.021127317338970077,INDUSTRIALS,4150638000.0,26.37,,20.012719382835105,0.03401886649715056,0.04996822175289678,0.3757600601216096,0.19382387101181936,0.008325899494498959,0.11003820033955856,low_ps,False,0,good,2026-05-15 10:17:55.794924
633,52.8709917971663,TXRH,0.020936187519705884,CONSUMER CYCLICAL,11728365600.0,177.38,,28.91936856744108,0.029166126949521424,0.03457890159904292,0.1500646044836107,0.08210460057076509,1.3796871868320608,0.11425755718033555,low_ps,False,0,good,2026-05-15 10:23:43.019455
634,52.79642058165548,ACIW,0.02090093571722364,TECHNOLOGY,4861696770.0,45.51,,21.449482347854474,0.06125063205042301,0.04662117172725275,0.4899078408575608,0.18747435761929604,0.196652456692811,0.07299993204305315,low_ps,False,1,partial,2026-05-15 10:29:24.727465
635,52.72184936614467,CNR,0.020781617353704287,ENERGY,4335454333.28,84.91,,188.19449027127374,0.004883225233739926,-0.035340240773354896,-0.00026628089158868865,-0.05067596690113535,0.24731190909159503,-0.024994237407082776,low_ps,False,0,good,2026-05-15 10:35:54.810701
636,52.64727815063386,FCFS,0.020684611010168164,FINANCIAL SERVICES,10074384640.0,227.68,,28.419696800437816,0.04988761278822882,0.03518686378049588,0.49719691941043337,0.15538000310091837,0.10125622217412812,0.06611914001807764,low_ps,False,0,good,2026-05-15 10:40:19.032836
637,52.57270693512304,WAFD,0.020668156771418256,FINANCIAL SERVICES,2686663805.3999996,35.55,,10.648982751800485,0.08065281542278376,0.09390568313493833,0.5436049393436158,0.23407828707673495,11.317707877833815,0.009151400759953694,low_ps,False,0,good,2026-05-15 10:24:40.128411
638,52.498135719612236,JBTM,0.02052499951986207,INDUSTRIALS,7307179999.999999,139.45,,43.6249552238806,0.04334093316436711,0.022922659630664633,0.353367181258215,0.07494652199685575,0.7417433676231727,0.020519416881048635,low_ps,False,0,good,2026-05-15 10:15:31.546667
639,52.423564504101414,NFG,0.02048974055573342,ENERGY,7609423864.0,79.52,,11.084811586180374,0.04029319505390612,0.09021353157204019,0.5003618727072722,0.413621705317127,0.4454787754750425,0.0752084555815524,low_ps,False,0,good,2026-05-15 10:18:09.200329
640,52.348993288590606,CHRD,0.020419023826210546,ENERGY,7746244560.0,136.44,,137.09734865445583,0.06734876441856104,-0.008619660724990073,0.05912628584674668,0.035696353877788134,0.006898566440015399,-0.005044249940355919,low_ps,False,0,good,2026-05-15 10:35:17.368986
641,52.2744220730798,RRC,0.020370249013461638,ENERGY,9578765920.0,40.52,,10.612391641055527,0.06930402147252807,0.09422946625257964,0.4223686443092291,0.30555983153380234,0.03899209484868754,0.1218922507841749,low_ps,False,0,good,2026-05-15 10:21:07.260253
642,52.199850857568975,RSI,0.020285604477068998,CONSUMER CYCLICAL,2964117532.48,27.74,,79.9837430173507,0.0494686861749769,0.012502540669834271,0.34885003163278283,0.09278949630628905,0.026804408926000212,0.05471699506116332,low_ps,False,1,partial,2026-05-15 10:21:10.357011
643,52.12527964205817,FTI,0.019887982056819707,ENERGY,28754485000.000004,70.15,,26.56548872875093,0.0467544454717238,0.03764282337172792,0.22438377688304037,0.14391633114013552,0.13541555815685857,0.10731600916112273,low_ps,False,0,good,2026-05-15 10:41:29.974475
644,52.05070842654735,FBP,0.0197576045061092,FINANCIAL SERVICES,3754229050.0,24.05,,10.528286523549784,0.11718704270321492,0.09498221745420675,0.7375548789691907,0.34581217662758096,0.4476815310866039,0.018682963339036435,low_ps,False,0,good,2026-05-15 10:40:15.837157
645,51.97613721103653,EPAC,0.019471731219582684,INDUSTRIALS,1876308480.0000002,35.52,,21.928713945117106,0.0589700473986026,0.04560230948804324,0.48581153599460003,0.20523647973179396,0.1393504873783296,0.10756070119862475,low_ps,False,0,good,2026-05-15 10:39:18.559068
646,51.901565995525736,OMCL,0.019299608499114797,HEALTHCARE,2013222260.0,43.82,,98.52797736367752,0.05551697009350572,0.010149401487344969,0.43497486157786946,0.02826888789664481,0.10131871197958127,0.010195563909511818,low_ps,False,1,partial,2026-05-15 10:19:01.241097
647,51.826994780014914,FCF,0.01928639888392946,FINANCIAL SERVICES,1900441697.28,18.56,,12.092862397902692,0.09016956439403599,0.08269340765619176,0.6780467080953754,0.27676596297393724,0.10951304114524443,0.012815745342820413,low_ps,False,0,good,2026-05-15 10:40:17.394262
648,51.7524235645041,NVRI,0.019161352016149207,INDUSTRIALS,1564220160.0000002,19.26,,79.16195468380116,-0.025562897744522098,-0.10926083448508936,0.19211998187168597,0.009694901010216358,0.6125293684468913,-0.06309662561455415,low_ps,False,0,good,2026-05-15 10:18:37.356426
649,51.67785234899329,BOOT,0.018771295817076424,CONSUMER CYCLICAL,5017555800.0,163.3,,22.913410875015412,0.017832586934060604,0.04364256397507328,0.383236315936289,0.1344538938748787,0.21500200997381602,0.09129998632453545,low_ps,False,1,partial,2026-05-15 10:33:41.344444
650,51.60328113348247,CALY,0.018722517548926117,CONSUMER CYCLICAL,3551304000.0,17.52,,94.71584905660379,-0.016134918328591413,-0.016416505035896672,0.6031732442998602,0.04180578146848158,4.589944134078213,-0.00800164699423552,low_ps,False,0,good,2026-05-15 10:34:13.477765
651,51.52870991797167,VSAT,0.018567990037410633,TECHNOLOGY,9211775780.0,70.01,,10.72822293895187,0.053723192120509904,-0.03679670544477799,0.3192253850349886,-0.00975634272760792,0.08792974888306887,-0.022731994596839947,low_ps,False,1,partial,2026-05-15 10:24:32.051771
652,51.45413870246085,QRVO,0.018350367560362995,TECHNOLOGY,8385612840.0,90.53,,24.737123741478335,0.08103891903504575,0.04042507166357563,0.4589083046238471,0.11184507234844912,0.02256996730748003,0.05818964259414068,low_ps,False,1,partial,2026-05-15 10:20:33.692510
653,51.37956748695004,TBBK,0.01807144564172133,FINANCIAL SERVICES,2427904968.0,57.0,,10.505453997897096,0.08594446765842279,0.0951886515518675,0.6837831904138908,0.3935294019466488,1.5220798735702166,0.023347258304168075,low_ps,False,1,partial,2026-05-15 10:22:45.272985
654,51.30499627143923,EME,0.018065616999798025,INDUSTRIALS,41520803640.0,921.64,,31.106222577496222,0.02598261366407406,0.032147908589950404,0.19540640868068315,0.09894669334631148,0.051489971121235725,0.1403861988511488,low_ps,False,0,good,2026-05-15 10:39:05.918110
655,51.23042505592841,TROW,0.018003912659669084,FINANCIAL SERVICES,23531572223.76,105.33,,11.23332643868627,0.09237376828587762,0.0890208261513808,0.6905465786525196,0.3018264285425019,0.15156547310153953,0.1455429722781908,low_evebitda,False,0,good,2026-05-15 10:23:24.923995
656,51.1558538404176,KW,0.017960672566725587,REAL ESTATE,1534097517.02,11.02,,326.4037270255319,0.00254221127192474,0.0030636905071913536,0.18782435129740518,0.10419161676646707,0.0,0.0007097017742544356,low_pe,False,0,good,2026-05-15 10:16:05.700982
657,51.08128262490679,COF,0.017893414119161354,FINANCIAL SERVICES,118121832000.0,189.48,,36.649653118212846,0.2154555137614188,0.02728538785277221,0.48309030919056994,0.04325208876589857,0.0813092609429796,0.004719543713986572,low_ps,False,0,good,2026-05-15 10:36:03.046149
658,51.00671140939597,NTRS,0.0177021950062763,FINANCIAL SERVICES,29922720990.0,160.41,,15.998033035714284,0.06144494682199689,0.06250768439892472,0.5733627031181379,0.17228672595520422,3.166827958667624,0.01071406272286356,low_ps,False,0,good,2026-05-15 10:18:30.617066
659,50.93214019388517,CM,0.01760780148819464,FINANCIAL SERVICES,75197906781.93001,110.01,,8.030641852124663,-0.18703861053988521,0.12452304789752647,0.4500567866960242,0.18833451908674786,18.125077087911382,0.00825475389275523,low_ps,False,0,good,2026-05-15 10:35:37.834342
660,50.857568978374346,STNG,0.017520464522801565,ENERGY,4171765211.22,84.41,,12.116939142413997,0.10042799121896841,0.08252909321790776,0.4616220894415181,0.3300903197750639,0.036949863281061285,0.08787801441610683,low_evebitda,False,0,good,2026-05-15 10:22:26.616558
661,50.78299776286354,NBTB,0.01750808011161501,FINANCIAL SERVICES,2386764152.0,45.59,,12.997539383114056,0.09114641671558003,0.07693763954269411,0.7454124117606744,0.2558276506065383,0.4647912885662432,0.011332226556160096,low_ps,False,0,good,2026-05-15 10:18:01.374205
662,50.70842654735272,UCB,0.01749065423654015,FINANCIAL SERVICES,4027319280.0,33.36,,11.809420044219502,0.09502201672969916,0.08467816338614206,0.6797183982723123,0.28390600014982936,0.1838752244359357,0.01210317134988197,low_ps,False,0,good,2026-05-15 10:23:49.004190
663,50.6338553318419,AFL,0.01739466097422532,FINANCIAL SERVICES,58222183386.899994,113.1,,12.558710825474547,0.04388361705746122,0.07962600731052454,0.47760948304247614,0.30968060586104706,0.0,0.038550449866121175,low_ps,False,0,good,2026-05-15 10:29:56.015696
664,50.55928411633109,FDS,0.017193013449628692,FINANCIAL SERVICES,8287657430.000001,223.61,,14.09959514727949,0.08239541821892123,0.07092402225413894,0.5193554016328614,0.3117405180459805,0.041821836117577615,0.13929325605693688,low_evebitda,False,0,good,2026-05-15 10:40:30.007731
665,50.484712900820284,ANAB,0.01716483474632824,HEALTHCARE,2173010190.0,69.33,,70.5416150055635,0.009024347925400201,-0.00608924894181007,0.989671913828894,0.2041576620929826,0.031164317324128634,-0.036312243581827414,low_ps,False,1,partial,2026-05-15 10:31:05.126390
666,50.410141685309476,WSFS,0.017039607936058243,FINANCIAL SERVICES,3802388090.4,71.7,,12.334202966134683,0.08134098693946402,0.0810753643948979,0.7702599189083708,0.29975402928864825,0.044714522390643156,0.013944957946416314,low_ps,False,0,good,2026-05-15 10:25:07.041716
667,50.33557046979866,UBER,0.016790444131404295,TECHNOLOGY,156286450950.0,75.45,,18.30052118852459,0.0626989732023216,0.054643252489828195,0.4103041704695736,0.11660178441708421,0.028879015721120983,0.14260666277030976,low_ps,False,1,partial,2026-05-15 10:23:47.210227
668,50.26099925428784,NBHC,0.016654424734751313,FINANCIAL SERVICES,1636053793.2,42.85,,15.4146924059697,0.06988584389781298,0.06487317253328563,0.706813870920675,0.22505876821814763,0.11013592786812987,0.008413870868930196,low_ps,False,0,good,2026-05-15 10:17:59.617184
669,50.18642803877703,LYB,0.016638880577984204,BASIC MATERIALS,23178480000.0,71.76,,66.79140425590799,-0.0030200427292902724,-0.03421276977610266,0.09661982273447242,-0.006807535469955852,2.5788271134805787,-0.023352376465045056,low_ps,False,0,good,2026-05-15 10:16:42.283968
670,50.11185682326622,STBA,0.016495451221910977,FINANCIAL SERVICES,1655159573.7600002,44.52,,12.179156693181067,0.07699499312353238,0.08210749111717115,0.6954786282887104,0.2970686187110854,0.2936288413993176,0.013666629022537503,low_ps,False,0,good,2026-05-15 10:22:22.190767
671,50.0372856077554,KDP,0.016332520421803814,CONSUMER DEFENSIVE,39315471000.0,28.83,,21.460409934497815,0.040213177148507265,0.04659743234412733,0.5377714825306893,0.2129957507082153,2.602539854093488,0.02504785343177468,low_ps,False,0,good,2026-05-15 10:15:43.166958
672,49.96271439224459,TRGP,0.01625311469862253,ENERGY,53345800000.0,248.12,,28.92311862936456,0.01094931559747909,0.0345744182297388,0.26510544928280483,0.20114144326046615,0.30310021629416006,0.07313707451701933,low_ps,False,0,good,2026-05-15 10:23:19.713350
673,49.88814317673378,CASY,0.016224039330465297,CONSUMER CYCLICAL,32008298891.13,859.49,,49.23815843366339,0.02084849939291607,0.020309451689734904,0.2389425205864064,0.0629178522301155,0.1343434972079911,0.07571510933814751,low_ps,False,0,good,2026-05-15 10:34:19.355812
674,49.81357196122297,WBS,0.015904011267181127,FINANCIAL SERVICES,11654663500.0,72.91,,11.40248611703564,0.10298572755875791,0.08770017255324447,0.6197163871315884,0.2706806125096611,7.334240466005279,0.011942757731099903,low_ps,False,0,good,2026-05-15 10:24:43.613217
675,49.73900074571216,TFC,0.01576203909001195,FINANCIAL SERVICES,62201350920.0,49.11,,11.254089184005789,0.09118773010726115,0.08885659102659246,0.6291931989759075,0.21348388367360335,7.8537492844876935,0.010067853727401066,low_ps,False,0,good,2026-05-15 10:22:55.962976
676,49.66442953020134,NWBI,0.015593928635186457,FINANCIAL SERVICES,2039755320.15,13.89,,15.326019942370259,0.06951078818099289,0.0652485122530347,0.6890673060728817,0.19379747901394342,1.993511842875242,0.007871923716551599,low_ps,False,0,good,2026-05-15 10:18:39.785055
677,49.589858314690524,HPE,0.01523898414802915,TECHNOLOGY,42510600000.0,31.35,,554.6313432536316,0.03893146650482468,-0.003669672975681359,0.30717858440215723,0.057898119428842876,4.124604012671594,-0.0020589166930630345,low_pe,False,0,good,2026-05-15 10:43:42.263091
678,49.515287099179716,BAX,0.015233188503074887,HEALTHCARE,9264850000.0,17.99,,156.9032795925246,0.0770654678704998,-0.11851244218740727,0.30114840989399294,-0.026501766784452298,2.263440860215054,-0.05532601027914945,low_ps,False,0,good,2026-05-15 10:32:42.548029
679,49.44071588366891,MRSH,0.014819863109161602,FINANCIAL SERVICES,79339500000.0,163.25,,20.213885350318474,0.06211281896155131,0.04947094448540765,0.4237380528400625,0.21702947268961006,0.5586341171184663,0.06703443093318759,low_ps,False,0,good,2026-05-15 10:17:34.090616
680,49.3661446681581,PCAR,0.014762713821741519,INDUSTRIALS,60287094000.0,114.31,,24.348584006462037,0.0542288536913058,0.04107015010542721,0.1511451166410891,0.09676767973448273,2.817594786729858,0.056849621729596934,low_ps,False,0,good,2026-05-15 10:19:30.527407
681,49.29157345264728,SPSC,0.014671806788344002,TECHNOLOGY,2114349740.0,56.47,,23.267340214807643,0.07894720388122733,0.04297869850046663,0.66823431228078,0.15340444600742445,0.01069566429666806,0.07825643640071374,low_ps,False,1,partial,2026-05-15 10:22:11.885957
682,49.21700223713646,HOPE,0.01449183076921389,FINANCIAL SERVICES,1597460546.14,12.41,,23.854087715625376,0.08565720156947651,0.04192153612921278,0.4997595722831668,0.09251067662064581,3.0397346048406884,0.003589456405964046,low_ps,False,0,good,2026-05-15 10:43:39.020336
683,49.142431021625654,B,0.014399952313153636,BASIC MATERIALS,72630920000.0,43.13,,14.546549168836371,0.05168473283830082,0.06874482658349915,0.5125029488086813,0.47782495871667846,0.014378353290633993,0.0968067161719371,low_evebitda,False,0,good,2026-05-15 10:32:29.733640
684,49.067859806114846,ERO,0.014190592995487736,BASIC MATERIALS,2991079789.12,28.48,,10.245407790143364,0.04034244102712531,0.0976047045157201,0.4265820148943201,0.3448336905227901,0.10290849333454903,0.14159442795540914,low_evebitda,False,1,partial,2026-05-15 10:39:31.286168
685,48.993288590604024,DD,0.01416175207481844,BASIC MATERIALS,20540928000.0,49.76,,20.044475527537937,0.03928741680999028,-0.0014118154739649544,0.3379367206018757,0.15345769349685665,0.045924225028702644,-0.001352044384353583,high_div_yield,False,0,good,2026-05-15 10:37:39.513135
686,48.91871737509321,RRX,0.013987208830146937,INDUSTRIALS,14319248000.0,214.36,,51.21333333333334,0.06237059376302442,0.01952616506118198,0.3759942031207873,0.11637233755729307,0.0721057884231537,0.020084764025572875,low_ps,False,0,good,2026-05-15 10:21:08.170596
687,48.8441461595824,INCY,0.013943468579634395,HEALTHCARE,20385164800.0,98.56,,14.237667457991014,0.07117352320840692,0.07023622394261929,0.918566802586075,0.26848155761403614,0.0023594451320738574,0.19508856179214026,low_evebitda,False,1,partial,2026-05-15 10:15:04.721071
688,48.76957494407159,GSK,0.013925833974927637,HEALTHCARE,102685170000.0,50.41,,17.616258363355634,0.0607321943860053,0.05676574329087638,0.7268151311775473,0.25671140939597314,0.5901090311760185,0.07030909344209994,low_ps,False,0,good,2026-05-15 10:42:42.176052
689,48.69500372856077,WSO,0.013908988191209072,INDUSTRIALS,15967902348.0,420.6,,32.19289717282216,0.043544103968489525,0.031062752588922583,0.28369800975361315,0.09841001798869638,0.15122967089297115,0.10667971180538453,low_ps,False,0,good,2026-05-15 10:25:08.837311
690,48.62043251304996,MDT,0.013877444408815118,HEALTHCARE,98096430000.0,76.15,,21.260604681404423,0.055149815339865065,0.04703535082775183,0.6194904745800924,0.17864389584037876,0.04082941427960667,0.05043449745859977,low_ps,False,0,good,2026-05-15 10:17:04.225648
691,48.54586129753915,MDU,0.013818859669756305,UTILITIES,4655430000.0,22.49,,24.44501037044816,-0.06843621319620315,0.040908143823449185,0.29866477807541814,0.1548675044090535,0.5585902781874896,0.024555241266575708,low_ps,False,0,good,2026-05-15 10:17:05.096025
692,48.47129008202834,OSIS,0.013797535216323844,TECHNOLOGY,4019673620.0,230.83,,26.407174005873117,0.013348347421301334,0.03786849739307939,0.3283924886173143,0.12070544703087202,0.04102636249513008,0.059590178791284636,low_ps,False,1,partial,2026-05-15 10:19:11.088676
693,48.39671886651753,ERIE,0.013598382726068992,FINANCIAL SERVICES,11375468955.9,215.9,,19.908344806892643,0.04720675710881178,0.05023019290151039,0.16122572417954353,0.1793674962423147,0.008774644745432525,0.1692172010478938,low_ps,False,0,good,2026-05-15 10:39:30.122716
694,48.32214765100671,NMIH,0.013518312571857255,FINANCIAL SERVICES,3009898450.0,38.87,,7.803790151336411,0.1422187515994103,0.12814286143108916,0.896561447000723,0.6886821160068453,0.004191206995581319,9.865286760564533e-05,low_evebitda,False,1,partial,2026-05-15 10:18:15.369392
695,48.2475764354959,BRO,0.013390744531005468,FINANCIAL SERVICES,19136550000.0,56.45,,16.669468641114985,0.07373324867857581,0.05998991458753014,0.5937743190661479,0.26785992217898835,1.142593447161975,0.038653198653198655,low_ps,False,0,good,2026-05-15 10:33:47.981210
696,48.173005219985086,AIT,0.013177247373373663,INDUSTRIALS,11737677740.0,308.87,,29.070855629939494,0.03725771056992744,0.03439871232995701,0.30040698704143176,0.11198167948649325,0.059945150187578365,0.1350953638541833,low_ps,False,0,good,2026-05-15 10:30:13.692545
697,48.09843400447428,MDLZ,0.013065128583444071,CONSUMER DEFENSIVE,79522600000.0,61.55,,30.4334481438959,0.03238073201831932,0.03285858359761879,0.2877060858945654,0.09421432933034805,1.7621136173767753,0.03673968673546863,low_ps,False,0,good,2026-05-15 10:17:03.216353
698,48.023862788963456,RNST,0.01298393998778791,FINANCIAL SERVICES,3787037105.1699996,40.19,,16.611123269249326,0.058441729999913726,0.06020062483379495,0.5954042368778334,0.19311346530831972,1.0437549694411363,0.008410362473187088,low_ps,False,0,good,2026-05-15 10:20:59.869760
699,47.94929157345265,BIIB,0.012957092957044919,HEALTHCARE,28707980000.0,193.45,,20.918252769440734,0.0847464711902405,0.0478051398949003,0.6976789011301154,0.15646113579645748,0.028826503173066582,0.0465483276860303,low_ps,False,1,partial,2026-05-15 10:33:14.241931
700,47.87472035794183,OC,0.012937484832614735,INDUSTRIALS,9757934000.0,121.67,,37.806462759534305,0.049190740580946746,-0.054622218186759615,0.26895710510266313,0.05936165887375483,3.196969696969697,-0.0407149950347567,low_ps,False,0,good,2026-05-15 10:18:49.771004
701,47.800149142431025,KEY,0.012908252348233253,FINANCIAL SERVICES,23420383200.0,21.6,,12.035140390544708,0.09295321863051326,0.08309001536746845,0.6418256373685148,0.22196469958994472,4.922954091816368,0.010314688094644949,low_ps,False,0,good,2026-05-15 10:15:44.869779
702,47.7255779269202,SWX,0.012732444224506895,UTILITIES,6527311700.0,89.95,,14.057484332263693,-0.11472701694328463,0.0711364833396879,0.33660389871101637,0.20393466592892512,0.2103146728134635,0.04637854231561301,low_ps,False,0,good,2026-05-15 10:22:36.513418
703,47.651006711409394,MYRG,0.012283723175090197,INDUSTRIALS,6863893360.0,437.86,,48.368614595371646,0.033594927383895135,0.02067456362696171,0.11935160585977955,0.05052019152607207,0.08746134803700421,0.08480098289495071,low_ps,False,1,partial,2026-05-15 10:17:57.385004
704,47.576435495898586,PNR,0.011887078428992226,INDUSTRIALS,12575433999.999998,76.82,,18.73295694920304,0.05692050071591963,0.0533818554492831,0.4093948551983438,0.20569688027984676,0.0,0.09492364253393665,low_ps,False,0,good,2026-05-15 10:20:00.218623
705,47.50186428038777,REX,0.011277303549596144,BASIC MATERIALS,1641278160.0,49.68,,19.78611662306663,0.030092400669000555,0.0505404885178025,0.14405514637494676,0.0939142519373946,0.09485912329118798,0.10398367369451607,low_ps,False,1,partial,2026-05-15 10:20:44.717470
706,47.42729306487695,TJX,0.010991165035711067,CONSUMER CYCLICAL,172530000000.00003,153.36,,31.40334910811795,0.028145829710774936,0.03184373732104561,0.3105578745113629,0.12028755052010866,0.44959555716527827,0.15360527860877346,low_ps,False,0,good,2026-05-15 10:23:05.102159
707,47.35272184936614,INDV,0.010900769963478696,HEALTHCARE,5095500000.0,39.5,,20.300796893628675,-0.03623182415857129,0.04925915003434403,0.8311386520767922,0.333075135811832,0.019911504468830762,0.20969089306599833,high_div_yield,False,0,good,2026-05-15 10:15:06.115055
708,47.27815063385533,DCI,0.010783553026369257,INDUSTRIALS,10139400000.0,86.0,,26.788375165125494,0.034489220269443954,0.03732962502712192,0.3435842771485676,0.133564290473018,0.020756825802331152,0.12367664357600314,low_ps,False,0,good,2026-05-15 10:37:36.057706
709,47.20357941834452,LQDT,0.010733044775324338,CONSUMER CYCLICAL,1168907649.9099998,36.19,,39.26197937357248,0.05998848583581343,0.025469933405168746,0.4481019099708342,0.07853948107166964,0.09993465653843012,0.08065145309147649,low_ps,False,1,partial,2026-05-15 10:16:32.739706
710,47.12900820283371,DUK,0.010580073318694842,UTILITIES,96728430000.0,124.17,,18.822422650321073,-0.06463456503946151,0.05312812375844413,0.5841167813053795,0.26978644159432913,1.2281385553529893,0.025948254968492488,low_ps,False,0,good,2026-05-15 10:38:22.685195
711,47.05443698732289,VMI,0.010477167887833361,INDUSTRIALS,10014948800.0,510.55,,29.045506696596888,0.03549493932510169,0.03442873317535083,0.30396651292066773,0.10792401992512557,1.4197414869441025,0.10037421783233119,low_ps,False,0,good,2026-05-15 10:24:24.409440
712,46.97986577181208,CLH,0.010444734303913957,INDUSTRIALS,15428620799.999998,291.15,,39.0109124009153,0.0302522828223246,0.025633853156855086,0.2995764244958755,0.11235397192405154,0.08444616230010525,0.05236564632470607,high_div_yield,False,0,good,2026-05-15 10:35:32.952777
713,46.90529455630127,GTLS,0.010435331962357094,INDUSTRIALS,9516888400.0,207.43,,236.15107692307691,0.021309485987037528,0.0042345773435779705,0.32558630393996246,0.08513133184803001,0.046481601032924466,0.004109561102953173,low_pe,False,1,partial,2026-05-15 10:42:45.531180
714,46.830723340790456,IVZ,0.010297288576753981,FINANCIAL SERVICES,12517583000.0,27.59,,10.523568091771164,0.1232745970208466,-0.019444648379803035,0.5067805351617014,-0.09705114980887082,0.05115993240129052,-0.00907037928644362,low_ps,False,0,good,2026-05-15 10:15:25.181301
715,46.75615212527964,BKH,0.010284331563617407,UTILITIES,5687388000.0,75.23,,36.6455412371134,-0.02574116624362537,0.02728844946045531,0.38885971821125404,0.2338759079373414,0.0,0.014278091593221586,low_ps,False,0,good,2026-05-15 10:33:22.876424
716,46.681580909768826,OGE,0.009746668047532839,UTILITIES,9810920000.0,47.35,,21.411872544740287,-0.007002401405780497,0.04670306148658841,0.4881163859111792,0.23865237366003061,0.7565491280633019,0.031660919977059304,low_ps,False,0,good,2026-05-15 10:18:52.789173
717,46.60700969425802,WBD,0.009449299305600857,COMMUNICATION SERVICES,67558120000.0,27.11,,98.03314993122422,0.03419278097140655,-0.03188365810061026,0.4147809728567589,-0.040499865627519484,0.16594420362343004,-0.022016210636057933,high_div_yield,False,0,good,2026-05-15 10:24:42.748894
718,46.53243847874721,VSH,0.009426318720347437,TECHNOLOGY,4684369800.0,34.26,,29.072035889614074,-0.018996152054434303,-0.0019165865171447396,0.19383307136284605,0.018529524464915504,0.09188582979695537,-0.002120373344417783,low_ps,False,0,good,2026-05-15 10:24:33.811314
719,46.45786726323639,CATY,0.00924522758560258,FINANCIAL SERVICES,3871420894.65,57.45,,11.643231042784448,0.09233199120611663,0.08588681237410647,0.5574360256373107,0.31198836871371555,0.528526100980844,0.013826317756978256,low_ps,False,0,good,2026-05-15 10:34:22.656416
720,46.38329604772557,VST,0.009063874785433386,UTILITIES,50195256000.0,147.72,,53.1729406779661,0.012750208904204014,0.018806558133700923,0.15893604303646144,0.058338314405260015,1.7326104746317512,0.022719614921780987,low_ps,False,0,good,2026-05-15 10:24:34.333328
721,46.308724832214764,NWE,0.008943689237075688,UTILITIES,4461540480.0,72.39,,26.62334693877551,-0.033157829826526646,0.03756101748963623,0.6190470098435198,0.19196995892745963,0.6267788993734117,0.019525765551460145,low_ps,False,0,good,2026-05-15 10:18:40.631338
722,46.234153616703956,AZO,0.008662236164125637,CONSUMER CYCLICAL,59791841380.0,3496.19,,24.45400072963027,0.026757630524072682,0.040893104202304464,0.5187554504017458,0.18077192349761162,0.07853195133579362,0.11963023877130498,low_ps,False,1,partial,2026-05-15 10:32:24.922295
723,46.15958240119314,CRVL,0.008646092988791354,FINANCIAL SERVICES,3018578640.0,58.52,,28.548798305180927,0.03453612194115307,0.035027744051087564,0.24197843212854478,0.14523209413134244,0.04374414567063021,0.16398334328497097,low_ps,False,1,partial,2026-05-15 10:36:44.704987
724,46.085011185682326,TXNM,0.00854604006951862,UTILITIES,5496629210.0,58.99,,37.46748016414004,-0.10362605484898627,0.02668981195477073,0.3847086291409254,0.20366158453530403,1.200763043492004,0.01208597200447836,low_ps,False,0,good,2026-05-15 10:23:42.143054
725,46.01043997017151,ACAD,0.008360665486428926,HEALTHCARE,3868614399.9999995,22.4,,10.298454412351923,-0.02376458093109512,0.09710194947317571,0.8970618580232823,0.07386897968500343,0.11125988695161491,0.23401630918933733,low_pe,False,1,partial,2026-05-15 10:29:19.688340
726,45.9358687546607,CWT,0.008359830317331127,UTILITIES,2598245370.0,43.47,,21.84923408764096,-0.0857571046109475,0.045768194710571156,0.42574153491501276,0.15720066485940995,1.424755026773452,0.020574768904324393,low_ps,False,0,good,2026-05-15 10:37:22.310169
727,45.861297539149895,WAL,0.008136305737755454,FINANCIAL SERVICES,8951670000.0,81.9,,9.333406318423524,-0.31203116290033034,0.1071420193103633,0.6000325603270504,0.2156398104265403,3.299944351697273,0.011549438242838047,low_ps,False,0,good,2026-05-15 10:24:41.042108
728,45.78672632363907,PLXS,0.008130734909159758,TECHNOLOGY,7295206950.0,266.55,,38.90030154210392,0.010389424250671875,0.025706741602443503,0.1005467622427576,0.05174161418171382,0.5524727936719953,0.055798193913719527,low_ps,False,1,partial,2026-05-15 10:19:56.188087
729,45.71215510812826,MLI,0.00796495254268551,INDUSTRIALS,15619314470.000002,140.83,,18.44560547818375,0.04175452138137276,0.054213454862337494,0.2776498626179746,0.22903897550136834,0.00717639874497252,0.21478920129881496,high_div_yield,False,0,good,2026-05-15 10:17:15.121964
730,45.63758389261745,HWC,0.007960522370730177,FINANCIAL SERVICES,5656266360.0,68.76,,13.662776147307552,0.09247407507166971,0.07319156730801481,0.7228173550108495,0.27599375484517863,2.4491889751021656,0.011647896358253864,low_ps,False,0,good,2026-05-15 10:44:01.758103
731,45.56301267710664,IBM,0.007649753291999949,TECHNOLOGY,217215104000.0,229.76,,20.198540450065092,0.05467851811999225,0.049508527731110266,0.5897026599526926,0.1635587932260452,1.1581010719754976,0.0688348514040287,low_ps,False,0,good,2026-05-15 10:14:54.432897
732,45.48844146159582,SBUX,0.007495198374661596,CONSUMER CYCLICAL,119955976000.00002,104.93,,80.20592136935011,0.022724170073861096,0.012467907392958895,0.20357000798130243,0.09283008665042675,0.9871219039454312,0.04894379448580545,low_ps,False,0,good,2026-05-15 10:21:29.013007
733,45.41387024608501,STT,0.007264182108153536,FINANCIAL SERVICES,42286834260.0,149.49,,13.796683282218599,-0.2910125625469321,0.07248118838016794,0.632714963952875,0.17047652540882716,2.055939226519337,0.0078155878265526,low_ps,False,0,good,2026-05-15 10:22:29.791610
734,45.339299030574196,BRK-B,0.007212063028585884,FINANCIAL SERVICES,1026691104840.0,475.94,,14.166923387837894,0.023251394589339724,0.07058695615298421,0.25135724065914744,0.1605832804999547,0.2581397815250822,0.057871658770346036,low_ps,False,1,partial,2026-05-15 10:33:45.185629
735,45.26472781506339,UBSI,0.0072039792275925595,FINANCIAL SERVICES,6081402228.36,43.41,,12.054387297367477,0.07742096021939505,0.08295734783786042,0.6735157407969345,0.34825619677185865,0.25995957661826496,0.014967847862863436,low_evebitda,False,0,good,2026-05-15 10:23:48.102021
736,45.19015659955258,FHN,0.006936993229499079,FINANCIAL SERVICES,11985070000.0,24.61,,11.669980525803311,0.07734623160315293,0.08568994590770015,0.7379969585053227,0.2939387356072127,8.572759856630825,0.012207008034992629,low_ps,False,0,good,2026-05-15 10:40:46.238672
737,45.11558538404176,CRL,0.006872105547636077,HEALTHCARE,8694676620.0,177.62,,824.7519306594153,0.05963350020486444,-0.01660073241458864,0.32909596148012815,0.10679482051769919,0.0761896324100117,-0.020228376121272155,low_pe,False,1,partial,2026-05-15 10:36:38.195778
738,45.04101416853095,BKV,0.006727271388168879,ENERGY,2844051200.0,27.8,,16.478178394507374,-0.02547703782547937,0.06068631957118071,0.5420789445685711,0.08160328197806448,0.0,0.05514733487831289,low_ps,False,1,partial,2026-05-15 10:33:26.582614
739,44.966442953020135,MSA,0.006665547462653761,INDUSTRIALS,6625280840.0,169.94,,22.799567910581306,0.04671198194822485,0.04386048033550227,0.46804895923801776,0.22009801236760637,0.03304817649707339,0.11333447218510553,high_div_yield,False,0,good,2026-05-15 10:17:38.060692
740,44.89187173750933,PNC,0.006282992293832051,FINANCIAL SERVICES,89155275300.0,216.85,,12.356933513513512,0.07650697030599603,0.0809262264708637,0.7188270160661363,0.27537045702698487,7.552509346323779,0.011964618558342233,low_ps,False,0,good,2026-05-15 10:19:58.665542
741,44.817300521998504,AVNS,0.006047728127482378,HEALTHCARE,1150720000.0,24.8,,56.86980891719745,0.03745481090100111,-0.060310066740823134,0.49364436373795223,-0.08381058807095963,0.3837072018890201,-0.06608894397303966,low_ps,False,1,partial,2026-05-15 10:32:05.032528
742,44.742729306487696,SWKS,0.005837628166724314,TECHNOLOGY,10057068000.0,66.78,,27.843488372093024,0.06929454986284272,0.035915040049445825,0.41070148109685234,0.09368741191306283,1.1660835082808492,0.045744680851063826,low_ps,False,0,good,2026-05-15 10:22:35.632150
743,44.66815809097688,NPK,0.005009085753068345,INDUSTRIALS,1014987198.16,142.48,,30.679095579736426,-0.035636902677759784,0.03259548500707762,0.1587749541233387,0.07991873277142698,0.993468946295603,0.06555752829650296,low_ps,False,0,good,2026-05-15 10:18:21.448613
744,44.59358687546607,LHX,0.0046501875846508495,INDUSTRIALS,56402823494.159996,299.64,,32.56514058554272,0.04590195737750731,0.030707682571588513,0.24469457667838235,0.1001023268229746,1.2040022234574763,0.04185596906718221,low_ps,False,0,good,2026-05-15 10:16:19.318408
745,44.51901565995525,BF-B,0.003976606147844635,CONSUMER DEFENSIVE,13081761760.0,27.68,,16.21036153655514,0.05580288140028014,0.061688938753460376,0.5945945945945946,0.2842937276899541,1.1006711409395973,0.09720549265237292,low_ps,False,0,good,2026-05-15 10:33:01.632003
746,44.44444444444444,HTLD,0.003795391981842533,INDUSTRIALS,1023981540.0,13.22,,67.22345524195288,-0.06528828634938086,-0.04238455314340921,-0.0076952822456379626,-0.07317207509065039,0.018604048001436453,-0.03675188560773431,low_ps,False,0,good,2026-05-15 10:43:57.257576
747,44.369873228933635,ADBE,0.0037376560207805836,TECHNOLOGY,112501584000.0,253.04,,15.60787791342952,0.09170537545498027,0.06407020900256837,0.8910154173312068,0.36645810330020856,0.18036437246963563,0.24266092108806897,low_evebitda,False,1,partial,2026-05-15 10:29:32.163717
748,44.29530201342282,MOG-A,0.003734594512952979,INDUSTRIALS,10073360323.519999,314.08,,35.369572383436974,0.02024944938420727,0.028272889170361717,0.26947220501886077,0.1079099519669339,1.8654489016236868,0.05809226047087687,low_ps,False,0,good,2026-05-15 10:17:24.937957
749,44.22073079791201,BOH,0.0036605071438119397,FINANCIAL SERVICES,3216899903.7599998,80.46,,14.665669338633865,0.057443192367910983,0.06818645483610446,0.6936395724073043,0.28265061986635204,0.2819471362643001,0.009173969663570366,low_ps,False,0,good,2026-05-15 10:33:40.139157
750,44.14615958240119,APG,0.0035514926404446906,INDUSTRIALS,19157400000.0,44.04,,59.12777777777777,0.03549542213452765,0.01691252466409847,0.2914117934915586,0.06667482260827012,0.011389521640091117,0.03613651572607629,low_ps,False,1,partial,2026-05-15 10:31:20.028041
751,44.07158836689038,CNP,0.0026574605352638744,UTILITIES,27493480000.0,41.72,,25.670849673202614,-0.0971866784415796,0.038954690348402606,0.4129834254143646,0.22513812154696133,1.1594431310743367,0.022388527708677382,low_ps,False,0,good,2026-05-15 10:35:53.984360
752,43.997017151379566,RTX,0.0024217483377440272,INDUSTRIALS,240292414000.0,176.09,,33.116374586549064,0.03478678274046554,0.030196542118054545,0.20212895444435838,0.10413508459384993,0.6429606025492468,0.04257441427909242,low_ps,False,0,good,2026-05-15 10:21:11.227641
753,43.92244593586876,WMS,0.0023627172394409617,INDUSTRIALS,11217715200.0,143.2,,23.830870874953792,0.05144443317655275,0.041962377508033014,0.3821780866642403,0.2284530283243058,0.055388293447790886,0.11358269203252362,high_div_yield,False,0,good,2026-05-15 10:25:01.038039
754,43.847874720357936,FSS,0.0021320219279342923,INDUSTRIALS,7277295000.0,118.33,,26.883247137052088,0.039932419944498615,0.037197887401843675,0.2842078299107715,0.16692994065661956,0.02955879156705064,0.11029172099087353,low_ps,False,0,good,2026-05-15 10:41:27.645693
755,43.77330350484713,RDNT,0.002083718964322153,HEALTHCARE,4375298651.68,58.19,,1614.3967549409238,-0.04078075903035518,-0.004263023277928267,0.11201984109478927,0.03038510741541312,0.444112794301218,-0.004962534883677618,low_pe,False,1,partial,2026-05-15 10:20:40.763914
756,43.69873228933632,AEP,0.0016489134542612422,UTILITIES,71204562176.64,130.16,,19.487810547003118,-0.029815505286492586,0.05131412775119483,0.40393795287811657,0.23469802109746524,0.9903642719161071,0.031023298464882488,low_ps,False,0,good,2026-05-15 10:29:51.379455
757,43.624161073825505,UFPT,0.0015590324899448817,HEALTHCARE,1798059450.0,230.55,,26.2016124096526,0.043924576576152695,0.03816559013107158,0.2835176422474464,0.15205526475278844,1.2354446289895409,0.10171280184501189,low_ps,False,1,partial,2026-05-15 10:23:53.732516
758,43.54958985831468,FIVE,0.000947077896435928,CONSUMER CYCLICAL,12405435143.59,223.13,,34.59011976765066,0.033186018485834606,0.028909989520626612,0.34963110919961116,0.09600858243878704,0.46364557320614236,0.06494444136600248,low_ps,False,1,partial,2026-05-15 10:40:55.375796
759,43.475018642803875,TEL,0.0008973137063012524,TECHNOLOGY,60829000000.0,206.2,,20.93220922229869,0.05574643673247957,0.047773266040868664,0.3535604383739135,0.1928413323975598,0.04568868980963046,0.1131664005607695,low_ps,False,0,good,2026-05-15 10:22:52.356960
760,43.40044742729307,PLAB,0.0008930627678603441,TECHNOLOGY,3132039600.0,53.64,,22.94652179965273,0.0210469880393594,0.04357958947900914,0.3514141369624064,0.24453447024084285,7.439318828915956e-05,0.07178480913465154,low_evebitda,False,1,partial,2026-05-15 10:19:52.908947
761,43.32587621178226,HTO,0.0007987274730647526,UTILITIES,2234705993.41,57.97,,21.274809533606245,-0.1959188373285368,0.04700394607154409,0.5545300410151369,0.21986588001234864,0.05620223168365819,0.019621527191431683,low_ps,False,0,good,2026-05-15 10:43:58.122893
762,43.25130499627144,AON,0.0004917108036443137,FINANCIAL SERVICES,67374966000.00001,312.79,,17.091569254185696,0.05190355123889784,0.0585083783196269,0.6598421594418392,0.2755919020931031,0.3312158369035308,0.07664936125532287,low_evebitda,False,0,good,2026-05-15 10:31:11.943415
763,43.17673378076062,JPM,0.0004557753504474543,FINANCIAL SERVICES,843976770000.0001,302.1,,14.329220699842104,0.16700104198365553,0.0697874658327385,0.6086527972162884,0.26190601465517543,10.468332985501553,0.012019038970712022,low_ps,False,0,good,2026-05-15 10:15:38.836165
764,43.10216256524981,COO,0.0003887211461721197,HEALTHCARE,12042000000.0,60.0,,30.0,0.040790566351104465,0.03333333333333333,0.6424287677069362,0.17189720373127898,1.2898128898128898,0.03230791519775921,low_ps,False,0,good,2026-05-15 10:36:13.893914
765,43.027591349739005,PPL,0.00033604836180806715,UTILITIES,27189543779.999996,35.91,,23.02247568162574,-0.05152716100483243,0.04343581523676452,0.3905109489051095,0.23567794735677947,0.738327904451683,0.026102908672973213,low_ps,False,0,good,2026-05-15 10:20:09.312144
766,42.95302013422819,PII,0.00026090718751688565,CONSUMER CYCLICAL,3916975999.9999995,68.24,,52.754443987150324,0.04100101711115922,-0.11388887754226731,0.19642881689095382,-0.004769825014776835,3.305852042694148,-0.08510922445864734,low_ps,False,0,good,2026-05-15 10:19:49.002062
767,42.87844891871737,LII,4.174724232707553e-05,INDUSTRIALS,18243750000.0,521.25,,23.296833099221043,0.0362151421719767,0.04292428914011648,0.3305755258853513,0.19515767050857774,0.7281081558716974,0.18242597898758356,high_div_yield,False,0,good,2026-05-15 10:16:20.215282
768,42.80387770320656,FSLR,2.3460856607000557e-06,TECHNOLOGY,23671678850.0,219.95,,14.214552369434454,0.07045478314268361,0.07035043904374362,0.41729266838012874,0.33168685717491336,0.16063130280730445,0.1247322972786431,low_evebitda,False,1,partial,2026-05-15 10:41:26.541644
769,42.72930648769575,MIRM,0.0,HEALTHCARE,6306475410.36,107.16,,,,,,,,,,False,6,poor,2026-05-10 07:24:30.242238
770,42.65473527218494,ARQT,0.0,HEALTHCARE,2738657050.0,21.17,,,,,,,,,,False,6,poor,2026-05-10 07:10:48.031600
771,42.58016405667412,LQDA,0.0,HEALTHCARE,4232190293.9999995,42.3,,,,,,,,,,False,6,poor,2026-05-10 07:23:37.111602
772,42.505592841163306,ASND,0.0,HEALTHCARE,14649025261.92,238.66,,,,,,,,,,False,6,poor,2026-05-10 07:10:56.646123
773,42.4310216256525,NTRA,0.0,HEALTHCARE,26556687040.0,194.24,,,,,,,,,,False,6,poor,2026-05-10 07:26:20.335949
774,42.35645041014169,TEM,0.0,HEALTHCARE,8923145040.0,49.86,,,,,,,,,,False,6,poor,2026-05-10 07:33:01.602908
775,42.28187919463087,PL,0.0,INDUSTRIALS,12390032782.72,39.04,,,,,,,,,,False,6,poor,2026-05-10 07:28:03.281331
776,42.20730797912006,LMND,0.0,FINANCIAL SERVICES,4197686466.98,55.01,,,,,,,,,,False,6,poor,2026-05-10 07:23:27.036301
777,42.132736763609245,BBIO,0.0,HEALTHCARE,13291868820.0,67.39,,,,,,,,,,False,6,poor,2026-05-10 07:11:48.940623
778,42.05816554809844,AXSM,0.0,HEALTHCARE,11129497105.619999,217.38,,,,,,,,,,False,6,poor,2026-05-10 07:11:29.007553
779,41.98359433258763,GH,0.0,HEALTHCARE,12312474900.0,95.7,,,,,,,,,,False,6,poor,2026-05-10 07:19:19.725610
780,41.909023117076806,APLD,0.0,TECHNOLOGY,11206421737.5,41.25,,,,,,,,,,False,6,poor,2026-05-10 07:10:30.919248
781,41.83445190156599,OUST,0.0,TECHNOLOGY,1557986043.6,25.2,,,,,,,,,,False,6,poor,2026-05-10 07:27:07.437249
782,41.75988068605518,RKLB,0.0,INDUSTRIALS,60383515542.53,105.47,,,,,,,,,,False,6,poor,2026-05-10 07:29:42.672955
783,41.685309470544375,SOUN,0.0,TECHNOLOGY,3708076478.4,8.88,,,,,,,,,,False,6,poor,2026-05-10 07:31:52.590425
784,41.61073825503355,TARS,0.0,HEALTHCARE,2629396317.33,61.21,,,,,,,,,,False,6,poor,2026-05-10 07:32:50.008585
785,41.536167039522745,RYTM,0.0,HEALTHCARE,6401129754.81,94.17,,,,,,,,,,False,6,poor,2026-05-10 07:30:21.263766
786,41.46159582401193,NET,0.0,TECHNOLOGY,68858693310.0,196.13,,,,,,,,,,False,6,poor,2026-05-10 07:25:55.181612
787,41.38702460850112,MTRN,-6.79869182999163e-05,BASIC MATERIALS,4188165590.0,199.37,,54.748693952783086,0.0016059536939178186,0.018265275896123295,0.1584041060714241,0.060750253654503775,0.24605169754321918,0.04074679916203215,low_ps,False,0,good,2026-05-15 10:17:49.420881
788,41.3124533929903,LUMN,-0.00024880089004398435,COMMUNICATION SERVICES,8470595680.0,8.48,,2.7417748201084278,0.05277078695367502,-0.20518037522480354,0.47305883323706577,-0.026157273702450697,0.3220035778175313,-0.05675658023643133,low_ps,False,0,good,2026-05-15 10:16:38.823435
789,41.23788217747949,OUT,-0.0004305510159300585,REAL ESTATE,6003690000.0,33.9,,40.84142857142857,0.03311296885748598,0.024484941760817096,0.45345853548804854,0.1560299176481028,0.3881903906600808,0.027675276752767528,low_ps,False,0,good,2026-05-15 10:19:14.645829
790,41.163310961968676,CMG,-0.0005885690582164637,CONSUMER CYCLICAL,42297398910.0,32.49,,29.130720895380534,0.035613135531222195,0.03432802104662563,0.36128866697038126,0.15786372222803471,0.13560695228784347,0.1649380754926124,low_ps,False,1,partial,2026-05-15 10:35:44.101097
791,41.08873974645787,CMI,-0.0007306603197389487,INDUSTRIALS,94321540000.0,679.55,,35.28677141788253,0.02831802788631314,0.02833923195062337,0.25385023898035053,0.11240927597804921,0.30415800415800415,0.07760197416170707,low_ps,False,0,good,2026-05-15 10:35:45.862891
792,41.01416853094706,D,-0.0007666450788152633,UTILITIES,54469389000.0,61.89,,18.321355196770938,-0.13580104597832005,0.05458111527559085,0.4941390690793217,0.263514282462729,1.682467450385539,0.025072104437585386,low_ps,False,0,good,2026-05-15 10:37:29.070056
793,40.93959731543624,BXMT,-0.0008851764393367489,REAL ESTATE,3234469275.49,19.13,,31.21200895010084,0.10263260267009648,0.03203895018736912,0.6255631870099996,0.5833321393356249,18.98598939517843,0.005279165236868337,low_ps,False,0,good,2026-05-15 10:33:58.867128
794,40.86502609992543,SO,-0.0009229009681205992,UTILITIES,101439000000.0,91.8,,23.24982809993124,-0.037628525517798876,0.04301107069273159,0.43113276330615763,0.2414993040365878,1.0353878116343491,0.02778432284071298,low_evebitda,False,0,good,2026-05-15 10:22:07.530196
795,40.790454884414615,TAP,-0.0009796726425233865,CONSUMER DEFENSIVE,8032453999.999999,42.41,,9.504969388571762,0.1452358146090846,-0.2625972087733089,0.37833175423228876,-0.20280126566438442,0.05117043121149897,-0.09430031428967404,low_ps,False,0,good,2026-05-15 10:22:44.433848
796,40.71588366890381,AMG,-0.0010836411138270522,FINANCIAL SERVICES,9871280000.0,302.8,,13.07974029415662,0.09907529722589167,0.07645411739916201,0.6813860130995141,0.2856539192900909,0.0,0.08032055852960271,low_evebitda,False,0,good,2026-05-15 10:30:44.096063
797,40.641312453392985,CFR,-0.0015177950299203613,FINANCIAL SERVICES,8831415400.0,138.85,,13.208382912916417,0.07165419939367816,0.07570949499216173,0.80126804355763,0.2854060112344021,4.6732580549459755,0.012681415227443258,low_ps,False,0,good,2026-05-15 10:35:03.343018
798,40.56674123788218,CBU,-0.0015213280284830377,FINANCIAL SERVICES,3387769320.0,63.96,,15.536021535456001,0.0643272842437808,0.0643665431151611,0.7944614214905034,0.2785275296204777,0.6513696366428835,0.012288573270714634,low_ps,False,0,good,2026-05-15 10:34:34.234543
799,40.49217002237137,ROST,-0.0017168596593331645,CONSUMER CYCLICAL,73840999050.0,225.81,,34.42400204844283,0.029896778597282535,0.02904949861996755,0.2794786130310029,0.11900177925298451,0.48194204110011757,0.13795615682482765,low_ps,False,0,good,2026-05-15 10:21:05.358479
800,40.41759880686055,KGC,-0.001877535580945351,BASIC MATERIALS,37941663650.0,31.51,,13.262268678835918,0.07948153406815624,0.07540188064473552,0.5279906592570968,0.48247363493603695,0.0,0.22132404888461588,low_evebitda,False,0,good,2026-05-15 10:15:47.225561
801,40.34302759134973,CTS,-0.0023505582711459603,TECHNOLOGY,1790873500.0,61.75,,25.899136634465204,0.04892528701775977,0.038611325702234134,0.3870695564099012,0.15895986514371657,0.03325974742719865,0.08897581563523364,high_div_yield,False,0,good,2026-05-15 10:36:58.942152
802,40.26845637583892,SSD,-0.002617326527260253,BASIC MATERIALS,7802041260.000001,188.61,,21.95191891169478,0.03789110953765963,0.0455541041319743,0.455387074983301,0.19681368937186933,0.08861775141250908,0.11678194865162629,low_ps,False,0,good,2026-05-15 10:22:18.233485
803,40.193885160328115,WM,-0.002708835315284185,INDUSTRIALS,87095628000.0,215.37,,31.172379384395132,0.0377745711874309,0.03207968142786685,0.3205839530948727,0.18462991382363358,0.17310288954901432,0.061137855579868707,low_ps,False,0,good,2026-05-15 10:24:59.581544
804,40.1193139448173,PCTY,-0.0029800298090341035,TECHNOLOGY,6105675680.0,110.98,,25.624276283485187,0.07276279044025477,0.039025492425107,0.6897494687694802,0.2012799544651049,0.01835090700787172,0.03417243385138562,low_evebitda,False,1,partial,2026-05-15 10:19:32.745645
805,40.04474272930649,MTG,-0.0029845718359684547,FINANCIAL SERVICES,5836475500.0,26.75,,8.126645455937844,0.12078556656324523,0.12305200287399477,0.9357846836682084,0.7541509648570046,0.0,0.11192427816640482,low_evebitda,False,0,good,2026-05-15 10:17:46.641235
806,39.97017151379567,ALGN,-0.0030626458780419843,HEALTHCARE,12087010920.0,168.78,,28.116389511784355,0.04156999636432859,0.03556644424707776,0.6768051285544263,0.14443883709449848,0.039584216383966524,0.06808365877843385,low_ps,False,1,partial,2026-05-15 10:30:25.415939
807,39.89560029828486,XYL,-0.0037350704891517005,INDUSTRIALS,27677332800.0,113.73,,28.445357451181913,0.03490220705081813,0.03515512159466464,0.3860961390386096,0.13595864041359587,0.5893451720310766,0.0573905862923204,low_ps,False,0,good,2026-05-15 10:25:24.622728
808,39.821029082774054,EWBC,-0.0039917835899193005,FINANCIAL SERVICES,17085647810.0,122.99,,12.267879701072868,0.08789248243318437,0.08151367835083569,0.617454668850608,0.3849238747715905,0.24087363114218568,0.016802734430233893,low_evebitda,False,0,good,2026-05-15 10:39:49.230388
809,39.74645786726324,EVRG,-0.004152929671354739,UTILITIES,19267368000.0,81.78,,22.519130434782607,-0.039014150765169384,0.04440668803336294,0.32284874489003007,0.2518835095780263,1.6065060418508694,0.02414384721312956,low_ps,False,0,good,2026-05-15 10:39:45.250650
810,39.671886651752416,EL,-0.00437104793244693,CONSUMER DEFENSIVE,31497480000.0,86.2,,125.12258059546262,0.04079691454681454,-0.007873645764677046,0.7339937997034641,0.0756166599272139,0.8721291123525761,-0.012611879576891782,low_ps,False,0,good,2026-05-15 10:39:01.960718
811,39.59731543624161,IP,-0.004525436528502032,CONSUMER CYCLICAL,17565353966.97,33.03,,51.14079975103092,0.03148242848051139,-0.19077326914682396,0.27825843146679485,-0.104582231835296,0.9191489361702128,-0.09197452928583191,low_ps,False,0,good,2026-05-15 10:15:12.759109
812,39.5227442207308,GWW,-0.0046990729683064605,INDUSTRIALS,58477854000.0,1233.71,,34.27775732708089,0.022760753156229024,0.029173437178457332,0.3906476424032995,0.1390591907256716,0.11754068716094032,0.1903592948002678,low_ps,False,0,good,2026-05-15 10:42:51.775529
813,39.448173005219985,INDB,-0.004897397457482799,FINANCIAL SERVICES,3831780059.0,78.2,,15.924810212910975,0.08903512068723357,0.06279509687275607,0.6948923049570669,0.22989319391034083,1.49538449679131,0.009708726503596332,low_ps,False,0,good,2026-05-15 10:15:05.603000
814,39.37360178970917,RDN,-0.004905459917706572,FINANCIAL SERVICES,5270739100.0,38.06,,9.043867933431367,0.021943032619466972,0.11057215865607918,0.9229519092850093,0.6118651718544923,0.046205675953882586,0.07175184862301116,low_evebitda,False,0,good,2026-05-15 10:20:39.836219
815,39.299030574198355,FCX,-0.005045906343586076,BASIC MATERIALS,89022600000.0,61.65,,32.57321624588364,0.020107253663676414,0.030700069420574103,0.277998561750123,0.27765792362136177,0.05212677231025855,0.04644799456152277,low_evebitda,False,0,good,2026-05-15 10:40:23.373741
816,39.22445935868755,HOMB,-0.0050772608196439336,FINANCIAL SERVICES,5289140760.0,26.76,,11.054948802464672,0.07678789777566819,0.09045722579710659,0.7803013699627566,0.4417964241896905,1.2305934998027241,0.020620964543126383,low_evebitda,False,0,good,2026-05-15 10:43:35.108847
817,39.14988814317674,MCRI,-0.00509099262830745,CONSUMER CYCLICAL,2158820610.0,118.61,,19.783913214809385,0.07167941573431615,0.050546117400648675,0.5162157237079821,0.24934880033652057,0.0051306601171830285,0.1504742310121433,high_div_yield,False,0,good,2026-05-15 10:16:59.989817
818,39.075316927665924,CARR,-0.0050962027044638815,INDUSTRIALS,56324324000.0,66.83,,42.70229264594389,0.02945441475693521,0.02341794639204192,0.24833104709647918,0.08139003200731595,1.1029224904701398,0.03547033829935997,low_ps,False,0,good,2026-05-15 10:34:15.600667
819,39.00074571215511,HIW,-0.005099316849325146,REAL ESTATE,2848616040.0,25.42,,30.47332598765498,0.07050195504761674,0.03281558437057737,0.6737386293355518,0.2560935294713228,0.016563431375500495,0.014170138372547958,low_evebitda,False,0,good,2026-05-15 10:43:19.292039
820,38.92617449664429,INVA,-0.005157794400126362,HEALTHCARE,1942193610.0,22.89,,3.8509303372301447,0.09311687520174675,0.2596775096999727,0.7619552864505967,0.14846907257817327,0.0009523527441657003,0.274609370533495,high_earnings_yield,False,0,good,2026-05-15 10:15:09.631573
821,38.851603281133485,AEE,-0.005305575217342586,UTILITIES,30365088000.0,109.07,,19.924598425196848,-0.042911122141322304,0.05018921730113215,0.5171209731921604,0.23969362469024555,0.28713883917156735,0.030574168438791478,low_evebitda,False,0,good,2026-05-15 10:29:45.683773
822,38.77703206562268,URI,-0.005537800158298093,INDUSTRIALS,59593200000.0,937.0,,23.77072197846031,0.011125430418235637,0.04206855815764215,0.3625420103880232,0.2467461044912924,0.4979291302346986,0.08387981798715204,low_evebitda,False,0,good,2026-05-15 10:24:07.582068
823,38.702460850111855,ABCB,-0.005740865007584725,FINANCIAL SERVICES,5864888239.559999,86.52,,13.49146499527272,0.0630266059473508,0.07412093500226924,0.700146652121073,0.33586027139015684,1.4411746566560524,0.015464674678187624,low_evebitda,False,0,good,2026-05-15 10:29:10.131207
824,38.62788963460104,AMKR,-0.005935284652240744,TECHNOLOGY,18987405450.0,76.61,,43.53731203481626,0.008806995797311527,0.022968804302854345,0.14425577211602086,0.07582249851402334,0.3597872283807004,0.052552986431260856,low_ps,False,0,good,2026-05-15 10:30:48.940355
825,38.55331841909023,WD,-0.00602934720361684,FINANCIAL SERVICES,1824574710.0,54.61,,32.018508554882864,-0.37273453165422865,0.031231935687632106,0.585025107226247,0.11131599457508916,6.766569608787215,0.011263019623763559,low_ps,False,0,good,2026-05-15 10:24:45.150116
826,38.478747203579424,ABT,-0.006199620779634947,HEALTHCARE,147307040000.0,84.32,,23.471485022307203,0.05008586147681741,0.04260488840180347,0.5637878317897815,0.18172552842646342,0.8161791928915216,0.05683289715563847,low_ps,False,0,good,2026-05-15 10:29:18.352386
827,38.4041759880686,SJM,-0.006337788346717614,CONSUMER DEFENSIVE,10589975000.0,99.25,,21.252537098357745,0.09170937608445723,-0.11858384934808627,0.32674254475388165,0.03403311451168418,2.8647736529733505,-0.07720540769840831,low_ps,False,0,good,2026-05-15 10:21:49.371488
828,38.32960477255779,CBSH,-0.006633696387278047,FINANCIAL SERVICES,7568499389.12,51.89,,13.133326026355151,0.07534809354940125,0.07614217434283299,0.8070766642401005,0.33951843457942865,3.220130918579541,0.01613455412140283,low_ps,False,0,good,2026-05-15 10:34:30.924399
829,38.25503355704698,XPO,-0.006890169763660295,INDUSTRIALS,24335500000.0,204.5,,69.92959770114943,0.018779149801729983,0.014300096566744056,0.12183658712942878,0.09050373583996144,0.3044189852700491,0.042527190516925335,low_ps,False,1,partial,2026-05-15 10:25:22.639273
830,38.18046234153617,COHR,-0.006892702187856461,TECHNOLOGY,52132930000.0,335.26,,0.27197935848511473,-10.303872542747934,3.676749609124214,0.0011363671174402458,0.0003032122924935769,55.5879679253219,0.011088277051821513,high_fcf_yield,False,1,partial,2026-05-15 10:36:04.913607
831,38.10589112602536,SHW,-0.0070563054502476566,BASIC MATERIALS,78603042000.0,316.82,,30.240080790982187,0.0369604016088843,0.03306869472049186,0.4912201541643166,0.1613252282175012,1.1713103756708407,0.09853783545057186,low_ps,False,0,good,2026-05-15 10:21:45.792514
832,38.03131991051454,HFWA,-0.007161865656622536,FINANCIAL SERVICES,1076157738.8799999,27.52,,14.829645833976409,0.07960078425784763,0.06743249374903384,0.7477553810133053,0.23731814985214747,0.23493756534201035,0.00853901509036285,low_ps,False,0,good,2026-05-15 10:43:14.643641
833,37.956748695003725,LECO,-0.007263088993216009,INDUSTRIALS,14996991870.0,271.11,,27.85329119213711,0.029236663178907222,0.035902399939088586,0.3609619721340234,0.17119880969765927,0.3870007219191214,0.1380444801103478,high_div_yield,False,0,good,2026-05-15 10:16:13.382212
834,37.88217747949292,BMRN,-0.007368650842328337,HEALTHCARE,10686094260.0,54.06,,39.76339485454451,0.07178095020846278,0.02514875813944018,0.7593482559997237,0.1379338099679365,0.018719044067884286,0.03128174828215895,low_ps,False,1,partial,2026-05-15 10:33:37.173775
835,37.80760626398211,MTZ,-0.007504497942973269,INDUSTRIALS,32639423360.0,414.29,,71.14054289214084,0.005471757206926341,0.014056682158247541,0.11299556931448915,0.05647379945385725,0.43108390645766503,0.04394017534811759,low_ps,False,1,partial,2026-05-15 10:17:52.307236
836,37.73303504847129,MARA,-0.007833277308210531,FINANCIAL SERVICES,4595868459.32,12.94,,5.991370958931604,-0.06796278065064872,-0.2853593421152973,0.3696963817381459,-0.16040802872472834,0.7983622927900939,-0.17663351529482624,high_earnings_yield,False,1,partial,2026-05-15 10:16:51.253508
837,37.65846383296048,ARIS,-0.007923229672366808,BASIC MATERIALS,4064490091.7999997,19.7,,23.371618096766497,0.04364927333884367,0.04278693909252059,0.5206705804399323,0.4329602382811901,0.17293911548002416,0.0640397649000538,high_div_yield,False,0,good,2026-05-15 10:31:35.184618
838,37.58389261744966,GATX,-0.008335988583402428,INDUSTRIALS,6655551000.0,186.43,,19.9686498649865,-0.10271125561204474,0.05007849838428103,0.48580786026200873,0.30688347506320385,3.55645606925769,0.01820804038218857,low_evebitda,False,0,good,2026-05-15 10:41:44.184360
839,37.509321401938855,AAT,-0.008514716289447413,REAL ESTATE,1617538704.6399999,21.04,,72.22122179934813,0.057244379831150924,0.013846345645858708,0.6075757264559357,0.22773734621362016,0.01155974902271095,0.007721593743568068,low_evebitda,False,0,good,2026-05-15 10:29:07.009448
840,37.43475018642803,MGEE,-0.008540210016635326,UTILITIES,2697063000.0,73.65,,18.889906007928396,-0.04843861637640648,0.05293832587522056,0.9707175128064458,0.2227559236734529,0.2873656380181143,0.046831606233761806,low_evebitda,False,0,good,2026-05-15 10:17:07.660030
841,37.360178970917225,AROC,-0.008600010967245218,ENERGY,6449372160.0,36.96,,19.82994447075029,0.03791423318948305,0.05042878468343808,0.4771969807876699,0.37972675152431185,0.005418917426270638,0.07410840525221453,low_evebitda,False,0,good,2026-05-15 10:31:38.163215
842,37.28560775540642,PEGA,-0.008720434894243038,TECHNOLOGY,6433804975.0,35.975,,18.879699086504743,0.07692182183374309,0.05296694589347573,0.7496188576080256,0.10190853523684941,0.07068137367023139,0.21971595063307625,high_div_yield,False,0,good,2026-05-15 10:19:36.399435
843,37.2110365398956,VTRS,-0.00883483621998185,HEALTHCARE,20179901000.000004,17.17,,2.2143881872368354,0.09020856940774881,-0.17417825781206756,0.3505968573206806,-0.18623207155294794,0.031312056737588655,-0.09450408809698572,low_ps,False,0,good,2026-05-15 10:24:36.597276
844,37.13646532438478,NOG,-0.00895283349043798,ENERGY,2304963905.4,23.4,,69.64396968790754,-0.3251261324501954,-0.2703157296911657,0.30578874076103296,0.26040614783221544,0.0,-0.11298012673427327,low_ps,False,0,good,2026-05-15 10:18:18.311886
845,37.06189410887397,EFX,-0.008980870439861849,INDUSTRIALS,21240264000.0,175.83,,30.39969085444397,0.05362927692424162,0.03289507136069495,0.44669978030375396,0.18260260451491706,1.3304652644996813,0.058507787640261266,high_div_yield,False,0,good,2026-05-15 10:38:47.599192
846,36.987322893363164,STE,-0.00911673691816596,HEALTHCARE,20496060000.0,207.45,,28.9585629270443,0.04474499001271464,0.03453210031586559,0.44107709790836735,0.17178203067210865,0.02524075942401174,0.0668251600355005,high_div_yield,False,0,good,2026-05-15 10:22:24.017469
847,36.91275167785235,CVNA,-0.009254002377935314,CONSUMER CYCLICAL,57708724500.0,77.94,,36.15834868421052,0.012823017774374827,0.027656130226894896,0.19967143237723115,0.09191013231506971,0.48060010346611487,0.11589572289594074,low_ps,False,1,partial,2026-05-15 10:37:13.785987
848,36.83818046234154,LOPE,-0.009358865527496985,CONSUMER DEFENSIVE,4462672210.0,166.09,,20.29409827194179,0.05827539818345744,0.04927540936285796,0.5269519857488094,0.2761034899424266,0.04689631969495897,0.2271943002022949,low_pe,False,1,partial,2026-05-15 10:16:29.355388
849,36.76360924683072,TTD,-0.009472531116639713,COMMUNICATION SERVICES,11006459640.0,23.08,,24.82824346272535,0.07153172098489612,0.040276711540278724,0.7862547319254604,0.20347486641503387,0.1036308459034905,0.07204423050045342,low_evebitda,False,1,partial,2026-05-15 10:23:34.306249
850,36.68903803131991,H,-0.009734934258125202,CONSUMER CYCLICAL,16240440000.0,167.6,,32.56914998075359,0.0038792052432076963,-0.0020935393376041536,0.17606425702811246,0.09156626506024096,1.6530054644808743,-0.0024455153563978996,low_ps,False,0,good,2026-05-15 10:42:53.526244
851,36.6144668158091,IBOC,-0.009986831355275836,FINANCIAL SERVICES,4560724341.309999,73.27,,11.061852472173914,0.10812339512244197,0.09040077170758692,0.7833092138825817,0.4925119280069888,1.0769397713123332,0.024718324425272713,low_evebitda,False,0,good,2026-05-15 10:14:55.327971
852,36.53989560029829,VLTO,-0.01011472417981014,INDUSTRIALS,21640528000.0,86.84,,22.332846233230136,0.048150396330440735,0.044777096011705445,0.5986053996066512,0.231181834435902,1.023391812865497,0.1266170129361035,high_div_yield,False,0,good,2026-05-15 10:24:21.692158
853,36.465324384787465,SNA,-0.010219578527916717,INDUSTRIALS,19709800000.0,374.0,,19.259136231443364,0.05467330972409665,0.05192340860891536,0.513017323880393,0.24708501787074472,0.43058487097433107,0.12016814604762575,low_evebitda,False,0,good,2026-05-15 10:22:02.770559
854,36.39075316927666,CRM,-0.010394895647394542,TECHNOLOGY,170910800000.0,181.82,,22.91951186804345,0.0842661786148096,0.04363094666925671,0.7767609873570138,0.2146417820590006,0.6717485265225933,0.06639953697520146,high_div_yield,False,0,good,2026-05-15 10:36:39.383803
855,36.31618195376585,HSY,-0.010410433844380987,CONSUMER DEFENSIVE,37982828049.12,185.94,,34.71411250183474,0.04107945827472818,0.028806728097892382,0.34761882841294256,0.14080405132911095,0.659159870924704,0.0790504904418973,low_ps,False,0,good,2026-05-15 10:43:55.400579
856,36.241610738255034,SXT,-0.010597160673601055,BASIC MATERIALS,5043712200.0,118.2,,34.97792741873964,0.0043410486427040785,0.028589458375519523,0.33836931179860114,0.133077638588565,0.0016460438246610138,0.06303451495636452,low_ps,False,0,good,2026-05-15 10:22:38.370237
857,36.16703952274422,CPRI,-0.010682662468662335,CONSUMER CYCLICAL,2234730415.1,18.53,,227.12014777666667,0.112918876162836,-0.22553055912001221,0.6135200646377592,-0.017775383786695395,1.4505494505494505,-0.15121512151215122,low_ps,False,1,partial,2026-05-15 10:36:27.001687
858,36.0924683072334,AAMI,-0.010818151761477796,FINANCIAL SERVICES,2456954000.0,68.63,,29.179976247030876,-0.005657411575471092,0.034270075874436395,1.0177708495713171,0.26936866718628216,1.0810810869247627,0.11769639362594353,high_div_yield,False,0,good,2026-05-15 10:28:59.877570
859,36.017897091722595,NI,-0.010900287960820631,UTILITIES,22467648000.0,46.72,,23.36,-0.03703102340752357,0.04280821917808219,0.6278565251168995,0.2777883642866566,6.139481289095365,0.026277970547252807,low_ps,False,0,good,2026-05-15 10:18:11.740798
860,35.94332587621179,FITB,-0.01122308448342393,FINANCIAL SERVICES,40957416420.0,49.33,,18.848327850897373,0.03276573859636042,0.053055104299471835,0.6659833064870405,0.20237223605213062,0.6862228081740277,0.007315537690336959,low_ps,False,0,good,2026-05-15 10:40:54.533345
861,35.86875466070097,WEC,-0.0112941340120531,UTILITIES,36657978000.0,111.66,,22.371523251556205,-0.030189881176752302,0.044699683108544615,0.5573933047755038,0.23970728224654927,0.6353955124077468,0.03167356090772026,low_evebitda,False,0,good,2026-05-15 10:24:48.445146
862,35.79418344519015,CWST,-0.011340822690248994,INDUSTRIALS,5429199360.0,85.44,,760.1791318958275,0.01884826715959828,0.0013154794153663204,0.21174139668887862,0.04942015952538747,0.14785301834722098,0.002183798004494184,low_pe,False,1,partial,2026-05-15 10:37:20.418184
863,35.71961222967934,KRC,-0.011444923006356205,REAL ESTATE,4105514443.2999997,34.9,,18.847765147710316,-0.045978160010630015,0.05305668826850185,0.49865411647895647,0.2719691989182568,0.7841980145197397,0.020216043682431826,low_evebitda,False,0,good,2026-05-15 10:16:00.931076
864,35.645041014168534,ALKS,-0.011656815584545597,HEALTHCARE,5815198040.0,34.99,,38.077514667365115,0.03813455680694238,0.026262218233929654,0.8663265698009345,0.12282148114958714,0.24259717583359364,0.03586596387664288,high_earnings_yield,False,1,partial,2026-05-15 10:30:30.783302
865,35.570469798657726,AJG,-0.011690699963596243,FINANCIAL SERVICES,51669607721.130005,198.87,,32.063051642029166,0.03454642058894583,0.031188547215174344,0.6599209211616041,0.18166760172049906,0.163402864656471,0.02058083549379957,high_div_yield,False,0,good,2026-05-15 10:30:17.852882
866,35.495898583146904,AWI,-0.011767182428925198,INDUSTRIALS,6988032000.0,161.76,,22.806892950391642,0.03540338681906437,0.04384639337656153,0.4029733009708738,0.275,0.06673582295988935,0.15428772848582506,high_div_yield,False,0,good,2026-05-15 10:32:11.745738
867,35.42132736763609,RELY,-0.012002127763598722,TECHNOLOGY,5215648997.97,24.03,,49.37471834797509,0.0477978867245533,0.02025328008865515,0.5412497646735116,0.06905652180209404,0.06671426971326165,0.07622694173618813,low_ps,False,1,partial,2026-05-15 10:20:42.893512
868,35.34675615212528,UAA,-0.012170659403473812,CONSUMER CYCLICAL,2731753350.0,6.43,,21.030458802327985,-0.01680678821168097,-0.19024777621303182,0.4657754986542846,-0.0254246962091663,8.21365787694388,-0.11224879227418329,low_ps,False,1,partial,2026-05-15 10:23:45.769390
869,35.27218493661447,RSG,-0.012270804189557711,INDUSTRIALS,61826182000.0,200.02,,28.890739252336452,0.038964075122736835,0.03461316760591815,0.3033992285438766,0.20003616200578592,0.22953976506836127,0.06227084909503578,high_div_yield,False,0,good,2026-05-15 10:21:10.014565
870,35.19761372110365,MRK,-0.01256071865066302,HEALTHCARE,275331360000.0,111.38,,30.814925573587015,0.051265500595355354,0.03245180643425435,0.7590901468144466,0.27591358834021923,0.21540631059404194,0.06943311186229942,low_evebitda,False,0,good,2026-05-15 10:17:32.736433
871,35.123042505592835,LPG,-0.01264194504246596,ENERGY,1716308593.17,40.29,,14.21433117397166,0.07707807531025787,0.07035153379788517,0.5010925187699383,0.35003058986669733,1.1303637391261303,0.0679204986685188,low_evebitda,False,0,good,2026-05-15 10:16:30.868967
872,35.04847129008203,LPX,-0.01268519021718997,INDUSTRIALS,5260500000.0,75.15,,64.15243902439025,-0.0013306719893546241,0.015587871875297024,0.1981242672919109,0.053927315357561546,0.03643724696356275,0.0317706315381635,low_ps,False,0,good,2026-05-15 10:16:31.827667
873,34.97390007457122,QLYS,-0.013109481702255742,TECHNOLOGY,3363816120.0,94.28,,16.699760809019555,0.08635638502142619,0.059881097186727315,0.8308686104102421,0.3374129754228577,0.030208391131685122,0.18401459480594462,low_ps,False,1,partial,2026-05-15 10:20:32.458604
874,34.89932885906041,ADP,-0.013121132882570474,TECHNOLOGY,85687888500.0,212.995,,19.71876389368312,0.06011584706046292,0.05071311799216525,0.4747575287609083,0.19199092613596908,1.4645192986765745,0.06738860061844607,low_pe,False,0,good,2026-05-15 10:29:41.517452
875,34.82475764354959,CTVA,-0.013274524541119478,BASIC MATERIALS,54649168000.0,81.13,,47.03026506024096,0.03754860458259859,0.021262903764609924,0.4240035776175303,0.13824137738274916,0.6246268656716418,0.02720228480464452,low_ps,False,0,good,2026-05-15 10:37:01.875307
876,34.750186428038774,VYX,-0.01331217552028538,TECHNOLOGY,1160650000.0,8.35,,1.8603091095189357,-0.3963296428725283,-0.012923792702365053,0.23669519910681058,0.026423520655005583,0.18309859154929578,-0.0038255547054322878,high_div_yield,False,0,good,2026-05-15 10:24:37.542172
877,34.675615212527966,AIN,-0.013381318804459339,CONSUMER CYCLICAL,1785802500.0,62.55,,30.225941206223787,0.05164624867531544,-0.03327131639696999,0.2051051459632379,-0.020459244117168807,0.0,-0.034210297520651634,low_ps,False,0,good,2026-05-15 10:30:10.232769
878,34.60104399701716,PODD,-0.01367916663902069,HEALTHCARE,10822340320.0,154.16,,35.74088612945839,0.0384112851479799,0.027979160795786173,0.7101244441380261,0.17484229032369264,0.07022843118746461,0.10136582753079808,high_earnings_yield,False,1,partial,2026-05-15 10:20:02.050904
879,34.526472781506335,NTCT,-0.013936775749601421,TECHNOLOGY,2803886610.0000005,39.09,,29.235169224673648,0.09824791024627062,0.03420537751346514,0.7924878748691135,0.12783683950250396,0.05727193487190297,0.041311218096853154,low_ps,False,1,partial,2026-05-15 10:18:29.186845
880,34.45190156599553,DE,-0.014024633203823187,INDUSTRIALS,155724156000.0,574.84,,32.34818363107603,0.0229636820121857,0.030913636802757816,0.3563992784647817,0.1845565383695912,3.5792756887887713,0.04654085618160022,low_ps,False,0,good,2026-05-15 10:37:41.865218
881,34.37733035048471,DHT,-0.014186603355162189,ENERGY,3063103411.0,19.0,,9.240298226333804,-0.04274684280321217,0.10822161531000299,0.47465777261156283,0.500832934384556,0.3152834770452587,0.18570166473492358,low_ps,False,0,good,2026-05-15 10:37:54.106052
882,34.302759134973904,WY,-0.014232787876796188,REAL ESTATE,16980918630.0,23.53,,42.7730947858942,-0.006948976234508934,0.023379182755085142,0.1341428158427291,0.0770453888407054,0.684772929652716,0.024205841107249562,low_ps,False,0,good,2026-05-15 10:25:18.612085
883,34.22818791946308,BMI,-0.014316129317370533,TECHNOLOGY,3480359948.4,118.52,,26.654922979834723,0.048580319997570516,0.0375165218356298,0.4136812794054837,0.18864896752530586,0.0,0.13449724353322182,high_div_yield,False,0,good,2026-05-15 10:33:35.720219
884,34.153616703952274,DEI,-0.01442947188284366,REAL ESTATE,2071554419.9999998,12.37,,99.7992843283073,0.05731831075912551,-0.012565926218824608,-0.16126971534951953,0.18980253257405277,10.25790140689858,-0.0027976893671682753,low_ps,False,0,good,2026-05-15 10:37:45.005343
885,34.07904548844146,GMED,-0.014481906478538498,HEALTHCARE,10771988450.0,77.95,,20.026005670198924,0.05372898445690405,0.04993507025158386,0.6740957501105856,0.16325836197216645,0.01803718072672533,0.10143772272595351,low_evebitda,False,1,partial,2026-05-15 10:42:22.072092
886,34.00447427293065,CEG,-0.014847469580796132,UTILITIES,95339820000.0,303.63,,41.112470892626135,0.013509570292874478,0.0243235198052608,0.17611963131525604,0.11802501242972425,0.6013117017604418,0.04050725776869465,high_div_yield,False,0,good,2026-05-15 10:34:53.492638
887,33.92990305741984,NEM,-0.014887383486852939,BASIC MATERIALS,126646370000.0,116.51,,14.97710146641438,0.061738840205210775,0.06676859352542043,0.5511901347863493,0.5261583842025482,0.006945276014848521,0.14662736258019768,low_ps,False,0,good,2026-05-15 10:18:05.608063
888,33.85533184190902,KMI,-0.014909033443872982,ENERGY,69887250000.0,31.41,,21.08212669683258,0.05567539143405986,0.04743354474528615,0.4694704405386898,0.2860648253823328,0.5777719043213956,0.04536621414495293,low_evebitda,False,0,good,2026-05-15 10:15:52.899306
889,33.78076062639821,TREX,-0.015338205687162935,INDUSTRIALS,4226326942.2000003,40.2,,22.195346701677916,-0.027337213041037974,0.04505448882780472,0.3917030794529694,0.21967746687933834,0.8696271321646027,0.127727495000976,low_pe,False,1,partial,2026-05-15 10:23:18.997809
890,33.7061894108874,JKHY,-0.015494082069844888,TECHNOLOGY,10497271520.0,145.84,,20.220034826023976,0.056028464051771046,0.049455898993455774,0.44056836914260866,0.2599518461940248,0.01131931378241188,0.170550958123766,high_div_yield,False,0,good,2026-05-15 10:15:35.248274
891,33.63161819537659,AORT,-0.015588566913848667,HEALTHCARE,1263664710.0,25.41,,129.36780405405406,-0.000720919079872065,0.007729898542470177,0.6361294269594181,0.06853148437677022,0.0912052669981165,0.011039832910637029,low_ps,False,0,good,2026-05-15 10:31:13.368161
892,33.55704697986577,HWKN,-0.01581432416754208,BASIC MATERIALS,3484279696.7999997,167.16,,42.27879067126147,0.0251658901208565,0.023652521373553354,0.22862767894768526,0.11513831196195293,0.11314445174755826,0.08439304227434805,high_div_yield,False,0,good,2026-05-15 10:44:02.796579
893,33.48247576435496,AMGN,-0.015873028795449984,HEALTHCARE,179449700000.0,331.7,,23.006371794871797,0.047907575214670185,0.043466219224662955,0.7146194747301144,0.3162898114828938,0.6269241856442779,0.08432067802473407,low_evebitda,False,0,good,2026-05-15 10:30:45.455928
894,33.407904548844144,ESNT,-0.01648462020336888,FINANCIAL SERVICES,5970330360.0,63.13,,8.653041455485681,0.14215109530387862,0.11556630176156617,0.8834441107420266,0.6414542695871526,0.006951689430282114,0.09272526835427966,low_evebitda,False,0,good,2026-05-15 10:39:36.730778
895,33.333333333333336,DOV,-0.01650497029001397,INDUSTRIALS,29873797850.0,219.83,,27.119340658043807,0.03808126458216627,0.03687405282485701,0.39501819716707515,0.16702155218483758,0.7777739111302199,0.08155727388225678,high_div_yield,False,0,good,2026-05-15 10:38:14.136987
896,33.25876211782251,DOW,-0.017182659645429244,BASIC MATERIALS,26590644000.0,36.87,,64.30183450855289,-0.05246206146793587,-0.10383351377273903,0.06155449899570314,-0.023060690040934632,2.511904761904762,-0.04618601538976246,low_ps,False,0,good,2026-05-15 10:38:15.108994
897,33.184190902311705,ETR,-0.017637208869881838,UTILITIES,51611565218.94,111.59,,28.645862304742547,-0.05813055634474358,0.03490905560327441,0.43333658452442075,0.22566013101999047,0.9834519524504292,0.023767976260927172,low_evebitda,False,0,good,2026-05-15 10:39:42.769846
898,33.1096196868009,CHD,-0.017814507402898888,CONSUMER DEFENSIVE,22248064000.0,93.44,,30.35206548431105,0.047945744852226246,0.03294668695667183,0.450671995358881,0.17296225867792567,0.019224757736792747,0.08138566590795536,high_div_yield,False,0,good,2026-05-15 10:35:10.642595
899,33.03504847129008,KHC,-0.017981218478634743,CONSUMER DEFENSIVE,28464480000.0,23.96,,11.481352360963418,0.13859378425321664,-0.2023574644609703,0.3386954781912765,-0.18887555022008803,0.5005537098560354,-0.0702045194159374,low_ps,False,0,good,2026-05-15 10:15:47.763551
900,32.960477255779274,AOSL,-0.01854974876252213,TECHNOLOGY,1132717300.0,37.9,,74.98100938207699,-0.06517513240064401,-0.06803021371705015,0.22405844914165596,-0.06397436646035268,0.46154945172697076,-0.07892049778116432,low_ps,False,1,partial,2026-05-15 10:31:15.845676
901,32.88590604026845,SXI,-0.018573942094464852,INDUSTRIALS,3153248040.0,261.42,,31.857426468553513,0.01721494767027588,0.031389855077813666,0.3980551053484603,0.1631475217275905,0.062190903553526425,0.06482937521327607,high_div_yield,False,0,good,2026-05-15 10:22:37.484055
902,32.811334824757644,BRKR,-0.01882251496043143,HEALTHCARE,6743231999.999999,44.16,,64.49858833129377,0.007607627914922696,-0.0012753528278427913,0.45288419835188665,0.04883620066502819,0.03746654772524532,-0.0014027761919519794,low_ps,False,0,good,2026-05-15 10:33:46.515923
903,32.736763609246836,FANG,-0.019081959443326753,ENERGY,53362850400.0,188.7,,132.41402084367246,0.029833488804788436,0.007552070344428228,0.41833980646435387,0.22124942400105327,0.13819188191881918,0.005750570776255708,low_pe,False,0,good,2026-05-15 10:40:09.224042
904,32.66219239373602,LKFN,-0.019513895915054116,FINANCIAL SERVICES,1569150776.0,61.55,,14.296980301401316,0.06792145256537158,0.06994484002345483,0.6299715691969062,0.3148740837591683,0.7347099541207449,0.015493924062069432,low_evebitda,False,0,good,2026-05-15 10:16:22.270432
905,32.5876211782252,WDAY,-0.019747691899488624,TECHNOLOGY,33671828130.0,127.83,,48.58849658008658,0.08247250458984806,0.02058100312595056,0.7570142378559463,0.08898659966499163,0.09009009009009009,0.0383423702556158,low_ps,False,1,partial,2026-05-15 10:24:45.733755
906,32.51304996271439,ARI,-0.019786251240140183,REAL ESTATE,1536808141.0,11.0,,12.105045377926212,0.01795344471694857,0.08261018185223161,0.6621154008855298,0.5602597365971967,26.4515364360061,0.012586122133843192,low_ps,False,0,good,2026-05-15 10:31:34.103608
907,32.43847874720358,WTS,-0.019872906600807233,INDUSTRIALS,9946150000.0,296.9,,27.145605895196507,0.03190179114531754,0.03683837464747666,0.49245445304558605,0.19407303151145516,0.0,0.12463432886590925,high_div_yield,False,0,good,2026-05-15 10:25:14.428014
908,32.36390753169277,CLS,-0.02007805890419553,TECHNOLOGY,43451135000.0,375.55,,45.27372099713032,0.01134002849407731,0.02208786859077444,0.11607156256654541,0.07841723294366523,0.039230543034705315,0.11689926431181484,low_ps,False,1,partial,2026-05-15 10:35:34.457237
909,32.28933631618195,ITW,-0.02032560940740543,INDUSTRIALS,73651116000.0,254.76,,23.500675175494575,0.0367543649983525,0.042551968934184246,0.4412181739720116,0.2641637383638493,0.5494386873920553,0.1926955238563699,low_pe,False,0,good,2026-05-15 10:15:24.291827
910,32.21476510067114,PG,-0.020446791142760632,CONSUMER DEFENSIVE,353823930000.0,146.42,,21.231558955895586,0.042473102370436056,0.04709969729859708,0.5032865149103992,0.23239696487465117,1.1327114053566054,0.12981095038908233,low_pe,False,0,good,2026-05-15 10:19:44.111136
911,32.14019388516033,BSX,-0.020622630619968208,HEALTHCARE,80625350000.0,53.93,,22.692189698846043,0.042691287541697494,0.044068025751206046,0.7041474654377881,0.20116420082464226,0.01721604031072853,0.08011093323713107,low_pe,False,1,partial,2026-05-15 10:33:50.028206
912,32.06562266964952,EBAY,-0.021015625318007016,CONSUMER CYCLICAL,49214330000.0,107.69,,24.12467156862745,0.03427863388569955,0.04145134150967818,0.7200965184419166,0.19579455360220613,0.5343783398646241,0.11401106577991393,high_div_yield,False,0,good,2026-05-15 10:38:37.260174
913,31.9910514541387,ASH,-0.021062430510610974,BASIC MATERIALS,2530460000.0,55.01,,21.064030010159588,0.13199181176544977,-0.2790006560072082,0.25207296849087896,0.04311774461028192,0.051630434782608696,-0.15692376083574128,high_earnings_yield,False,0,good,2026-05-15 10:31:45.855048
914,31.916480238627887,PRLB,-0.021179688159274568,INDUSTRIALS,1683107118.0,69.3,,65.35576895895623,0.035256817207518935,0.015300868093649165,0.448562767044144,0.06035426483456535,0.017891557601035526,0.03307739336833777,low_ps,False,1,partial,2026-05-15 10:20:18.924726
915,31.841909023117076,WTRG,-0.02156823518706632,UTILITIES,10627840920.0,37.47,,17.24265970546864,-0.04290513975815136,0.057995693070648634,0.5347656100039804,0.3721593055889502,0.2752403089655334,0.03098191211742715,low_evebitda,False,0,good,2026-05-15 10:25:13.560735
916,31.767337807606268,NLY,-0.021799573469397465,REAL ESTATE,16377890321.17,22.61,,7.493235692696585,-0.09653648723952696,0.13345369624162065,0.9922467458225132,1.0520843890297946,11.950899501945921,0.015776873152067442,high_div_yield,False,0,good,2026-05-15 10:18:14.625396
917,31.692766592095456,SEIC,-0.0218642112446451,FINANCIAL SERVICES,11351362920.0,91.18,,15.375521208221869,0.0566964517420257,0.06503844562129461,0.6033894655057385,0.27840783373166345,0.01009607032504446,0.2254099987359759,high_div_yield,False,0,good,2026-05-15 10:21:36.401998
918,31.618195376584634,WKC,-0.021870755845097616,ENERGY,1407640000.0,27.07,,79.75850955150332,0.04823676508198119,-0.40251768918189307,0.014977646481275251,0.007295146790619603,0.6451133407655146,-0.08328678524180509,low_ps,False,0,good,2026-05-15 10:24:56.901832
919,31.543624161073826,XEL,-0.022024238335465483,UTILITIES,49698140000.0,79.39,,23.767642276422766,-0.2500294779643665,0.04207400920839291,0.18905573593073594,0.1984577922077922,0.5923178371249588,0.024649879756684114,high_fcf_yield,False,0,good,2026-05-15 10:25:20.382868
920,31.469052945563014,CDE,-0.022493759015558203,BASIC MATERIALS,12078662400.0,18.56,,15.111928735862275,0.07574025746427022,0.06617289013723904,0.3169886402603637,0.3944088196968658,0.023478761442227394,0.052372903090275175,low_evebitda,False,1,partial,2026-05-15 10:34:44.907437
921,31.394481730052203,IRM,-0.022896188150692793,REAL ESTATE,38501772560.0,128.84,,141.39260737998708,-0.01622520103526371,0.007072505547001756,0.5501837935660037,0.18008194765282098,0.32986951789288604,0.0126730741619919,low_ps,False,0,good,2026-05-15 10:15:17.434379
922,31.319910514541384,DLB,-0.023138745531332414,INDUSTRIALS,5554197250.0,58.15,,22.796270188183627,0.05313495122990096,0.043866825219432026,0.8743796276080551,0.1865373879226848,0.02621293961671613,0.074979366018217,low_evebitda,False,0,good,2026-05-15 10:38:02.363282
923,31.245339299030572,PTCT,-0.023209961026721865,HEALTHCARE,6080974184.87,73.69,,8.907972801152576,0.11492418463785012,0.11225898667658851,0.9095602531989333,0.49499178056862864,0.9820675390688368,0.23448484328037786,low_evebitda,False,1,partial,2026-05-15 10:20:25.396689
924,31.17076808351976,KAI,-0.02348333600709049,INDUSTRIALS,3998753640.0,338.82,,38.66705642314945,0.03858202177216399,0.025861808280842228,0.44959494510494336,0.14783430162177275,0.028957073382906165,0.06493600273269336,high_div_yield,False,0,good,2026-05-15 10:15:39.726631
925,31.096196868008953,PB,-0.023827892840508846,FINANCIAL SERVICES,6913879500.000001,69.26,,13.072557361241103,0.07260308774545463,0.07649612637882972,0.7156013263162864,0.399744530715314,2.8812061274007537,0.01212505516208316,low_evebitda,False,0,good,2026-05-15 10:19:26.218105
926,31.02162565249813,C,-0.024327336533577205,FINANCIAL SERVICES,241005780000.0,125.55,,15.073224091562949,-0.40265424339615424,0.06634280721400126,0.454769025866299,0.12791200317779283,18.312435211676412,0.0057562281135347506,low_ps,False,0,good,2026-05-15 10:34:03.462903
927,30.94705443698732,AMZN,-0.024583189640786974,CONSUMER CYCLICAL,2965122320000.0,272.68,,32.65625145928324,-0.0008336924191377035,0.030622008200997256,0.5060408521546199,0.11500371579049404,0.002650650137484271,0.09905632588939924,high_div_yield,False,0,good,2026-05-15 10:31:02.378505
928,30.87248322147651,EXEL,-0.024776886823611004,HEALTHCARE,12874227520.0,48.16,,15.447447952475397,0.07118205722062616,0.06473561219151114,0.9644376678337236,0.39430711377142663,0.028984885815009423,0.32133839041052314,low_ps,False,1,partial,2026-05-15 10:39:53.769886
929,30.7979120059657,ENPH,-0.024965319158169158,TECHNOLOGY,4787233650.0,36.45,,35.46177803951199,0.03030309581818719,0.02819937564568213,0.44231715793887844,0.06809610794677243,0.04163500767075289,0.04955977096268874,low_ps,False,1,partial,2026-05-15 10:39:10.846109
930,30.72334079045489,IRDM,-0.02524064906171621,COMMUNICATION SERVICES,4417853220.0,41.46,,41.85396308998238,0.0690194954009812,0.023892600035272334,0.6252720251918734,0.2583868249607804,0.036089701049350977,0.04168323599715514,low_ps,False,0,good,2026-05-15 10:15:16.527757
931,30.64876957494407,HON,-0.025609031086269735,INDUSTRIALS,136055808000.0,213.12,,33.17625164594001,0.030678587422008474,0.030142042888753415,0.36947474362810434,0.14873650137366373,1.8868702290076336,0.055427907228199166,high_div_yield,False,0,good,2026-05-15 10:43:36.513082
932,30.574198359433257,IR,-0.025652177948541802,INDUSTRIALS,29697091812.0,75.75,,50.591297805792166,0.03908800253400382,0.019766245251085664,0.3824168198607452,0.18058679143338346,0.0016914340944786759,0.03222052672602123,high_div_yield,False,0,good,2026-05-15 10:15:15.671949
933,30.499627143922446,TMO,-0.026041037066011564,HEALTHCARE,173445000000.0,465.0,,25.287213879574285,0.03890570497852345,0.039545677304044506,0.3940969533376109,0.17755603248003185,0.5537138249260819,0.060548547417483944,high_div_yield,False,0,good,2026-05-15 10:23:08.594185
934,30.425055928411638,CRUS,-0.02627594964356768,TECHNOLOGY,8990186230.0,171.67,,21.694046036756045,0.07081177004717065,0.04609559684282536,0.5277776526137503,0.2304920598444261,0.039461142530342504,0.1664707673495425,low_pe,False,1,partial,2026-05-15 10:36:43.296608
935,30.350484712900816,ECO,-0.026846125015701234,INDUSTRIALS,1894400390.4,56.2,,15.407699197398442,0.034912020888063264,0.06490261700908906,0.49402667461499866,0.4150968771023161,0.8719582765974351,0.10240459888243045,low_evebitda,False,0,good,2026-05-15 10:38:39.349732
936,30.275913497390007,CPAY,-0.026858649579615607,TECHNOLOGY,23543707570.0,343.99,,22.007043734214722,0.0551801366092146,0.04543999694267355,0.7396561215951849,0.42855615986474704,2.873358474108849,0.040511228831570274,low_ps,False,1,partial,2026-05-15 10:36:21.047610
937,30.201342281879196,ALHC,-0.02736666541295466,HEALTHCARE,3821389181.83,17.93,,192.94098666212258,0.05341408327906875,0.005182931928046971,0.12379914982062418,0.008374003754770983,0.029478628746932446,0.015699012688568874,low_ps,False,1,partial,2026-05-15 10:30:28.113063
938,30.126771066368384,CDP,-0.028249005633189415,REAL ESTATE,3600581100.0,31.7,,23.061282512761718,0.08653964217053742,0.04336272275605735,0.31909195781147,0.3014842205009888,0.10601814284157109,0.03501551612737555,low_evebitda,False,0,good,2026-05-15 10:34:49.036756
939,30.052199850857562,ILMN,-0.028318909507704198,HEALTHCARE,21849520000.0,141.88,,25.614912075029306,0.04526415225597633,0.039039759225831965,0.6766112502846732,0.21452971988157596,0.8227535037098104,0.13005031254764446,low_ps,False,1,partial,2026-05-15 10:15:03.857855
940,29.977628635346754,WLK,-0.028576944947907874,BASIC MATERIALS,12012096125.0,93.85,,23.027309915504123,-0.042290703863310956,-0.13627929571700795,0.015397230320699708,-0.15488338192419826,3.1055900621118013,-0.08306693053229817,low_ps,False,0,good,2026-05-15 10:24:57.801045
941,29.903057419835942,CVBF,-0.029492760192993732,FINANCIAL SERVICES,2763267160.1099997,20.33,,13.208986596827854,0.07865471827608156,0.07570603487781194,0.7929159671719859,0.43470504680471295,1.7147530859914377,0.013489919123422223,low_evebitda,False,0,good,2026-05-15 10:37:07.492909
942,29.828486204325134,GME,-0.02980523871087253,CONSUMER CYCLICAL,13332148000.0,24.28,,31.864598470363287,0.04480148285182552,0.03138278993002478,0.3295132097302956,0.06661340532797047,0.2865094957432875,0.04004019331068472,high_div_yield,False,0,good,2026-05-15 10:42:21.178853
943,29.753914988814323,FTV,-0.030617627044230815,TECHNOLOGY,18902504000.0,60.43,,34.7664226595549,0.05138472659495272,0.028763384999151435,0.6182827473971638,0.177297479880387,1.6274190631217218,0.04693502300567157,high_div_yield,False,0,good,2026-05-15 10:41:32.756396
944,29.6793437733035,TPR,-0.030736257075348158,CONSUMER CYCLICAL,27803883999.999996,133.48,,53.233551598698064,0.06048795197102678,0.018785145269632115,0.7598073135678927,0.0951189652419226,0.37079250106518963,0.07997243913642628,high_div_yield,False,0,good,2026-05-15 10:23:17.242439
945,29.604772557792693,AU,-0.03086809298765967,BASIC MATERIALS,54470670870.0,107.03,,20.664139176783003,0.0566119203370847,0.048393015138203314,0.4832709996967553,0.4326291317092894,0.031735463826009766,0.1748242472476456,low_ps,False,0,good,2026-05-15 10:31:56.239239
946,29.53020134228188,CHCO,-0.030912783336001004,FINANCIAL SERVICES,1802588540.0,123.01,,13.668606894250747,0.07139787985116115,0.07316034528878121,0.7970100773708049,0.4158806855436636,2.1991997042895615,0.01950780360959009,low_pe,False,0,good,2026-05-15 10:35:08.931734
947,29.45563012677107,NVS,-0.031057104827709663,HEALTHCARE,279793480000.0,146.03,,20.67365621982328,0.05846384125891711,0.04837073758830978,0.7527030763356657,0.3054383579137069,0.6922303317517772,0.11417859312253231,low_ps,False,0,good,2026-05-15 10:18:38.361275
948,29.38105891126025,CENX,-0.031077745404659515,BASIC MATERIALS,6161986000.0,58.91,,147.41593301435407,0.013761796927159524,0.006783527258906463,0.10447406938565608,0.06558803750148344,0.9046679875389085,0.018331725287255504,low_ps,False,1,partial,2026-05-15 10:34:57.755418
949,29.30648769574944,AWR,-0.031298356283546866,UTILITIES,3027012000.0,77.2,,22.66643703293247,-0.002342904487990137,0.04411809401482386,0.4918564713191442,0.30783907568777963,0.0448924834878468,0.049186546901541464,low_evebitda,False,0,good,2026-05-15 10:32:14.943712
950,29.231916480238628,ROP,-0.0316472419549393,TECHNOLOGY,37147224000.0,343.32,,21.67156175252319,0.06868615539077698,0.0461434211073215,0.6940357362908195,0.2808626001232286,0.4418784155114391,0.04961100755988284,high_div_yield,False,0,good,2026-05-15 10:21:04.400856
951,29.15734526472782,CSR,-0.031981821984952676,REAL ESTATE,1134828750.0,67.65,,136.25030015608118,0.05288198770078745,0.007339433372656446,0.38264896663942455,0.028228745609966206,3.5101425214249806,0.004412514184784164,low_pe,False,0,good,2026-05-15 10:36:52.892217
952,29.082774049216997,PRK,-0.032092647106207725,FINANCIAL SERVICES,3024349946.52,173.24,,16.839083681898412,0.0634671924196027,0.05938565416567023,0.8247330858441969,0.3191415580304469,0.6602593976698176,0.013832675329504458,low_pe,False,0,good,2026-05-15 10:20:17.490426
953,29.008202833706186,SAIA,-0.03227630053648149,INDUSTRIALS,12057788600.0,449.8,,47.26783590427095,0.016144585583462625,0.021156035195375712,0.19790361756160663,0.10723785889490021,0.049730568093694694,0.07158276782960779,high_earnings_yield,False,1,partial,2026-05-15 10:21:19.346584
954,28.933631618195378,HUBB,-0.032756170965664556,INDUSTRIALS,26261303230.14,492.58,,28.99558709301093,0.03462509046224332,0.03448800663329349,0.3551641900568703,0.20773502776804922,0.774332292750607,0.10759471114437436,high_div_yield,False,0,good,2026-05-15 10:43:58.660265
955,28.859060402684566,TRMB,-0.03314025864337591,TECHNOLOGY,14403520000.0,60.8,,31.572818939061815,0.017551265246273134,0.031672813312301436,0.6879509575218359,0.17739922964248903,0.013609936575052854,0.05073962851740629,low_pe,False,1,partial,2026-05-15 10:23:21.274335
956,28.784489187173754,WAB,-0.03314083490359601,INDUSTRIALS,45356697000.0,265.71,,37.484873553719005,0.03256409963009432,0.02667742759134335,0.33805509689754065,0.16103241505170765,1.5954525954525955,0.052164166235557856,high_div_yield,False,0,good,2026-05-15 10:24:39.213638
957,28.709917971662936,MPT,-0.03329680093751302,REAL ESTATE,3090186550.0,5.17,,47.2808350291572,0.0028072738844844175,-0.040829573865047084,0.821297466329697,0.5695329745033431,0.08933526220835825,-0.008546620643396858,low_evebitda,False,0,good,2026-05-15 10:17:29.516214
958,28.635346756152124,ARES,-0.03440094946830385,FINANCIAL SERVICES,28284245535.0,126.25,,39.77411124251535,0.054600749314277226,0.025141982278439445,0.7657562385403562,0.2126662955023378,1.4856892917135256,0.024527367829221956,low_evebitda,False,0,good,2026-05-15 10:31:32.109584
959,28.560775540641316,DAVE,-0.03501487370266752,TECHNOLOGY,3691058439.5499997,256.33,,16.401205251990685,0.08755347694776652,0.06097112892838322,0.8147150229004312,0.04895035157510725,0.45376535881938207,0.42419547282052444,low_ps,False,1,partial,2026-05-15 10:37:34.591942
960,28.486204325130505,HXL,-0.03541424202017073,INDUSTRIALS,7311043999.999999,95.32,,62.11592183517416,0.029516988271442494,0.016098931971959135,0.2361801242236025,0.09528985507246376,0.0,0.043210103160908994,high_div_yield,False,0,good,2026-05-15 10:44:04.699403
961,28.411633109619682,SPXC,-0.03601425779580184,INDUSTRIALS,10248085320.0,202.84,,39.4460558891455,0.03752896155630367,0.025351076995131807,0.36666241007959816,0.17213638104967438,0.10129674873144145,0.06696739270524552,high_div_yield,False,0,good,2026-05-15 10:22:12.760940
962,28.33706189410887,FBNC,-0.036211828719080186,FINANCIAL SERVICES,2433861000.0,58.86,,20.064640852095202,0.08171625248935745,0.0498389184920585,0.7127757105107049,0.28123640547196604,0.10886992319594485,0.009368511895595013,low_evebitda,False,0,good,2026-05-15 10:40:14.260424
963,28.262490678598063,RBA,-0.036505315646231315,INDUSTRIALS,19365000000.0,103.28,,42.88305158496722,0.03895734175058095,0.023319235992770464,0.45257616111219556,0.1861591611302721,0.6979096907386128,0.036306321122494475,high_div_yield,False,0,good,2026-05-15 10:20:36.816588
964,28.18791946308725,SBCF,-0.03673203151980353,FINANCIAL SERVICES,3391545920.0,31.09,,23.340233020666304,0.05274497359599365,0.04284447370832001,0.6335929292342816,0.20439753776446629,1.9268977487365357,0.0068719787098193265,low_pe,False,0,good,2026-05-15 10:21:24.668940
965,28.113348247576432,EQX,-0.03686473214716882,BASIC MATERIALS,11275931936.48,14.29,,18.456754248542627,0.007504372541150279,0.0541807073190543,0.3790929238069302,0.3611405676114777,0.030088484241358657,0.06326993456437438,high_div_yield,False,0,good,2026-05-15 10:39:27.470011
966,28.03877703206562,PAYX,-0.037022745363639475,TECHNOLOGY,33871158000.000004,93.93,,20.694787071546408,0.06352602411762832,0.04832134761970641,0.7393192080583536,0.36895702421926807,0.2842423165748801,0.09346482862592369,low_ps,False,0,good,2026-05-15 10:19:25.193807
967,27.96420581655481,DXCM,-0.037143210871982406,HEALTHCARE,23856096000.0,60.61,,25.640687876182287,0.05991759925848723,0.03900051374709424,0.6183606965690446,0.21449179102928662,0.015863189674118386,0.1402620113668913,low_ps,False,1,partial,2026-05-15 10:38:28.159089
968,27.889634601044,PTC,-0.037496368014142904,TECHNOLOGY,17385797450.0,146.65,,13.94923581591865,0.05338702482122843,0.07168851492630267,0.8471282848431881,0.38705276430520436,0.04428858780310001,0.19065510626776355,low_ps,False,1,partial,2026-05-15 10:20:24.811635
969,27.81506338553319,LNT,-0.03821323550760157,UTILITIES,18571488000.0,71.76,,22.620570036540805,-0.16999176371866379,0.044207550843529606,0.3797239194387871,0.23014256619144602,0.8350877192982457,0.03308749445854996,high_fcf_yield,False,0,good,2026-05-15 10:16:28.615093
970,27.740492170022367,DIOD,-0.03877532845229335,TECHNOLOGY,5140234580.0,111.41,,77.71631181869037,0.02668185621987703,0.012867311592616072,0.312019718326965,0.023927296428718423,0.3215912739389627,0.027017278705935215,low_ps,False,1,partial,2026-05-15 10:37:57.838488
971,27.66592095451156,VMC,-0.0395527281246022,BASIC MATERIALS,37433214439.840004,283.72,,33.4942863634932,0.029823781278367066,0.029855838370389676,0.2760581567152134,0.20621795110564806,0.15016388444241177,0.06703093043201842,high_div_yield,False,0,good,2026-05-15 10:24:23.515781
972,27.591349739000748,DOC,-0.03988408589072804,REAL ESTATE,13653099520.0,19.64,,61.4583686845043,0.08264453052196018,0.01627117708140752,0.21226390955849717,0.18314265075759553,1.1622088732197828,0.010277095098704794,low_evebitda,False,0,good,2026-05-15 10:38:10.290063
973,27.516778523489936,TR,-0.03993223075418439,CONSUMER DEFENSIVE,3098462500.0,42.5,,30.96852136888818,0.03109639054853819,0.03229085393158704,0.3553112252977377,0.140297109719272,0.021915658345535945,0.0797874291656499,high_div_yield,False,0,good,2026-05-15 10:23:18.177284
974,27.442207307979118,AWK,-0.040452775695631916,UTILITIES,24384750000.0,125.05,,22.127722323049,-0.049375121746173325,0.04519217953844104,0.43554274735830933,0.3648414985590778,2.0642367376398414,0.03125,low_evebitda,False,0,good,2026-05-15 10:32:13.079280
975,27.367636092468306,YUM,-0.04066160392086223,CONSUMER CYCLICAL,42394050000.0,151.95,,24.39243383199079,0.038896967852800106,0.04099631905892455,0.45668827342368884,0.3146729522687095,1.2295197740112995,0.21166727560589454,low_ps,False,0,good,2026-05-15 10:25:26.724466
976,27.293064876957494,SFBS,-0.04077959613873705,FINANCIAL SERVICES,4345632742.96,79.48,,14.663852684190992,0.0847246009448132,0.06819490222225799,0.539151429162139,0.3566697989247112,4.224789646310857,0.016308696241493517,low_pe,False,0,good,2026-05-15 10:21:38.686496
977,27.218493661446686,QTWO,-0.04100162854182094,TECHNOLOGY,3391144110.0,50.13,,45.892008958778796,0.05561574320709125,0.02179028599288869,0.5557669368777234,0.08188977336351907,4.909163359313983,0.05928846460897327,high_earnings_yield,False,1,partial,2026-05-15 10:20:34.380066
978,27.143922445935864,A,-0.04117978342623292,HEALTHCARE,32836080000.0,115.62,,25.45432558139535,0.030241125006395402,0.039286053633685876,0.5222929936305732,0.20608634111818824,0.3333333333333333,0.10067899789276516,high_div_yield,False,0,good,2026-05-15 10:28:56.639282
979,27.069351230425053,BANF,-0.04131572471822612,FINANCIAL SERVICES,3843450740.25,112.95,,15.529533119118522,0.061654751423869246,0.06439343619216038,0.9024880685419479,0.4065389726256496,0.045855089896753146,0.016841532079738982,low_ps,False,0,good,2026-05-15 10:32:38.536176
980,26.994780014914245,EMR,-0.041332524255027696,INDUSTRIALS,79557530000.0,141.31,,32.538867075664626,0.03915405619053281,0.030732477491445497,0.5265887748416684,0.19365582004804544,2.4904526925552455,0.05809256795286067,high_div_yield,False,0,good,2026-05-15 10:39:08.718631
981,26.920208799403433,RVTY,-0.04151593762102322,HEALTHCARE,11299476000.0,101.0,,46.89435415594548,0.044670124526128466,0.02132452867725902,0.5143837511417247,0.12413524360987277,0.8608368713747533,0.020085374260519033,high_div_yield,False,0,good,2026-05-15 10:21:13.016680
982,26.84563758389261,HLIT,-0.041542063795102314,TECHNOLOGY,1447465950.0,12.81,,21.831090780856425,0.06693490786432661,-0.029921256524203556,0.5386621959869397,0.053898264680653174,0.32142857142857145,-0.06027978393364909,low_ps,False,1,partial,2026-05-15 10:43:22.459575
983,26.771066368381803,NYT,-0.042111256613936165,COMMUNICATION SERVICES,12999337590.0,79.41,,33.998351231326104,0.041707279024515286,0.02941319104552927,0.5140215714362528,0.16128770968591405,0.02115649700755527,0.13371985461036437,high_div_yield,False,0,good,2026-05-15 10:18:47.870107
984,26.69649515287099,ESI,-0.04236193559255698,BASIC MATERIALS,10698430000.0,43.9,,71.94640215198386,0.011300723657583403,0.013899235682244965,0.40847184986595175,0.13447721179624664,0.43491781430475346,0.025915856251524975,high_div_yield,False,0,good,2026-05-15 10:39:35.718394
985,26.62192393736018,ECL,-0.042681171973614776,BASIC MATERIALS,72122214000.0,254.22,,34.25094457899986,0.026403792873025224,0.029196275089392015,0.4428864049403427,0.17494210535912913,0.47913747944204177,0.08409143550873381,high_div_yield,False,0,good,2026-05-15 10:38:38.898780
986,26.54735272184937,GS,-0.04296037284491423,FINANCIAL SERVICES,288435840000.0,936.48,,15.963905246845252,-0.14534254827694087,0.06264131392270808,0.5554823333995342,0.20484048603462907,21.148700673724736,0.008770107466337893,low_ps,False,0,good,2026-05-15 10:42:40.539645
987,26.47278150633855,CE,-0.043183731059528434,BASIC MATERIALS,6288700000.0,57.17,,7.331116363297978,0.15011051568686692,-0.16283174582982174,0.20090602612726507,-0.07374631268436578,11.763513513513514,-0.04711295146077755,low_ps,False,0,good,2026-05-15 10:34:51.453809
988,26.39821029082774,SRE,-0.043519288308202723,UTILITIES,59823001170.0,91.53,,32.56559671747414,-0.10108152185170619,0.030707252462640028,0.2929880709921443,0.23887110852487634,2.0,0.016567759158714983,high_fcf_yield,False,0,good,2026-05-15 10:22:15.451859
989,26.32363907531693,IEX,-0.04375964085715167,INDUSTRIALS,16138848000.0,216.92,,31.78815836123695,0.03788374486208681,0.03145825526084638,0.4441800515566131,0.2080394323106994,0.0010648493238206793,0.07338189807186425,high_div_yield,False,0,good,2026-05-15 10:15:01.177211
990,26.249067859806118,WDFC,-0.0438364608693441,BASIC MATERIALS,2814708450.0,208.05,,35.18957393076375,0.02988480032452384,0.028417508037111266,0.5566757792860734,0.16487085218702865,0.2848797220940457,0.16884084586124937,high_div_yield,False,0,good,2026-05-15 10:24:47.537069
991,26.174496644295296,ROG,-0.04441894458669667,TECHNOLOGY,2588144000.0,140.66,,72.87248520710058,0.01908703688821024,-0.021598489110343167,0.31578947245450073,-0.02484013772749631,0.0375234521575985,-0.03918682089029092,low_ps,False,1,partial,2026-05-15 10:21:01.627434
992,26.099925428784488,SYK,-0.04580408821268287,HEALTHCARE,110334155000.00002,285.47,,33.06387623614025,0.04142869449627814,0.030244487756307187,0.6366838148001583,0.21341511673921645,2.8918672501823486,0.07208744680391437,high_div_yield,False,0,good,2026-05-15 10:22:39.835181
993,26.025354213273676,RMD,-0.046203219221448745,HEALTHCARE,30401370120.0,206.76,,20.006613809469282,0.05770203754224746,0.0499834709423287,0.6169482080303168,0.34282310142188516,0.26123944447325487,0.1729868737182366,low_ps,False,0,good,2026-05-15 10:20:57.375459
994,25.950782997762868,MSI,-0.04644791151523329,TECHNOLOGY,64510320000.0,383.99,,29.949080779944293,0.039869589857870806,0.03339000643617951,0.5017976373908577,0.251241225817497,0.4626950354609929,0.11109391923255454,low_ps,False,0,good,2026-05-15 10:17:41.535723
995,25.876211782252046,IDA,-0.0465281251631678,UTILITIES,8105616000.0,144.0,,24.428780673043885,-0.09822387342306865,0.0409353218805332,0.2021429260663018,0.19937100087741147,0.32721620135814755,0.0313385808923117,low_evebitda,False,0,good,2026-05-15 10:14:58.581088
996,25.801640566741234,ITT,-0.047025495965982246,INDUSTRIALS,18099970000.0,206.15,,39.55413033119346,0.026779049910027473,0.02528180980410465,0.35514702411856325,0.1592485958370699,0.6017397881996974,0.041108196395846064,high_div_yield,False,0,good,2026-05-15 10:15:23.277048
997,25.727069351230426,AFRM,-0.0470990633492871,FINANCIAL SERVICES,22281680072.61,64.01,,78.92125496801593,0.027786683857878258,0.01267085781143832,0.6772447003531842,0.06215385310938807,0.008190537773466969,0.021789781644512316,low_ps,False,1,partial,2026-05-15 10:29:56.831156
998,25.652498135719615,EIG,-0.047659571544947044,FINANCIAL SERVICES,1013962644.2099999,42.01,,123.65398100121949,0.04368997245901014,0.008087082938236642,0.3428306694463748,0.010308084317813297,15.337423312883436,0.0023861486978029975,low_ps,False,0,good,2026-05-15 10:38:57.652313
999,25.577926920208803,ATI,-0.04810416561464338,INDUSTRIALS,22839837999.999996,158.39,,53.67764512338425,0.024190189089782512,0.01862972933520807,0.22529110871694416,0.14465121340733486,0.07856128726928538,0.08129382319787547,high_div_yield,False,0,good,2026-05-15 10:31:52.168726
1000,25.503355704697984,TDY,-0.04810798458772248,TECHNOLOGY,29080584000.0,621.38,,31.16890032154341,0.036233797780677306,0.03208326215181923,0.3846858134155744,0.19029491133384735,0.5864877190696463,0.06022074485251403,low_ps,False,1,partial,2026-05-15 10:22:50.609350
1001,25.428784489187173,GILD,-0.048973487437140605,HEALTHCARE,164687820000.00003,131.33,,19.35227027027027,0.05741772524525493,0.0516735238829441,0.8079953807485905,0.3736838529991169,0.21768127181077937,0.1441810819511038,low_ps,False,0,good,2026-05-15 10:42:11.126469
1002,25.35421327367636,ORLA,-0.04898983632959971,BASIC MATERIALS,5675236569.28,15.04,,52.525395032628246,-0.020770490808800727,0.019038409884948225,0.5190674032949663,0.4317420057463628,0.04772802075539334,0.05212482928937354,low_ps,False,0,good,2026-05-15 10:19:08.941152
1003,25.279642058165553,KKR,-0.04899011741306875,FINANCIAL SERVICES,97826595442.4,102.52,,33.031492078108705,0.07686564135238112,0.030274139528281865,0.41748633097973425,0.16287137018965495,0.08951379501903081,0.007220916263785473,high_div_yield,False,0,good,2026-05-15 10:15:49.453633
1004,25.20507084265473,MLM,-0.04982171086683793,BASIC MATERIALS,35658952000.0,590.38,,14.072198895027624,0.028996926213647557,0.07106209963770108,0.2955898061956356,0.22737677399664277,0.03058823529411765,0.12362784797775284,low_ps,False,0,good,2026-05-15 10:17:16.955972
1005,25.13049962714392,WT,-0.04999024936539285,FINANCIAL SERVICES,2635895500.0,19.1,,51.358655602923264,0.046868322359516906,-0.0006768098355947722,0.7118886816936091,0.3640710223142736,1.0310914390586203,-0.001000096421852331,high_div_yield,False,0,good,2026-05-15 10:25:11.721362
1006,25.05592841163311,EXPO,-0.05024902557765672,INDUSTRIALS,3078308980.0,61.42,,28.26003396739131,0.039742599198083095,0.035385661643361085,0.23797216370000498,0.19364974038254176,0.04304211268508429,0.15846815667002725,low_ps,False,0,good,2026-05-15 10:40:01.133227
1007,24.9813571961223,GBCI,-0.05033104444789238,FINANCIAL SERVICES,6354544455.559999,48.79,,23.835142966947235,0.05732842102965445,0.04195485638104727,0.7120741084866491,0.24029589316353453,5.4670839739178705,0.008401188350115186,low_pe,False,0,good,2026-05-15 10:41:45.631607
1008,24.906785980611478,JBLU,-0.05119185897726695,INDUSTRIALS,1883035000.0,5.11,,73.14488888888889,-0.5045046958766034,-0.37864405069475604,0.39707487448155426,-0.04562322636978826,3.5251141552511416,-0.04292336403587984,low_ps,False,1,partial,2026-05-15 10:15:29.639809
1009,24.83221476510067,TT,-0.051688399788362704,INDUSTRIALS,104002527000.0,466.17,,35.88645215831062,0.03038738577957822,0.027865669071675536,0.35924972688725537,0.18167089451367416,0.3262030827923763,0.12736213897727072,high_div_yield,False,0,good,2026-05-15 10:23:32.767748
1010,24.757643549589858,SLG,-0.05208610410500524,REAL ESTATE,3306352500.0,45.75,,138.20818697393443,-0.16381526168186847,-0.04583449586818102,0.4578839562961434,0.3521924902240049,5.062467011267371,-0.01288784947379611,high_earnings_yield,False,0,good,2026-05-15 10:21:54.934608
1011,24.68307233407905,QCOM,-0.053423395774105396,TECHNOLOGY,234864480000.0,219.09,,23.668696966643154,0.05323069712372003,0.04224989662123451,0.5480027873311304,0.25524310472722367,0.0746794631476344,0.1736733408008961,low_ps,False,0,good,2026-05-15 10:20:30.900187
1012,24.60850111856824,NBIX,-0.05347185593269698,HEALTHCARE,15742650000.0,152.25,,23.545692491773856,0.05250069079856314,0.0424706132703198,0.9817238267148014,0.2542870036101083,0.07709648331830478,0.13627654804125391,low_ps,False,1,partial,2026-05-15 10:18:00.469781
1013,24.533929903057416,BCPC,-0.053706065072232044,BASIC MATERIALS,5280942790.0,160.97,,33.407407719023006,0.03332321651604183,0.029933480873781632,0.36274520003291244,0.20969006507772725,0.013445285311826769,0.09333003491677008,low_ps,False,0,good,2026-05-15 10:32:53.843489
1014,24.459358687546604,SCHW,-0.05463962678530584,FINANCIAL SERVICES,155244720000.0,88.61,,16.47683294417321,0.05644636416620159,0.060691275039821004,0.8584642541924096,0.4488614298323036,0.8889204949509316,0.019099939185080073,low_ps,False,0,good,2026-05-15 10:21:31.789187
1015,24.384787472035796,NXT,-0.055319585199190766,TECHNOLOGY,19380193110.0,125.91,,32.732721150958696,0.03040526978526067,0.030550469525223427,0.32426735568096826,0.20509100900168323,0.010985006112832813,0.1558062409968669,low_ps,False,1,partial,2026-05-15 10:18:46.816716
1016,24.310216256524985,INTU,-0.05649411428843655,TECHNOLOGY,111363110000.0,396.31,,25.65970276497696,0.061411718835797595,0.03897161277194935,0.812285671686298,0.2707618905620993,0.24008509345084333,0.1265970480135348,low_ps,False,0,good,2026-05-15 10:15:08.766925
1017,24.235645041014166,CG,-0.057084149034342925,FINANCIAL SERVICES,18186296000.0,50.63,,22.48830963274391,-0.0949891060829539,0.0444675485321475,0.6994335076943112,0.25989191066351225,0.10294882914137034,0.02777510647066905,high_fcf_yield,False,0,good,2026-05-15 10:35:04.967947
1018,24.161073825503355,SBAC,-0.05720992693507334,REAL ESTATE,23150236870.0,218.17,,22.746933734880567,0.04398205537669732,0.043961969189129944,0.6361733353092793,0.476337170662527,2.730654170152987,0.08683077771532492,low_ps,False,0,good,2026-05-15 10:21:23.698260
1019,24.086502609992543,DHR,-0.05780791963013426,HEALTHCARE,121728992000.0,171.16,,32.99782922201138,0.04346540551325686,0.030305023802382265,0.6067882799257406,0.20954072160787796,0.2759342301943199,0.04415637268984009,high_div_yield,False,0,good,2026-05-15 10:37:52.972922
1020,24.011931394481735,CPRX,-0.05810920589670447,HEALTHCARE,3964084488.35,31.15,,18.495583775883468,0.052625518102121,0.054066960638674604,0.8518597121508211,0.4376618222072059,0.0013957469641705047,0.1936428170663284,low_ps,False,1,partial,2026-05-15 10:36:30.031833
1021,23.937360178970913,CECO,-0.058518201869066,INDUSTRIALS,3006641372.88,81.78,,175.5908061017345,0.00136930198497748,0.005695058996543452,0.34276000275734386,0.07588235004480684,0.13737217827513024,0.016666747779535224,low_pe,False,0,good,2026-05-15 10:34:52.987576
1022,23.8627889634601,GNRC,-0.058572616954716515,INDUSTRIALS,15958001325.04,269.41,,84.44861444082831,0.02240756801034441,0.011841520510685025,0.38137722642266964,0.07462201174142605,0.15239523098688587,0.0337847514053961,high_div_yield,False,0,good,2026-05-15 10:42:23.308150
1023,23.788217747949293,ZWS,-0.058990359553789395,INDUSTRIALS,8685714440.0,51.19,,40.72064903891233,0.036922696712557365,0.024557565353253777,0.4368714441698753,0.1744727308775358,0.007555315704263357,0.0794590970049173,low_ps,False,0,good,2026-05-15 10:25:32.039385
1024,23.71364653243848,REGN,-0.059363416621451615,HEALTHCARE,76993653000.0,714.89,,17.405989284260976,0.05396808487577541,0.05745148889090897,0.8454516206868817,0.24324378669669428,0.12532855228115372,0.10823415417139726,low_ps,False,0,good,2026-05-15 10:20:42.588392
1025,23.63907531692767,MMI,-0.05940345805012772,REAL ESTATE,1162074420.0,30.42,,82.73583711857073,0.050586261076119375,-0.001642751933219561,0.3769684674424887,-0.01815651335618071,1.182807878673463,-0.0023078410986725984,low_ps,False,0,good,2026-05-15 10:17:17.548443
1026,23.56450410141685,PAAS,-0.06073729917513896,BASIC MATERIALS,24923015360.0,59.14,,19.574481507721945,0.054758628612424844,0.05108692149038582,0.43792658181817695,0.378951598960473,0.002324767919857011,0.12566523183971576,low_ps,False,0,good,2026-05-15 10:19:19.254448
1027,23.48993288590604,JNJ,-0.06275701092973389,HEALTHCARE,541171664000.0,221.32,,25.72108669201521,0.0328879007974076,0.03887860617920306,0.6911853220149021,0.2686951287852058,1.104504048582996,0.10473184863659442,low_ps,False,0,good,2026-05-15 10:15:37.105278
1028,23.415361670395228,XRAY,-0.0629523305122274,HEALTHCARE,2198900000.0,11.0,,19.782699895814154,0.0472963754604575,-0.28559734412660875,0.4892692203205651,0.04102146155935887,4.993103448275862,-0.12009944540065022,low_ps,False,0,good,2026-05-15 10:25:23.516154
1029,23.34079045488442,FFIN,-0.0641813419232658,FINANCIAL SERVICES,4632796628.54,32.26,,17.562974837327793,0.06599318392621739,0.05693796234762186,0.726990932119561,0.38042249098759867,0.20645251464547024,0.017142454222202293,low_ps,False,0,good,2026-05-15 10:40:40.298604
1030,23.266219239373598,EPR,-0.06420945268060167,REAL ESTATE,4462674440.0,58.28,,16.422408084108884,0.040370186627371366,0.06089240961973466,0.8122626648938981,0.5833670130801187,1.09228482266387,0.04781840398732177,low_ps,False,0,good,2026-05-15 10:39:22.761267
1031,23.191648023862786,TFIN,-0.06493164274324074,FINANCIAL SERVICES,1598885030.6,66.52,,50.442787348960465,0.03588688298524371,0.019824439777327417,0.8826676305079737,0.08608074700363837,0.11023096663815227,0.00460932291072118,low_ps,False,1,partial,2026-05-15 10:22:56.507344
1032,23.117076808351978,PH,-0.0650522834972361,INDUSTRIALS,112490240000.0,878.83,,32.32318402653662,0.0326996546544838,0.030937546226232602,0.37227547775359254,0.2086778747718715,1.0597811907864214,0.11343824766126666,low_ps,False,0,good,2026-05-15 10:19:46.043258
1033,23.042505592841167,GGG,-0.06505799905699784,INDUSTRIALS,13043499720.0,77.59,,25.266152671992312,0.04839268705101792,0.039578641551885584,0.5230641895978766,0.26884931224160136,0.07633515243412456,0.15480657125173325,low_ps,False,0,good,2026-05-15 10:42:05.838596
1034,22.967934377330344,NXPI,-0.06537430379007578,TECHNOLOGY,74726493750.0,294.75,,28.166789965385146,0.035214795542310585,0.0355028031674509,0.5488703923542505,0.3182718984794508,0.33237314424994463,0.09784973994025006,low_ps,False,0,good,2026-05-15 10:18:45.610413
1035,22.893363161819536,HQY,-0.0654092466613118,HEALTHCARE,7421209320.0,84.84,,34.48501317373061,0.055044937069636514,0.028998104044853975,0.6952153485266429,0.24550698971927679,0.030735976381273723,0.06270348672889202,low_ps,False,1,partial,2026-05-15 10:43:44.888760
1036,22.818791946308725,JAZZ,-0.0655748002761291,HEALTHCARE,14924718774.21,225.79,,506.0427482524667,0.08184757237173869,0.001976117637202255,0.8799687742543051,0.13898678538157477,6.118740982204884,0.0024868460993625417,low_pe,False,1,partial,2026-05-15 10:15:26.920397
1037,22.744220730797913,NDSN,-0.0660045618500411,INDUSTRIALS,15913688309.999998,283.53,,30.415838391908316,0.040613275025241466,0.032877607617287814,0.5517076825332569,0.259049002575088,0.14317102046800903,0.08777232783787474,low_ps,False,0,good,2026-05-15 10:18:03.735889
1038,22.669649515287105,AKAM,-0.06647500469560613,TECHNOLOGY,22159749620.0,147.71,,49.02263256281096,0.0315556363222122,0.020398741310327134,0.5787974597064048,0.14814189048696882,0.24361370987060602,0.039376747168879726,low_ps,False,1,partial,2026-05-15 10:30:19.122750
1039,22.595078299776283,CUZ,-0.06650819402279472,REAL ESTATE,4452837240.0,26.76,,94.48029640190711,-0.027490562399267032,-0.0011790235566750695,0.5756653357798602,0.2231538540249971,1.4477143593967075,-0.0005776948391383962,low_evebitda,False,0,good,2026-05-15 10:37:06.131848
1040,22.520507084265475,SEI,-0.0667913533289105,ENERGY,3611738879.9999995,72.96,,78.02922807699785,-0.1615252426554159,0.01281571053110019,0.3399507594146612,0.23898299697158842,2.5826080700341447,0.015449986231297513,low_ps,False,0,good,2026-05-15 10:21:35.393310
1041,22.445935868754663,KRG,-0.06712938230260089,REAL ESTATE,5487470152.84,26.63,,19.16504609359229,0.04652307764587557,0.05217832480634333,0.5226109375018904,0.23033648733499562,0.13485095788706358,0.0450890199771348,low_ps,False,0,good,2026-05-15 10:16:01.826043
1042,22.37136465324385,APD,-0.06818284065094347,BASIC MATERIALS,65846889000.00001,295.41,,31.247040763061744,-0.021177917760093416,0.03200303054560406,0.31983568545960733,0.1840996798754804,0.22386895475819032,0.05060187730971768,low_ps,False,0,good,2026-05-15 10:31:19.439659
1043,22.29679343773303,NSC,-0.06876110941592092,INDUSTRIALS,70234349900.81,312.01,,26.30499996285019,0.012415577295603948,0.038015586444108414,0.4530980713992614,0.3239228559704555,0.2206122079333454,0.059184713940549284,low_ps,False,0,good,2026-05-15 10:18:24.256486
1044,22.22222222222222,CLF,-0.0703897949059073,BASIC MATERIALS,6218431720.0,11.02,,140.69181818181818,-0.16032981383286782,-0.19522607220973073,-0.027932074273924773,-0.06364069195365815,0.8582089552238806,-0.060352970420084515,low_ps,False,0,good,2026-05-15 10:35:31.373083
1045,22.14765100671141,UNP,-0.07054343073808386,INDUSTRIALS,157096240000.0,264.65,,21.779597948149174,0.036270759885787214,0.04591452984488999,0.45668016194331984,0.4008502024291498,0.151706602974035,0.10356958244787778,low_ps,False,0,good,2026-05-15 10:24:03.944606
1046,22.073079791200602,ATO,-0.07054544282755058,UTILITIES,29016250620.0,180.87,,21.55446222393241,-0.0686316445939217,0.046394105759209214,0.504566973849478,0.35874483558586845,0.0009314119154612433,0.04048063649763677,low_ps,False,0,good,2026-05-15 10:31:53.955060
1047,21.99850857568978,STM,-0.07059742814842725,TECHNOLOGY,54732250000.0,59.17,,378.17465974783124,0.002934266360326864,0.002644280821636238,0.3384299178876843,0.035396861594615484,0.27475725007468144,0.005759149980103462,low_pe,False,0,good,2026-05-15 10:22:25.876342
1048,21.923937360178968,CSX,-0.07164510722898687,INDUSTRIALS,83473460000.0,44.83,,27.368347540983606,0.013645055566164384,0.036538559681124995,0.3753798318140061,0.33446399547735145,0.219508424795177,0.06895460300235123,low_ps,False,0,good,2026-05-15 10:36:54.487181
1049,21.84936614466816,KN,-0.07182331183411739,TECHNOLOGY,3094056000.0,35.28,,55.34983899821109,0.023625946007441365,0.018066899888043397,0.4191499739456115,0.14069369809477283,0.03758169934640523,0.05304108549198216,low_ps,False,1,partial,2026-05-15 10:15:56.109977
1050,21.77479492915735,VSEC,-0.07208133849680487,INDUSTRIALS,5373445398.75,193.05,,85.53036846398727,-0.0025132850522946795,0.011691753677187207,0.1119019986280604,0.10682412919944784,0.232710418465032,0.018976561492365727,high_div_yield,False,0,good,2026-05-15 10:24:32.938283
1051,21.700223713646526,BX,-0.07277475395847154,FINANCIAL SERVICES,96990495904.95,123.77,,31.757565804342438,0.03584396561295005,0.03148855948724077,0.8751286891644474,0.4882861749419969,0.0,0.06319639409719399,low_ps,False,0,good,2026-05-15 10:33:57.374174
1052,21.625652498135718,AEM,-0.07303554499177353,BASIC MATERIALS,96939060090.0,193.21,,18.185749809902152,0.0468834843950466,0.05498810939626472,0.6133215216532566,0.5688600418324226,0.003352363678480386,0.15162535490331994,low_ps,False,0,good,2026-05-15 10:29:48.818847
1053,21.551081282624907,MKTX,-0.0730450646194588,FINANCIAL SERVICES,5430984859.97,147.53,,22.021047411556722,0.059772952488361966,0.04541110063071734,0.6987773183906246,0.4121059963565666,0.4859687566268467,0.13636303318688536,low_ps,False,0,good,2026-05-15 10:17:14.251432
1054,21.476510067114095,ABBV,-0.0731119484578233,HEALTHCARE,357549700000.0,201.55,,98.2549326738115,0.04948402977264419,0.010177606078259889,0.7346025883888633,0.2760470558270587,0.9633134777041696,0.02716482532099134,low_ps,False,0,good,2026-05-15 10:29:08.197655
1055,21.401938851603287,VRE,-0.07400170842005402,REAL ESTATE,1937519920.0,18.97,,26.93618684832476,0.025738057960198936,0.037124779599685354,0.0262707201320586,0.1468911204346929,1.8459970118946405,0.026842707258502397,low_ps,False,0,good,2026-05-15 10:24:27.463757
1056,21.327367636092465,PWR,-0.07480456547382454,INDUSTRIALS,113304070000.0,745.0,,101.56325603867333,0.014845283139431797,0.00984608055121056,0.13592841114082366,0.05758286076370985,0.6218092353143729,0.043330001633612614,low_evebitda,False,0,good,2026-05-15 10:20:28.067719
1057,21.252796420581653,INVH,-0.07655333341863961,REAL ESTATE,17417090552.29,28.73,,29.8909887337284,0.052368907267355005,0.03345489869566007,0.4503987014370032,0.31172826558151895,0.7597887244639758,0.03115783149274154,low_ps,False,0,good,2026-05-15 10:15:10.097287
1058,21.178225205070845,NDAQ,-0.07740001211486193,FINANCIAL SERVICES,50829847000.0,88.91,,26.570751176163093,0.03942565477326737,0.037635368054521195,0.5480943738656987,0.29534180278281913,0.2769922879177378,0.07007069338119483,low_ps,False,0,good,2026-05-15 10:18:02.862201
1059,21.103653989560033,IART,-0.07773795137648647,HEALTHCARE,1071157920.0,13.92,,66.58064360622463,-0.009449587041283325,-0.462861722574016,0.5276854503773161,0.057941271260132196,6.8746339353063854,-0.138579086268764,high_earnings_yield,False,0,good,2026-05-15 10:14:52.612335
1060,21.02908277404921,ETN,-0.07817591042244357,INDUSTRIALS,156267692000.0,401.51,,39.15502179904786,0.025885069064691887,0.025539508192134814,0.3689082112053853,0.18133370731365261,0.8766475160527205,0.0724516656076972,low_ps,False,0,good,2026-05-15 10:39:40.785655
1061,20.954511558538403,DGII,-0.07817828958705238,TECHNOLOGY,2531345960.0,65.78,,58.5444738424534,0.04937491831420782,0.017081031468333945,0.6344754418943411,0.13177997587657903,0.028042441395018436,0.04438185351052681,low_ps,False,1,partial,2026-05-15 10:37:48.709407
1062,20.87994034302759,GRMN,-0.07829263818108331,TECHNOLOGY,46473020850.0,240.09,,26.76715120297478,0.03123442318684562,0.037359224088399236,0.5913855594970411,0.2645955356636851,0.013811897607508651,0.15852141778844125,low_ps,False,0,good,2026-05-15 10:42:38.899392
1063,20.805369127516784,FFIV,-0.07860826726314095,TECHNOLOGY,20285210940.0,354.03,,28.64277032083523,0.04745649443071555,0.03491282403198909,0.818973679109974,0.2464835445982091,0.034893118607602476,0.10899839198999242,low_ps,False,1,partial,2026-05-15 10:40:42.238092
1064,20.73079791200596,VICI,-0.0787035034881353,REAL ESTATE,30816335522.56,28.84,,9.926890971465975,0.08266933614267602,0.10073647457944457,0.9921830670172808,0.9867119056059148,0.004833472981477932,0.06592377343703845,low_ps,False,0,good,2026-05-15 10:24:18.646701
1065,20.65622669649515,WSR,-0.07877679976268707,REAL ESTATE,1001669500.0,18.98,,19.887416363889056,-0.04486110438622719,0.050283052443944834,0.6880720571890165,0.3291951872794524,0.14355536936182098,0.04629213483146068,low_ps,False,0,good,2026-05-15 10:25:09.582517
1066,20.581655480984338,SKT,-0.07927808766232783,REAL ESTATE,4166874529.9999995,36.37,,33.64832948415646,0.04924986306223145,0.029719157394451235,0.4261685908524076,0.19939961382195584,3.9109815106494685,0.04369231767994203,low_ps,False,0,good,2026-05-15 10:21:50.362498
1067,20.50708426547353,ADEA,-0.07940146853701187,TECHNOLOGY,3337510130.0,29.53,,27.349018552206765,0.04668839761693847,0.03656438340158686,0.8399024513125206,0.4631868800055593,0.08136365958668308,0.12174303414838536,low_ps,False,0,good,2026-05-15 10:29:35.100863
1068,20.43251304996272,VCYT,-0.07988638111265736,HEALTHCARE,3286695226.96,40.42,,37.3432927744765,0.04710111200154916,0.02677857054650207,0.7141578202210274,0.12231630127200536,0.04370073990670741,0.06127332219437483,low_ps,False,1,partial,2026-05-15 10:24:15.632832
1069,20.3579418344519,GE,-0.08037304074637715,INDUSTRIALS,311763934168.05,297.15,,35.996297675562865,0.023954021557780723,0.027780634803419774,0.34817587690271345,0.18514228987425546,0.38212046879258654,0.06742963914515941,low_ps,False,0,good,2026-05-15 10:41:53.766203
1070,20.28337061894109,CTAS,-0.08040875662605976,INDUSTRIALS,67929406920.0,166.97,,35.06513506105351,0.026339019890268166,0.02851835586142344,0.5036170527268456,0.22951671365649154,0.17629689591573647,0.18929918062061687,low_ps,False,0,good,2026-05-15 10:36:56.251484
1071,20.208799403430277,DASH,-0.08070642770622594,CONSUMER CYCLICAL,72510501180.0,163.93,,78.30507686825055,0.02577557691072078,0.01277056405528488,0.5088648868962706,0.04884179063922288,0.06216696269982238,0.04697884430013698,low_evebitda,False,1,partial,2026-05-15 10:37:34.064685
1072,20.13422818791947,ARGX,-0.08101136924779952,HEALTHCARE,51777307490.0,782.17,,31.687378573708145,0.016306397936259317,0.03155830633556183,0.8938890654119052,0.25579283322766055,0.011139770200022023,0.1881908285880725,low_ps,False,1,partial,2026-05-15 10:31:32.863762
1073,20.059656972408646,MAC,-0.08105372254914332,REAL ESTATE,5643072360.0,21.87,,55.72556031751705,-0.019370653613238444,-0.03249559606923062,0.47948778258448876,0.2919387189006956,1.729102599526544,-0.12160750700465872,low_ps,False,0,good,2026-05-15 10:16:47.731451
1074,19.985085756897835,HAS,-0.08174136449010365,CONSUMER CYCLICAL,13943428000.0,97.78,,21.540227514742085,0.0595190795262112,-0.023122004144174587,0.7026354412609278,0.22504413672813903,4.40309411259132,-0.05806916426512968,low_evebitda,False,0,good,2026-05-15 10:43:01.958478
1075,19.910514541387027,ACHC,-0.08198809217157492,HEALTHCARE,2287829620.0,25.18,,14.512069447290475,-0.1275392177149975,-0.4838826240915615,0.5620972713082449,0.11667110640966388,0.15620523648278672,-0.1995944794247709,high_earnings_yield,False,1,partial,2026-05-15 10:29:22.944270
1076,19.835943325876215,MA,-0.08297572412264129,FINANCIAL SERVICES,442463640000.0,495.48,,28.417703275529867,0.040039448213191026,0.03518933216749742,0.8296355225551725,0.5939774300951708,0.1646493665520652,0.2968598066693359,low_ps,False,0,good,2026-05-15 10:16:45.859282
1077,19.761372110365393,VRSK,-0.08305854729846049,INDUSTRIALS,23240703105.9,171.87,,25.53362239716546,0.04850541719255551,0.039164047483956375,0.6743706282435612,0.44866711794475067,0.31183802446017905,0.1979384133611691,low_ps,False,0,good,2026-05-15 10:24:28.218954
1078,19.686800894854585,VECO,-0.08396866473122278,TECHNOLOGY,3589799880.0,59.42,,155.27487694104417,0.011947184086484508,0.00644019186941418,0.38570641633465225,0.028841385350877328,0.0544364572716056,0.017087605111425316,low_ps,False,1,partial,2026-05-15 10:24:16.456242
1079,19.612229679343773,CELH,-0.08482864941574157,CONSUMER DEFENSIVE,8387779560.0,32.29,,77.6653446791174,0.03855311142678623,0.01287575564277228,0.5038558500104761,0.08818778428867846,0.025961701668029687,0.021095116220517105,low_evebitda,False,1,partial,2026-05-15 10:34:54.091742
1080,19.537658463832962,CAT,-0.08489023921950863,INDUSTRIALS,418032210000.0,897.45,,44.381803800828116,0.020641950054518528,0.022531756584020162,0.32520669917320333,0.16558547099144938,0.8113897596656218,0.0985766614338043,low_ps,False,0,good,2026-05-15 10:34:21.373800
1081,19.463087248322154,NEE,-0.08538556437937224,UTILITIES,194485900000.0,93.1,,23.767065868263472,0.012149981052611013,0.042075029603688495,0.6731826728633767,0.292049526377408,1.2142857142857142,0.03695624683864441,low_ps,False,0,good,2026-05-15 10:18:04.715385
1082,19.38851603281133,APH,-0.08566163969461502,TECHNOLOGY,165120291000.0,128.03,,36.891793869252425,0.028050459286072842,0.02710629912831246,0.3734548599047244,0.26000046325249576,0.5318676885841065,0.10622825380098638,low_ps,False,0,good,2026-05-15 10:31:21.327314
1083,19.31394481730052,TFX,-0.08617556598801837,HEALTHCARE,5888836420.0,133.06,,30.062021130060238,0.041679031729667235,-0.15378912494906763,0.533011446019538,0.09701970229753847,1.8153432814145154,-0.13035955722841838,low_ps,False,0,good,2026-05-15 10:22:57.802781
1084,19.239373601789712,FAST,-0.08633613959326003,INDUSTRIALS,50835253000.0,44.17,,39.11306686158344,0.02288766026206263,0.02556690334559759,0.4489322136283416,0.2024826181197958,0.08657792567942318,0.24947214864294215,low_ps,False,0,good,2026-05-15 10:40:10.952050
1085,19.1648023862789,SQM,-0.08651481297132725,BASIC MATERIALS,26104439273.12,91.39,,44.26136120015924,0.01676473933882335,0.02259306927949614,0.2963275888383173,0.2394413479581877,0.7306720234877928,0.04063013152265573,low_ps,False,0,good,2026-05-15 10:22:13.654374
1086,19.090231170768078,NEOG,-0.086594016136857,HEALTHCARE,1970185000.0000002,9.05,,1705.396290172414,-0.003160616896382827,-0.30899737841877795,0.3985944340230593,-0.037364207692016094,0.032826265965811646,-0.18123905924382255,low_pe,False,1,partial,2026-05-15 10:18:07.342511
1087,19.01565995525727,CNS,-0.08676218122140324,FINANCIAL SERVICES,3754052200.0000005,72.76,,24.09424608650446,0.005555063938642088,0.04150368500469972,0.6640771021938205,0.31964240342212336,0.074413612033827,0.18228818724999385,low_ps,False,0,good,2026-05-15 10:35:56.836480
1088,18.94108873974646,HASI,-0.08796977024366993,FINANCIAL SERVICES,5237071194.049999,41.05,,28.37782687458005,0.01857622254792498,0.03523878006655146,0.7193933024535181,0.5453595941509997,0.042668790624244404,0.022538933666668093,low_ps,False,0,good,2026-05-15 10:43:02.962411
1089,18.866517524235647,IPGP,-0.0888409844834152,TECHNOLOGY,4483874880.0,104.49,,155.0333614549478,-0.0030899613327301408,0.0064502245878903745,0.37557094176466016,0.003399966009941612,0.04974533795986283,0.011943136103519844,low_pe,False,0,good,2026-05-15 10:15:14.530624
1090,18.791946308724828,ALB,-0.08897273604175125,BASIC MATERIALS,24138896640.0,203.52,,41.1935873208118,0.02391472189509321,-0.011374712112773685,0.18530723805609997,0.055517224874025925,0.09305608203818606,-0.01813610656783168,high_div_yield,False,0,good,2026-05-15 10:30:22.808987
1091,18.717375093214017,KO,-0.0892885220889452,CONSUMER DEFENSIVE,338303880000.0,78.42,,24.6919115393037,0.03713229656130459,0.04049909211800941,0.6174417660904148,0.29344209073938804,0.5184269904373052,0.1314660755922738,low_ps,False,0,good,2026-05-15 10:15:58.284980
1092,18.64280387770321,META,-0.08954771261802387,COMMUNICATION SERVICES,1563091320000.0,609.63,,22.144181223171405,0.030870237319211777,0.04515858996645186,0.8194061303573174,0.41213139005317195,0.021281284987613832,0.17858823529411766,low_ps,False,0,good,2026-05-15 10:17:06.619018
1093,18.568232662192397,WWD,-0.09019619100866924,INDUSTRIALS,22736637660.0,369.93,,44.25166388674258,0.017089554128910722,0.022598020326634348,0.28381792476334083,0.14952703182704594,1.7847690201530315,0.10339935988562948,low_ps,False,0,good,2026-05-15 10:25:16.780028
1094,18.493661446681585,ICE,-0.09035232275558201,FINANCIAL SERVICES,88817400000.0,155.82,,22.6575,0.05131877312328441,0.044135495972635996,0.6897896749521989,0.4084130019120459,0.5279662294587668,0.02187780797758641,low_ps,False,0,good,2026-05-15 10:14:56.764850
1095,18.419090231170763,TYL,-0.09037829521881476,TECHNOLOGY,14018934780.0,324.58,,44.401515150555376,0.049057222306301364,0.022521753967386673,0.45574159966194505,0.15471012879524237,0.02068296339970598,0.06579622178797692,low_ps,False,1,partial,2026-05-15 10:23:44.902861
1096,18.344519015659955,IRT,-0.09078469414982783,REAL ESTATE,3982210915.5299997,16.43,,82.7266118688327,0.038059008730286885,0.012088008651744996,0.2024978278115674,0.1753178950549658,2.4457293493650023,0.007892206788048743,low_ps,False,0,good,2026-05-15 10:15:18.095278
1097,18.269947800149144,BWXT,-0.09103011271725496,INDUSTRIALS,18871592838.0,205.33,,54.75232347855353,0.017386131781061267,0.018264065092903313,0.21666073788998025,0.1104110140011853,0.01646460110761862,0.07969460636175088,low_ps,False,0,good,2026-05-15 10:33:55.939571
1098,18.195376584638336,LIN,-0.09188660687625874,BASIC MATERIALS,229969878040.0,493.16,,32.276474110877196,0.022159423849038275,0.03098231847025073,0.4599336315106045,0.28792382051652,0.9162537568028593,0.0825464867056711,low_ps,False,0,good,2026-05-15 10:16:20.806123
1099,18.120805369127513,LTC,-0.09204534073065229,REAL ESTATE,1915667279.9999998,39.12,,15.847022211192456,-0.26137054447158486,0.06310333807027282,0.7964292412865338,0.5390966064533654,3.276937317263097,0.05749928414259309,low_ps,False,0,good,2026-05-15 10:16:37.140158
1100,18.0462341536167,AMH,-0.09236494447921241,REAL ESTATE,11875498564.23,32.03,,25.431293556312692,0.05286439104889114,0.039321633317066354,0.033659866818064176,0.24213562651614082,4.594539607916153,0.037632478349381555,low_ps,False,0,good,2026-05-15 10:30:46.824532
1101,17.971662938105894,MKSI,-0.09250755459441443,TECHNOLOGY,22269231000.0,313.21,,68.101623853211,0.022272884052439892,0.014683937671669041,0.45162082514734775,0.14169941060903732,1.7153374233128835,0.03746562786434464,low_ps,False,0,good,2026-05-15 10:17:13.325410
1102,17.897091722595082,CPT,-0.09262326920510046,REAL ESTATE,10885369230.0,103.77,,28.04864149718235,0.029726047244058435,0.035652350581772595,0.42291885874620677,0.18361112381881858,1.0987870442766896,0.042837194069910385,low_ps,False,0,good,2026-05-15 10:36:31.469379
1103,17.82252050708426,NOVT,-0.09335102363796026,TECHNOLOGY,5349969110.0,138.31,,99.38823143658622,0.009052201798600664,0.010061553420819658,0.4438955741382827,0.11897205792372018,0.523092507897308,0.029787405940769385,low_ps,False,1,partial,2026-05-15 10:18:19.748732
1104,17.747949291573452,LAMR,-0.09359410553257645,REAL ESTATE,16022179329.85,157.93,,27.28795836486975,0.044909870572940117,0.036646200739128595,0.38236724334065536,0.30805475564090595,0.6923489122436273,0.08470223547357643,low_ps,False,0,good,2026-05-15 10:16:09.265973
1105,17.67337807606264,UDR,-0.09369781316069407,REAL ESTATE,12191151539.999998,36.91,,24.838587940466365,0.038217718684842146,0.04025993757764412,0.46000275023336196,0.27356081803127574,0.15966142206998843,0.047496200323328144,low_ps,False,0,good,2026-05-15 10:23:50.838276
1106,17.59880686055183,ADSK,-0.09434140991554392,TECHNOLOGY,52323000000.0,244.5,,46.55071174377224,0.04590715364180188,0.02148194866502303,0.919789064668332,0.23355537052456288,0.029782359679266894,0.09015801716531643,low_ps,False,1,partial,2026-05-15 10:29:42.846243
1107,17.52423564504102,OLED,-0.09443954675648338,TECHNOLOGY,4331146096.0,91.75,,20.283833407484767,0.0547494807942401,0.049300345743867054,0.7257212171512022,0.3570022903382838,0.016696103018664237,0.11269604521205288,low_ps,False,0,good,2026-05-15 10:18:58.463757
1108,17.4496644295302,CPRT,-0.09508632597725789,INDUSTRIALS,33128664299.999996,33.94,,21.271653303660116,0.04252664662969826,0.04701092038896358,0.45340572062485085,0.36491466271826895,0.008515192619758288,0.1469952417007253,low_ps,False,1,partial,2026-05-15 10:36:28.672482
1109,17.375093214019387,NFLX,-0.09533613660782599,COMMUNICATION SERVICES,376070253130.0,87.49,,28.120259331770608,0.031627617183240524,0.03556154970698254,0.4902873943761816,0.2972190952815688,0.07135876340679344,0.2191828348256817,low_ps,False,1,partial,2026-05-15 10:18:10.017721
1110,17.30052199850858,HROW,-0.09624905809424875,HEALTHCARE,1405352424.03,38.23,,37.65770422535211,0.030551055568594852,-0.003656734006451821,0.7505205598175562,0.11206266548660866,0.02328817475320311,-0.012864159086016392,low_ps,False,1,partial,2026-05-15 10:43:50.419866
1111,17.225950782997767,CSGP,-0.09647973469624713,REAL ESTATE,13566780000.000002,32.77,,536.2363636363636,-0.024139847554099054,0.0018648492862713183,0.7740262024092148,-0.007561769102259738,0.09852216748768473,0.0024891774891774893,low_pe,False,1,partial,2026-05-15 10:36:47.764466
1112,17.151379567486945,ABNB,-0.09656492199518442,CONSUMER CYCLICAL,86025920000.0,141.49,,34.25962564715253,0.05365824625880199,0.029188877026830984,0.8295890858589985,0.20782615799362797,1.5982704402515724,0.11306736311239193,low_ps,False,1,partial,2026-05-15 10:29:14.358371
1113,17.076808351976137,NPO,-0.09681477767716344,INDUSTRIALS,6524542000.000001,309.22,,150.33506912442397,0.026469290871297933,0.006651807897014074,0.4256244139459552,0.13920381894126674,0.00205761316872428,0.016467463479415672,low_ps,False,0,good,2026-05-15 10:18:22.384195
1114,17.002237136465325,MAA,-0.09690427631688422,REAL ESTATE,15058271439.33,129.31,,38.65109007900512,0.04050757103546674,0.02587249151203603,0.3958372862489135,0.27428671332462334,0.5850742906788728,0.03248113177187348,low_ps,False,0,good,2026-05-15 10:16:46.829170
1115,16.927665920954517,WMB,-0.09797798070287193,ENERGY,88007079999.99998,71.96,,30.999323705530113,0.008203885414673456,0.03225876827182541,0.628470765875346,0.38788692223806726,0.0699576868829337,0.047659017274085516,low_ps,False,0,good,2026-05-15 10:25:00.451863
1116,16.853094705443695,AGI,-0.0986957313554742,BASIC MATERIALS,18298421460.0,43.38,,17.214418250130887,0.0189472669955652,0.058090839055359694,0.5912340380340544,0.5411651274625114,0.00764799613165993,0.16209513348989124,low_ps,False,0,good,2026-05-15 10:30:01.874237
1117,16.778523489932883,TDG,-0.0988801227266317,INDUSTRIALS,70717656000.0,1215.08,,34.95682451804251,0.02616036934255853,0.02860671739459238,0.5902346627380827,0.46511627906976744,0.330054416073671,0.25274862568715645,low_ps,False,0,good,2026-05-15 10:22:47.871219
1118,16.703952274422072,AMT,-0.09896625374321862,REAL ESTATE,82410029490.0,176.53,,28.635473605754196,0.04575656656520874,0.03492172030285728,0.7337196621009631,0.4424481044011904,1.5045621254137223,0.04554331037625969,low_ps,False,0,good,2026-05-15 10:30:58.362839
1119,16.629381058911264,KIM,-0.09948414270613228,REAL ESTATE,15796663080.0,23.48,,25.636359192576222,0.04939321653241211,0.03900709896004188,0.547078243775678,0.3607944085151637,0.5550235633615679,0.03146121870290827,low_ps,False,0,good,2026-05-15 10:15:48.716628
1120,16.55480984340044,ROK,-0.10023197944037257,INDUSTRIALS,51425737000.0,453.89,,47.266302389705885,0.026037546141536097,0.02115672158475823,0.525329395729214,0.19082235347569287,1.4351732991014121,0.09665955934612651,low_ps,False,0,good,2026-05-15 10:21:02.580525
1121,16.480238627889634,CRS,-0.1004842673709514,INDUSTRIALS,21520855000.0,427.85,,44.91933834272594,0.0189304746488929,0.022262126667365215,0.2973124669836239,0.21341785525620707,0.011389813155874073,0.130222065178984,low_ps,False,0,good,2026-05-15 10:36:41.909457
1122,16.405667412378822,CSCO,-0.10132061680402842,TECHNOLOGY,385024590000.0,96.57,,34.76206121343445,0.03168888511770119,0.028766993817200093,0.6481356047007824,0.22746977342771024,1.025764705882353,0.0897779867229738,low_ps,False,0,good,2026-05-15 10:36:46.532554
1123,16.33109619686801,TTMI,-0.10140306506639556,TECHNOLOGY,16845384040.0,157.31,,86.27243974638684,-0.000701379082361366,0.011591187208101194,0.20478062463812804,0.09177411263436988,0.042216048220003764,0.049047105899729465,low_ps,False,1,partial,2026-05-15 10:23:36.955831
1124,16.256524981357202,ATEN,-0.10166759331847033,TECHNOLOGY,2086334400.0,27.8,,46.751543942992875,0.024620693595427463,0.02138966792667561,0.7950070135595485,0.1732015229443591,0.07883509552958634,0.07034141420510072,low_ps,False,0,good,2026-05-15 10:31:50.950219
1125,16.18195376584638,SBRA,-0.10235208542161119,REAL ESTATE,5311279705.25,20.75,,34.006336749687875,0.0690440007588979,0.029406284109951317,0.6348429338050937,0.28979924757825015,0.8305564051180689,0.02793412493583656,low_ps,False,0,good,2026-05-15 10:21:26.372013
1126,16.10738255033557,ESE,-0.10276527972808401,TECHNOLOGY,7853276990.0,303.11,,25.795727218081666,0.028532420324066526,0.03876611004395504,0.41569063507933923,0.15793110091712645,0.1490186391360101,0.12690334593720132,low_ps,False,0,good,2026-05-15 10:39:34.584274
1127,16.03281133482476,FRT,-0.1035498426209637,REAL ESTATE,10025060160.0,115.68,,19.796409535394385,0.027927313705018206,0.050514210580059005,0.536042424381057,0.4158001082721443,0.23228907220297956,0.05566899020201676,low_ps,False,0,good,2026-05-15 10:41:24.360432
1128,15.958240119313949,VNOM,-0.10403252707583335,ENERGY,8483214160.0,46.79,,46.61976966139762,-0.5444870202357358,-0.01886077576049312,0.4667437825332562,0.4349334875650665,0.4796798767980106,-0.013280212483399735,high_fcf_yield,False,0,good,2026-05-15 10:24:25.903060
1129,15.883668903803127,HL,-0.10408279076797952,BASIC MATERIALS,12564615940.0,18.61,,22.46517646385705,0.037586743777542,0.04451333830423471,0.5094700762119441,0.4410293475421028,0.010406693685198115,0.16565298094685502,low_ps,False,0,good,2026-05-15 10:43:20.679653
1130,15.809097688292317,MASI,-0.1046398098588965,HEALTHCARE,9379106000.0,178.31,,122.92406290956751,0.022528799653186563,0.008135103708178583,0.6172601860763555,0.19852422200834136,0.01872770511296076,0.046447921105497045,low_ps,False,0,good,2026-05-15 10:16:52.971005
1131,15.734526472781507,BRX,-0.1052128207098517,REAL ESTATE,9181141360.0,29.84,,20.66665622207366,-0.08133553016114327,0.048387121228247815,0.6010285808090408,0.3729213826153571,1.0096109911059874,0.04880038658122012,low_ps,False,0,good,2026-05-15 10:33:48.957080
1132,15.659955257270697,AKR,-0.10636865234645478,REAL ESTATE,2859097640.0,21.77,,62.47345438653993,-0.16040515496350802,0.016006798564598863,0.504510754723895,0.12327930524850068,0.5036424633895964,0.010096731385909583,low_ps,False,0,good,2026-05-15 10:30:20.269935
1133,15.585384041759875,HR,-0.10653026854887833,REAL ESTATE,7000895849.999999,20.15,,145.17289883846252,0.019998154950412527,-0.028735893849927793,-0.0858258082305094,0.0921994554353071,1.3453942065147566,-0.021990969991355643,low_ps,False,0,good,2026-05-15 10:43:46.909072
1134,15.510812826249065,ORA,-0.10715631879088075,UTILITIES,7540619920.0,121.67,,59.093914924297046,-0.03775220114793957,0.016922216124639258,0.27509598759809295,0.07132127745142186,0.2690680253830179,0.018841663814419565,low_ps,False,0,good,2026-05-15 10:19:06.455527
1135,15.436241610738255,BLK,-0.10740509097902763,FINANCIAL SERVICES,178996950000.0,1084.83,,28.61661870503597,0.02073219683352147,0.03494472950516755,0.5914430182808246,0.29871645274212366,0.22639967306906417,0.03674289373050512,low_ps,False,0,good,2026-05-15 10:33:32.047349
1136,15.361670395227446,GLPI,-0.10767063118041628,REAL ESTATE,13497549520.0,48.22,,15.135922292645072,0.055131414698451134,0.06606799246623546,0.5438091462684208,0.7877995828347233,0.010509962599871265,0.06478239726456307,low_ps,False,0,good,2026-05-15 10:42:15.418587
1137,15.287099179716634,ARE,-0.10862591119472019,REAL ESTATE,8714458800.0,46.26,,78.27725778191011,-0.35433319163778704,-0.11741624161445345,0.6824800142415348,-0.4276476213738941,6.675784745624826,-0.029947233030365176,high_earnings_yield,False,0,good,2026-05-15 10:31:30.986612
1138,15.212527964205814,CBOE,-0.10917579427563608,FINANCIAL SERVICES,36598800000.0,348.56,,29.6322564974496,0.02665114703214313,0.033747008098626186,0.5222245409015025,0.3430300500834724,0.6946152612159777,0.11156576879301935,low_ps,False,0,good,2026-05-15 10:34:25.577975
1139,15.137956748695004,NVT,-0.10950303772460346,INDUSTRIALS,27871800000.0,169.95,,56.85801713586291,0.013702021397972145,0.017587669257098575,0.37010495168523744,0.15916131120255214,0.06467715680954965,0.07041484716157206,low_ps,False,0,good,2026-05-15 10:18:38.859744
1140,15.063385533184192,ACLS,-0.11018398615304617,TECHNOLOGY,5271575050.0,163.03,,43.8428371230393,0.02029943593423753,0.022808742901232148,0.44913878586207223,0.1422040217007847,0.009848674337168585,0.08832255604910122,low_ps,False,1,partial,2026-05-15 10:29:26.367249
1141,14.988814317673382,Q,-0.11059972442471915,TECHNOLOGY,30862566558.090004,147.33,,44.59908462151734,0.03201289167381368,0.02242198485655776,0.4291123264619268,0.2132940681531342,0.06490727532097004,0.049182658137882015,low_ps,False,0,good,2026-05-15 10:20:29.981430
1142,14.914243102162562,VTR,-0.11118018182825737,REAL ESTATE,42470750900.0,87.26,,163.08246481712584,0.011241336446443663,0.006131867096326757,-0.04258558419005846,0.13381641488052048,0.026499505070782216,0.00940619351385303,low_ps,False,0,good,2026-05-15 10:24:35.863524
1143,14.83967188665175,NOW,-0.1112619459928192,TECHNOLOGY,94816623120.0,91.18,,53.96506722822994,0.048862739966350315,0.018530505961769375,0.7656160458452722,0.13438395415472779,0.038599934576382076,0.0720643123743899,low_ps,False,1,partial,2026-05-15 10:18:20.468375
1144,14.76510067114094,FIX,-0.11217450883156702,INDUSTRIALS,68822994870.0,1952.37,,56.24415772686076,0.020094533848930715,0.017779624416393844,0.2512799576387866,0.15692207148859272,0.02280462173359434,0.17636004315725967,low_ps,False,0,good,2026-05-15 10:40:56.973700
1145,14.69052945563013,MOD,-0.11228733402771669,CONSUMER CYCLICAL,14414400000.0,273.0,,147.38650306748465,0.0005133755133755134,0.006784881784881785,0.23800410591878632,0.11152092974703365,0.42943624506456207,0.039389423657819486,low_evebitda,False,0,good,2026-05-15 10:17:24.063129
1146,14.615958240119308,JOE,-0.11270978564700022,REAL ESTATE,3783444412.05,65.79,,33.75092027627365,0.052606561197540244,0.02962882172735846,0.9261689783092905,0.2847199972206245,0.05809922124248306,0.07385876970353444,low_ps,False,0,good,2026-05-15 10:15:37.990076
1147,14.541387024608499,LFUS,-0.11290370760741404,TECHNOLOGY,11617702600.0,457.03,,53.81000114275638,0.03353804219433195,-0.0034536948811204724,0.3828657477271595,0.027538855648713757,0.4381284173257872,-0.01040141789441021,low_evebitda,False,0,good,2026-05-15 10:16:16.099893
1148,14.466815809097689,JCI,-0.11329750090696701,INDUSTRIALS,85525760000.0,139.52,,36.209043183742594,0.017117649699926664,0.027617410239909004,0.7149831919321274,0.2500400192092204,0.28287363694676076,0.06158418939354435,low_ps,False,0,good,2026-05-15 10:15:32.461370
1149,14.392244593586877,FN,-0.11361848112749191,TECHNOLOGY,22500897760.0,621.28,,53.82835363578079,0.002025830279582587,0.018577569857817087,0.12036620534446155,0.09862902039456425,0.0034599701416883097,0.11912615211345956,low_evebitda,False,1,partial,2026-05-15 10:41:10.984853
1150,14.317673378076067,COCO,-0.11446593276262,CONSUMER DEFENSIVE,4329746798.4,71.6,,52.22099091084523,0.014902257107469567,0.01914938768027706,0.3719527378291711,0.14700496793314546,6.112033575437775e-05,0.16978230465062466,low_ps,False,1,partial,2026-05-15 10:36:01.242399
1151,14.243102162565247,AME,-0.11447031771229903,INDUSTRIALS,53810360800.0,232.4,,35.22217496290274,0.03164979707774047,0.028391205286250377,0.3655832868931194,0.2616589067416449,0.9877342272687206,0.09367164667784826,low_ps,False,0,good,2026-05-15 10:30:42.680656
1152,14.168530947054435,ROL,-0.1146974080178438,CONSUMER CYCLICAL,26077082220.0,53.83,,49.26757709783769,0.023819305962214356,0.020297324506422486,0.5178217255271172,0.18985583762682154,0.5405242514889939,0.167486015276084,low_ps,False,0,good,2026-05-15 10:21:03.530110
1153,14.093959731543626,SYNA,-0.11585455874303581,TECHNOLOGY,4866684000.0,125.43,,13.871912832929782,0.029753318686810155,-0.012719132781170917,0.4313177202027263,-0.0775952464173366,0.4961748633879781,-0.02414855849881013,low_evebitda,False,1,partial,2026-05-15 10:22:41.011706
1154,14.019388516032816,UTHR,-0.11596756957314426,HEALTHCARE,26665168000.000004,564.94,,20.712418828646886,0.03813589323719993,0.04828021334799015,0.8658274970029655,0.45286768881317435,0.35157623344661904,0.19174287331327633,low_ps,False,1,partial,2026-05-15 10:24:10.201599
1155,13.944817300521994,MANH,-0.11818383924867584,TECHNOLOGY,8586634760.000001,143.02,,39.63165848952973,0.0442066083639966,0.025232353076119426,0.5556139968387203,0.2557775113097509,0.012343608024044174,0.29257242707328995,low_ps,False,1,partial,2026-05-15 10:16:49.623549
1156,13.870246085011184,AGYS,-0.11947158545317718,TECHNOLOGY,2035876420.0,71.59,,66.92118927092237,0.02907298273045473,0.014942950220917631,0.6088412160857081,0.10573790545847873,0.10976621799413015,0.06402232426585405,low_ps,False,0,good,2026-05-15 10:30:07.038669
1157,13.795674869500374,ODFL,-0.12449641022717983,INDUSTRIALS,41513840610.0,198.33,,41.21294489929028,0.024516859559238935,0.024264220924848805,0.3090917954843154,0.2456516196998402,0.01171607726987281,0.17806439090477766,low_ps,False,0,good,2026-05-15 10:18:50.658651
1158,13.721103653989564,ENTG,-0.12518927676676636,TECHNOLOGY,22843652000.000004,149.11,,86.36541398865785,0.020303233475978358,0.011578709043545226,0.4321701233270485,0.29057583531666303,0.018680539134547175,0.031209071279394932,low_ps,False,0,good,2026-05-15 10:39:14.773649
1159,13.646532438478742,NSSC,-0.12519336030701225,INDUSTRIALS,1456906620.0,40.82,,39.49112598937439,0.038688820701494236,0.025322144531129936,0.569743093124306,0.19922831603551167,0.061717537506466635,0.16617344341896048,low_ps,False,0,good,2026-05-15 10:18:27.304379
1160,13.571961222967932,EA,-0.12539108154177298,COMMUNICATION SERVICES,50711320000.0,200.44,,57.17172491544532,0.045808312621323996,0.01749116370861575,0.789934935599522,0.15429557827645732,0.6374355195283714,0.06755007234787906,low_ps,False,0,good,2026-05-15 10:38:34.549971
1161,13.497390007457122,EQR,-0.12630234043270497,REAL ESTATE,25239978320.000004,65.54,,26.46876423064339,0.05014307001195553,0.03778038110454288,0.46315314457759116,0.2849720058574727,0.8929918835640789,0.04647701364804367,low_ps,False,0,good,2026-05-15 10:39:25.376482
1162,13.422818791946312,TKO,-0.12704062020260884,COMMUNICATION SERVICES,36355198085.26,186.79,,94.3812824290554,0.04717655494484522,0.010595321172412344,0.4635377547870998,0.20039358115969239,0.06837468427314787,0.02404042988741044,low_ps,False,0,good,2026-05-15 10:23:05.673246
1163,13.3482475764355,GTY,-0.12736076035021462,REAL ESTATE,1978459340.0000002,33.02,,21.732952600648105,0.06644361971067851,0.04601307601297482,0.2730713207563776,0.5870815565852993,0.007173957349044893,0.04176371467907291,low_ps,False,0,good,2026-05-15 10:42:47.456439
1164,13.27367636092468,SPGI,-0.12809097609684125,FINANCIAL SERVICES,125027712000.0,420.12,,26.172851580489848,0.04443814824028772,0.038207529543530315,0.7047043865225684,0.4387794024157661,0.6888888888888889,0.07857941834451902,low_ps,False,0,good,2026-05-15 10:22:10.525181
1165,13.19910514541387,RYN,-0.12813406845469277,REAL ESTATE,5226588664.22,20.42,,13.523043413808717,0.03954778408620899,0.0739478510420868,0.2739467752801204,0.055360725504850605,2.8173103336549907,0.23964223710317462,low_ps,False,0,good,2026-05-15 10:21:15.457332
1166,13.124533929903059,AVB,-0.1292004885041373,REAL ESTATE,25920817646.88,184.08,,22.703981345904214,0.04975680233432919,0.04404513837307215,0.6791933158704333,0.2915339103228721,0.3864147738054718,0.05159707258383023,low_ps,False,0,good,2026-05-15 10:32:02.898427
1167,13.04996271439225,ON,-0.1295148474043439,TECHNOLOGY,40671120000.0,103.2,,70.89266166986229,0.024651398830423162,0.014105832344916983,0.3721754905162461,0.10842817087250536,0.0004110827920743238,0.0477653445232624,low_ps,False,1,partial,2026-05-15 10:19:02.171294
1168,12.975391498881429,PENN,-0.12994745681625894,CONSUMER CYCLICAL,2233116000.0,16.74,,5.398413409337677,-0.025838335312630425,-0.4286835077085114,0.2969466295489275,-0.07037749731167582,15.779503105590063,-0.0678070548236294,high_div_yield,False,0,good,2026-05-15 10:19:37.248268
1169,12.900820283370617,WST,-0.13040035991006432,HEALTHCARE,23596608000.0,325.92,,43.4800221116639,0.01940956937539497,0.022999068340669983,0.36237734442926345,0.2066823997019004,0.026783479349186484,0.132050221421967,low_ps,False,0,good,2026-05-15 10:25:10.479107
1170,12.826249067859807,STAG,-0.13078405785309505,REAL ESTATE,7448720100.000001,38.95,,30.51778570784749,0.051504284608573224,0.03276777711113081,0.617528944209248,0.3793152947904475,0.5873292523739114,0.03397727535321594,low_ps,False,0,good,2026-05-15 10:22:21.229329
1171,12.751677852348998,REG,-0.13219788752543088,REAL ESTATE,14228609380.0,77.59,,21.9355580084945,0.04121899648354813,0.04558808121556571,0.4787690322444166,0.47191034344566846,0.26804314710362714,0.04971875947573308,low_ps,False,0,good,2026-05-15 10:20:41.677629
1172,12.677106636838175,ELS,-0.13290569889611373,REAL ESTATE,12659130240.0,63.24,,32.86207943512798,0.02653847409978144,0.030430210661929327,0.3152263780346991,0.3464890056299116,0.2942868886148787,0.0670103056916837,low_ps,False,0,good,2026-05-15 10:39:03.355904
1173,12.602535421327365,SFNC,-0.13336405237569457,FINANCIAL SERVICES,3101974260.0,21.27,,15.862724829654088,0.13637991954195006,-0.1165054799648789,0.07903471360310535,-0.8954566071171149,0.13897224639096542,-0.014635733849845924,high_earnings_yield,False,0,good,2026-05-15 10:21:41.269541
1174,12.527964205816556,HUT,-0.13564673651523904,FINANCIAL SERVICES,10935433118.88,98.46,,26.629863479735803,-0.08154666690434044,-0.028541073463395294,0.8346955085513347,0.7037224501394143,0.7179943635406132,-0.11959372260267674,low_ps,False,1,partial,2026-05-15 10:44:00.929172
1175,12.453392990305744,AG,-0.1358690017360741,BASIC MATERIALS,10740305565.44,21.86,,61.65260398977207,0.03269488254877358,0.01621991506094205,0.35516042432662603,0.2895785463058546,0.018133896911081585,0.037173080313374546,low_ps,False,0,good,2026-05-15 10:29:58.657992
1176,12.378821774794924,ESS,-0.13587181467847592,REAL ESTATE,16988860214.550001,263.55,,29.516891630730903,0.05443961444852572,0.03387890610266261,0.6944155821007569,0.38381890221973847,0.3833251656380908,0.043951324605186505,low_ps,False,0,good,2026-05-15 10:39:38.105861
1177,12.304250559284114,TECH,-0.13605630140049024,HEALTHCARE,7589763480.0,48.36,,69.27305276416308,0.03552126501839291,0.014435627709442138,0.6495555458283745,0.12698431051584433,0.0799070452870827,0.042955758270305705,low_ps,False,0,good,2026-05-15 10:22:51.519001
1178,12.229679343773302,EW,-0.13617373439033378,HEALTHCARE,46432772000.0,79.96,,42.48972547584187,0.02346403096502617,0.023535101458082238,0.7801221543586896,0.27619576425795195,0.016926720534967958,0.08203465153289494,low_ps,False,1,partial,2026-05-15 10:39:47.535518
1179,12.155108128262492,AVAV,-0.13665162049992366,INDUSTRIALS,8206069637.49,168.29,,184.09606342992734,-0.029339014855550374,-0.02734073800385458,0.21818330860676938,-0.061023586595863204,0.10920862501928985,-0.04113952599696789,low_evebitda,False,1,partial,2026-05-15 10:32:01.008807
1180,12.080536912751683,CUBE,-0.13800522991614125,REAL ESTATE,9233214760.0,40.46,,28.195432769824595,0.061455518446101864,0.035466737047931504,0.1186268940983372,0.39510054301976233,1.1740432085234802,0.04963098669078661,low_ps,False,0,good,2026-05-15 10:37:03.192933
1181,12.00596569724086,WPC,-0.1408016544450325,REAL ESTATE,16421915733.599998,74.1,,31.773877902704328,0.06668960051714487,0.031472393865870814,0.681597302285586,0.4333525988861557,0.26642107374271856,0.028397604596170523,low_ps,False,0,good,2026-05-15 10:25:03.753947
1182,11.93139448173005,ORCL,-0.14114688336130193,TECHNOLOGY,570998300000.0,195.95,,35.22506477483035,-0.04332061934335006,0.028388876113991934,0.6644037642211714,0.3082853441952651,0.7885560256585232,0.06609851573968356,low_ps,False,0,good,2026-05-15 10:19:07.475632
1183,11.85682326621924,VCEL,-0.14134412500103313,HEALTHCARE,1698864580.0,33.46,,102.84929047100132,0.003910847326041726,0.009722964499030288,0.7442255274941268,0.03997697812559953,0.47377981095899624,0.03385051099557554,low_ps,False,1,partial,2026-05-15 10:24:15.065516
1184,11.782252050708431,AAPL,-0.1417657116503013,TECHNOLOGY,4331783491800.0,293.32,,35.33986124250459,0.029820049927362348,0.02829665892398191,0.47862405358827936,0.32643396050876966,0.12887374574098964,0.33031782732657466,low_ps,False,0,good,2026-05-15 10:29:05.153076
1185,11.707680835197609,OSK,-0.14394128213634055,INDUSTRIALS,65794443750.0,137.97,,101.69156684698609,0.009178586618873876,0.009833657116373145,0.17452961438454084,0.09014325053011331,0.05065318162663295,0.0642349390413407,low_ps,False,0,good,2026-05-15 10:19:12.129554
1186,11.633109619686799,CCI,-0.1456998197727195,REAL ESTATE,39579090000.0,90.57,,37.374022662889516,0.06887475179444501,0.02675655251295571,0.6570953962980541,0.48006644518272423,1.1616236162361624,0.03373578414195152,low_ps,False,0,good,2026-05-15 10:34:37.198134
1187,11.558538404175989,COIN,-0.146197080232532,FINANCIAL SERVICES,54564851160.0,201.16,,43.29420155245424,0.04446787535230583,0.02309778132271185,0.7711704621664526,0.11151063480239679,1.9386501547708728,0.04247553706828753,low_ps,False,1,partial,2026-05-15 10:36:07.447109
1188,11.48396718866518,CW,-0.14692718759817527,INDUSTRIALS,27022693600.0,729.2,,55.80572292391188,0.020490555390081468,0.01791930912468326,0.3720399088490304,0.18157817407639895,0.5326621789878087,0.09274103038098616,low_ps,False,0,good,2026-05-15 10:37:18.926819
1189,11.409395973154357,CAR,-0.1469955898492464,INDUSTRIALS,5144975000.0,145.75,,9.832825757575756,-2.9345137731475854,-0.12964105753672273,0.2558713410483322,0.11198093941456773,0.13022113022113022,-0.021795248831813874,high_fcf_yield,False,0,good,2026-05-15 10:34:14.652181
1190,11.334824757643547,REXR,-0.14871261487625803,REAL ESTATE,8280876240.000001,36.27,,35.69081679359703,0.02576816677554886,0.02801841173271779,0.6127156460960886,0.4672412170973097,5.668327485024785,0.01871498457094847,low_ps,False,0,good,2026-05-15 10:20:45.332096
1191,11.260253542132737,SPG,-0.1498867381389892,REAL ESTATE,65954470875.840004,202.12,,14.291419202257003,0.04905511267144698,0.06997205706778742,0.8571541698843822,0.49892269705185244,0.8096850910251383,0.11365111162345426,low_ps,False,0,good,2026-05-15 10:22:09.650900
1192,11.185682326621926,LB,-0.1509637689456351,ENERGY,1808848260.0,64.98,,43.78929650430909,0.0728894749855911,0.022836630862557813,0.8783974542438163,0.3237980664283254,0.003052520267888615,0.030323673724670323,low_ps,False,0,good,2026-05-15 10:16:09.969040
1193,11.111111111111116,NNN,-0.15261803893000278,REAL ESTATE,8404384383.2,44.36,,21.701614850621016,-0.17639911888888676,0.04607952020544609,0.813795506009406,0.6313194405113152,0.18389578625792763,0.04110146884658943,low_ps,False,0,good,2026-05-15 10:18:16.393810
1194,11.036539895600296,WAT,-0.15353182230787296,HEALTHCARE,29170023070.0,355.13,,64.9307800368616,0.009050352801109388,0.015401016273519183,0.5501611024932231,0.17077049929440583,0.4975840138129149,0.018313480901716195,low_ps,False,1,partial,2026-05-15 10:24:41.868689
1195,10.961968680089484,MSFT,-0.15495153985738944,TECHNOLOGY,3097625440000.0,415.12,,24.738255813953486,0.02353932113883982,0.040423221730771945,0.6830928165442874,0.4680164512855316,0.08796819251688155,0.1803672568666202,low_ps,False,0,good,2026-05-15 10:17:40.667438
1196,10.887397464578674,LXP,-0.1564540747942617,REAL ESTATE,3047742772.0,52.4,,32.47357859631551,0.054736574730854616,0.03079426546828014,-0.17104456210968205,0.14484629138558017,0.0,0.027072712645249762,low_ps,False,0,good,2026-05-15 10:16:41.552486
1197,10.812826249067864,FUN,-0.15700793023214077,CONSUMER CYCLICAL,2233486760.0,22.01,,98.00066641455523,-0.0681436768400633,-0.7048539656442825,0.5769000889917036,-0.4372979422240959,0.05497671221859074,-0.2018516766202491,high_earnings_yield,False,0,good,2026-05-15 10:41:37.941902
1198,10.738255033557042,EXR,-0.1576566856014181,REAL ESTATE,31572267557.600002,143.3,,33.441620713885484,0.05501445206085269,0.029902856938533017,0.27865174896225026,0.4325218843124538,0.3610249663252201,0.03244403572998316,low_ps,False,0,good,2026-05-15 10:40:02.373175
1199,10.663683818046232,VRTX,-0.15822931932157627,HEALTHCARE,110162866000.0,429.82,,25.39309545213563,0.03368013319479179,0.03938078372071402,0.8628244567567788,0.3896989824644434,0.015965754613293227,0.16380586307411155,low_ps,False,1,partial,2026-05-15 10:24:31.175951
1200,10.589112602535423,MCO,-0.16096216719255327,FINANCIAL SERVICES,80019036000.0,451.32,,32.07175791583167,0.033392054360664884,0.031180080699797483,0.6969389051187603,0.4416359710402642,0.31544303797468354,0.16935921802878087,low_ps,False,0,good,2026-05-15 10:16:59.073851
1201,10.514541387024611,MRCY,-0.16300437157548314,INDUSTRIALS,5364931240.0,90.34,,696.669955882353,0.013699895993447996,-0.0026283654662459383,0.2868309088615083,0.009685132365199297,0.8968316859212301,-0.005682937926970963,low_pe,False,1,partial,2026-05-15 10:17:31.834992
1202,10.43997017151379,GT,-0.16564639508906137,CONSUMER CYCLICAL,1886450000.0,6.505,,6.027450980392158,-0.0667921227702828,-1.103660314347054,0.18823989278534733,0.036408309135581865,1.4060427413411938,-0.11272943851859873,high_earnings_yield,False,0,good,2026-05-15 10:42:44.304314
1203,10.36539895600298,SCCO,-0.16713574823019492,BASIC MATERIALS,152252793000.0,185.29,,30.630050697084915,0.02808355706157719,0.032647676946064304,0.6041994570260146,0.5461630983882607,0.00991963415044218,0.22666314027879744,low_ps,False,0,good,2026-05-15 10:21:29.924287
1204,10.290827740492169,STAA,-0.16809574212595763,HEALTHCARE,1322969920.0,26.69,,66.4572051800147,-0.02731726054663435,-0.06080863879354113,0.7562833588092315,-0.3331036326124907,0.14682489182998218,-0.17427358925867437,low_ps,False,1,partial,2026-05-15 10:22:20.536483
1205,10.21625652498136,FTAI,-0.16976941587353003,INDUSTRIALS,28179327751.58,270.29,,52.51683868592952,-0.049342341033030465,0.019041511732653536,0.31049045389569774,0.2815079974584154,0.0029281147820994584,0.11847815070775293,low_ps,False,0,good,2026-05-15 10:41:28.454100
1206,10.14168530947055,O,-0.17004034224109094,REAL ESTATE,56024369182.08,61.92,,70.06409224187611,0.06895131630032897,0.014272646201534846,0.8724722870098833,0.27495510865682193,1.2571996477672414,0.010725225332528985,low_ps,False,0,good,2026-05-15 10:18:48.917464
1207,10.067114093959727,FICO,-0.171995915379692,TECHNOLOGY,26740248000.0,1126.0,,35.20148913819023,0.03338357220920315,0.028407889111574432,0.841649666061117,0.5036736380231953,0.6872741753341195,0.3708699481219666,low_ps,False,0,good,2026-05-15 10:40:48.492277
1208,9.992542878448917,ENOV,-0.17327654232405573,HEALTHCARE,1519941714.72,26.52,,125.21063927405572,0.013103791946172793,-0.7792667235389317,0.5984122232211131,-0.5256606951183004,0.3465939778557926,-0.3088712472328611,high_earnings_yield,False,0,good,2026-05-15 10:39:09.905400
1209,9.917971662938108,TW,-0.180151281926568,FINANCIAL SERVICES,23211854948.88,108.81,,26.689680449537427,0.04934482843023565,0.0374676647736834,0.6798232459282875,0.42965476765735594,0.09480707153245523,0.1048361034066966,low_ps,False,0,good,2026-05-15 10:23:38.992737
1210,9.843400447427298,LMAT,-0.18093361040083009,HEALTHCARE,2485966140.0,107.94,,39.83792410499663,0.031827464874481355,0.025101709551039984,0.7238705800641481,0.28508049726473184,0.03808618574475845,0.09912537369385856,low_ps,False,0,good,2026-05-15 10:16:24.943936
1211,9.768829231916476,STRL,-0.1812689967181381,INDUSTRIALS,26220902400.0,844.8,,75.64194608316865,0.01678992558242389,0.01322017811255802,0.22794256051165168,0.1696371467445468,0.07878823838544802,0.12452796162766303,low_ps,False,1,partial,2026-05-15 10:22:28.824180
1212,9.694258016405666,PRGO,-0.18156272171629295,HEALTHCARE,1624177000.0,11.71,,24.36881740930608,0.06631050679821227,-1.119089852891649,0.34168581275129234,-0.04058969940647138,0.1661488143908422,-0.22767527213057256,high_earnings_yield,False,0,good,2026-05-15 10:20:14.137833
1213,9.619686800894856,IDXX,-0.18442317184830542,HEALTHCARE,45186874250.0,560.11,,41.25777277529074,0.023854692715329827,0.024237857080809257,0.6205308253647301,0.3162512272004984,0.894554572345118,0.32350730188211657,low_ps,False,1,partial,2026-05-15 10:15:00.308941
1214,9.545115585384046,POWL,-0.18474779549158685,INDUSTRIALS,11306038770.0,309.39,,60.48241741605191,0.01702815671487389,0.016533730672851743,0.3010268935696587,0.1976237903635424,0.0037270921481180304,0.15841086608154475,low_ps,False,0,good,2026-05-15 10:20:06.524606
1215,9.470544369873224,AAON,-0.18782080468495477,INDUSTRIALS,11616912375.64,139.66,,107.97089379086,-0.016357961036056357,0.009261755320253286,0.26747827437666255,0.10141490462361206,0.08120918941427673,0.06379624194342162,low_ps,False,0,good,2026-05-15 10:29:02.002895
1216,9.395973154362414,CAVA,-0.18912848277490246,CONSUMER CYCLICAL,9370629200.0,79.4,,147.0064038404217,0.0027896739313940625,0.0068024247507307185,0.1837862306555087,0.06725982991767147,0.322159679260813,0.04686892245521596,low_ps,False,1,partial,2026-05-15 10:34:23.242161
1217,9.321401938851604,IDCC,-0.1924307079282959,TECHNOLOGY,9864640800.0,279.61,,26.92527738276228,0.05861632589804994,0.03713982165473273,0.8335360057134309,0.4961637013767245,1.4327480279126215,0.1768884482202515,low_ps,False,0,good,2026-05-15 10:14:59.491251
1218,9.246830723340793,GWRE,-0.19509389534910343,TECHNOLOGY,11953688683.949999,138.45,,63.12678857176806,0.025896525180184697,0.015841135318694573,0.6376094415611129,0.06813994807022146,0.05287472772402614,0.0703484171048892,low_ps,False,1,partial,2026-05-15 10:42:49.993883
1219,9.172259507829983,PSA,-0.20004148173188893,REAL ESTATE,54720645120.0,311.04,,28.757505988448784,0.05186172410388425,0.03477353009686155,0.6063360960921405,0.5084889486217422,0.10084789809707774,0.09585847828122837,low_ps,False,0,good,2026-05-15 10:20:21.592263
1220,9.097688292319162,MNST,-0.2001638294064981,CONSUMER DEFENSIVE,85276782820.0,86.29,,44.7545663240672,0.023053191443086853,0.022344088707262042,0.558476301257375,0.29168711735215197,0.007055228944096761,0.19075407863392982,low_ps,False,1,partial,2026-05-15 10:17:22.188851
1221,9.02311707680835,KLIC,-0.2003387115648478,TECHNOLOGY,5437181580.0,102.66,,98.79677254061126,0.001052935223105056,0.01012178813421199,0.48047882304088557,0.06662180087136838,0.077813383600377,0.0464036614321947,low_ps,False,0,good,2026-05-15 10:15:51.277851
1222,8.948545861297541,AEIS,-0.2006971574809601,INDUSTRIALS,15075528000.0,357.24,,79.13662992125985,0.004530521252721629,0.012636373332993708,0.3869410035691791,0.11190426149485619,4.643692078370384,0.073469860002314,low_ps,False,0,good,2026-05-15 10:29:46.906219
1223,8.873974645786731,LLY,-0.20409529563300094,HEALTHCARE,849716355000.0,948.45,,33.618846884273,0.015981686029804616,0.029745220097593623,0.8350604502453304,0.45865507719776605,0.24145184997389302,0.21681135053527312,low_ps,False,0,good,2026-05-15 10:16:24.023595
1224,8.799403430275909,DLR,-0.20622378460081922,REAL ESTATE,68994234050.0,195.31,,50.07241806125167,-0.02938538311086591,0.019971074669825978,0.25122278160826766,0.14610851535280195,0.18024768618473044,0.028200772849383278,low_ps,False,0,good,2026-05-15 10:38:04.100619
1225,8.7248322147651,RGEN,-0.20913416488621367,HEALTHCARE,6995984360.0,123.46,,136.11658968422282,0.014915556500758102,0.007346643067681186,0.5153463926250329,0.08720502948231389,0.11884376762549351,0.017537017550324625,low_ps,False,1,partial,2026-05-15 10:20:47.960753
1226,8.65026099925429,GOOG,-0.20932067467711166,COMMUNICATION SERVICES,4859097900000.0,397.05,,30.329932962149208,0.013259457069181503,0.032970728990663056,0.6037423739723499,0.32704240284357944,0.016809903111607974,0.22759436810201172,low_ps,False,0,good,2026-05-15 10:42:28.721018
1227,8.575689783743478,GOOGL,-0.2096177499704872,COMMUNICATION SERVICES,4904990400000.0,400.8,,30.616388694696894,0.013135397777740808,0.0326622453736097,0.6037423739723499,0.32704240284357944,0.0,0.22759436810201172,low_ps,False,0,good,2026-05-15 10:42:30.614796
1228,8.501118568232657,GEV,-0.20990074343367127,INDUSTRIALS,282920800000.0,1040.15,,30.178218666666666,0.026604618677735958,0.03313648201192701,0.19926349206349206,0.0387047619047619,0.01534757749021968,0.12398825583240755,low_evebitda,False,0,good,2026-05-15 10:42:00.216878
1229,8.426547352721848,VRSN,-0.21011847280532717,TECHNOLOGY,26457678000.0,288.21,,31.463524794862646,0.03961042990998681,0.03178283445735487,0.8834957224334601,0.6793013307984791,0.004899062420812569,0.6482423681776133,low_ps,False,0,good,2026-05-15 10:24:29.096402
1230,8.351976137211036,SATS,-0.21019511703489502,COMMUNICATION SERVICES,36566941350.0,127.15,,2.327610480099265,-0.03994033807807116,-0.6366321092371046,0.3705278291107044,-1.1811502161047902,0.8834254660351791,-0.541182278228827,high_div_yield,False,0,good,2026-05-15 10:21:22.820554
1231,8.277404921700226,OHI,-0.21057104960191322,REAL ESTATE,14870890320.0,47.19,,23.526651109736477,0.011067864563471544,0.04250498701815454,0.8501576841457813,0.643465935462103,0.6997722035662038,0.061760110433764996,low_ps,False,0,good,2026-05-15 10:18:54.936118
1232,8.202833706189416,FR,-0.2151706203981795,REAL ESTATE,8314625937.25,62.75,,24.285852634615107,-0.09971488871022091,0.04117623601877087,0.4703018173514755,0.3828432886942739,0.2794118095238095,0.05931099357802774,low_ps,False,0,good,2026-05-15 10:41:21.786359
1233,8.128262490678594,SNPS,-0.21642770383759408,TECHNOLOGY,83505519360.0,516.48,,75.8277338268318,0.027289645252976964,0.013187786968336748,0.751368595648592,0.108163170244095,0.0167545351141103,0.023312898059372967,low_ps,False,1,partial,2026-05-15 10:22:04.732945
1234,8.053691275167784,GLW,-0.2168246059123548,TECHNOLOGY,161290092897.18,186.94,,89.11054856197791,0.00930001324356746,0.011222015980571402,0.36309049690582684,0.1531156179155689,0.665253114232706,0.05791444021373948,low_ps,False,0,good,2026-05-15 10:42:17.425373
1235,7.9791200596569745,EQIX,-0.2243931098126066,REAL ESTATE,105843242160.0,1072.08,,74.43265974683544,-0.005782135803010062,0.013434962601111615,0.5125819412137873,0.20797208712201312,0.9537316903045804,0.034769426377817984,low_ps,False,0,good,2026-05-15 10:39:23.961279
1236,7.904548844146165,RBC,-0.22526942524008803,INDUSTRIALS,19176306306.08,605.99,,71.39354544333582,0.017213951150505932,0.014006868461150844,0.42131129230425557,0.22757734837484642,1.1356581720636136,0.052240547689435195,low_ps,False,0,good,2026-05-15 10:20:37.752660
1237,7.829977628635342,POWI,-0.22604691148661502,TECHNOLOGY,4094446720.0,73.28,,185.3277834608247,0.021278088581404227,0.005395845033733886,0.5448631804899167,0.05828357805115625,0.07861820914751987,0.028610204258702653,low_ps,False,0,good,2026-05-15 10:20:05.549125
1238,7.755406413124533,AGX,-0.229187617342949,INDUSTRIALS,9647447320.0,680.26,,70.02371506960675,0.042585461871171945,0.014280876114698493,0.20503575035517455,0.1426001952136658,0.017408752810932366,0.11613228429288391,low_ps,False,0,good,2026-05-15 10:30:05.038481
1239,7.680835197613723,MDB,-0.22965739315700162,TECHNOLOGY,25891488317.410004,299.47,,,0.01964000654446996,-0.0027480459650578107,0.7174856532417241,-0.055592242380358446,,-0.018928937802220255,low_ps,False,3,poor,2026-05-15 10:17:02.243705
1240,7.606263982102912,UCTT,-0.23526071911561727,TECHNOLOGY,3945629999.9999995,87.1,,31.088505338078296,-0.011151577568094323,-0.049193664890017565,0.15629228687415425,-0.05262903537599072,8.041666666666666,-0.1046248382923674,low_evebitda,False,1,partial,2026-05-15 10:23:49.843943
1241,7.531692766592091,KEYS,-0.24181134237880428,TECHNOLOGY,62331900000.0,360.3,,65.06461377870563,0.02108069864708119,0.015369337369789788,0.6186366038400564,0.15959133345076626,0.03701067615658363,0.08344220886682345,low_ps,False,1,partial,2026-05-15 10:15:45.403971
1242,7.457121551081281,VIAV,-0.2425727487195067,TECHNOLOGY,12776895000.0,51.21,,263.0806578947368,0.0035611155918554545,-0.004312471848598584,0.5568572893021894,0.08156989089844036,2.417874396135266,-0.021797610570456524,high_div_yield,False,0,good,2026-05-15 10:24:18.162682
1243,7.38255033557047,ADC,-0.243713960844117,REAL ESTATE,8197247050.46,76.22,,37.330973028239896,-0.4146095608780364,0.026787407851478352,0.8764474131552107,0.4803058483157677,4.804682302604975,0.021569524420978946,low_ps,False,0,good,2026-05-15 10:29:33.704029
1244,7.3079791200596596,TTWO,-0.2460252344666742,COMMUNICATION SERVICES,40430530000.0,220.45,,103.41369334619094,0.012065139883152658,-0.09806698057136526,0.5601835617691452,-0.050799652391334174,2.0511262971399646,-0.39607412217171967,low_evebitda,False,0,good,2026-05-15 10:23:37.994402
1245,7.233407904548839,AMAT,-0.24666572497540357,TECHNOLOGY,347916560000.0,435.44,,44.382773312922566,0.017803119230656913,0.022531264392818787,0.487240377117743,0.29099028850925074,0.030447096904713738,0.20824035702900862,low_ps,False,0,good,2026-05-15 10:30:38.393624
1246,7.158836689038028,AMSC,-0.2471854373676983,INDUSTRIALS,2480183410.0,55.19,,19.00742161934322,0.00645637735315712,0.05261102847228545,0.305904712552092,0.04875019702205479,0.18573455436605185,0.18134653817609733,low_ps,False,1,partial,2026-05-15 10:30:54.685570
1247,7.084265473527218,HOOD,-0.24810421864517845,FINANCIAL SERVICES,70038881911.57,77.03,,36.92086553061149,0.030811457023609504,0.027084955502218365,0.8226750487752005,0.4628224582701062,6.019334532374101,0.0417161454897304,low_ps,False,1,partial,2026-05-15 10:43:37.264250
1248,7.009694258016408,MSCI,-0.2554988042799751,FINANCIAL SERVICES,42969828000.0,585.42,,32.56017670615781,0.0357667245025975,0.030712364033665673,0.8285576519100719,0.5536289838376037,0.012625202015807154,0.23798622256685842,low_ps,False,0,good,2026-05-15 10:17:38.880980
1249,6.935123042505598,CORT,-0.25557965683081,HEALTHCARE,6264137320.0,52.28,,130.76711938709477,0.019122824721217957,0.00764718229389007,0.9825028344966038,-0.010687872515264674,0.023218454816115834,0.05878527048734723,low_ps,False,1,partial,2026-05-15 10:36:18.648111
1250,6.860551826994776,CGNX,-0.25723314092525634,TECHNOLOGY,11309606700.0,65.66,,79.34171934083048,0.02093538761166646,0.012603709729357787,0.6802027207764912,0.1875759486415224,0.05493647273035608,0.07107185914765424,low_ps,False,0,good,2026-05-15 10:35:07.440072
1251,6.785980611483966,TVTX,-0.2579642972491884,HEALTHCARE,3913613521.2000003,42.6,,5.822997290779018,0.004263067855224579,-0.005473713713415305,0.9395277100164865,-0.106420040432976,0.16693022610625607,-0.03858512792063229,low_evebitda,False,1,partial,2026-05-15 10:23:38.587387
1252,6.711409395973156,V,-0.2654695445442164,FINANCIAL SERVICES,616221070000.0,318.79,,27.712766234934342,0.03437889587254782,0.03608445261373487,0.8128616914960374,0.6111511376577498,0.11036777459204984,0.23394249281949311,low_ps,False,0,good,2026-05-15 10:24:12.840615
1253,6.6368381804623455,KTOS,-0.2657638968781679,INDUSTRIALS,10385466000.0,57.89,,353.2471428571429,-0.012796729583439009,0.0028308792306479076,0.18329564725833805,0.01823063877897117,0.2388250319284802,0.007272367477181092,low_evebitda,False,1,partial,2026-05-15 10:16:04.584430
1254,6.562266964951524,VRT,-0.2720403179755568,INDUSTRIALS,133311813954.90001,339.97,,85.54402846181982,0.017324046020267297,0.011689886693216956,0.36160244932401275,0.1853846579486139,0.017795563880965558,0.11629763956985395,low_ps,False,0,good,2026-05-15 10:24:29.524742
1255,6.487695749440714,SII,-0.2757055342700678,FINANCIAL SERVICES,3632757190.0,140.81,,53.60989352670468,0.026680530498103563,0.0186532733832398,0.6027343978207773,0.30597081584485536,0.02183262271934439,0.12922106834213057,low_ps,False,0,good,2026-05-15 10:21:47.983283
1256,6.413124533929904,SUPN,-0.2762013622441643,HEALTHCARE,2970578148.44,51.53,,39.62572968789245,0.027686529655242695,-0.009767795543516592,0.8941986244147713,-0.05483804112338173,0.6465212623370293,-0.01933465491679022,low_evebitda,False,1,partial,2026-05-15 10:22:32.947593
1257,6.338553318419093,SMTC,-0.2769060344078443,TECHNOLOGY,11279606000.0,121.81,,226.56076931168693,0.014161132933189333,-0.0035800009326566904,0.5155339898287652,0.12101579017542523,0.060920021395846416,-0.02863291498262781,low_ps,False,1,partial,2026-05-15 10:22:01.892536
1258,6.2639821029082725,RIOT,-0.27913628192336176,FINANCIAL SERVICES,8370791795.5199995,24.08,,37.637259797563445,-0.12228580342278259,-0.10360919506613092,-0.2377496490715129,-0.7023498814420444,1.283443118344988,-0.252264675598164,low_ps,False,0,good,2026-05-15 10:20:52.251960
1259,6.189410887397462,BIO,-0.2807462172395431,HEALTHCARE,6855958560.0,254.32,,40.6158682464455,0.052100664972514074,0.024620918945577757,0.5186686744661956,0.09247461291941773,24.196531791907514,0.017242083758937692,low_evebitda,False,1,partial,2026-05-15 10:33:15.818710
1260,6.114839671886651,TWO,-0.2808456692901516,REAL ESTATE,1357979727.8000002,12.55,,62.11379177568005,-0.05145363996942576,-0.25255237098098304,0.8797170643597548,0.5727264053659487,130.16723378702963,-0.03255834397216714,low_evebitda,False,0,good,2026-05-15 10:23:40.782060
1261,6.040268456375841,TRNO,-0.282658210929121,REAL ESTATE,6966859323.119999,66.21,,16.419654308555266,0.03270383244913349,0.06090262201677181,0.736706341519118,0.39239972023009645,0.9396826971732466,0.0764259253021688,low_ps,False,0,good,2026-05-15 10:23:23.972007
1262,5.9656972408650315,MU,-0.28491793334929977,TECHNOLOGY,851363399999.9999,746.81,,35.30430852166701,0.01324816171331772,0.02832515468717589,0.5843699994838177,0.4852457888126086,0.01575078753937697,0.23756514200711268,low_ps,False,0,good,2026-05-15 10:17:53.177848
1263,5.891126025354209,HWM,-0.2891547419152519,INDUSTRIALS,109035680000.0,270.56,,72.3048275862069,0.011097284852077779,0.013830335171019247,0.30744062045564713,0.2581192438196801,0.16023489932885907,0.13489578674300026,low_ps,False,0,good,2026-05-15 10:44:03.683490
1264,5.8165548098433995,CME,-0.2934570943552834,FINANCIAL SERVICES,102152250000.0,281.25,,24.07831467295227,0.042380857984038525,0.04153114591210668,0.8633848248106061,0.6556581439393939,0.009809781653247073,0.021003151091495517,low_ps,False,0,good,2026-05-15 10:35:42.730934
1265,5.74198359433259,WELL,-0.29584139133403603,REAL ESTATE,155876110650.0,214.63,,110.7420718477365,0.016308759497522144,0.00902999179367836,0.3887294914448936,0.04618468643333091,0.019123469793274284,0.020939428111841265,low_ps,False,0,good,2026-05-15 10:24:49.367681
1266,5.667412378821779,WDC,-0.3026477983051671,TECHNOLOGY,180480000000.0,480.0,,27.82608695652174,0.016095966312056738,0.0359375,0.45427528232996517,0.3078033455039484,0.5991371224910899,0.43110667996011964,low_ps,False,0,good,2026-05-15 10:24:46.612576
1267,5.592841163310958,TXN,-0.3054572766298123,TECHNOLOGY,263049200000.0,287.8,,49.012334637600155,0.014145642716267528,0.020403027266382105,0.5732183534005858,0.35291246339082327,0.278241917907737,0.15604919605733725,low_ps,False,0,good,2026-05-15 10:23:41.693088
1268,5.518269947800148,EGP,-0.3106133492796755,REAL ESTATE,10994064720.0,205.32,,37.571517444304334,0.03799450072729789,0.026615906623478562,0.3605270619133601,0.40291368160587565,0.2548152842425501,0.053297437063135764,low_ps,False,0,good,2026-05-15 10:38:54.591897
1269,5.443698732289337,FMC,-0.31090103017352716,BASIC MATERIALS,1679020000.0,13.4,,48.12512844494293,-0.15729413586496885,-1.4917630522566736,0.35305421300879286,-0.5950911314272405,10.001572945340149,-0.26590583364297465,high_earnings_yield,False,0,good,2026-05-15 10:41:09.009349
1270,5.369127516778526,STOK,-0.3122190988742293,HEALTHCARE,2074158745.23,32.89,,44.65913023072941,0.021654562411528175,-0.0033194180608565396,0.9889166034052705,-0.11164732675414814,0.08784702292843549,-0.016454207832059538,low_ps,False,1,partial,2026-05-15 10:22:27.020753
1271,5.294556301267706,INTC,-0.3122814091691158,TECHNOLOGY,634968360000.0,124.92,,928.1684848484849,-0.004912055775503523,-0.004998674264651549,0.3543329055298253,-0.09447017465543217,0.3515172776705841,-0.015457892583718076,low_pe,False,0,good,2026-05-15 10:15:07.865243
1272,5.219985085756895,RGLD,-0.31410201624253264,BASIC MATERIALS,20311563177.85,238.91,,32.04156276626288,-0.012035902793862525,0.031209464010691683,0.5465322368869334,0.6420765006404274,0.004471384612792414,0.06680006735719737,low_ps,False,0,good,2026-05-15 10:20:48.967231
1273,5.1454138702460845,RDDT,-0.3209877544010138,COMMUNICATION SERVICES,31553266153.4,155.8,,44.5954826179008,0.02753226863350849,0.022423795893591163,0.9137298690630008,0.2510527354141164,0.0109463476297417,0.20306731686260845,low_ps,False,1,partial,2026-05-15 10:20:38.833572
1274,5.070842654735275,STX,-0.32214724748613927,TECHNOLOGY,179224560000.0,782.64,,75.36777123633306,0.013519352481601854,0.013268270821811475,0.4154405086285195,0.28328792007266124,0.24041075203865903,0.2674313990103464,low_ps,False,0,good,2026-05-15 10:22:31.464464
1275,4.996271439224465,MCHP,-0.3240870369251859,TECHNOLOGY,54291411000.0,99.09,,99.49253046707854,0.015101836273881331,-0.0017792869667727,0.515712194675693,0.040870002744488154,0.04351747463359639,-0.006743220131932568,low_ps,False,0,good,2026-05-15 10:16:57.286438
1276,4.921700223713643,PDFS,-0.32559191869128395,TECHNOLOGY,2084664510.0,51.63,,934.6530849825378,-0.004227059058054382,-0.00030700383535574267,0.7277695595003287,0.026695704580319966,0.3910567135239942,-0.001528551673405828,low_pe,False,1,partial,2026-05-15 10:19:33.684023
1277,4.847129008202833,WGS,-0.3259301360032115,HEALTHCARE,1195993087.02,40.77,,2308.1041879500717,-0.023956660210629515,-0.06505723222353278,0.6834832541937932,-0.0762518128300932,2.0356172653184426,-0.1536793330449673,low_pe,False,1,partial,2026-05-15 10:24:54.231804
1278,4.772557792692023,PLD,-0.3285585805256204,REAL ESTATE,137974964490.0,144.09,,37.117443276676816,-0.04297117250158605,0.026941510829447724,0.43368481988246776,0.3894300352529591,0.0718309822622418,0.0378795809392253,low_ps,False,0,good,2026-05-15 10:19:53.918721
1279,4.697986577181212,SLAB,-0.3312979775510273,TECHNOLOGY,7167804350.0,217.45,,55.747111426309544,0.0024564007526237798,-0.007022234082044943,0.5925342757906282,-0.06768996404850405,2.9472443265546713,-0.03974382156260635,low_evebitda,False,1,partial,2026-05-15 10:21:53.135758
1280,4.623415361670391,ISRG,-0.342255148248917,HEALTHCARE,161931588000.0,450.06,,54.35587526434158,0.01750307049418919,0.018397275274049683,0.6629213483146067,0.3045425766152276,0.010375375774827743,0.14813286261250064,low_ps,False,1,partial,2026-05-15 10:15:18.970864
1281,4.548844146159581,CALX,-0.34617854008726795,TECHNOLOGY,2836284560.0,43.24,,83.71313007290222,0.03847709836279615,0.011945557394988603,0.5707976960647396,0.03754368946696963,0.14667718115993977,0.03561143063753931,low_evebitda,False,1,partial,2026-05-15 10:34:11.269419
1282,4.4742729306487705,TER,-0.3493343147763647,TECHNOLOGY,56712703720.0,359.77,,66.40380831278438,0.009754075625298014,0.015059377246703413,0.5878553558404136,0.26915040991983286,0.016682213691213473,0.19262321240770106,low_ps,False,0,good,2026-05-15 10:22:54.162794
1283,4.39970171513796,TSEM,-0.355372219552614,TECHNOLOGY,24096584820.0,211.02,,109.29643407266295,-0.0018663412403019523,0.009149429333944924,0.23233067535744753,0.12398410322686106,0.10577149188898358,0.06636085350767092,low_ps,False,1,partial,2026-05-15 10:23:29.248830
1284,4.325130499627139,BLFS,-0.356055580796607,HEALTHCARE,1085427573.0,22.04,,350.9331553101104,0.0117944304331764,-0.011175319571506775,0.6456232980647307,-0.1260731286507161,2.5768533212423486,-0.02988538597234678,low_ps,False,1,partial,2026-05-15 10:33:29.986101
1285,4.250559284116329,LGND,-0.3577720483927486,HEALTHCARE,4402295030.0,221.41,,35.37315315822037,0.011076722406767001,0.02827002714536377,0.9754277529309515,0.17605851831681507,0.005586991239393646,0.07974500156026033,low_ps,False,0,good,2026-05-15 10:16:17.548759
1286,4.175988068605518,LRCX,-0.3592162783574265,TECHNOLOGY,369716416250.0,294.05,,55.11408515277268,0.016446605378454035,0.01814418214922854,0.4997857424033794,0.3425647125509845,0.0010251413731286788,0.32263519801692103,low_ps,False,0,good,2026-05-15 10:16:33.605070
1287,4.101416853094708,UI,-0.3594984247896238,TECHNOLOGY,51007681200.0,842.1,,57.40061758265007,0.01368372338399888,0.017421415345577403,0.4542497515109547,0.35090825521995234,0.09969465017326347,0.5525645370402037,low_ps,False,0,good,2026-05-15 10:23:57.385208
1288,4.026845637583898,FORM,-0.36920746984061176,TECHNOLOGY,11743096050.0,147.87,,171.82336488938313,0.0031128077164965366,0.0058199302559566474,0.42105620393888404,0.12697834316327708,0.06999637358652293,0.054420512003822114,low_ps,False,1,partial,2026-05-15 10:41:17.559443
1289,3.9522744220730766,PANW,-0.37361018050951605,TECHNOLOGY,148218440000.0,207.88,,115.62402683516656,0.024142070311899116,0.008648721441137822,0.7350429078265088,0.14403687343960053,0.04081001700417375,0.05131910805076264,low_ps,False,1,partial,2026-05-15 10:19:21.782598
1290,3.8777032065622663,TFPM,-0.3751447507399371,BASIC MATERIALS,6918185452.280001,33.38,,28.684025228909945,0.013870151452556977,0.03486261053041202,0.7241635324582584,0.5942127005300386,0.001150902491790446,0.11432611438936383,low_ps,False,0,good,2026-05-15 10:22:56.828955
1291,3.803131991051456,MRVL,-0.38205544252436224,TECHNOLOGY,145665306000.0,170.13,,54.554251151642255,0.009571256452789108,0.018330377172996844,0.5010494714812194,0.1625948795548288,0.2205746061167748,0.11981440680628037,low_ps,False,0,good,2026-05-15 10:17:35.942067
1292,3.728560775540646,CNC,-0.382394612905479,HEALTHCARE,27733272360.0,55.96,,6.977913300876339,0.22882261846434337,-0.23232022230787336,0.14926950898783953,-0.03680635130564712,0.010633772862611655,-0.0793717277486911,low_ps,False,1,partial,2026-05-15 10:35:46.920549
1293,3.6539895600298244,MRNA,-0.38619945825837604,HEALTHCARE,21468250000.0,54.35,,35.691524440762215,-0.07369021694828409,-0.14877784635450025,-0.13887640449438202,-1.5334831460674156,0.18129614438063987,-0.27802924791086353,low_ps,False,1,partial,2026-05-15 10:17:33.220550
1294,3.579418344519014,KLAC,-0.39590026836695097,TECHNOLOGY,246265782500.0,1869.19,,52.72723822684256,0.016301797835028095,0.018965529650876285,0.6175375540376283,0.42082497210548553,0.008666016932840656,0.27679834343940785,low_ps,False,0,good,2026-05-15 10:15:50.384684
1295,3.504847129008204,ASML,-0.39718106278359216,TECHNOLOGY,614042114000.0,1592.02,,61.336128297589674,0.01397915248692535,0.016303604869681625,0.5260278932825211,0.3478854469959368,0.12949446420597158,0.2083020359754892,low_ps,False,0,good,2026-05-15 10:31:47.120303
1296,3.4302759134973937,ADI,-0.398436027641708,TECHNOLOGY,207510680520.0,416.52,,76.66125836211215,0.02197487372010475,0.013044398453211724,0.6284153437722318,0.2924443870591954,0.5219749619317615,0.056403102319404874,low_ps,False,0,good,2026-05-15 10:29:36.736132
1297,3.3557046979865723,ANET,-0.4149763025011752,TECHNOLOGY,180586626000.0,141.77,,48.53826797473458,0.029227524301827307,0.020602300859200944,0.6353721459541293,0.4279240774879247,0.0060040021257903925,0.17179599658301203,low_ps,False,1,partial,2026-05-15 10:31:07.505217
1298,3.281133482475762,CDNS,-0.42295043319919884,TECHNOLOGY,99280057500.0,362.7,,84.78453101661955,0.01440281196452772,0.011794604369563345,0.8885215876025325,0.31105975404681063,0.4551595548432457,0.09678746381532562,low_ps,False,1,partial,2026-05-15 10:34:47.516523
1299,3.206562266964952,DOCN,-0.43625270538390076,TECHNOLOGY,18348464250.0,163.95,,72.15878719831366,0.009251618974051194,0.013858326044916812,0.5849051631354302,0.16436140999273688,1.287233614743045,0.09892634844480618,low_ps,False,1,partial,2026-05-15 10:38:10.953727
1300,3.1319910514541416,RMBS,-0.4377274505605199,TECHNOLOGY,14180244420.0,129.245,,61.650556149732616,0.02363915529743739,0.01622045383615468,0.7703184461038196,0.3589145190701028,0.02122506172015747,0.15002485086221407,low_ps,False,1,partial,2026-05-15 10:20:56.499120
1301,3.0574198359433313,APP,-0.43816183545837484,COMMUNICATION SERVICES,158711472950.0,468.55,,40.04887096591045,0.027738744516516062,0.024969492919068772,0.8836681271446444,0.7708820555881453,0.0028646531028704166,0.5141536942578887,low_ps,False,1,partial,2026-05-15 10:31:25.433054
1302,2.98284862043251,ARWR,-0.44709446843156425,HEALTHCARE,9775641960.0,72.69,,48.33086277902751,0.03293972931062627,0.02069071277647325,0.9770087645889342,0.2755015898535355,0.23642301105822994,0.12608614613936955,low_ps,False,1,partial,2026-05-15 10:31:42.488313
1303,2.9082774049216997,KRMN,-0.45082253130338296,INDUSTRIALS,8050470480.0,60.84,,269.4537764835827,-0.002461967912215734,0.0037112116706997725,0.27938711284366674,0.16613424846007258,0.07478276395667183,0.026146748043610293,low_ps,False,1,partial,2026-05-15 10:16:02.004556
1304,2.8337061894108895,SYM,-0.4563352844234213,INDUSTRIALS,7025940830.16,52.29,,663.8266090476191,0.10656010591295435,0.0015064174686138046,0.19924649678213682,-0.009387602833960326,0.4595334444179957,0.0030279319859646313,low_evebitda,False,1,partial,2026-05-15 10:22:40.158383
1305,2.7591349739000792,AXON,-0.48169360875021094,INDUSTRIALS,33283172120.0,403.54,,161.37843281953812,0.0005860919725340169,0.00619661489164573,0.5932058598547624,0.012797460687143677,1.0311118004077737,0.02918457717152298,low_evebitda,False,1,partial,2026-05-15 10:32:17.701586
1306,2.684563758389258,CURB,-0.4826178142912297,REAL ESTATE,3311214675.96,27.88,,100.82256488520797,0.031720685693550854,0.009918414604295725,0.7487152855058486,0.16399831837178822,,0.012529858658524535,low_ps,False,1,partial,2026-05-15 10:37:04.677807
1307,2.6099925428784476,NVMI,-0.4845224897483617,TECHNOLOGY,17630842800.0,521.16,,68.01419164194535,0.01235987425399766,0.01470281386661788,0.5737147347704971,0.28784308470468795,0.02874823915283102,0.10981484792077766,low_ps,False,1,partial,2026-05-15 10:18:34.410073
1308,2.5354213273676374,SNDK,-0.4929149663575951,TECHNOLOGY,245287380000.0,1562.34,,54.4236476591968,0.018182753633717318,0.018374365611471734,0.560376213592233,0.4092839805825243,0.007258210851025223,0.2639531478770132,low_ps,False,1,partial,2026-05-15 10:22:02.949991
1309,2.460850111856827,NVDA,-0.5031826648195704,TECHNOLOGY,5257766400000.0,215.2,,43.790270432341934,0.018387275630959946,0.022836122958981218,0.7106808435754708,0.6038168363141272,0.016395483978084012,0.5805863551302448,low_ps,False,0,good,2026-05-15 10:18:33.362542
1310,2.3862788963460058,TSLA,-0.5076592630736361,CONSUMER CYCLICAL,1515502300000.0,428.35,,390.9964654282766,0.004618930634417381,0.002557567877000252,0.1906537663850264,0.05003116092318066,0.2692564665457669,0.02696835601569675,low_ps,False,1,partial,2026-05-15 10:23:29.916922
1311,2.3117076808351955,CTRE,-0.5157437142469463,REAL ESTATE,9316528000.0,41.6,,29.065283991289643,0.04068436224310172,0.03440530635447025,0.8405525496478554,0.5993561647976302,3.190526952972246,0.06225929583275387,low_ps,False,0,good,2026-05-15 10:36:57.434522
1312,2.2371364653243853,CIEN,-0.5285757745525446,TECHNOLOGY,79913889890.0,548.11,,348.8942972464407,0.007895611149307301,0.002866197607390677,0.4064386298274746,0.08192375566639587,0.0834520917950837,0.038872207209370645,low_ps,False,1,partial,2026-05-15 10:35:23.507821
1313,2.162565249813575,OR,-0.5548082102386421,BASIC MATERIALS,7273290200.0,38.42,,35.13040355944261,0.02881896352767555,0.028465371834056615,0.8371718133156489,0.7097064558801105,0.004236944558660783,0.13181346791904888,low_ps,False,0,good,2026-05-15 10:19:05.551412
1314,2.0879940343027537,AAOI,-0.5586559574091916,TECHNOLOGY,11316461200.0,148.94,,33.42954945130994,-0.03382347124558691,-0.0033780878425138773,0.3004377714141514,-0.11981391878696115,6.9626985283403755,-0.03271760312831911,low_ps,False,1,partial,2026-05-15 10:29:00.682759
1315,2.0134228187919434,AMD,-0.5600774114614853,TECHNOLOGY,751063500000.0,455.19,,150.45342548076923,0.011415812378047927,0.006646575156428185,0.5028034388850323,0.11654295936348588,0.12182882631725676,0.06268049521609201,low_ps,False,1,partial,2026-05-15 10:30:41.284277
1316,1.9388516032811332,FNV,-0.5610751544509255,BASIC MATERIALS,44750504400.12,232.11,,40.03616523123319,-0.0631188416279041,0.02497741714833057,0.7390648850730605,0.7417260500200238,0.2682102007262512,0.13587374300670685,low_ps,False,0,good,2026-05-15 10:41:16.139781
1317,1.864280387770323,MXL,-0.5928597507927827,TECHNOLOGY,8744608850.0,99.83,,29.23273542600897,0.0011611725777763062,-0.015107022196881911,0.5697156196943973,-0.15855302458655599,0.9585388894720269,-0.1712830965152146,low_ps,False,1,partial,2026-05-15 10:17:56.499730
1318,1.7897091722595126,KRYS,-0.5983881248616129,HEALTHCARE,9326294970.0,305.71,,41.44467391014531,0.025453087293892444,0.024128552734377005,0.9279470122500623,0.42848139485842457,0.009706120248045295,0.16108469276654352,low_ps,False,1,partial,2026-05-15 10:16:02.807857
1319,1.7151379567486913,WPM,-0.6106655097265605,BASIC MATERIALS,63170501750.0,138.85,,42.67409211904261,0.008948898177779632,0.023433421786933962,0.7506611579975815,0.6855571028778845,0.0002847628194791986,0.16171987185616277,low_ps,False,0,good,2026-05-15 10:25:04.296370
1320,1.640566741237881,FLG,-0.6578134747319518,FINANCIAL SERVICES,6662346723.48,14.28,,7.169764302037471,-0.03557305103391644,-0.00840544665780304,0.4183943537715042,-0.009925011027790032,241.41379310344828,-0.0006427251546557404,low_evebitda,False,0,good,2026-05-15 10:41:01.432866
1321,1.5659955257270708,VICR,-0.6626304738994416,TECHNOLOGY,12119233380.000002,256.47,,88.66153133710341,0.007205323741360279,0.01127884872863138,0.5881467536707498,0.20958359303119342,0.010990443843590906,0.1698275894200509,low_ps,False,0,good,2026-05-15 10:24:19.598106
1322,1.4914243102162605,MPWR,-0.6875408810011047,TECHNOLOGY,78828563280.0,1600.84,,116.72045996073216,0.007960921446340991,0.00856747823249177,0.551750538536196,0.2708842138724219,0.004793566803592564,0.15180542637157424,low_ps,False,0,good,2026-05-15 10:17:30.477450
1323,1.4168530947054392,TNDM,-0.7256255616498632,HEALTHCARE,1058785560.0,15.48,,738.7107039864292,-0.028022671559668796,-0.19334415554364,0.5380847826429731,-0.18177831475378817,1.6492190096377535,-0.2323314175723404,low_evebitda,False,1,partial,2026-05-15 10:23:11.944761
1324,1.342281879194629,AVGO,-0.7314863208447946,TECHNOLOGY,2101840000000.0,430.0,,84.16786801217363,0.013755090777604385,0.011881018536139763,0.6709235230368179,0.4086728566825811,0.11572753667874303,0.1469779815541809,low_ps,False,0,good,2026-05-15 10:32:03.956648
1325,1.2677106636838187,MTSI,-0.734059198835743,TECHNOLOGY,27760063560.0,359.88,,171.26644061522515,0.004781581270990432,0.005838855507289047,0.5446378538091674,0.15226285038030934,1.2238360063867406,0.07698164070959873,low_ps,False,1,partial,2026-05-15 10:17:50.048489
1326,1.1931394481730084,TPL,-0.748676439414466,ENERGY,27203719136.399998,394.2,,54.01571629820541,0.018132778004606248,0.018513130409662334,0.9513304132773159,0.7442162033312476,0.0,0.28754753910039266,low_ps,False,0,good,2026-05-15 10:23:16.361212
1327,1.118568232662187,CRDO,-0.838038950485414,TECHNOLOGY,35174655990.0,188.505,,103.52642558827424,0.008065295651524012,0.009659369521526911,0.678255056930846,0.30234670051997026,0.009554795695481628,0.1667690060417044,low_ps,False,1,partial,2026-05-15 10:36:32.097907
1328,1.0439970171513768,DDOG,-0.8988124355472078,TECHNOLOGY,73004556960.0,200.16,,677.5930886106495,0.013616369188359772,0.0014758119833400605,0.7994408194778297,-0.012947462591453327,0.17341873151974843,0.016216666134846035,low_evebitda,False,1,partial,2026-05-15 10:37:40.206641
1329,0.9694258016405666,LITE,-1.056305436664497,TECHNOLOGY,86945560000.0,903.8,,197.64846556035462,0.0028305068136889335,0.005059487799031946,0.3771499758881209,0.09528210898569361,6.91576260370134,0.06259337782267818,low_ps,False,1,partial,2026-05-15 10:16:21.371170
1330,0.8948545861297563,LSCC,-1.0726255253350716,TECHNOLOGY,17729014100.0,127.19,,891.8463755722119,0.008568835195409992,0.0011212693434543548,0.6688623349111251,0.054758723295279345,0.08951539959220592,0.02211286359303165,low_ps,False,1,partial,2026-05-15 10:16:35.230987
1331,0.8202833706189461,CIFR,-1.0861492647047075,TECHNOLOGY,8328223800.75,20.55,,64.06070799001394,-0.1116340077119775,-0.02429749786284284,0.20166828911057327,-0.6715756758446384,0.06533255861644678,-0.03164969262158867,low_ps,False,1,partial,2026-05-15 10:35:24.192142
1332,0.7457121551081247,MIDD,-1.0971379310189762,INDUSTRIALS,7777693439.999999,164.67,,17.12453305020505,0.0708554540303404,-0.0357086586328607,0.3789804668685753,-0.025332959018409117,8.972831027168972,-0.04397841640267255,low_evebitda,False,1,partial,2026-05-15 10:17:11.450520
1333,0.6711409395973145,ALGT,-1.2990521798613401,INDUSTRIALS,1512723570.0,83.03,,15.525455987311657,0.1195281170901568,-0.022688216592010924,0.3087347572062353,0.026943835002060657,0.7765755702984516,-38.04567121161734,low_ps,False,0,good,2026-05-15 10:30:27.392341
1334,0.5965697240865042,ALAB,-1.3052264468972585,TECHNOLOGY,36193357030.0,199.79,,135.23907344231665,0.009471599987695312,0.007394312712638694,0.7598937134777382,0.223648052212605,0.03608113379274477,0.16129615510949458,low_ps,False,1,partial,2026-05-15 10:30:20.771179
1335,0.521998508575694,SITM,-1.506008827299348,TECHNOLOGY,21945826440.0,833.08,,3463.639391025641,0.0015885480592545869,-0.0011047203014333143,0.5569816167954684,-0.12687148602834342,0.08880074328187536,-0.018752267265443896,low_ps,False,1,partial,2026-05-15 10:21:48.365610
1336,0.4474272930648726,ARM,-1.643709367736274,TECHNOLOGY,227772360000.0,213.27,,284.36,0.004258637878625834,0.0035166690111126738,0.9542924427317491,0.18646970670092058,0.061127029608404965,0.07871462264150944,low_ps,False,1,partial,2026-05-15 10:31:35.687114
1337,0.37285607755406236,PLTR,-1.7776121155876723,TECHNOLOGY,354273327200.0,137.8,,155.278906031876,0.007585318435454601,0.006440024762891605,0.8407394164130062,0.38129759843374283,0.02280103087863313,0.22369723143510611,low_ps,False,1,partial,2026-05-15 10:19:54.291722
1338,0.2982848620432521,BE,-2.041715022695191,INDUSTRIALS,83453379239.99998,261.03,,13835.109290450926,0.002791954048139034,7.227987715935182e-05,0.31110681915715915,0.08237312206031211,0.800092315313084,0.0012931083456295103,low_pe,False,1,partial,2026-05-15 10:32:58.470192
1339,0.22371364653244186,CRWD,-2.306541494429713,TECHNOLOGY,136234853410.0,527.77,,663.0305245047747,0.009100057503412702,-0.0013446485639669174,0.7486315995099756,-0.053907259032357616,0.16327992763811894,-0.016523245363537015,low_evebitda,False,1,partial,2026-05-15 10:36:45.221934
1340,0.1491424310216205,CYTK,-4.302886190058708,HEALTHCARE,9480926430.0,76.91,,376.414846743295,-0.057897506435982335,-0.08750305216744521,0.9034446817558948,-6.050607191797004,2.234313498495022,-0.6514521648587569,low_ps,False,1,partial,2026-05-15 10:37:26.875652
1341,0.07457121551081025,COHU,-4.38757756503614,TECHNOLOGY,2328181840.0,49.54,,54.53975067481177,0.0172525183857632,-0.023854236402771702,0.3621462024027693,-0.10417264034508122,34.93006993006993,-0.04496788355328626,low_evebitda,False,0,good,2026-05-15 10:36:06.754927
