rank,percentile,ticker,score,sector,market_cap,price,liquidity,pe_ratio,fcf_yield,earnings_yield,ttm_gross_margin,ttm_operating_margin,debt_to_ebitda,roa,top_factor,value_trap,missing_factor_count,data_quality,feature_available_date
1,100.0%,TGTX,0.7,HEALTHCARE,5B,33.8,91M,12.1,-0.5%,8.3%,83.6%,20.0%,0.0,42.1%,low_ps,False,1,partial,2026-03-31
2,99.9%,ORLY,0.5,CONSUMER CYCLICAL,84B,99.4,495M,33.0,1.9%,3.0%,51.6%,19.5%,0.1,15.3%,high_fcf_yield,False,1,partial,2026-03-31
3,99.8%,FIX,0.5,INDUSTRIALS,65B,1840.2,761M,63.4,1.6%,1.6%,24.1%,14.4%,0.0,15.9%,low_ps,False,0,good,2026-03-31
4,99.8%,LRCX,0.5,TECHNOLOGY,324B,257.9,3B,52.2,1.9%,1.9%,49.8%,33.8%,0.2,29.0%,low_ps,False,0,good,2026-03-01
5,99.7%,BKNG,0.4,CONSUMER CYCLICAL,134B,168.4,1B,24.7,6.8%,4.0%,100.0%,34.5%,0.4,18.5%,high_div_yield,False,0,good,2026-03-31
6,99.6%,DECK,0.4,CONSUMER CYCLICAL,15B,100.4,173M,14.2,6.3%,7.0%,57.5%,23.8%,0.1,25.4%,high_earnings_yield,False,1,partial,2026-03-01
7,99.5%,CHH,0.4,CONSUMER CYCLICAL,5B,99.1,78M,12.4,2.7%,8.1%,46.2%,28.4%,0.0,12.7%,high_earnings_yield,False,0,good,2026-03-31
8,99.5%,APP,0.4,COMMUNICATION SERVICES,151B,446.4,2B,45.4,2.6%,2.2%,86.5%,68.5%,0.0,45.9%,low_ps,False,1,partial,2026-03-31
9,99.4%,ADSK,0.4,TECHNOLOGY,52B,244.5,434M,46.6,4.6%,2.1%,92.0%,23.4%,0.0,9.0%,low_ps,False,1,partial,2026-05-01
10,99.3%,WSM,0.4,CONSUMER CYCLICAL,22B,182.1,197M,20.2,4.8%,4.9%,46.2%,18.1%,0.1,20.1%,low_ps,False,0,good,2026-05-01
11,99.2%,NFLX,0.4,COMMUNICATION SERVICES,402B,93.6,4B,36.6,2.4%,2.7%,48.5%,29.5%,0.1,19.8%,low_ps,False,1,partial,2026-03-31
12,99.2%,CVLT,0.4,TECHNOLOGY,4B,98.9,84M,49.2,4.2%,2.0%,81.4%,7.3%,0.1,4.3%,high_earnings_yield,False,1,partial,2026-03-01
13,99.1%,AMP,0.4,FINANCIAL SERVICES,47B,473.1,302M,13.3,5.6%,7.5%,26.0%,25.0%,0.1,1.9%,high_earnings_yield,False,0,good,2026-03-31
14,99.0%,MA,0.4,FINANCIAL SERVICES,449B,502.9,2B,30.0,3.8%,3.3%,83.4%,59.2%,0.1,27.6%,low_ps,False,0,good,2026-03-31
15,98.9%,KLAC,0.4,TECHNOLOGY,231B,1750.3,2B,50.6,1.9%,2.0%,61.9%,42.4%,0.0,27.3%,low_ps,False,0,good,2026-03-01
16,98.9%,CMG,0.4,CONSUMER CYCLICAL,44B,34.0,603M,28.8,3.3%,3.5%,25.4%,16.9%,0.1,17.1%,high_fcf_yield,False,1,partial,2026-03-31
17,98.8%,WINA,0.4,CONSUMER CYCLICAL,1B,380.5,22M,33.9,3.2%,3.0%,96.4%,63.4%,0.0,167.4%,low_ps,False,0,good,2026-03-31
18,98.7%,VRSN,0.4,TECHNOLOGY,25B,268.7,234M,29.9,4.3%,3.3%,88.2%,67.7%,0.0,62.3%,low_ps,False,0,good,2026-03-31
19,98.6%,MCO,0.4,FINANCIAL SERVICES,82B,461.9,510M,33.3,3.1%,3.0%,68.2%,44.5%,0.0,15.5%,low_ps,False,0,good,2026-03-31
20,98.6%,HLT,0.4,CONSUMER CYCLICAL,75B,324.1,560M,51.6,2.6%,1.9%,41.1%,22.4%,0.1,8.7%,low_ps,False,0,good,2026-03-31
21,98.5%,DELL,0.4,TECHNOLOGY,175B,260.5,1B,29.4,4.9%,3.4%,20.1%,7.2%,1.7,5.9%,low_ps,False,0,good,2026-05-01
22,98.4%,MTD,0.4,HEALTHCARE,23B,1124.5,193M,26.2,3.7%,3.8%,57.5%,27.8%,0.1,23.4%,low_ps,False,1,partial,2026-03-31
23,98.3%,AAPL,0.4,TECHNOLOGY,4.0T,271.4,14B,34.0,3.1%,2.9%,47.3%,32.4%,0.2,31.1%,low_ps,False,0,good,2026-03-01
24,98.3%,LMT,0.4,INDUSTRIALS,120B,518.0,926M,23.9,5.8%,4.2%,10.2%,10.3%,0.3,8.4%,low_ps,False,0,good,2026-03-31
25,98.2%,NVDA,0.4,TECHNOLOGY,5.3T,215.2,31B,43.8,1.8%,2.3%,71.1%,60.4%,0.0,58.1%,low_ps,False,0,good,2026-05-01
26,98.1%,GEV,0.4,INDUSTRIALS,295B,1083.5,3B,60.3,1.3%,1.7%,19.9%,3.7%,0.0,7.8%,low_ps,False,0,good,2026-03-31
27,98.0%,LLY,0.4,HEALTHCARE,837B,934.6,3B,40.6,1.1%,2.5%,83.8%,45.6%,0.1,18.3%,low_ps,False,0,good,2026-03-31
28,97.9%,SBUX,0.4,CONSUMER CYCLICAL,120B,105.3,783M,88.0,1.9%,1.1%,20.6%,9.0%,0.8,4.2%,high_earnings_yield,False,0,good,2026-03-01
29,97.9%,MAR,0.4,CONSUMER CYCLICAL,97B,361.7,514M,37.5,2.7%,2.7%,21.3%,15.8%,0.5,9.4%,high_fcf_yield,False,0,good,2026-03-31
30,97.8%,MANH,0.4,TECHNOLOGY,8B,137.9,115M,37.6,4.5%,2.7%,55.9%,25.9%,0.0,26.2%,low_ps,False,1,partial,2026-03-31
31,97.7%,STX,0.4,TECHNOLOGY,154B,673.6,3B,78.3,1.1%,1.3%,38.6%,25.4%,0.7,22.6%,low_ps,False,0,good,2026-03-01
32,97.6%,PM,0.4,CONSUMER DEFENSIVE,258B,165.1,780M,22.7,4.1%,4.4%,67.1%,36.7%,0.4,16.4%,low_ps,False,0,good,2026-03-31
33,97.6%,V,0.4,FINANCIAL SERVICES,638B,329.8,2B,30.7,3.6%,3.3%,81.1%,59.2%,0.1,21.5%,low_ps,False,0,good,2026-03-01
34,97.5%,SCCO,0.4,BASIC MATERIALS,141B,171.7,241M,32.5,2.4%,3.1%,56.7%,52.2%,0.0,20.3%,low_ps,False,0,good,2026-03-31
35,97.4%,OTIS,0.4,INDUSTRIALS,30B,77.9,329M,21.9,4.8%,4.6%,30.3%,14.8%,0.9,13.0%,low_ps,False,0,good,2026-03-31
36,97.3%,ADP,0.4,TECHNOLOGY,85B,211.9,631M,20.1,5.4%,5.0%,48.4%,18.8%,0.0,5.0%,high_earnings_yield,False,0,good,2026-03-01
37,97.3%,MC,0.4,FINANCIAL SERVICES,5B,65.1,77M,22.2,10.4%,4.5%,69.0%,18.1%,0.1,12.9%,high_fcf_yield,False,0,good,2026-03-31
38,97.2%,UI,0.4,TECHNOLOGY,51B,842.1,115M,57.4,1.4%,1.7%,45.4%,35.1%,0.1,55.3%,low_ps,False,0,good,2026-03-01
39,97.1%,MAS,0.4,INDUSTRIALS,15B,71.8,258M,18.0,6.0%,5.6%,35.4%,16.6%,0.0,15.6%,low_ps,False,0,good,2026-03-31
40,97.0%,CL,0.4,CONSUMER DEFENSIVE,69B,85.4,460M,32.2,5.3%,3.1%,60.1%,21.3%,0.6,13.0%,low_ps,False,0,good,2026-03-31
41,97.0%,MMM,0.3,INDUSTRIALS,78B,146.5,598M,24.0,1.8%,4.2%,39.6%,18.9%,0.6,8.6%,high_fcf_yield,False,0,good,2026-03-31
42,96.9%,APAM,0.3,FINANCIAL SERVICES,3B,37.4,28M,9.2,6.4%,10.9%,59.9%,34.2%,0.0,18.4%,high_earnings_yield,False,0,good,2026-03-31
43,96.8%,GFF,0.3,INDUSTRIALS,4B,88.0,36M,90.1,6.9%,1.1%,41.8%,8.2%,0.2,2.2%,low_ps,False,0,good,2026-03-01
44,96.7%,LVS,0.3,CONSUMER CYCLICAL,36B,54.3,287M,22.4,5.1%,4.5%,28.2%,23.7%,0.5,7.4%,low_ps,False,0,good,2026-03-31
45,96.7%,IBP,0.3,CONSUMER CYCLICAL,6B,220.0,113M,22.4,-0.4%,4.5%,34.0%,13.0%,0.2,12.8%,high_fcf_yield,False,0,good,2026-03-31
46,96.6%,AAMI,0.3,FINANCIAL SERVICES,2B,67.3,22M,30.1,-0.6%,3.3%,92.9%,27.4%,1.1,11.8%,high_fcf_yield,False,0,good,2026-03-31
47,96.5%,AMGN,0.3,HEALTHCARE,187B,346.2,919M,24.3,4.3%,4.1%,70.5%,28.0%,0.5,8.5%,low_ps,False,0,good,2026-03-31
48,96.4%,KMB,0.3,CONSUMER DEFENSIVE,33B,98.4,435M,16.2,4.8%,6.2%,35.6%,14.5%,0.4,11.7%,low_ps,False,0,good,2026-03-31
49,96.4%,FTNT,0.3,TECHNOLOGY,63B,84.3,557M,33.8,3.6%,3.0%,80.8%,30.6%,0.4,17.8%,low_ps,False,1,partial,2026-03-31
50,96.3%,TJX,0.3,CONSUMER CYCLICAL,173B,153.4,661M,31.4,2.8%,3.2%,31.1%,12.0%,0.4,15.4%,low_ps,False,0,good,2026-05-01
51,96.2%,FICO,0.3,TECHNOLOGY,24B,1025.0,419M,37.0,3.0%,2.7%,82.9%,47.5%,0.8,35.5%,low_ps,False,0,good,2026-03-01
52,96.1%,GDDY,0.3,TECHNOLOGY,12B,86.8,193M,13.3,13.5%,7.5%,61.6%,22.9%,0.0,10.9%,high_fcf_yield,False,1,partial,2026-03-31
53,96.0%,GE,0.3,INDUSTRIALS,304B,289.9,2B,35.0,2.4%,2.9%,36.9%,20.2%,0.3,6.7%,low_ps,False,0,good,2026-03-31
54,96.0%,MTN,0.3,CONSUMER CYCLICAL,5B,125.4,110M,19.5,6.4%,5.1%,59.1%,26.4%,0.2,4.1%,low_ps,False,0,good,2026-04-01
55,95.9%,GFI,0.3,BASIC MATERIALS,40B,44.9,131M,8.3,9.6%,12.0%,52.5%,48.3%,0.1,31.7%,high_earnings_yield,False,0,good,2026-03-31
56,95.8%,NTAP,0.3,TECHNOLOGY,24B,118.0,220M,19.5,6.8%,5.1%,70.5%,22.2%,0.0,12.2%,high_fcf_yield,False,0,good,2026-04-01
57,95.7%,CLS,0.3,TECHNOLOGY,47B,409.6,999M,56.8,1.0%,1.8%,11.6%,7.6%,0.1,11.6%,high_fcf_yield,False,1,partial,2026-03-31
58,95.7%,CSL,0.3,INDUSTRIALS,15B,355.3,163M,19.7,6.6%,5.1%,35.7%,20.0%,0.0,11.8%,high_fcf_yield,False,0,good,2026-03-31
59,95.6%,ZTS,0.3,HEALTHCARE,35B,82.8,613M,13.1,6.5%,7.6%,70.5%,38.0%,0.0,17.3%,high_earnings_yield,False,0,good,2026-03-31
60,95.5%,MSI,0.3,TECHNOLOGY,65B,384.0,437M,29.9,4.0%,3.3%,50.2%,25.1%,0.5,11.1%,low_ps,False,0,good,2026-03-31
61,95.4%,VRSK,0.3,INDUSTRIALS,25B,184.5,362M,27.5,4.8%,3.6%,67.3%,44.6%,1.8,14.7%,low_ps,False,0,good,2026-03-31
62,95.4%,IT,0.3,TECHNOLOGY,10B,148.5,231M,14.2,11.3%,7.0%,67.7%,15.8%,0.1,9.0%,high_fcf_yield,False,1,partial,2026-03-31
63,95.3%,LOW,0.3,CONSUMER CYCLICAL,128B,229.2,615M,19.3,6.0%,5.2%,33.5%,11.8%,0.5,12.3%,low_ps,False,0,good,2026-05-01
64,95.2%,ABBV,0.3,HEALTHCARE,375B,211.3,1B,88.7,4.7%,1.1%,70.2%,26.7%,1.0,3.2%,low_ps,False,0,good,2026-03-31
65,95.1%,AZO,0.3,CONSUMER CYCLICAL,60B,3496.2,875M,24.5,2.7%,4.1%,51.9%,18.1%,0.1,12.0%,low_ps,False,1,partial,2026-04-29
66,95.1%,TMDX,0.3,HEALTHCARE,4B,100.8,142M,19.2,3.7%,5.2%,59.9%,17.9%,0.2,17.8%,low_ps,False,1,partial,2026-03-31
67,95.0%,CTAS,0.3,INDUSTRIALS,68B,167.0,331M,35.1,2.6%,2.9%,50.4%,23.0%,0.2,18.9%,low_ps,False,0,good,2026-04-29
68,94.9%,TDC,0.3,TECHNOLOGY,3B,26.4,65M,19.6,11.2%,5.1%,59.5%,12.4%,0.4,7.3%,high_fcf_yield,False,0,good,2026-03-31
69,94.8%,CHDN,0.3,CONSUMER CYCLICAL,7B,101.0,110M,18.5,6.3%,5.4%,33.6%,23.4%,0.1,5.1%,low_ps,False,0,good,2026-03-31
70,94.8%,GWW,0.3,INDUSTRIALS,58B,1233.7,324M,34.3,2.3%,2.9%,39.1%,13.9%,0.1,19.0%,high_fcf_yield,False,0,good,2026-03-31
71,94.7%,BKE,0.3,CONSUMER CYCLICAL,3B,52.4,20M,12.7,7.7%,7.9%,49.0%,20.1%,0.3,21.2%,high_earnings_yield,False,0,good,2026-05-01
72,94.6%,RHP,0.3,REAL ESTATE,7B,105.1,67M,28.5,3.4%,3.5%,25.8%,18.9%,0.0,3.9%,low_ps,False,0,good,2026-03-31
73,94.5%,TPR,0.3,CONSUMER CYCLICAL,28B,133.5,314M,53.2,6.0%,1.9%,76.0%,9.5%,0.4,8.0%,high_earnings_yield,False,0,good,2026-03-01
74,94.5%,DRI,0.3,CONSUMER CYCLICAL,23B,196.2,204M,20.7,5.3%,4.8%,44.0%,11.6%,0.3,8.6%,low_ps,False,0,good,2026-04-29
75,94.4%,BLKB,0.3,TECHNOLOGY,2B,37.2,23M,15.0,14.1%,6.7%,58.8%,16.9%,0.2,4.8%,high_fcf_yield,False,0,good,2026-03-31
76,94.3%,IRM,0.3,REAL ESTATE,38B,126.0,228M,260.4,-2.5%,0.4%,55.4%,16.9%,0.3,0.7%,high_fcf_yield,False,0,good,2026-03-31
77,94.2%,CLX,0.3,CONSUMER DEFENSIVE,12B,96.4,357M,15.6,6.6%,6.4%,44.0%,15.2%,0.5,13.5%,low_ps,False,0,good,2026-03-01
78,94.1%,CVNA,0.3,CONSUMER CYCLICAL,59B,79.2,235M,41.7,1.5%,2.4%,20.2%,9.3%,0.5,10.7%,high_fcf_yield,False,1,partial,2026-03-31
79,94.1%,MO,0.3,CONSUMER DEFENSIVE,122B,72.7,670M,17.5,7.5%,5.7%,69.6%,47.4%,0.3,19.8%,high_fcf_yield,False,0,good,2026-03-31
80,94.0%,TRGP,0.3,ENERGY,53B,248.1,299M,28.9,1.1%,3.5%,26.5%,20.1%,0.3,7.3%,high_fcf_yield,False,0,good,2026-03-31
81,93.9%,AMAT,0.3,TECHNOLOGY,348B,435.4,2B,44.4,1.8%,2.3%,48.7%,29.1%,0.0,20.8%,low_ps,False,0,good,2026-04-01
82,93.8%,EXPD,0.3,INDUSTRIALS,20B,147.9,171M,24.5,4.8%,4.1%,14.9%,9.5%,0.1,16.6%,low_ps,False,0,good,2026-03-31
83,93.8%,ADBE,0.3,TECHNOLOGY,113B,253.0,1B,15.6,9.2%,6.4%,89.1%,36.6%,0.2,24.3%,high_fcf_yield,False,1,partial,2026-04-29
84,93.7%,AON,0.3,FINANCIAL SERVICES,67B,310.8,423M,18.1,4.8%,5.5%,55.9%,26.0%,0.2,7.3%,high_earnings_yield,False,0,good,2026-03-31
85,93.6%,BHP,0.3,BASIC MATERIALS,216B,84.7,182M,10.0,9.7%,10.0%,82.7%,41.0%,0.1,18.7%,high_earnings_yield,False,0,good,2026-03-01
86,93.5%,BMY,0.3,HEALTHCARE,124B,60.6,607M,17.5,10.4%,5.7%,67.6%,26.3%,0.3,7.8%,high_fcf_yield,False,0,good,2026-03-31
87,93.5%,RL,0.3,CONSUMER CYCLICAL,22B,358.4,183M,24.4,3.1%,4.1%,69.6%,15.0%,0.2,11.8%,low_ps,False,0,good,2026-03-01
88,93.4%,HALO,0.3,HEALTHCARE,8B,64.1,90M,23.8,8.5%,4.2%,81.9%,58.4%,1.6,12.5%,high_fcf_yield,False,1,partial,2026-03-31
89,93.3%,EBAY,0.3,CONSUMER CYCLICAL,47B,103.5,747M,23.3,3.0%,4.3%,71.5%,20.5%,0.5,11.5%,high_fcf_yield,False,0,good,2026-03-31
90,93.2%,AU,0.3,BASIC MATERIALS,54B,107.0,229M,20.7,5.7%,4.8%,48.3%,43.3%,0.0,17.5%,low_ps,False,0,good,2026-03-31
91,93.2%,YUM,0.3,CONSUMER CYCLICAL,45B,159.7,280M,28.6,3.7%,3.5%,46.2%,31.3%,0.0,19.0%,low_ps,False,0,good,2026-03-31
92,93.1%,HD,0.3,CONSUMER CYCLICAL,316B,317.4,1B,22.4,4.0%,4.5%,33.3%,12.7%,0.8,13.5%,low_ps,False,0,good,2026-05-01
93,93.0%,UNP,0.3,INDUSTRIALS,160B,269.5,835M,22.4,3.4%,4.5%,45.7%,40.1%,0.2,10.2%,low_ps,False,0,good,2026-03-31
94,92.9%,ORCL,0.2,TECHNOLOGY,571B,195.9,6B,35.2,-4.3%,2.8%,66.4%,30.8%,0.8,6.6%,high_fcf_yield,False,0,good,2026-04-29
95,92.9%,FIZZ,0.2,CONSUMER DEFENSIVE,3B,35.1,7M,17.5,5.0%,5.7%,38.1%,20.5%,0.1,23.7%,high_earnings_yield,False,0,good,2026-04-01
96,92.8%,SPG,0.2,REAL ESTATE,66B,202.1,238M,14.3,4.9%,7.0%,85.7%,49.9%,0.8,11.4%,low_ps,False,0,good,2026-03-31
97,92.7%,LII,0.2,INDUSTRIALS,19B,534.9,275M,23.8,3.4%,4.2%,33.0%,19.5%,0.5,19.3%,high_div_yield,False,0,good,2026-03-31
98,92.6%,FTAI,0.2,INDUSTRIALS,26B,249.7,405M,51.9,-5.8%,1.9%,35.3%,30.7%,0.0,11.5%,high_fcf_yield,False,0,good,2026-03-31
99,92.6%,ULTA,0.2,CONSUMER CYCLICAL,23B,521.6,355M,20.3,4.2%,4.9%,39.1%,12.5%,0.2,16.5%,low_ps,False,0,good,2026-05-01
100,92.5%,AGX,0.2,INDUSTRIALS,10B,680.3,196M,70.0,4.3%,1.4%,20.5%,14.3%,0.0,11.6%,low_ps,False,0,good,2026-05-01
101,92.4%,CAT,0.2,INDUSTRIALS,415B,890.1,2B,46.7,1.8%,2.1%,32.3%,16.6%,1.7,9.0%,low_ps,False,0,good,2026-03-31
102,92.3%,LECO,0.2,INDUSTRIALS,15B,265.0,103M,28.2,3.6%,3.6%,36.3%,16.9%,0.4,13.8%,high_div_yield,False,0,good,2026-03-31
103,92.2%,KO,0.2,CONSUMER DEFENSIVE,340B,78.8,1B,25.9,1.6%,3.9%,61.6%,28.7%,0.4,12.5%,low_ps,False,0,good,2026-03-31
104,92.2%,ITW,0.2,INDUSTRIALS,75B,258.0,358M,24.3,3.6%,4.1%,44.0%,26.3%,1.0,19.0%,low_pe,False,0,good,2026-03-31
105,92.1%,SHW,0.2,BASIC MATERIALS,80B,321.6,578M,31.1,3.3%,3.2%,48.9%,16.1%,0.8,9.9%,low_ps,False,0,good,2026-03-31
106,92.0%,PEP,0.2,CONSUMER DEFENSIVE,217B,158.5,922M,28.3,4.7%,3.5%,54.0%,12.9%,1.0,7.1%,low_ps,False,0,good,2026-03-31
107,91.9%,MSCI,0.2,FINANCIAL SERVICES,43B,591.4,382M,36.1,3.6%,2.8%,82.4%,54.7%,0.0,21.1%,low_ps,False,0,good,2026-03-31
108,91.9%,RCL,0.2,CONSUMER CYCLICAL,71B,263.8,792M,16.7,1.7%,6.0%,46.8%,27.4%,0.9,10.3%,high_earnings_yield,False,0,good,2026-03-31
109,91.8%,VRT,0.2,INDUSTRIALS,129B,328.5,2B,96.6,1.5%,1.0%,34.8%,18.2%,0.0,10.9%,low_ps,False,0,good,2026-03-31
110,91.7%,BX,0.2,FINANCIAL SERVICES,97B,124.4,760M,32.3,3.6%,3.1%,86.0%,51.9%,0.0,6.3%,low_ps,False,0,good,2026-03-31
111,91.6%,GILD,0.2,HEALTHCARE,165B,131.3,811M,19.4,5.7%,5.2%,80.8%,37.4%,0.2,14.4%,low_ps,False,0,good,2026-03-31
112,91.6%,WDC,0.2,TECHNOLOGY,163B,434.5,3B,42.9,1.4%,2.3%,42.7%,29.8%,1.0,24.4%,low_ps,False,0,good,2026-03-01
113,91.5%,IDXX,0.2,HEALTHCARE,45B,560.8,332M,42.7,2.3%,2.3%,61.8%,31.6%,0.6,31.6%,low_ps,False,1,partial,2026-03-31
114,91.4%,MLI,0.2,INDUSTRIALS,15B,135.4,103M,19.6,4.6%,5.1%,27.4%,21.4%,0.0,25.4%,high_earnings_yield,False,0,good,2026-03-31
115,91.3%,QLYS,0.2,TECHNOLOGY,3B,86.9,80M,15.6,9.8%,6.4%,82.8%,33.2%,0.0,18.1%,high_fcf_yield,False,1,partial,2026-03-31
116,91.3%,CAR,0.2,INDUSTRIALS,6B,180.7,2B,7.1,-71.7%,-13.9%,25.2%,10.9%,0.1,-2.8%,high_fcf_yield,False,0,good,2026-03-31
117,91.2%,POWL,0.2,INDUSTRIALS,10B,277.3,195M,54.1,1.6%,1.8%,30.2%,20.2%,0.0,17.1%,low_ps,False,0,good,2026-03-01
118,91.1%,ARWR,0.2,HEALTHCARE,10B,72.7,140M,48.3,3.3%,2.1%,97.7%,27.6%,0.2,12.6%,low_ps,False,1,partial,2026-03-01
119,91.0%,IDCC,0.2,TECHNOLOGY,10B,296.6,114M,25.7,5.1%,3.9%,87.6%,55.3%,1.6,19.7%,low_ps,False,0,good,2026-03-31
120,91.0%,CRVL,0.2,FINANCIAL SERVICES,3B,58.5,10M,28.5,3.5%,3.5%,24.2%,14.5%,0.0,16.4%,low_ps,False,1,partial,2026-03-01
121,90.9%,ROL,0.2,CONSUMER CYCLICAL,27B,55.7,151M,51.3,2.4%,2.0%,51.9%,19.3%,0.5,16.8%,low_ps,False,0,good,2026-03-31
122,90.8%,OGN,0.2,HEALTHCARE,3B,13.2,229M,18.6,11.6%,5.4%,53.6%,20.0%,0.1,1.5%,high_fcf_yield,False,0,good,2026-03-31
123,90.7%,SMCI,0.2,TECHNOLOGY,18B,27.4,1B,21.1,2.4%,4.7%,8.0%,3.7%,0.4,3.1%,low_ps,False,1,partial,2026-03-01
124,90.7%,PEGA,0.2,TECHNOLOGY,7B,36.5,99M,16.6,7.5%,6.0%,75.9%,15.1%,0.0,24.1%,high_fcf_yield,False,0,good,2026-03-31
125,90.6%,APH,0.2,TECHNOLOGY,190B,147.3,1B,44.5,2.3%,2.2%,36.9%,25.9%,0.3,11.8%,low_ps,False,0,good,2026-03-31
126,90.5%,ROST,0.2,CONSUMER CYCLICAL,74B,225.8,453M,34.4,3.0%,2.9%,27.9%,11.9%,0.5,13.8%,low_ps,False,0,good,2026-05-01
127,90.4%,LAMR,0.2,REAL ESTATE,16B,157.9,90M,27.3,4.5%,3.7%,38.2%,30.8%,0.7,8.5%,low_ps,False,0,good,2026-03-31
128,90.3%,LNC,0.2,FINANCIAL SERVICES,7B,35.8,64M,6.0,-2.4%,16.7%,20.0%,7.3%,0.5,0.3%,high_earnings_yield,False,0,good,2026-03-31
129,90.3%,BA,0.2,INDUSTRIALS,187B,229.0,1B,83.9,-1.7%,1.2%,4.8%,-6.0%,2.3,1.3%,high_fcf_yield,True,0,good,2026-03-31
130,90.2%,NRG,0.2,UTILITIES,32B,155.1,431M,37.3,2.4%,2.7%,21.8%,6.0%,0.0,3.0%,low_ps,False,0,good,2026-03-31
131,90.1%,TDG,0.2,INDUSTRIALS,68B,1160.0,497M,34.3,2.8%,2.9%,59.0%,46.5%,0.4,8.3%,low_ps,False,0,good,2026-03-01
132,90.0%,STOK,0.2,HEALTHCARE,2B,32.9,17M,52.4,2.2%,-0.3%,98.9%,-11.2%,0.1,-1.6%,low_ps,True,1,partial,2026-03-31
133,90.0%,MTH,0.2,CONSUMER CYCLICAL,5B,67.3,68M,10.0,2.0%,10.0%,19.7%,9.2%,0.1,5.9%,high_earnings_yield,False,0,good,2026-03-31
134,89.9%,NVR,0.2,CONSUMER CYCLICAL,18B,6315.9,146M,13.8,5.9%,7.2%,22.8%,16.5%,0.0,22.9%,high_earnings_yield,False,1,partial,2026-03-31
135,89.8%,EXPE,0.2,CONSUMER CYCLICAL,28B,230.0,414M,21.7,10.4%,4.6%,88.6%,12.9%,1.2,5.3%,high_fcf_yield,False,0,good,2026-03-31
136,89.7%,EME,0.2,INDUSTRIALS,40B,891.7,337M,31.6,3.0%,3.2%,19.6%,9.8%,0.1,13.2%,low_ps,False,0,good,2026-03-31
137,89.7%,ZYME,0.2,HEALTHCARE,2B,23.9,16M,3.7,-2.0%,-4.5%,98.4%,-87.3%,0.0,-23.4%,low_ps,True,1,partial,2026-03-31
138,89.6%,FHI,0.2,FINANCIAL SERVICES,4B,57.7,51M,10.4,7.0%,9.6%,68.6%,28.5%,0.0,17.6%,high_earnings_yield,False,0,good,2026-03-31
139,89.5%,AVGO,0.2,TECHNOLOGY,2.1T,430.0,8B,84.2,1.4%,1.2%,67.1%,40.9%,0.1,14.7%,low_ps,False,0,good,2026-04-01
140,89.4%,AXP,0.2,FINANCIAL SERVICES,222B,323.1,1B,20.5,7.2%,4.9%,83.2%,17.1%,0.2,3.6%,high_fcf_yield,False,0,good,2026-03-31
141,89.4%,AMT,0.2,REAL ESTATE,85B,182.7,499M,33.7,4.4%,3.0%,73.7%,45.8%,1.1,4.0%,low_ps,False,0,good,2026-03-31
142,89.3%,MUSA,0.2,CONSUMER CYCLICAL,11B,588.0,191M,23.4,3.4%,4.3%,5.0%,3.8%,0.0,10.0%,low_ps,False,0,good,2026-03-31
143,89.2%,UBER,0.2,TECHNOLOGY,155B,74.6,1B,15.4,6.3%,6.5%,39.8%,10.7%,0.0,16.3%,high_earnings_yield,False,1,partial,2026-03-31
144,89.1%,BHF,0.2,FINANCIAL SERVICES,4B,62.3,29M,8.3,-2.8%,12.0%,36.0%,7.4%,0.0,0.2%,high_earnings_yield,False,1,partial,2026-03-31
145,89.1%,PAYX,0.2,TECHNOLOGY,34B,93.9,289M,20.7,6.4%,4.8%,73.9%,36.9%,0.3,9.3%,high_fcf_yield,False,0,good,2026-04-29
146,89.0%,INDV,0.2,HEALTHCARE,5B,36.8,85M,22.7,-1.8%,4.4%,82.1%,29.0%,0.2,17.4%,high_fcf_yield,False,0,good,2026-03-31
147,88.9%,EXEL,0.2,HEALTHCARE,12B,44.5,130M,15.2,7.2%,6.6%,96.4%,37.6%,0.0,27.5%,high_earnings_yield,False,1,partial,2026-03-31
148,88.8%,KLIC,0.2,TECHNOLOGY,5B,85.5,72M,17138.8,1.7%,-1.4%,42.1%,-10.3%,0.2,-5.8%,low_pe,True,0,good,2026-03-01
149,88.8%,BR,0.2,TECHNOLOGY,18B,154.0,193M,16.9,7.5%,5.9%,31.2%,17.3%,0.6,12.4%,high_fcf_yield,False,0,good,2026-03-01
150,88.7%,OII,0.2,ENERGY,4B,37.5,48M,10.7,5.6%,9.4%,20.4%,10.9%,0.0,13.3%,high_earnings_yield,False,0,good,2026-03-31
151,88.6%,SYY,0.2,CONSUMER DEFENSIVE,36B,74.7,355M,20.0,5.4%,5.0%,18.5%,3.7%,0.6,6.6%,low_ps,False,0,good,2026-03-01
152,88.5%,HUBG,0.2,INDUSTRIALS,3B,42.9,28M,24.6,4.4%,4.1%,48.7%,3.8%,0.7,3.6%,low_ps,False,0,good,2025-11-29
153,88.4%,UPS,0.2,INDUSTRIALS,92B,108.8,660M,16.6,5.2%,6.0%,18.2%,9.0%,0.2,7.6%,low_ps,False,0,good,2026-03-31
154,88.4%,RJF,0.2,FINANCIAL SERVICES,32B,158.3,230M,15.0,4.4%,6.7%,88.5%,17.0%,0.1,2.4%,high_earnings_yield,False,0,good,2026-03-01
155,88.3%,BCC,0.2,BASIC MATERIALS,3B,79.3,30M,22.8,0.4%,4.4%,15.1%,2.9%,0.0,4.1%,low_ps,False,0,good,2026-03-31
156,88.2%,AVNS,0.2,HEALTHCARE,1B,24.6,41M,44.7,3.8%,-5.9%,49.8%,-8.8%,0.4,-6.3%,high_earnings_yield,True,1,partial,2026-03-31
157,88.1%,CFR,0.2,FINANCIAL SERVICES,9B,144.9,74M,14.2,1.1%,7.0%,75.0%,26.4%,5.3,1.2%,high_earnings_yield,False,0,good,2026-03-31
158,88.1%,SYNA,0.2,TECHNOLOGY,5B,125.4,97M,14.7,3.0%,-1.3%,43.1%,-7.8%,0.5,-2.4%,high_earnings_yield,True,1,partial,2026-03-01
159,88.0%,COKE,0.2,CONSUMER DEFENSIVE,2B,205.1,102M,3.5,31.1%,28.6%,39.4%,13.2%,0.2,12.3%,high_earnings_yield,False,0,good,2026-03-31
160,87.9%,JBL,0.2,TECHNOLOGY,38B,355.1,425M,47.2,3.4%,2.1%,9.0%,4.3%,0.6,3.9%,low_ps,False,0,good,2026-04-29
161,87.8%,SM,0.2,ENERGY,4B,31.0,125M,5.5,-6.8%,18.2%,31.9%,26.1%,0.2,7.0%,high_earnings_yield,False,0,good,2026-03-31
162,87.8%,HP,0.2,ENERGY,4B,40.4,46M,7.1,4.5%,-7.8%,13.3%,-0.5%,0.0,-4.9%,high_earnings_yield,True,0,good,2026-03-01
163,87.7%,COHU,0.2,TECHNOLOGY,2B,47.4,73M,50.8,0.5%,-3.3%,34.5%,-13.3%,6.0,-6.0%,low_evebitda,True,0,good,2026-03-31
164,87.6%,HCI,0.2,FINANCIAL SERVICES,2B,153.6,32M,6.6,22.3%,15.1%,63.3%,47.6%,0.1,11.8%,high_fcf_yield,False,0,good,2026-03-31
165,87.5%,CXW,0.2,INDUSTRIALS,2B,20.5,20M,18.3,2.5%,5.5%,23.5%,13.0%,0.1,3.6%,low_ps,False,0,good,2026-03-31
166,87.5%,WU,0.1,FINANCIAL SERVICES,3B,9.1,91M,5.8,13.6%,17.3%,34.9%,19.0%,0.9,6.0%,high_earnings_yield,False,0,good,2026-03-31
167,87.4%,TSCO,0.1,CONSUMER CYCLICAL,19B,35.1,498M,16.9,4.0%,5.9%,33.2%,9.5%,0.2,10.0%,low_ps,False,0,good,2026-03-31
168,87.3%,TPL,0.1,ENERGY,31B,443.7,156M,63.6,1.6%,1.6%,66.0%,74.2%,0.0,29.7%,low_ps,False,0,good,2026-03-31
169,87.2%,AIN,0.1,CONSUMER CYCLICAL,2B,58.0,14M,26.1,5.0%,-3.5%,20.6%,-2.1%,0.0,-3.3%,high_earnings_yield,True,0,good,2026-03-31
170,87.2%,MRK,0.1,HEALTHCARE,270B,109.2,1B,14.8,4.6%,6.8%,74.2%,41.1%,0.2,13.3%,high_earnings_yield,False,0,good,2026-03-31
171,87.1%,NOG,0.1,ENERGY,3B,27.2,65M,69.0,-10.9%,1.4%,32.2%,29.1%,0.0,0.7%,high_fcf_yield,False,0,good,2026-03-31
172,87.0%,PFBC,0.1,FINANCIAL SERVICES,1B,94.7,10M,8.8,14.1%,11.3%,55.3%,37.7%,0.0,1.8%,high_fcf_yield,False,0,good,2026-03-31
173,86.9%,FAST,0.1,INDUSTRIALS,52B,44.9,296M,41.1,2.0%,2.4%,45.0%,20.2%,0.1,24.9%,low_ps,False,0,good,2026-03-31
174,86.9%,SCI,0.1,CONSUMER CYCLICAL,11B,81.0,122M,20.9,5.3%,4.8%,26.5%,22.8%,0.1,2.9%,low_ps,False,0,good,2026-03-31
175,86.8%,DPZ,0.1,CONSUMER CYCLICAL,11B,339.4,382M,19.1,5.9%,5.2%,40.0%,19.3%,0.1,33.4%,low_ps,False,0,good,2026-03-31
176,86.7%,UCTT,0.1,TECHNOLOGY,4B,78.2,86M,36.2,0.4%,-5.1%,15.7%,-5.2%,8.0,-10.5%,low_evebitda,True,1,partial,2026-03-31
177,86.6%,HRL,0.1,CONSUMER DEFENSIVE,11B,20.4,99M,23.0,5.1%,4.3%,15.5%,6.0%,0.0,3.7%,low_ps,False,0,good,2026-04-01
178,86.6%,GOOG,0.1,COMMUNICATION SERVICES,4.7T,381.9,7B,35.4,1.6%,2.8%,59.7%,32.0%,0.0,22.2%,low_ps,False,0,good,2026-03-31
179,86.5%,GOOGL,0.1,COMMUNICATION SERVICES,4.7T,384.8,10B,35.6,1.6%,2.8%,59.7%,32.0%,0.0,22.2%,low_ps,False,0,good,2026-03-31
180,86.4%,ACM,0.1,INDUSTRIALS,11B,80.6,95M,22.9,5.7%,4.4%,7.7%,6.4%,0.2,3.9%,low_ps,False,0,good,2026-03-01
181,86.3%,HUM,0.1,HEALTHCARE,29B,236.4,429M,24.0,1.3%,4.2%,14.5%,1.1%,0.1,2.4%,low_ps,False,0,good,2026-03-31
182,86.2%,CNR,0.1,ENERGY,4B,84.9,73M,197.2,0.5%,-3.5%,-0.0%,-5.1%,0.2,-2.5%,high_earnings_yield,True,0,good,2026-03-31
183,86.2%,THO,0.1,CONSUMER CYCLICAL,4B,77.2,48M,13.6,5.6%,7.4%,13.5%,3.3%,0.1,4.3%,low_ps,False,0,good,2026-04-01
184,86.1%,EXTR,0.1,TECHNOLOGY,3B,22.1,68M,322.8,4.1%,0.3%,61.3%,2.7%,0.8,0.8%,low_pe,False,1,partial,2026-03-01
185,86.0%,DINO,0.1,ENERGY,12B,67.2,168M,21.0,3.3%,4.8%,8.2%,3.4%,0.1,3.5%,low_ps,False,0,good,2026-03-31
186,85.9%,PARR,0.1,ENERGY,3B,65.7,90M,8.8,9.9%,11.3%,18.1%,7.2%,0.4,9.1%,high_earnings_yield,False,1,partial,2026-03-31
187,85.9%,DNOW,0.1,INDUSTRIALS,2B,13.1,44M,19.2,5.5%,-3.1%,17.0%,-0.2%,0.1,-1.9%,high_earnings_yield,True,1,partial,2026-03-31
188,85.8%,HPE,0.1,TECHNOLOGY,43B,31.4,399M,566.4,3.9%,-0.4%,30.7%,5.8%,4.1,-0.2%,low_pe,False,0,good,2026-04-01
189,85.7%,LSTR,0.1,INDUSTRIALS,6B,184.1,85M,54.5,3.4%,1.8%,16.3%,3.2%,0.4,7.0%,low_ps,False,0,good,2026-03-31
190,85.6%,VAC,0.1,CONSUMER CYCLICAL,3B,72.0,37M,13.0,-1.2%,-12.3%,33.9%,11.8%,0.5,-3.2%,high_earnings_yield,False,0,good,2026-03-31
191,85.6%,CMC,0.1,INDUSTRIALS,8B,71.0,59M,15.7,4.9%,6.4%,17.7%,8.4%,0.1,5.3%,low_ps,False,0,good,2026-04-29
192,85.5%,SW,0.1,CONSUMER CYCLICAL,21B,38.4,237M,29.6,5.8%,3.4%,19.4%,7.1%,0.1,1.5%,low_ps,False,0,good,2026-03-31
193,85.4%,ADUS,0.1,HEALTHCARE,2B,96.9,26M,18.7,5.8%,5.4%,32.5%,9.7%,0.1,6.7%,low_ps,False,1,partial,2026-03-31
194,85.3%,CHRW,0.1,INDUSTRIALS,22B,181.8,393M,37.5,4.1%,2.7%,8.4%,4.9%,0.1,11.6%,low_ps,False,0,good,2026-03-31
195,85.3%,ALHC,0.1,HEALTHCARE,5B,22.5,86M,,1.9%,-0.0%,12.4%,0.4%,0.0,-0.1%,low_evebitda,False,2,partial,2026-03-31
196,85.2%,CACI,0.1,TECHNOLOGY,12B,519.5,180M,22.2,5.4%,4.5%,9.2%,9.2%,0.1,5.8%,low_ps,False,1,partial,2026-03-01
197,85.1%,CVI,0.1,ENERGY,3B,33.1,33M,123.4,-1.5%,0.8%,4.4%,2.3%,0.1,0.7%,high_fcf_yield,False,0,good,2026-03-31
198,85.0%,BGC,0.1,FINANCIAL SERVICES,5B,11.4,35M,34.9,5.7%,2.9%,55.4%,11.9%,0.6,3.5%,low_ps,False,0,good,2026-03-31
199,85.0%,BAX,0.1,HEALTHCARE,9B,17.6,145M,161.4,3.6%,-10.6%,30.1%,-2.7%,0.1,-4.8%,high_earnings_yield,True,0,good,2026-03-31
200,84.9%,TNC,0.1,INDUSTRIALS,1B,83.0,27M,33.8,2.9%,3.0%,40.2%,6.1%,0.0,3.5%,low_ps,False,0,good,2026-03-31
201,84.8%,AXS,0.1,FINANCIAL SERVICES,8B,100.4,56M,7.5,-1.1%,13.4%,36.1%,19.0%,0.0,2.9%,high_earnings_yield,False,0,good,2026-03-31
202,84.7%,UFPI,0.1,BASIC MATERIALS,5B,89.5,43M,17.5,5.4%,5.7%,16.8%,5.8%,0.0,7.3%,low_ps,False,0,good,2026-03-31
203,84.7%,CF,0.1,BASIC MATERIALS,19B,124.2,401M,13.2,9.4%,7.6%,41.3%,36.6%,0.0,10.3%,high_fcf_yield,False,0,good,2026-03-31
204,84.6%,BHE,0.1,TECHNOLOGY,3B,82.0,38M,119.8,2.9%,0.8%,10.0%,4.0%,0.0,1.2%,low_ps,False,0,good,2026-03-31
205,84.5%,IVZ,0.1,FINANCIAL SERVICES,12B,26.2,159M,11.4,12.1%,-2.4%,43.2%,-10.9%,0.0,-1.0%,high_fcf_yield,True,0,good,2026-03-31
206,84.4%,MOH,0.1,HEALTHCARE,10B,194.6,257M,21.0,-6.4%,4.8%,9.0%,1.7%,0.0,3.0%,high_fcf_yield,False,1,partial,2026-03-31
207,84.3%,UVV,0.1,CONSUMER DEFENSIVE,1B,53.7,10M,15.9,3.9%,6.3%,18.2%,7.8%,3.3,2.8%,low_ps,False,0,good,2026-03-01
208,84.3%,RS,0.1,BASIC MATERIALS,19B,362.5,122M,25.5,2.7%,3.9%,27.3%,7.2%,0.1,7.1%,low_ps,False,0,good,2026-03-31
209,84.2%,CPRX,0.1,HEALTHCARE,4B,31.1,87M,18.5,5.3%,5.4%,85.2%,43.8%,0.0,19.4%,low_ps,False,1,partial,2026-03-31
210,84.1%,CHTR,0.1,COMMUNICATION SERVICES,21B,165.2,709M,4.2,21.1%,23.8%,44.9%,24.3%,0.2,3.2%,high_earnings_yield,False,1,partial,2026-03-31
211,84.0%,IOSP,0.1,BASIC MATERIALS,2B,80.5,16M,17.2,4.4%,5.8%,27.7%,8.7%,0.1,6.4%,low_ps,False,0,good,2026-03-31
212,84.0%,TXT,0.1,INDUSTRIALS,17B,96.0,132M,18.4,4.6%,5.4%,16.9%,8.4%,0.0,5.1%,low_ps,False,0,good,2026-03-31
213,83.9%,HRB,0.1,CONSUMER CYCLICAL,4B,31.7,87M,6.7,12.8%,14.9%,54.7%,25.2%,0.2,20.9%,high_earnings_yield,False,0,good,2026-03-01
214,83.8%,MTX,0.1,BASIC MATERIALS,2B,71.9,16M,844.5,3.9%,-0.8%,25.0%,13.6%,0.1,-0.5%,low_pe,False,0,good,2026-03-31
215,83.7%,HPQ,0.1,TECHNOLOGY,21B,22.7,323M,8.4,13.6%,11.9%,20.1%,5.7%,0.4,6.0%,high_earnings_yield,False,0,good,2026-04-01
216,83.7%,BALL,0.1,CONSUMER CYCLICAL,16B,61.1,187M,17.9,4.8%,5.6%,14.8%,9.6%,0.0,4.7%,low_ps,False,0,good,2026-03-31
217,83.6%,LEN,0.1,CONSUMER CYCLICAL,22B,88.4,213M,12.1,0.1%,8.3%,16.8%,6.6%,0.2,5.4%,high_earnings_yield,False,0,good,2026-04-29
218,83.5%,POR,0.1,UTILITIES,6B,51.9,65M,18.8,-1.2%,5.3%,45.4%,16.8%,0.0,2.3%,high_fcf_yield,False,0,good,2026-03-31
219,83.4%,INGR,0.1,CONSUMER DEFENSIVE,7B,111.7,78M,9.9,5.9%,10.1%,25.3%,14.1%,0.1,9.2%,high_earnings_yield,False,0,good,2026-03-31
220,83.4%,ARW,0.1,TECHNOLOGY,10B,194.9,140M,17.6,-0.5%,5.7%,11.1%,2.8%,0.0,2.0%,low_ps,False,1,partial,2026-03-31
221,83.3%,SPNT,0.1,FINANCIAL SERVICES,3B,23.4,15M,14.4,3.4%,6.9%,27.4%,8.7%,0.0,1.6%,low_ps,False,1,partial,2026-03-31
222,83.2%,CBRE,0.1,REAL ESTATE,42B,142.7,286M,36.6,2.8%,2.7%,35.9%,3.3%,2.2,3.7%,low_ps,False,1,partial,2026-03-31
223,83.1%,LULU,0.1,CONSUMER CYCLICAL,16B,131.2,472M,9.9,5.9%,10.1%,56.6%,19.8%,0.1,18.7%,high_earnings_yield,False,1,partial,2026-05-01
224,83.1%,ARMK,0.1,INDUSTRIALS,12B,45.1,119M,37.9,2.1%,2.6%,7.0%,4.2%,0.1,2.3%,low_ps,False,0,good,2026-03-01
225,83.0%,HII,0.1,INDUSTRIALS,14B,364.3,209M,23.7,5.1%,4.2%,12.7%,5.1%,0.0,4.7%,low_ps,False,0,good,2026-03-31
226,82.9%,AVT,0.1,TECHNOLOGY,7B,82.5,120M,33.0,3.2%,3.0%,10.6%,2.6%,1.3,1.6%,low_ps,False,0,good,2026-03-01
227,82.8%,WCC,0.1,INDUSTRIALS,17B,349.1,221M,27.0,0.1%,3.7%,20.4%,5.3%,0.2,3.9%,low_ps,False,0,good,2026-03-31
228,82.8%,AVNT,0.1,BASIC MATERIALS,3B,36.9,21M,41.4,5.8%,2.4%,31.7%,6.4%,0.0,1.4%,low_ps,False,0,good,2026-03-31
229,82.7%,RUSHA,0.1,CONSUMER CYCLICAL,6B,74.0,32M,22.4,3.6%,4.5%,18.7%,5.3%,2.9,6.0%,low_ps,False,0,good,2026-03-31
230,82.6%,J,0.1,INDUSTRIALS,15B,129.4,155M,35.3,5.7%,2.8%,24.4%,7.3%,0.1,3.8%,low_ps,False,0,good,2026-03-01
231,82.5%,AWI,0.1,INDUSTRIALS,7B,170.4,74M,23.8,3.5%,4.2%,40.6%,26.6%,0.1,16.0%,high_div_yield,False,0,good,2026-03-31
232,82.4%,MGM,0.1,CONSUMER CYCLICAL,10B,38.9,180M,48.9,16.2%,2.0%,44.4%,5.7%,0.0,0.5%,high_fcf_yield,False,0,good,2026-03-31
233,82.4%,DAVE,0.1,TECHNOLOGY,4B,272.0,151M,20.0,7.3%,5.0%,84.0%,8.0%,0.8,40.2%,low_ps,False,1,partial,2026-03-31
234,82.3%,SLAB,0.1,TECHNOLOGY,7B,217.7,95M,57.9,0.9%,-0.9%,58.2%,-9.0%,2.9,-5.1%,low_ps,True,1,partial,2026-03-31
235,82.2%,CALX,0.1,TECHNOLOGY,3B,43.6,54M,159.8,4.0%,0.6%,56.8%,2.1%,0.1,1.7%,low_evebitda,False,1,partial,2026-03-31
236,82.1%,UNM,0.1,FINANCIAL SERVICES,13B,80.4,116M,17.9,4.2%,5.6%,31.2%,7.2%,0.0,1.2%,low_ps,False,0,good,2026-03-31
237,82.1%,CPAY,0.1,TECHNOLOGY,24B,344.0,170M,22.0,5.5%,4.5%,74.0%,42.9%,2.9,4.1%,low_ps,False,1,partial,2026-03-31
238,82.0%,EG,0.1,FINANCIAL SERVICES,14B,356.8,116M,9.0,0.9%,11.1%,20.5%,11.3%,0.0,2.5%,high_earnings_yield,False,0,good,2026-03-31
239,81.9%,FUL,0.1,BASIC MATERIALS,3B,61.2,28M,21.3,4.3%,4.7%,32.0%,11.3%,0.0,3.1%,low_ps,False,0,good,2026-04-29
240,81.8%,POOL,0.1,INDUSTRIALS,8B,213.3,203M,19.1,4.0%,5.2%,29.7%,11.0%,0.2,11.2%,low_ps,False,0,good,2026-03-31
241,81.8%,CNK,0.1,COMMUNICATION SERVICES,3B,29.5,66M,24.6,5.2%,4.1%,40.7%,11.0%,0.5,3.1%,low_ps,False,0,good,2026-03-31
242,81.7%,CNXN,0.1,TECHNOLOGY,2B,63.7,5M,19.2,3.6%,5.2%,18.8%,3.6%,0.0,6.2%,low_ps,False,0,good,2026-03-31
243,81.6%,KALU,0.1,BASIC MATERIALS,3B,170.4,54M,25.5,-0.9%,3.9%,10.4%,5.6%,0.0,4.4%,high_fcf_yield,False,0,good,2026-03-31
244,81.5%,PRKS,0.1,CONSUMER CYCLICAL,2B,39.2,36M,12.5,7.7%,8.0%,92.3%,22.0%,0.1,6.4%,high_earnings_yield,False,0,good,2026-03-31
245,81.5%,VIRT,0.1,FINANCIAL SERVICES,4B,49.7,66M,9.1,24.4%,11.0%,58.9%,46.5%,0.0,2.3%,high_fcf_yield,False,0,good,2026-03-31
246,81.4%,THC,0.1,HEALTHCARE,16B,177.1,318M,11.0,16.3%,9.1%,49.2%,16.5%,0.0,4.7%,high_fcf_yield,False,1,partial,2026-03-31
247,81.3%,GME,0.1,CONSUMER CYCLICAL,13B,24.3,266M,31.9,4.5%,3.1%,33.0%,6.7%,0.3,4.0%,high_div_yield,False,0,good,2026-05-01
248,81.2%,AOSL,0.1,TECHNOLOGY,1B,43.4,58M,57.1,-3.2%,-8.0%,22.5%,-5.9%,0.5,-10.3%,high_earnings_yield,True,1,partial,2026-03-01
249,81.2%,BAH,0.1,INDUSTRIALS,9B,77.0,98M,11.3,9.8%,8.8%,52.7%,9.2%,0.2,11.9%,high_earnings_yield,False,0,good,2026-03-01
250,81.1%,WT,0.1,FINANCIAL SERVICES,2B,17.0,60M,51.0,4.8%,2.0%,68.7%,34.7%,2.1,2.6%,high_earnings_yield,False,0,good,2026-03-31
251,81.0%,AA,0.1,BASIC MATERIALS,17B,63.8,274M,14.8,3.3%,6.8%,13.5%,7.6%,0.0,7.1%,low_ps,False,0,good,2026-03-31
252,80.9%,SATS,0.1,COMMUNICATION SERVICES,37B,127.2,600M,29.5,-4.0%,-63.7%,37.1%,-118.1%,0.9,-54.1%,high_earnings_yield,True,0,good,2026-03-31
253,80.9%,TT,0.1,INDUSTRIALS,110B,492.5,652M,37.7,2.6%,2.7%,36.2%,18.6%,0.3,13.6%,high_fcf_yield,False,0,good,2026-03-31
254,80.8%,JNJ,0.1,HEALTHCARE,562B,229.8,2B,21.0,3.5%,4.8%,67.9%,27.4%,0.4,13.5%,low_ps,False,0,good,2026-03-31
255,80.7%,CRWD,0.1,TECHNOLOGY,136B,527.8,1B,683.2,0.9%,-0.1%,74.9%,-5.4%,0.2,-1.7%,low_evebitda,False,1,partial,2026-05-01
256,80.6%,NEOG,0.1,HEALTHCARE,2B,9.1,20M,2162.0,-0.3%,-30.9%,39.9%,-3.7%,0.0,-18.1%,high_earnings_yield,False,1,partial,2026-04-29
257,80.5%,ASTH,0.1,HEALTHCARE,2B,39.3,18M,86.5,5.5%,1.2%,9.7%,2.5%,0.8,1.0%,low_ps,False,1,partial,2026-03-31
258,80.5%,JJSF,0.1,CONSUMER DEFENSIVE,2B,88.3,22M,27.2,5.0%,3.7%,30.1%,5.4%,0.1,4.7%,low_ps,False,0,good,2026-03-01
259,80.4%,HTH,0.1,FINANCIAL SERVICES,2B,37.5,12M,13.4,-0.4%,7.5%,78.4%,13.6%,4.1,1.0%,high_fcf_yield,False,0,good,2026-03-31
260,80.3%,SHOO,0.1,CONSUMER CYCLICAL,3B,37.6,45M,60.4,4.4%,1.7%,41.4%,3.2%,0.6,2.3%,low_ps,False,0,good,2026-03-31
261,80.2%,NOC,0.1,INDUSTRIALS,83B,579.5,514M,19.7,4.0%,5.1%,19.8%,10.2%,0.1,8.1%,low_ps,False,0,good,2026-03-31
262,80.2%,EXE,0.1,ENERGY,25B,102.2,310M,13.5,6.9%,7.4%,50.1%,19.2%,0.0,6.4%,high_earnings_yield,False,0,good,2026-03-31
263,80.1%,OPCH,0.1,HEALTHCARE,3B,20.3,90M,15.5,6.3%,6.5%,18.1%,6.0%,0.0,6.0%,low_ps,False,1,partial,2026-03-31
264,80.0%,IBM,0.1,TECHNOLOGY,217B,229.3,2B,20.5,5.1%,4.9%,58.8%,17.3%,0.8,7.0%,high_earnings_yield,False,0,good,2026-03-31
265,79.9%,DD,0.1,BASIC MATERIALS,19B,45.7,168M,16.2,4.1%,-4.1%,33.2%,16.2%,0.1,-3.6%,high_div_yield,False,0,good,2026-03-31
266,79.9%,RES,0.1,ENERGY,2B,6.8,19M,46.9,3.5%,2.1%,14.3%,3.5%,0.2,2.2%,low_ps,False,0,good,2026-03-31
267,79.8%,APO,0.1,FINANCIAL SERVICES,79B,133.2,553M,17.7,6.8%,5.7%,88.5%,34.4%,0.0,1.0%,high_fcf_yield,False,0,good,2026-03-31
268,79.7%,HCA,0.1,HEALTHCARE,98B,434.4,539M,14.5,7.8%,6.9%,41.5%,15.8%,0.6,11.2%,low_ps,False,0,good,2026-03-31
269,79.6%,TPH,0.1,CONSUMER CYCLICAL,4B,46.9,86M,16.6,3.2%,6.0%,21.6%,9.3%,0.3,4.8%,low_ps,False,1,partial,2026-03-31
270,79.6%,LYV,0.1,COMMUNICATION SERVICES,37B,157.9,509M,74.0,0.9%,1.4%,45.4%,5.4%,0.7,2.2%,low_ps,False,1,partial,2026-03-31
271,79.5%,MHO,0.1,CONSUMER CYCLICAL,3B,131.5,33M,8.7,3.6%,11.5%,23.0%,11.5%,0.5,8.4%,high_earnings_yield,False,0,good,2026-03-31
272,79.4%,MU,0.1,TECHNOLOGY,851B,746.8,23B,35.3,1.3%,2.8%,58.4%,48.5%,0.0,23.8%,low_ps,False,0,good,2026-04-29
273,79.3%,ARCB,0.1,INDUSTRIALS,3B,127.4,43M,47.4,4.5%,2.1%,5.4%,2.3%,0.8,2.5%,low_ps,False,0,good,2026-03-31
274,79.3%,R,0.1,INDUSTRIALS,10B,253.8,120M,20.1,4.6%,5.0%,19.9%,8.6%,0.6,3.1%,low_ps,False,0,good,2026-03-31
275,79.2%,UNH,0.1,HEALTHCARE,337B,370.5,3B,28.0,4.8%,3.6%,18.5%,4.2%,0.5,3.9%,low_ps,False,0,good,2026-03-31
276,79.1%,PSX,0.1,ENERGY,72B,179.2,431M,16.4,3.8%,6.1%,4.9%,2.5%,0.3,6.0%,low_ps,False,0,good,2026-03-31
277,79.0%,BWXT,0.1,INDUSTRIALS,20B,216.4,232M,60.4,1.5%,1.7%,22.9%,11.3%,0.0,7.7%,low_ps,False,0,good,2026-03-31
278,79.0%,EIG,0.1,FINANCIAL SERVICES,1B,42.1,9M,94.1,5.6%,1.1%,32.2%,1.4%,1.7,0.3%,low_ps,False,0,good,2026-03-31
279,78.9%,CLH,0.1,INDUSTRIALS,17B,312.7,175M,42.4,2.7%,2.4%,29.5%,11.2%,0.1,5.1%,high_div_yield,False,0,good,2026-03-31
280,78.8%,SNEX,0.1,FINANCIAL SERVICES,9B,106.0,70M,24.0,41.2%,4.2%,2.0%,1.5%,0.4,0.8%,high_fcf_yield,False,1,partial,2026-03-01
281,78.7%,EAT,0.1,CONSUMER CYCLICAL,7B,152.2,215M,14.9,6.7%,6.7%,46.3%,10.3%,0.2,16.5%,low_ps,False,0,good,2026-03-01
282,78.6%,MXL,0.1,TECHNOLOGY,6B,70.8,469M,19.1,0.1%,-2.2%,56.5%,-21.8%,1.0,-17.2%,low_ps,False,1,partial,2026-03-31
283,78.6%,RGA,0.1,FINANCIAL SERVICES,14B,210.6,79M,11.9,29.1%,8.4%,16.8%,6.6%,0.0,0.8%,high_fcf_yield,False,0,good,2026-03-31
284,78.5%,PBF,0.1,ENERGY,5B,43.4,150M,4.0,-15.0%,-3.0%,-1.9%,-0.2%,1.8,-1.2%,high_fcf_yield,False,0,good,2026-03-31
285,78.4%,TNL,0.1,CONSUMER CYCLICAL,4B,64.7,75M,18.1,19.5%,5.5%,41.3%,15.3%,1.4,3.4%,high_fcf_yield,False,0,good,2026-03-31
286,78.3%,DKS,0.1,CONSUMER CYCLICAL,21B,225.8,206M,24.2,2.6%,4.1%,32.9%,7.5%,0.7,4.9%,low_ps,False,0,good,2026-05-01
287,78.3%,BURL,0.1,CONSUMER CYCLICAL,20B,304.5,167M,32.0,-4.9%,3.1%,41.9%,8.9%,0.4,6.2%,high_fcf_yield,False,1,partial,2026-05-01
288,78.2%,COR,0.1,HEALTHCARE,60B,308.0,584M,37.0,6.0%,2.7%,3.3%,1.2%,0.2,2.1%,low_ps,False,0,good,2026-03-01
289,78.1%,PAG,0.1,CONSUMER CYCLICAL,11B,171.5,53M,12.1,5.2%,8.3%,16.4%,4.0%,5.3,5.1%,low_ps,False,0,good,2026-03-31
290,78.0%,TTMI,0.1,TECHNOLOGY,17B,158.2,351M,95.5,-0.0%,1.0%,20.3%,9.0%,0.0,4.6%,high_fcf_yield,False,1,partial,2026-03-31
291,78.0%,DXPE,0.1,INDUSTRIALS,3B,156.2,39M,28.8,2.1%,3.5%,31.5%,8.8%,0.2,5.3%,low_ps,False,1,partial,2026-03-31
292,77.9%,TRN,0.1,INDUSTRIALS,3B,32.6,22M,10.6,-16.3%,9.5%,26.7%,16.7%,0.0,3.0%,high_fcf_yield,False,0,good,2026-03-31
293,77.8%,KRYS,0.1,HEALTHCARE,8B,262.3,85M,39.1,2.4%,2.6%,92.6%,41.5%,0.0,15.4%,low_ps,False,1,partial,2026-03-31
294,77.7%,BBWI,0.1,CONSUMER CYCLICAL,4B,19.7,112M,6.7,20.0%,15.0%,43.7%,15.4%,0.5,12.8%,high_fcf_yield,False,0,good,2026-05-01
295,77.7%,CSGS,0.1,TECHNOLOGY,2B,80.4,25M,41.6,6.1%,2.4%,48.3%,13.6%,0.0,3.6%,low_ps,False,0,good,2026-03-31
296,77.6%,RH,0.1,CONSUMER CYCLICAL,3B,133.9,117M,21.1,9.5%,4.7%,44.1%,11.4%,0.4,2.6%,high_fcf_yield,False,1,partial,2026-05-01
297,77.5%,DVA,0.1,HEALTHCARE,11B,155.1,156M,14.3,12.3%,7.0%,30.9%,14.9%,0.2,4.3%,high_fcf_yield,False,1,partial,2026-03-31
298,77.4%,AMTM,0.1,INDUSTRIALS,6B,24.5,44M,61.1,4.5%,1.6%,10.4%,3.4%,0.1,0.9%,low_ps,False,1,partial,2026-03-31
299,77.4%,MIDD,0.1,INDUSTRIALS,8B,164.7,101M,14.8,7.1%,-3.6%,37.9%,-2.5%,9.0,-4.4%,low_evebitda,False,1,partial,2026-03-31
300,77.3%,PRIM,0.1,INDUSTRIALS,10B,181.2,265M,36.1,3.4%,2.8%,10.7%,5.4%,0.5,6.2%,low_ps,False,0,good,2026-03-31
301,77.2%,ECG,0.1,INDUSTRIALS,8B,147.4,106M,37.4,1.2%,2.7%,12.1%,7.1%,0.2,11.7%,low_ps,False,1,partial,2026-03-31
302,77.1%,HWKN,0.1,BASIC MATERIALS,3B,167.2,29M,42.3,2.5%,2.4%,22.9%,11.5%,0.1,8.4%,high_fcf_yield,False,0,good,2026-03-01
303,77.1%,NSP,0.1,INDUSTRIALS,1B,35.6,29M,48.0,-23.0%,-0.5%,13.2%,-0.1%,0.4,-0.3%,high_fcf_yield,False,0,good,2026-03-31
304,77.0%,PSKY,0.1,COMMUNICATION SERVICES,11B,10.2,103M,13.1,4.3%,-5.4%,33.8%,-18.2%,0.4,-1.4%,high_earnings_yield,False,0,good,2026-03-31
305,76.9%,BWA,0.1,CONSUMER CYCLICAL,12B,57.0,130M,42.8,9.8%,2.3%,18.7%,9.5%,0.0,2.0%,high_fcf_yield,False,0,good,2026-03-31
306,76.8%,EXP,0.1,BASIC MATERIALS,7B,210.4,70M,15.9,3.4%,6.3%,28.3%,24.6%,0.0,11.2%,high_earnings_yield,False,0,good,2026-03-01
307,76.7%,ANAB,0.1,HEALTHCARE,2B,69.3,45M,66.9,0.9%,-0.6%,99.0%,20.4%,0.0,-3.6%,low_ps,False,1,partial,2026-03-31
308,76.7%,KWR,0.1,BASIC MATERIALS,2B,135.9,25M,21.1,4.8%,-0.1%,34.2%,3.4%,0.5,-0.1%,low_ps,False,0,good,2026-03-31
309,76.6%,GPC,0.1,CONSUMER CYCLICAL,15B,107.2,179M,224.4,2.8%,0.4%,36.1%,4.7%,3.5,0.3%,low_ps,False,0,good,2026-03-31
310,76.5%,BCO,0.1,INDUSTRIALS,5B,106.8,47M,23.3,9.4%,4.3%,25.8%,11.1%,1.0,2.7%,high_fcf_yield,False,0,good,2026-03-31
311,76.4%,CAKE,0.1,CONSUMER CYCLICAL,3B,62.9,85M,20.5,5.1%,4.9%,78.3%,5.0%,1.1,4.6%,low_ps,False,0,good,2026-03-31
312,76.4%,GNW,0.1,FINANCIAL SERVICES,3B,8.8,23M,15.5,9.4%,6.4%,9.7%,6.3%,0.0,0.3%,low_ps,False,0,good,2026-03-31
313,76.3%,IFF,0.1,BASIC MATERIALS,18B,70.2,134M,80.7,1.4%,-1.9%,34.9%,-2.9%,3.2,-1.4%,high_earnings_yield,False,0,good,2026-03-31
314,76.2%,CVX,0.1,ENERGY,384B,193.3,2B,31.2,4.2%,3.2%,30.4%,9.0%,0.1,3.8%,low_ps,False,0,good,2026-03-31
315,76.1%,ELV,0.1,HEALTHCARE,83B,376.4,599M,14.7,3.8%,6.8%,25.6%,4.1%,0.3,4.7%,low_ps,False,0,good,2026-03-31
316,76.1%,CALM,0.1,CONSUMER DEFENSIVE,4B,76.1,49M,5.2,20.0%,19.3%,33.8%,25.1%,0.0,22.1%,high_earnings_yield,False,0,good,2026-04-29
317,76.0%,RITM,0.1,REAL ESTATE,6B,9.8,54M,8.1,-23.4%,12.3%,92.2%,45.6%,1.8,1.3%,high_fcf_yield,False,0,good,2026-03-31
318,75.9%,KR,0.1,CONSUMER DEFENSIVE,41B,65.6,300M,40.8,8.5%,2.5%,21.0%,3.2%,0.4,2.0%,low_ps,False,0,good,2026-05-01
319,75.8%,GCT,0.1,TECHNOLOGY,1B,40.2,37M,10.8,12.4%,9.3%,23.3%,11.2%,0.6,11.4%,high_fcf_yield,False,1,partial,2026-03-31
320,75.8%,RNR,0.1,FINANCIAL SERVICES,13B,307.0,103M,4.9,28.2%,20.5%,40.7%,31.5%,0.0,5.0%,high_fcf_yield,False,0,good,2026-03-31
321,75.7%,AMSC,0.1,INDUSTRIALS,2B,55.2,73M,19.0,0.6%,5.3%,30.6%,4.9%,0.2,18.1%,low_ps,False,1,partial,2026-03-01
322,75.6%,PSMT,0.1,CONSUMER DEFENSIVE,5B,158.3,36M,31.3,1.8%,3.2%,17.6%,4.5%,0.3,6.3%,low_ps,False,0,good,2026-04-29
323,75.5%,URBN,0.1,CONSUMER CYCLICAL,7B,71.5,77M,14.0,5.4%,7.1%,36.0%,9.9%,0.4,9.3%,low_ps,False,1,partial,2026-05-01
324,75.5%,WSFS,0.1,FINANCIAL SERVICES,4B,71.8,26M,13.2,5.6%,7.5%,74.7%,28.0%,0.0,1.3%,high_earnings_yield,False,0,good,2026-03-31
325,75.4%,TEX,0.1,INDUSTRIALS,4B,62.2,81M,18.7,7.8%,5.4%,19.4%,8.8%,0.1,3.6%,low_ps,False,0,good,2026-03-31
326,75.3%,PLAB,0.1,TECHNOLOGY,3B,53.6,39M,22.9,2.1%,4.4%,35.1%,24.5%,0.0,7.2%,high_fcf_yield,False,1,partial,2026-04-01
327,75.2%,MET,0.1,FINANCIAL SERVICES,53B,80.1,255M,15.5,34.5%,6.4%,25.6%,6.1%,0.5,0.5%,high_fcf_yield,False,0,good,2026-03-31
328,75.2%,WGS,0.1,HEALTHCARE,2B,62.9,82M,1029.0,0.8%,-1.1%,68.5%,-2.9%,2.0,-3.7%,low_evebitda,False,1,partial,2026-03-31
329,75.1%,CHEF,0.1,CONSUMER DEFENSIVE,4B,77.6,39M,49.4,2.5%,2.0%,24.2%,3.7%,0.4,3.6%,low_ps,False,1,partial,2026-03-31
330,75.0%,FLEX,0.1,TECHNOLOGY,34B,91.5,604M,40.2,3.4%,2.5%,9.1%,4.9%,0.8,4.1%,high_div_yield,False,0,good,2026-03-01
331,74.9%,EPC,0.1,CONSUMER DEFENSIVE,1B,22.6,14M,41.4,3.5%,-3.6%,41.3%,3.5%,0.4,-1.0%,high_earnings_yield,False,0,good,2026-03-01
332,74.8%,PENN,0.1,CONSUMER CYCLICAL,2B,17.5,77M,4.5,-7.2%,-36.1%,30.6%,-7.9%,15.8,-5.9%,high_div_yield,False,0,good,2026-03-31
333,74.8%,NU,0.1,FINANCIAL SERVICES,68B,13.8,492M,23.6,4.4%,4.2%,44.6%,24.5%,1.0,3.8%,low_pe,False,1,partial,2026-03-31
334,74.7%,NSIT,0.1,TECHNOLOGY,3B,83.8,43M,13.1,1.0%,7.6%,21.8%,5.2%,1.0,2.2%,low_ps,False,1,partial,2026-03-31
335,74.6%,IP,0.1,CONSUMER CYCLICAL,16B,30.4,268M,60.9,-1.0%,-21.7%,29.5%,-11.3%,0.9,-9.3%,high_earnings_yield,False,0,good,2026-03-31
336,74.5%,WLK,0.1,BASIC MATERIALS,15B,115.3,127M,25.7,-3.6%,-10.2%,2.6%,-14.1%,3.1,-7.6%,high_earnings_yield,False,0,good,2026-03-31
337,74.5%,TGT,0.1,CONSUMER DEFENSIVE,57B,125.2,602M,15.4,5.1%,6.5%,27.9%,4.9%,0.6,6.2%,low_ps,False,0,good,2026-05-01
338,74.4%,JEF,0.1,FINANCIAL SERVICES,12B,53.0,107M,15.9,-0.8%,6.3%,58.8%,6.7%,3.4,1.0%,high_fcf_yield,False,0,good,2026-04-29
339,74.3%,EXPO,0.1,INDUSTRIALS,3B,66.9,30M,31.6,3.6%,3.2%,40.1%,20.6%,0.0,13.1%,low_ps,False,0,good,2026-03-31
340,74.2%,GVA,0.1,INDUSTRIALS,6B,137.1,84M,30.9,5.5%,3.2%,16.1%,6.1%,1.6,4.8%,low_ps,False,0,good,2026-03-31
341,74.2%,HAL,0.1,ENERGY,35B,42.3,507M,27.7,4.7%,3.6%,15.7%,10.2%,0.1,5.1%,low_ps,False,0,good,2026-03-31
342,74.1%,SAIA,0.1,INDUSTRIALS,12B,448.8,214M,47.2,0.2%,2.1%,19.9%,10.9%,0.0,7.3%,high_fcf_yield,False,1,partial,2026-03-31
343,74.0%,KKR,0.1,FINANCIAL SERVICES,100B,104.3,488M,42.0,7.6%,2.4%,22.5%,12.3%,0.1,0.6%,high_fcf_yield,False,0,good,2026-03-31
344,73.9%,LPX,0.1,INDUSTRIALS,5B,72.2,114M,34.6,1.8%,2.9%,21.8%,8.3%,0.0,5.6%,low_ps,False,0,good,2026-03-31
345,73.9%,AIT,0.1,INDUSTRIALS,12B,305.8,85M,28.8,3.9%,3.5%,30.0%,11.2%,0.0,12.8%,low_ps,False,0,good,2026-03-01
346,73.8%,RPM,0.1,BASIC MATERIALS,13B,100.8,91M,19.3,4.5%,5.2%,41.4%,12.0%,0.0,8.4%,low_ps,False,0,good,2026-04-29
347,73.7%,UGI,0.1,UTILITIES,7B,32.3,67M,12.0,3.9%,8.3%,49.0%,14.6%,1.3,3.8%,high_earnings_yield,False,0,good,2026-03-01
348,73.6%,GD,0.1,INDUSTRIALS,94B,344.3,544M,22.4,4.2%,4.5%,15.1%,10.2%,0.4,7.4%,low_ps,False,0,good,2026-03-31
349,73.6%,SANM,0.1,TECHNOLOGY,12B,217.8,233M,52.3,4.3%,1.9%,8.5%,4.1%,0.8,2.3%,low_ps,False,1,partial,2026-03-01
350,73.5%,LUMN,0.1,COMMUNICATION SERVICES,9B,8.8,123M,1.6,4.2%,-19.7%,46.5%,-6.5%,0.3,-5.1%,high_earnings_yield,False,0,good,2026-03-31
351,73.4%,PMT,0.1,REAL ESTATE,1B,12.2,13M,8.3,-53.4%,12.1%,56.2%,43.4%,11.9,0.6%,high_fcf_yield,False,0,good,2026-03-31
352,73.3%,BLFS,0.1,HEALTHCARE,1B,22.0,9M,170.0,1.2%,-1.1%,64.6%,-12.6%,2.6,-3.0%,low_ps,False,1,partial,2026-03-31
353,73.3%,EHC,0.1,HEALTHCARE,10B,100.0,109M,17.8,4.4%,5.6%,57.8%,17.7%,0.1,8.0%,low_ps,False,0,good,2026-03-31
354,73.2%,TTEK,0.1,INDUSTRIALS,8B,32.3,98M,24.0,5.9%,4.2%,20.0%,10.8%,0.1,8.3%,low_ps,False,0,good,2026-03-01
355,73.1%,OSIS,0.1,TECHNOLOGY,5B,286.9,90M,32.6,2.4%,3.1%,33.0%,12.3%,0.0,6.1%,low_ps,False,1,partial,2026-03-01
356,73.0%,TSN,0.1,CONSUMER DEFENSIVE,23B,64.1,191M,113.4,4.9%,0.9%,6.0%,1.7%,0.8,0.6%,low_ps,False,0,good,2026-03-01
357,72.9%,MOD,0.1,CONSUMER CYCLICAL,14B,273.0,224M,147.4,0.1%,0.7%,23.8%,11.2%,0.4,3.9%,high_fcf_yield,False,0,good,2026-03-01
358,72.9%,NWS,0.1,COMMUNICATION SERVICES,18B,31.3,35M,40.0,3.7%,2.5%,55.0%,15.2%,0.1,2.8%,low_ps,False,0,good,2026-03-01
359,72.8%,CRI,0.1,CONSUMER CYCLICAL,1B,36.1,48M,14.0,5.4%,7.2%,45.4%,5.0%,0.7,3.6%,low_ps,False,0,good,2026-03-31
360,72.7%,WHR,0.1,CONSUMER CYCLICAL,3B,56.1,168M,10.5,2.8%,9.5%,15.2%,4.7%,1.6,2.0%,high_earnings_yield,False,0,good,2026-03-31
361,72.6%,FLR,0.1,INDUSTRIALS,8B,43.3,137M,2.7,-5.7%,-0.7%,-0.8%,-2.4%,0.0,-0.6%,high_fcf_yield,False,0,good,2026-03-31
362,72.6%,SEM,0.1,HEALTHCARE,2B,16.4,28M,13.9,5.8%,7.2%,10.9%,6.2%,0.5,2.5%,low_ps,False,0,good,2026-03-31
363,72.5%,LOPE,0.1,CONSUMER DEFENSIVE,5B,169.1,44M,21.0,5.3%,4.8%,52.8%,27.4%,0.0,21.8%,high_earnings_yield,False,1,partial,2026-03-31
364,72.4%,BK,0.1,FINANCIAL SERVICES,94B,134.4,539M,16.9,5.5%,5.9%,48.9%,17.5%,0.4,1.2%,low_ps,False,0,good,2026-03-31
365,72.3%,FDX,0.1,INDUSTRIALS,92B,378.6,647M,20.5,4.8%,4.9%,24.4%,6.5%,0.5,4.7%,low_ps,False,0,good,2026-04-29
366,72.3%,HE,0.1,UTILITIES,3B,14.8,27M,20.4,1.9%,4.9%,7.6%,7.6%,0.4,1.4%,low_ps,False,0,good,2026-03-31
367,72.2%,APTV,0.1,CONSUMER CYCLICAL,13B,60.3,195M,78.1,11.9%,1.3%,19.1%,5.8%,0.1,0.7%,high_fcf_yield,False,0,good,2026-03-31
368,72.1%,CTSH,0.1,TECHNOLOGY,25B,52.9,375M,11.3,10.3%,8.8%,33.1%,16.1%,0.1,10.8%,high_earnings_yield,False,0,good,2026-03-31
369,72.0%,CAH,0.1,HEALTHCARE,46B,192.9,430M,27.3,12.1%,3.7%,3.6%,1.0%,0.4,2.9%,high_fcf_yield,False,0,good,2026-03-01
370,72.0%,CENT,0.1,CONSUMER DEFENSIVE,2B,37.0,2M,14.7,12.4%,6.8%,32.1%,7.7%,0.2,4.3%,high_div_yield,False,0,good,2026-03-01
371,71.9%,LYB,0.1,BASIC MATERIALS,24B,74.6,482M,55.7,-2.5%,-3.1%,9.0%,-1.1%,1.7,-2.2%,high_earnings_yield,False,0,good,2026-03-31
372,71.8%,WERN,0.1,INDUSTRIALS,2B,36.9,40M,82.7,-3.1%,-0.7%,9.7%,1.9%,0.1,-0.5%,high_fcf_yield,False,0,good,2026-03-31
373,71.7%,BDC,0.1,TECHNOLOGY,4B,112.5,61M,18.7,4.9%,5.4%,36.5%,12.1%,0.0,6.7%,low_ps,False,0,good,2026-03-31
374,71.7%,PTEN,0.1,ENERGY,5B,12.2,108M,22.5,8.0%,-2.0%,4.8%,-0.9%,0.0,-1.7%,high_earnings_yield,False,0,good,2026-03-31
375,71.6%,VMI,0.1,INDUSTRIALS,10B,508.0,114M,30.8,3.2%,3.3%,30.2%,10.3%,0.0,9.6%,low_ps,False,0,good,2026-03-31
376,71.5%,SMTC,0.1,TECHNOLOGY,11B,121.8,267M,249.7,1.4%,-0.4%,51.6%,12.1%,0.1,-2.9%,low_ps,False,1,partial,2026-05-01
377,71.4%,AIR,0.1,INDUSTRIALS,4B,117.8,43M,26.2,1.2%,3.8%,19.0%,8.6%,0.0,5.1%,low_ps,False,0,good,2026-04-29
378,71.4%,VTRS,0.1,HEALTHCARE,20B,17.2,209M,234.2,9.0%,-17.4%,35.1%,-18.6%,0.0,-9.5%,high_earnings_yield,False,0,good,2026-03-31
379,71.3%,WEN,0.1,CONSUMER CYCLICAL,1B,7.3,62M,8.4,17.4%,11.9%,27.2%,15.4%,0.3,3.3%,high_fcf_yield,False,0,good,2026-03-31
380,71.2%,HTLD,0.1,INDUSTRIALS,1B,13.4,6M,52.4,-6.5%,-5.1%,-0.9%,-7.7%,0.1,-4.4%,high_fcf_yield,False,0,good,2026-03-31
381,71.1%,GHC,0.1,CONSUMER DEFENSIVE,5B,1122.5,20M,16.8,5.5%,6.0%,27.6%,5.2%,1.0,3.5%,low_ps,False,0,good,2026-03-31
382,71.0%,ASTE,0.1,INDUSTRIALS,1B,65.0,14M,38.5,1.3%,2.6%,26.8%,4.7%,0.2,2.8%,low_ps,False,0,good,2026-03-31
383,71.0%,AMCR,0.1,CONSUMER CYCLICAL,18B,38.0,174M,25.2,3.7%,4.0%,19.2%,6.6%,0.5,1.9%,low_ps,False,0,good,2026-03-01
384,70.9%,TMHC,0.1,CONSUMER CYCLICAL,6B,60.7,78M,7.5,13.5%,13.3%,23.2%,14.1%,0.1,8.0%,high_earnings_yield,False,1,partial,2026-03-31
385,70.8%,EMN,0.1,BASIC MATERIALS,8B,73.1,96M,17.7,5.0%,5.6%,21.1%,10.7%,0.9,3.2%,low_ps,False,0,good,2026-03-31
386,70.7%,CHE,0.1,HEALTHCARE,6B,425.0,112M,21.9,5.6%,4.6%,31.1%,13.4%,0.1,16.2%,low_ps,False,0,good,2026-03-31
387,70.7%,TEN,0.1,ENERGY,1B,43.8,12M,8.1,15.4%,12.3%,35.3%,30.5%,0.9,4.1%,high_fcf_yield,False,0,good,2026-03-31
388,70.6%,NXT,0.1,TECHNOLOGY,19B,125.9,204M,32.7,3.0%,3.1%,32.4%,20.5%,0.0,15.6%,low_ps,False,1,partial,2026-03-01
389,70.5%,JAZZ,0.1,HEALTHCARE,13B,203.0,208M,14.5,9.1%,-2.7%,88.2%,5.3%,14.8,-3.1%,high_earnings_yield,False,1,partial,2026-03-31
390,70.4%,CVCO,0.1,CONSUMER CYCLICAL,4B,484.5,64M,21.0,5.3%,4.8%,23.4%,9.8%,0.0,12.5%,low_ps,False,1,partial,2026-03-01
391,70.4%,SCHL,0.1,COMMUNICATION SERVICES,1B,40.1,28M,16.5,2.1%,6.1%,52.3%,1.9%,0.4,3.5%,low_ps,False,0,good,2026-04-29
392,70.3%,LEG,0.1,CONSUMER CYCLICAL,1B,10.1,37M,6.0,19.8%,16.6%,18.2%,5.9%,0.1,6.7%,high_fcf_yield,False,0,good,2026-03-31
393,70.2%,UNF,0.1,INDUSTRIALS,5B,252.4,51M,33.9,2.0%,3.0%,36.7%,6.8%,0.1,4.8%,low_ps,False,0,good,2026-04-29
394,70.1%,DOW,0.1,BASIC MATERIALS,29B,40.5,517M,53.9,-8.9%,-9.0%,6.2%,-1.8%,0.8,-4.5%,high_earnings_yield,False,0,good,2026-03-31
395,70.1%,LAD,0.1,CONSUMER CYCLICAL,7B,289.6,84M,8.3,3.2%,12.1%,15.2%,4.1%,4.5,3.3%,high_earnings_yield,False,0,good,2026-03-31
396,70.0%,SAFE,0.1,REAL ESTATE,1B,16.0,7M,10.1,4.1%,9.9%,97.7%,39.8%,0.0,1.6%,high_earnings_yield,False,0,good,2026-03-31
397,69.9%,MTRN,0.1,BASIC MATERIALS,4B,183.8,48M,51.6,0.5%,1.9%,16.7%,6.4%,0.3,4.2%,high_fcf_yield,False,0,good,2026-03-31
398,69.8%,AAOI,0.1,TECHNOLOGY,11B,148.9,2B,20.5,-3.4%,-0.3%,30.0%,-12.0%,7.0,-3.3%,low_ps,False,1,partial,2026-03-31
399,69.8%,ATI,0.1,INDUSTRIALS,22B,155.5,313M,55.4,1.5%,1.8%,22.0%,14.1%,0.1,7.9%,high_fcf_yield,False,0,good,2026-03-31
400,69.7%,GPK,0.1,CONSUMER CYCLICAL,3B,9.5,77M,6.4,-2.9%,15.7%,18.7%,10.1%,0.8,3.8%,high_earnings_yield,False,0,good,2026-03-31
401,69.6%,FUN,0.1,CONSUMER CYCLICAL,2B,22.0,39M,89.6,-6.8%,-70.5%,57.7%,-43.7%,0.1,-20.2%,high_earnings_yield,False,0,good,2026-03-31
402,69.5%,AMN,0.1,HEALTHCARE,1B,29.0,22M,18.3,21.1%,-8.6%,25.7%,-3.5%,0.1,-4.6%,high_fcf_yield,False,1,partial,2026-03-31
403,69.5%,ARE,0.1,REAL ESTATE,8B,40.5,117M,86.6,-48.8%,-18.7%,68.9%,-40.5%,2.0,-4.2%,high_fcf_yield,False,0,good,2026-03-31
404,69.4%,BKH,0.1,UTILITIES,6B,75.3,65M,19.5,-2.6%,5.1%,38.5%,23.3%,0.0,2.7%,high_fcf_yield,False,0,good,2026-03-31
405,69.3%,LCII,0.1,CONSUMER CYCLICAL,3B,119.2,55M,12.5,9.6%,8.0%,24.5%,7.9%,0.1,7.2%,high_fcf_yield,False,0,good,2026-03-31
406,69.2%,KFY,0.1,INDUSTRIALS,4B,67.8,26M,13.3,8.1%,7.5%,88.2%,13.1%,0.1,6.8%,high_earnings_yield,False,0,good,2026-04-01
407,69.1%,TRV,0.1,FINANCIAL SERVICES,67B,305.1,442M,10.6,11.9%,9.4%,36.9%,16.0%,0.1,4.4%,high_fcf_yield,False,0,good,2026-03-31
408,69.1%,APD,0.1,BASIC MATERIALS,67B,300.1,301M,34.4,-4.2%,-0.5%,31.6%,-6.4%,0.3,-0.8%,high_fcf_yield,False,0,good,2026-03-01
409,69.0%,TWO,0.1,REAL ESTATE,1B,11.6,27M,59.4,-1.2%,-36.3%,101.0%,55.2%,187.4,-4.2%,high_earnings_yield,False,0,good,2026-03-31
410,68.9%,SF,0.1,FINANCIAL SERVICES,9B,78.8,107M,12.7,11.4%,7.9%,86.6%,13.8%,0.7,1.6%,high_fcf_yield,False,0,good,2026-03-31
411,68.8%,FCFS,0.1,FINANCIAL SERVICES,10B,218.2,81M,29.2,5.3%,3.4%,50.3%,15.4%,0.1,6.2%,low_ps,False,0,good,2026-03-31
412,68.8%,WMS,0.1,INDUSTRIALS,11B,143.2,137M,23.8,5.1%,4.2%,38.2%,22.8%,0.1,11.4%,high_div_yield,False,0,good,2026-03-01
413,68.7%,STT,0.1,FINANCIAL SERVICES,43B,152.8,339M,14.7,5.3%,6.8%,61.4%,16.5%,2.0,0.8%,high_earnings_yield,False,0,good,2026-03-31
414,68.6%,PKG,0.1,CONSUMER CYCLICAL,19B,213.4,200M,24.6,3.8%,4.1%,21.0%,13.6%,0.1,7.1%,low_ps,False,0,good,2026-03-31
415,68.5%,ROG,0.1,TECHNOLOGY,2B,135.8,37M,71.4,2.0%,-2.5%,31.0%,-4.6%,0.0,-4.3%,high_earnings_yield,False,1,partial,2026-03-31
416,68.5%,SWK,0.1,INDUSTRIALS,12B,78.2,196M,29.6,5.8%,3.4%,29.9%,8.0%,1.7,1.9%,low_ps,False,0,good,2026-03-31
417,68.4%,INCY,0.1,HEALTHCARE,20B,95.3,138M,15.3,6.9%,6.5%,91.8%,26.4%,0.0,18.5%,high_earnings_yield,False,1,partial,2026-03-31
418,68.3%,AXTA,0.1,BASIC MATERIALS,6B,28.4,66M,16.1,7.4%,6.2%,32.5%,14.8%,0.1,5.0%,low_ps,False,1,partial,2026-03-31
419,68.2%,XRAY,0.1,HEALTHCARE,2B,11.8,52M,18.7,4.4%,-25.5%,50.0%,6.8%,5.0,-11.0%,high_earnings_yield,False,0,good,2026-03-31
420,68.2%,WOR,0.1,INDUSTRIALS,3B,54.4,9M,23.9,5.7%,4.2%,27.7%,6.0%,0.1,6.1%,low_ps,False,0,good,2026-04-29
421,68.1%,SNDK,0.0,TECHNOLOGY,172B,1096.5,18B,8.4,0.8%,-0.6%,34.8%,13.9%,0.0,-8.0%,low_ps,False,1,partial,2026-03-01
422,68.0%,SITM,0.0,TECHNOLOGY,15B,562.1,264M,4563.7,0.2%,-0.3%,53.6%,-19.6%,0.1,-3.3%,low_pe,False,1,partial,2026-03-31
423,67.9%,NWSA,0.0,COMMUNICATION SERVICES,15B,27.0,110M,14.1,4.3%,7.1%,85.5%,12.1%,0.0,7.0%,high_earnings_yield,False,0,good,2026-03-01
424,67.9%,EVR,0.0,FINANCIAL SERVICES,13B,321.3,215M,22.7,8.8%,4.4%,99.4%,20.5%,0.2,11.0%,high_fcf_yield,False,0,good,2026-03-31
425,67.8%,VTOL,0.0,ENERGY,1B,49.1,13M,11.4,3.8%,8.7%,26.1%,10.6%,0.6,5.6%,high_earnings_yield,False,0,good,2026-03-31
426,67.7%,VC,0.0,CONSUMER CYCLICAL,3B,111.7,82M,15.4,8.5%,6.5%,14.1%,8.8%,0.1,5.9%,low_ps,False,0,good,2026-03-31
427,67.6%,NXST,0.0,COMMUNICATION SERVICES,6B,202.8,67M,58.0,11.8%,1.7%,47.1%,17.5%,0.2,1.0%,high_fcf_yield,False,0,good,2026-03-31
428,67.6%,VLY,0.0,FINANCIAL SERVICES,8B,13.6,83M,12.7,4.3%,7.9%,54.0%,21.3%,0.9,0.9%,high_earnings_yield,False,0,good,2026-03-31
429,67.5%,GEO,0.0,INDUSTRIALS,3B,21.8,38M,11.5,-4.3%,8.7%,60.5%,9.8%,0.0,6.6%,high_fcf_yield,False,0,good,2026-03-31
430,67.4%,WLY,0.0,COMMUNICATION SERVICES,2B,41.4,16M,14.1,8.7%,7.1%,71.0%,16.3%,0.1,6.0%,high_fcf_yield,False,0,good,2026-04-01
431,67.3%,LDOS,0.0,TECHNOLOGY,19B,149.2,164M,13.1,8.5%,7.6%,17.7%,12.3%,0.1,10.8%,high_earnings_yield,False,0,good,2026-03-31
432,67.2%,DLX,0.0,INDUSTRIALS,1B,31.1,13M,16.9,12.2%,5.9%,53.0%,11.1%,0.1,3.0%,high_fcf_yield,False,0,good,2026-03-31
433,67.2%,TOL,0.0,CONSUMER CYCLICAL,13B,137.9,131M,9.6,10.9%,10.4%,25.3%,15.3%,0.1,9.6%,high_earnings_yield,False,0,good,2026-04-01
434,67.1%,ALGT,0.0,INDUSTRIALS,1B,75.6,43M,16.5,5.4%,-3.2%,29.5%,2.1%,0.8,-1.1%,high_earnings_yield,False,0,good,2026-03-31
435,67.0%,MOG-A,0.0,INDUSTRIALS,10B,301.3,85M,37.4,1.1%,2.7%,27.3%,10.8%,0.0,5.7%,high_fcf_yield,False,0,good,2026-03-01
436,66.9%,FTI,0.0,ENERGY,31B,75.6,287M,32.1,4.7%,3.1%,21.8%,13.8%,0.1,9.5%,low_ps,False,0,good,2026-03-31
437,66.9%,ACAD,0.0,HEALTHCARE,4B,22.4,44M,9.9,-2.4%,10.1%,91.7%,9.8%,0.1,25.0%,high_earnings_yield,False,1,partial,2026-03-31
438,66.8%,SAIC,0.0,TECHNOLOGY,4B,93.9,45M,11.9,13.4%,8.4%,12.0%,7.1%,0.1,6.7%,high_fcf_yield,False,0,good,2026-05-01
439,66.7%,PPC,0.0,CONSUMER DEFENSIVE,8B,33.1,47M,7.3,8.4%,13.7%,12.7%,8.7%,0.0,10.5%,high_earnings_yield,False,0,good,2026-03-31
440,66.6%,KEX,0.0,INDUSTRIALS,8B,142.2,107M,25.1,5.3%,4.0%,25.8%,12.5%,0.1,5.0%,low_ps,False,1,partial,2026-03-31
441,66.6%,CRS,0.0,INDUSTRIALS,22B,428.2,304M,49.5,1.5%,2.0%,28.9%,20.3%,0.0,12.4%,low_ps,False,0,good,2026-03-01
442,66.5%,SFNC,0.0,FINANCIAL SERVICES,3B,21.3,26M,14.9,13.2%,-12.8%,4.5%,-85.4%,0.1,-1.6%,high_earnings_yield,False,0,good,2026-03-31
443,66.4%,AVY,0.0,CONSUMER CYCLICAL,13B,163.9,113M,18.3,5.6%,5.5%,28.8%,12.5%,0.8,7.8%,low_ps,False,0,good,2026-03-31
444,66.3%,KW,0.0,REAL ESTATE,2B,11.0,9M,326.4,0.3%,0.3%,18.8%,10.4%,0.0,0.1%,high_fcf_yield,False,0,good,2026-03-31
445,66.3%,CROX,0.0,CONSUMER CYCLICAL,5B,102.0,120M,25.7,12.7%,-1.6%,58.3%,22.0%,0.1,-1.9%,high_fcf_yield,False,1,partial,2026-03-31
446,66.2%,PHM,0.0,CONSUMER CYCLICAL,24B,122.4,234M,10.7,7.4%,9.4%,26.8%,17.3%,0.2,12.3%,high_earnings_yield,False,0,good,2026-03-31
447,66.1%,SFM,0.0,CONSUMER DEFENSIVE,8B,81.8,172M,14.9,6.0%,6.7%,37.1%,7.9%,0.2,12.6%,low_ps,False,1,partial,2026-03-31
448,66.0%,AFG,0.0,FINANCIAL SERVICES,11B,133.3,69M,13.2,12.4%,7.6%,24.2%,13.2%,0.0,2.6%,high_fcf_yield,False,0,good,2026-03-31
449,66.0%,RRC,0.0,ENERGY,10B,43.5,149M,15.6,3.7%,6.4%,35.3%,28.4%,0.0,8.9%,high_earnings_yield,False,0,good,2026-03-31
450,65.9%,STLD,0.0,BASIC MATERIALS,33B,228.7,276M,27.9,1.5%,3.6%,13.1%,8.1%,0.0,7.2%,low_ps,False,0,good,2026-03-31
451,65.8%,SOLV,0.0,HEALTHCARE,12B,67.4,89M,7.6,-0.1%,13.2%,53.5%,26.2%,0.2,10.9%,high_earnings_yield,False,1,partial,2026-03-31
452,65.7%,ABG,0.0,CONSUMER CYCLICAL,4B,203.7,70M,11.0,15.2%,9.1%,16.9%,5.4%,5.2,3.0%,high_fcf_yield,False,0,good,2026-03-31
453,65.7%,BFH,0.0,FINANCIAL SERVICES,4B,84.8,60M,7.1,56.2%,14.1%,63.3%,13.1%,20.1,2.3%,high_fcf_yield,False,0,good,2026-03-31
454,65.6%,AIZ,0.0,FINANCIAL SERVICES,12B,236.3,107M,13.6,13.5%,7.4%,77.2%,8.5%,0.0,2.4%,high_fcf_yield,False,0,good,2026-03-31
455,65.5%,ALL,0.0,FINANCIAL SERVICES,57B,217.3,323M,5.5,17.3%,18.0%,33.2%,19.8%,0.1,8.6%,high_earnings_yield,False,0,good,2026-03-31
456,65.4%,GEF,0.0,CONSUMER CYCLICAL,4B,68.1,14M,4.1,-4.4%,24.6%,22.7%,4.1%,1.2,17.1%,high_earnings_yield,False,0,good,2026-04-01
457,65.3%,VOYA,0.0,FINANCIAL SERVICES,8B,82.0,124M,12.2,16.2%,8.2%,10.9%,11.2%,1.1,0.4%,high_fcf_yield,False,0,good,2026-03-31
458,65.3%,PCAR,0.0,INDUSTRIALS,63B,118.8,364M,26.4,4.8%,3.8%,16.2%,10.4%,1.2,5.4%,low_ps,False,0,good,2026-03-31
459,65.2%,HIG,0.0,FINANCIAL SERVICES,39B,136.8,211M,10.1,14.9%,9.9%,46.2%,16.8%,0.0,4.5%,high_fcf_yield,False,0,good,2026-03-31
460,65.1%,ALG,0.0,INDUSTRIALS,2B,173.4,33M,20.2,7.0%,4.9%,24.8%,9.5%,0.1,6.5%,low_ps,False,0,good,2026-03-31
461,65.0%,MCY,0.0,FINANCIAL SERVICES,5B,97.3,22M,10.0,19.1%,10.0%,33.9%,11.1%,0.0,5.7%,high_fcf_yield,False,0,good,2026-03-31
462,65.0%,PZZA,0.0,CONSUMER CYCLICAL,1B,31.1,34M,33.7,6.0%,3.0%,23.6%,4.0%,0.2,3.3%,low_ps,False,0,good,2026-03-31
463,64.9%,NUE,0.0,BASIC MATERIALS,52B,225.3,353M,29.6,-0.4%,3.4%,11.9%,8.2%,0.1,5.0%,high_fcf_yield,False,0,good,2026-03-31
464,64.8%,VYX,0.0,TECHNOLOGY,1B,8.3,16M,1.7,-39.6%,-1.3%,23.7%,2.6%,0.2,-0.4%,high_div_yield,False,0,good,2026-03-31
465,64.7%,BLDR,0.0,INDUSTRIALS,9B,79.1,229M,20.0,9.8%,5.0%,30.4%,5.2%,0.1,3.9%,high_fcf_yield,False,1,partial,2026-03-31
466,64.7%,LGIH,0.0,CONSUMER CYCLICAL,1B,49.0,21M,15.7,-12.4%,6.4%,20.7%,4.7%,0.0,1.8%,high_fcf_yield,False,1,partial,2026-03-31
467,64.6%,KBR,0.0,INDUSTRIALS,5B,37.5,62M,11.5,10.1%,8.7%,14.7%,9.3%,0.2,6.3%,high_earnings_yield,False,0,good,2026-03-31
468,64.5%,TXN,0.0,TECHNOLOGY,256B,279.7,2B,51.1,1.0%,2.0%,57.0%,34.1%,0.1,14.5%,low_ps,False,0,good,2026-03-31
469,64.4%,SEIC,0.0,FINANCIAL SERVICES,11B,90.7,100M,15.8,5.0%,6.3%,59.2%,27.3%,0.0,21.9%,high_earnings_yield,False,0,good,2026-03-31
470,64.4%,PRG,0.0,INDUSTRIALS,1B,35.8,18M,10.0,22.2%,10.0%,84.9%,8.8%,-0.0,9.1%,high_fcf_yield,False,0,good,2026-03-31
471,64.3%,CSGP,0.0,REAL ESTATE,14B,34.6,232M,1910.5,-3.2%,0.1%,77.6%,-2.2%,0.1,0.1%,low_pe,False,1,partial,2026-03-31
472,64.2%,CCK,0.0,CONSUMER CYCLICAL,11B,98.3,121M,15.0,9.9%,6.7%,18.3%,13.2%,0.6,5.2%,high_fcf_yield,False,0,good,2026-03-31
473,64.1%,ROCK,0.0,INDUSTRIALS,1B,40.8,14M,12.5,9.9%,8.0%,26.9%,10.8%,0.1,7.0%,high_fcf_yield,False,0,good,2026-03-31
474,64.1%,OSK,0.0,INDUSTRIALS,66B,138.0,95M,101.7,0.9%,1.0%,17.5%,9.0%,0.1,6.4%,high_fcf_yield,False,0,good,2026-03-31
475,64.0%,SBAC,0.0,REAL ESTATE,23B,221.2,209M,22.3,4.5%,4.5%,63.5%,48.0%,2.0,9.1%,low_ps,False,0,good,2026-03-31
476,63.9%,FN,0.0,TECHNOLOGY,25B,683.5,530M,66.2,0.4%,1.5%,12.0%,9.7%,0.0,11.4%,high_fcf_yield,False,1,partial,2026-03-01
477,63.8%,AN,0.0,CONSUMER CYCLICAL,7B,212.4,84M,11.4,-2.7%,8.8%,17.7%,4.5%,5.4,4.5%,high_fcf_yield,False,1,partial,2026-03-31
478,63.8%,LRN,0.0,CONSUMER DEFENSIVE,4B,97.2,87M,14.0,4.7%,7.2%,39.3%,16.0%,0.1,13.8%,high_earnings_yield,False,1,partial,2026-03-01
479,63.7%,MTDR,0.0,ENERGY,8B,63.0,103M,10.2,3.1%,9.8%,88.8%,33.2%,0.0,6.4%,high_earnings_yield,False,0,good,2026-03-31
480,63.6%,TKR,0.0,INDUSTRIALS,8B,110.9,100M,27.0,5.2%,3.7%,28.7%,12.4%,0.1,4.3%,low_ps,False,0,good,2026-03-31
481,63.5%,VIAV,0.0,TECHNOLOGY,13B,52.4,342M,437.6,0.6%,-0.3%,55.7%,7.5%,0.7,-1.5%,high_div_yield,False,0,good,2026-03-01
482,63.4%,CNC,0.0,HEALTHCARE,27B,53.7,358M,8.5,16.2%,-25.1%,12.2%,-3.9%,0.0,-8.6%,high_earnings_yield,False,1,partial,2026-03-31
483,63.4%,PGR,0.0,FINANCIAL SERVICES,118B,201.3,530M,10.4,14.6%,9.6%,26.5%,16.2%,0.0,9.2%,high_fcf_yield,False,0,good,2026-03-31
484,63.3%,ERIE,0.0,FINANCIAL SERVICES,12B,218.9,59M,20.6,4.9%,4.8%,16.3%,17.7%,0.0,16.7%,low_ps,False,0,good,2026-03-31
485,63.2%,ESI,0.0,BASIC MATERIALS,10B,42.6,138M,54.4,2.2%,1.8%,42.0%,13.4%,0.0,3.7%,high_fcf_yield,False,0,good,2026-03-31
486,63.1%,UFCS,0.0,FINANCIAL SERVICES,1B,40.3,5M,8.9,25.0%,11.2%,28.1%,10.7%,0.0,3.1%,high_fcf_yield,False,0,good,2026-03-31
487,63.1%,FMC,0.0,BASIC MATERIALS,2B,15.4,45M,18.9,-11.5%,-29.1%,37.0%,-54.4%,10.0,-23.1%,high_earnings_yield,False,0,good,2026-03-31
488,63.0%,MAN,0.0,INDUSTRIALS,1B,30.3,33M,16.9,-11.3%,-0.9%,16.7%,0.8%,4.9,-0.1%,high_fcf_yield,False,0,good,2026-03-31
489,62.9%,DCI,0.0,INDUSTRIALS,10B,86.0,53M,26.8,3.4%,3.7%,34.4%,13.4%,0.0,12.4%,low_ps,False,0,good,2026-04-01
490,62.8%,ENS,0.0,INDUSTRIALS,9B,229.8,61M,27.7,5.1%,3.6%,29.7%,11.6%,0.1,7.7%,low_ps,False,0,good,2026-03-01
491,62.8%,ITGR,0.0,HEALTHCARE,3B,88.5,54M,29.7,3.2%,3.4%,23.2%,11.3%,0.1,3.0%,low_ps,False,1,partial,2026-03-31
492,62.7%,CE,0.0,BASIC MATERIALS,7B,67.8,145M,5.1,10.8%,-15.6%,20.1%,-7.8%,8.5,-5.3%,high_earnings_yield,False,0,good,2026-03-31
493,62.6%,RNST,0.0,FINANCIAL SERVICES,4B,39.9,24M,20.7,5.9%,4.8%,57.9%,16.9%,4.6,0.7%,low_ps,False,0,good,2026-03-31
494,62.5%,URI,0.0,INDUSTRIALS,61B,959.8,564M,24.5,1.1%,4.1%,35.4%,24.7%,0.5,8.4%,high_fcf_yield,False,0,good,2026-03-31
495,62.5%,TDS,0.0,COMMUNICATION SERVICES,5B,46.5,32M,70.5,2.7%,-0.1%,49.4%,0.5%,0.0,-0.1%,high_div_yield,False,0,good,2026-03-31
496,62.4%,COP,0.0,ENERGY,160B,125.8,1B,20.1,2.1%,5.0%,24.6%,19.6%,0.1,6.6%,high_fcf_yield,False,0,good,2026-03-31
497,62.3%,LEA,0.0,CONSUMER CYCLICAL,7B,127.1,78M,15.0,8.0%,6.7%,7.3%,4.4%,0.1,2.9%,low_ps,False,0,good,2026-03-31
498,62.2%,KHC,0.0,CONSUMER DEFENSIVE,27B,22.7,320M,11.8,13.6%,-21.7%,33.3%,-18.7%,0.5,-7.1%,high_earnings_yield,False,0,good,2026-03-31
499,62.2%,TILE,0.0,CONSUMER CYCLICAL,2B,29.7,15M,15.1,6.9%,6.6%,38.7%,11.8%,0.2,6.6%,low_ps,False,0,good,2026-03-31
500,62.1%,CI,0.0,HEALTHCARE,77B,290.6,486M,12.9,10.9%,7.8%,9.5%,3.3%,0.1,3.8%,high_fcf_yield,False,0,good,2026-03-31
501,62.0%,H,0.0,CONSUMER CYCLICAL,16B,167.6,148M,30.3,0.7%,-0.3%,23.8%,12.9%,0.1,-0.4%,high_earnings_yield,False,0,good,2026-03-31
502,61.9%,VECO,0.0,TECHNOLOGY,3B,49.9,97M,85.1,1.8%,1.2%,40.0%,5.4%,0.1,2.7%,high_earnings_yield,False,1,partial,2026-03-31
503,61.9%,EOG,0.0,ENERGY,75B,140.6,554M,15.1,4.7%,6.6%,68.1%,35.1%,0.0,9.6%,high_earnings_yield,False,0,good,2026-03-31
504,61.8%,BE,0.0,INDUSTRIALS,91B,283.4,3B,2687.6,0.1%,-0.1%,30.9%,5.5%,4.1,-2.0%,low_evebitda,False,1,partial,2026-03-31
505,61.7%,PRSU,0.0,CONSUMER CYCLICAL,1B,42.1,8M,51.8,-0.1%,1.9%,59.4%,14.6%,0.0,2.3%,high_fcf_yield,False,0,good,2026-03-31
506,61.6%,HCSG,0.0,HEALTHCARE,2B,21.4,17M,25.8,9.1%,3.9%,13.3%,3.0%,0.1,7.3%,low_ps,False,0,good,2026-03-31
507,61.6%,TFX,0.0,HEALTHCARE,6B,133.1,143M,28.5,4.2%,-15.4%,53.3%,9.7%,1.8,-13.0%,high_earnings_yield,False,0,good,2026-03-31
508,61.5%,LPG,0.0,ENERGY,2B,40.3,17M,14.2,7.7%,7.0%,50.1%,35.0%,1.1,6.8%,high_earnings_yield,False,0,good,2026-03-01
509,61.4%,ORI,0.0,FINANCIAL SERVICES,10B,40.0,65M,10.6,11.7%,9.4%,50.3%,13.0%,0.0,3.1%,high_fcf_yield,False,0,good,2026-03-31
510,61.3%,KMT,0.0,INDUSTRIALS,3B,38.7,53M,27.1,3.3%,3.7%,31.1%,8.3%,0.1,4.2%,low_ps,False,0,good,2026-03-01
511,61.2%,VSAT,0.0,TECHNOLOGY,9B,70.0,94M,8.8,5.4%,-3.7%,31.9%,-1.0%,0.1,-2.3%,high_earnings_yield,False,1,partial,2026-03-01
512,61.2%,STRA,0.0,CONSUMER DEFENSIVE,2B,78.4,25M,13.7,8.9%,7.3%,49.0%,14.0%,0.1,6.2%,high_fcf_yield,False,0,good,2026-03-31
513,61.1%,DCOM,0.0,FINANCIAL SERVICES,2B,35.9,11M,14.0,11.8%,7.2%,56.1%,21.5%,0.0,0.7%,high_fcf_yield,False,0,good,2026-03-31
514,61.0%,KNSA,0.0,HEALTHCARE,4B,53.8,48M,75.1,3.1%,1.3%,54.6%,11.4%,0.0,7.7%,low_ps,False,1,partial,2026-03-31
515,60.9%,CZR,0.0,CONSUMER CYCLICAL,6B,27.8,94M,11.3,9.2%,-8.9%,43.9%,17.8%,0.1,-1.6%,high_earnings_yield,False,1,partial,2026-03-31
516,60.9%,NVT,0.0,INDUSTRIALS,23B,142.9,373M,33.0,1.6%,3.0%,37.7%,15.8%,0.1,10.4%,high_fcf_yield,False,0,good,2026-03-31
517,60.8%,SON,0.0,CONSUMER CYCLICAL,5B,49.4,88M,4.8,8.0%,20.7%,20.9%,8.4%,0.7,9.2%,high_earnings_yield,False,0,good,2026-03-31
518,60.7%,NOV,0.0,ENERGY,7B,20.5,105M,51.4,11.8%,1.9%,20.2%,6.5%,0.2,1.3%,high_fcf_yield,False,0,good,2026-03-31
519,60.6%,ICUI,0.0,HEALTHCARE,3B,126.4,34M,4349.4,2.8%,0.0%,36.8%,2.8%,0.2,0.0%,low_pe,False,1,partial,2026-03-31
520,60.6%,AVAV,0.0,INDUSTRIALS,8B,168.3,225M,259.4,-2.9%,-2.7%,21.8%,-6.1%,0.1,-4.1%,high_fcf_yield,False,1,partial,2026-04-01
521,60.5%,ANDE,0.0,CONSUMER DEFENSIVE,3B,78.5,27M,28.1,-2.1%,3.6%,6.0%,0.5%,2.1,2.6%,high_fcf_yield,False,0,good,2026-03-31
522,60.4%,SEI,0.0,ENERGY,4B,73.8,167M,121.2,-12.0%,0.8%,32.3%,22.0%,0.1,1.4%,high_fcf_yield,False,0,good,2026-03-31
523,60.3%,BVN,0.0,BASIC MATERIALS,8B,32.6,51M,10.6,1.3%,9.5%,49.2%,36.3%,0.0,13.0%,high_earnings_yield,False,0,good,2026-03-31
524,60.3%,PATK,0.0,CONSUMER CYCLICAL,3B,93.0,70M,24.8,7.4%,4.0%,23.1%,7.0%,0.2,4.4%,low_ps,False,0,good,2026-03-31
525,60.2%,YELP,0.0,COMMUNICATION SERVICES,2B,27.1,28M,11.0,20.1%,9.1%,90.3%,12.6%,0.0,15.2%,high_fcf_yield,False,1,partial,2026-03-31
526,60.1%,ANET,0.0,TECHNOLOGY,220B,172.7,2B,62.7,1.9%,1.6%,64.1%,42.8%,0.0,18.1%,low_ps,False,1,partial,2026-03-31
527,60.0%,POST,0.0,CONSUMER DEFENSIVE,6B,102.0,81M,17.3,7.9%,5.8%,26.3%,10.4%,0.0,2.5%,low_ps,False,0,good,2026-03-01
528,60.0%,AFL,0.0,FINANCIAL SERVICES,59B,113.7,266M,16.0,4.4%,6.2%,38.7%,26.3%,0.0,3.1%,high_earnings_yield,False,0,good,2026-03-31
529,59.9%,THG,0.0,FINANCIAL SERVICES,7B,187.7,51M,10.3,17.2%,9.7%,28.7%,12.8%,0.4,3.9%,high_fcf_yield,False,0,good,2026-03-31
530,59.8%,REXR,0.0,REAL ESTATE,8B,35.9,85M,38.6,2.5%,2.6%,61.7%,54.1%,0.1,1.7%,low_ps,False,0,good,2026-03-31
531,59.7%,PBI,0.0,INDUSTRIALS,2B,15.5,64M,16.8,13.5%,5.9%,54.1%,20.4%,0.2,4.6%,high_fcf_yield,False,0,good,2026-03-31
532,59.7%,SSB,0.0,FINANCIAL SERVICES,10B,97.1,87M,12.0,0.9%,8.3%,68.3%,27.9%,0.5,1.2%,high_earnings_yield,False,0,good,2026-03-31
533,59.6%,CGAU,0.0,BASIC MATERIALS,4B,17.4,33M,6.1,2.6%,16.5%,30.8%,37.7%,0.0,20.0%,high_earnings_yield,False,0,good,2026-03-31
534,59.5%,GIII,0.0,CONSUMER CYCLICAL,1B,31.8,12M,19.9,19.7%,5.0%,38.4%,5.3%,0.4,2.6%,high_fcf_yield,False,0,good,2026-05-01
535,59.4%,SIGI,0.0,FINANCIAL SERVICES,5B,84.0,52M,10.9,23.5%,9.2%,34.2%,10.3%,0.0,3.3%,high_fcf_yield,False,0,good,2026-03-31
536,59.3%,MUR,0.0,ENERGY,6B,41.8,71M,57.9,3.3%,1.7%,71.9%,11.1%,0.2,1.1%,low_ps,False,0,good,2026-03-31
537,59.3%,FCX,0.0,BASIC MATERIALS,83B,57.8,1B,38.0,1.4%,2.6%,27.0%,24.4%,0.1,3.8%,high_fcf_yield,False,0,good,2026-03-31
538,59.2%,COCO,0.0,CONSUMER DEFENSIVE,4B,66.0,98M,56.0,1.0%,1.8%,36.3%,13.5%,0.0,15.5%,low_ps,False,1,partial,2026-03-31
539,59.1%,ON,0.0,TECHNOLOGY,40B,100.8,1B,328.3,3.1%,0.3%,32.8%,2.3%,0.0,1.0%,low_pe,False,1,partial,2026-03-31
540,59.0%,LB,0.0,ENERGY,2B,68.7,18M,64.0,5.6%,1.6%,92.1%,31.4%,0.0,2.2%,low_ps,False,0,good,2026-03-31
541,59.0%,IPGP,0.0,TECHNOLOGY,5B,118.9,75M,164.1,-0.1%,0.6%,38.0%,1.3%,0.0,1.3%,high_fcf_yield,False,0,good,2026-03-31
542,58.9%,MPC,0.0,ENERGY,73B,248.3,515M,18.1,6.5%,5.5%,7.5%,4.3%,0.4,4.7%,low_ps,False,0,good,2026-03-31
543,58.8%,SXI,0.0,INDUSTRIALS,3B,272.6,60M,61.0,1.6%,1.6%,40.0%,15.1%,0.1,3.5%,high_fcf_yield,False,0,good,2026-03-01
544,58.7%,APG,0.0,INDUSTRIALS,20B,45.7,161M,65.9,3.3%,1.5%,29.2%,6.1%,0.1,3.4%,low_ps,False,1,partial,2026-03-31
545,58.7%,LUV,0.0,INDUSTRIALS,19B,37.9,306M,43.3,-4.4%,2.3%,17.4%,1.5%,0.4,1.5%,high_fcf_yield,False,0,good,2026-03-31
546,58.6%,CENTA,0.0,CONSUMER DEFENSIVE,2B,33.6,10M,13.4,13.7%,7.5%,32.1%,7.7%,0.2,4.3%,high_fcf_yield,False,1,partial,2026-03-01
547,58.5%,FORM,0.0,TECHNOLOGY,11B,135.9,287M,198.6,0.1%,0.5%,39.7%,8.3%,0.1,4.4%,low_ps,False,1,partial,2026-03-31
548,58.4%,SUPN,0.0,HEALTHCARE,3B,48.0,37M,48.3,1.7%,-1.4%,89.6%,-6.2%,0.2,-2.7%,high_earnings_yield,False,1,partial,2026-03-31
549,58.4%,SSD,0.0,BASIC MATERIALS,8B,190.7,66M,22.9,3.7%,4.4%,45.9%,19.6%,0.1,11.2%,high_div_yield,False,0,good,2026-03-31
550,58.3%,PAHC,0.0,HEALTHCARE,2B,53.2,18M,23.7,2.2%,4.2%,31.9%,11.6%,0.2,6.6%,low_ps,False,0,good,2026-03-01
551,58.2%,TSEM,0.0,TECHNOLOGY,24B,211.0,508M,109.3,-0.2%,0.9%,23.2%,12.4%,0.1,6.6%,low_ps,False,1,partial,2026-03-31
552,58.1%,DGII,0.0,TECHNOLOGY,2B,56.0,16M,50.8,5.1%,2.0%,63.0%,13.2%,0.0,4.6%,high_earnings_yield,False,1,partial,2026-03-01
553,58.1%,AROC,0.0,ENERGY,7B,38.8,58M,21.0,1.8%,4.8%,61.2%,38.0%,0.0,7.4%,high_fcf_yield,False,0,good,2026-03-31
554,58.0%,DXC,0.0,TECHNOLOGY,2B,9.4,50M,3.8,64.3%,26.6%,19.7%,5.4%,0.6,3.2%,high_fcf_yield,False,0,good,2026-03-01
555,57.9%,VSEC,0.0,INDUSTRIALS,5B,171.7,107M,194.6,0.1%,0.5%,11.9%,10.7%,0.2,1.2%,high_fcf_yield,False,0,good,2026-03-31
556,57.8%,SNA,0.0,INDUSTRIALS,20B,383.4,169M,19.9,5.0%,5.0%,51.7%,25.8%,0.0,12.1%,high_earnings_yield,False,0,good,2026-03-31
557,57.8%,CASY,0.0,CONSUMER CYCLICAL,32B,859.5,281M,49.2,2.1%,2.0%,23.9%,6.3%,0.1,7.6%,low_ps,False,0,good,2026-04-01
558,57.7%,GIS,0.0,CONSUMER DEFENSIVE,19B,34.7,289M,8.5,8.8%,11.8%,33.0%,19.1%,2.0,6.8%,high_earnings_yield,False,0,good,2026-04-29
559,57.6%,DASH,0.0,CONSUMER CYCLICAL,75B,168.7,854M,79.8,2.4%,1.3%,50.9%,5.3%,0.1,4.8%,high_earnings_yield,False,1,partial,2026-03-31
560,57.5%,TRMB,0.0,TECHNOLOGY,16B,67.3,124M,37.6,0.8%,2.7%,68.3%,16.9%,0.0,4.6%,high_fcf_yield,False,1,partial,2026-03-31
561,57.4%,OMCL,0.0,HEALTHCARE,2B,41.4,28M,927.4,4.4%,0.1%,42.5%,0.5%,0.1,0.1%,low_pe,False,1,partial,2026-03-31
562,57.4%,MDT,0.0,HEALTHCARE,98B,76.2,795M,21.3,5.5%,4.7%,61.9%,17.9%,0.0,5.0%,low_ps,False,0,good,2026-04-01
563,57.3%,GTLS,0.0,INDUSTRIALS,10B,207.4,212M,236.2,2.1%,0.4%,32.6%,8.5%,0.0,0.4%,high_earnings_yield,False,1,partial,2026-03-31
564,57.2%,FSS,0.0,INDUSTRIALS,8B,123.1,60M,30.7,3.0%,3.3%,28.5%,16.3%,0.0,10.3%,high_fcf_yield,False,0,good,2026-03-31
565,57.1%,MYRG,0.0,INDUSTRIALS,6B,404.8,128M,53.6,3.7%,1.9%,11.5%,4.4%,0.1,7.2%,low_ps,False,1,partial,2026-03-31
566,57.1%,OLN,0.0,BASIC MATERIALS,3B,26.8,59M,53.3,8.1%,-1.4%,7.4%,0.2%,0.3,-0.6%,high_earnings_yield,False,0,good,2026-03-31
567,57.0%,CNO,0.0,FINANCIAL SERVICES,4B,44.5,31M,18.9,16.2%,5.3%,40.2%,6.3%,0.0,0.6%,high_fcf_yield,False,0,good,2026-03-31
568,56.9%,EEFT,0.0,TECHNOLOGY,3B,72.4,56M,11.0,12.1%,9.1%,41.3%,12.5%,3.0,4.8%,high_fcf_yield,False,1,partial,2026-03-31
569,56.8%,PRU,0.0,FINANCIAL SERVICES,34B,98.1,251M,9.6,18.3%,10.4%,31.1%,7.6%,2.7,0.5%,high_fcf_yield,False,0,good,2026-03-31
570,56.8%,CASH,0.0,FINANCIAL SERVICES,2B,86.8,19M,9.9,22.4%,10.1%,98.5%,31.9%,0.0,2.5%,high_fcf_yield,False,0,good,2026-03-01
571,56.7%,ECPG,0.0,FINANCIAL SERVICES,2B,82.8,30M,7.2,6.9%,13.9%,74.1%,35.4%,0.0,4.8%,high_earnings_yield,False,1,partial,2026-03-31
572,56.6%,PSA,0.0,REAL ESTATE,53B,302.4,301M,29.8,5.4%,3.4%,60.5%,52.6%,0.0,8.8%,low_ps,False,0,good,2026-03-31
573,56.5%,BRC,0.0,INDUSTRIALS,4B,78.3,22M,18.3,4.5%,5.5%,50.9%,16.4%,0.1,11.2%,low_ps,False,0,good,2026-04-01
574,56.5%,MPWR,0.0,TECHNOLOGY,79B,1614.4,1B,129.1,0.8%,0.8%,55.2%,26.1%,0.0,14.7%,low_ps,False,0,good,2026-03-31
575,56.4%,AAP,0.0,CONSUMER CYCLICAL,3B,56.1,74M,77.6,-8.7%,1.3%,43.4%,1.9%,1.4,0.4%,high_fcf_yield,False,0,good,2026-03-31
576,56.3%,RDN,0.0,FINANCIAL SERVICES,5B,38.1,43M,9.0,2.2%,11.1%,92.3%,61.2%,0.0,7.2%,high_earnings_yield,False,0,good,2026-03-31
577,56.2%,HIW,0.0,REAL ESTATE,3B,24.3,33M,17.1,5.4%,5.9%,67.6%,26.0%,0.0,2.5%,high_earnings_yield,False,0,good,2026-03-31
578,56.2%,MDB,0.0,TECHNOLOGY,26B,299.5,419M,,2.0%,-0.3%,71.7%,-5.6%,,-1.9%,low_ps,False,3,poor,2026-05-01
579,56.1%,WKC,0.0,ENERGY,1B,27.0,25M,79.6,16.2%,-43.8%,1.4%,0.7%,0.6,-10.5%,high_earnings_yield,False,0,good,2026-03-31
580,56.0%,SBCF,0.0,FINANCIAL SERVICES,3B,31.5,27M,23.7,5.2%,4.2%,62.8%,20.8%,1.9,0.7%,high_fcf_yield,False,0,good,2026-03-31
581,55.9%,ODFL,0.0,INDUSTRIALS,44B,212.4,447M,43.4,2.1%,2.3%,32.2%,24.8%,0.0,18.3%,low_ps,False,0,good,2026-03-31
582,55.9%,KRMN,0.0,INDUSTRIALS,9B,68.0,130M,518.0,-0.5%,0.2%,33.6%,15.5%,0.1,1.6%,low_ps,False,1,partial,2026-03-31
583,55.8%,STRL,0.0,INDUSTRIALS,16B,515.6,418M,55.2,2.3%,1.8%,22.7%,16.3%,0.1,11.0%,low_ps,False,1,partial,2026-03-31
584,55.7%,IBKR,0.0,FINANCIAL SERVICES,36B,79.5,371M,36.2,44.2%,2.8%,89.8%,86.0%,0.0,0.5%,high_fcf_yield,False,0,good,2026-03-31
585,55.6%,ANF,0.0,CONSUMER CYCLICAL,4B,78.0,97M,7.2,10.4%,13.9%,58.6%,13.4%,0.3,14.3%,high_earnings_yield,False,0,good,2026-05-01
586,55.5%,FCN,0.0,INDUSTRIALS,6B,179.3,71M,21.1,2.3%,4.7%,32.1%,10.3%,0.0,7.8%,low_ps,False,1,partial,2026-03-31
587,55.5%,TXRH,0.0,CONSUMER CYCLICAL,12B,177.4,200M,28.9,2.9%,3.5%,15.0%,8.2%,1.4,11.4%,low_ps,False,0,good,2026-03-31
588,55.4%,MMSI,0.0,HEALTHCARE,4B,68.2,55M,31.8,5.1%,3.1%,48.7%,12.8%,0.0,4.8%,low_ps,False,1,partial,2026-03-31
589,55.3%,AZTA,0.0,HEALTHCARE,1B,24.6,28M,43.9,2.7%,-5.1%,45.3%,-1.3%,0.1,-2.8%,high_earnings_yield,False,0,good,2026-03-01
590,55.2%,PG,0.0,CONSUMER DEFENSIVE,355B,147.1,1B,21.6,4.2%,4.6%,50.7%,23.6%,0.9,12.9%,high_earnings_yield,False,0,good,2026-03-01
591,55.2%,HON,0.0,INDUSTRIALS,137B,214.3,869M,28.9,3.9%,3.5%,36.9%,17.5%,1.6,6.4%,low_ps,False,0,good,2026-03-31
592,55.1%,ADMA,0.0,HEALTHCARE,3B,10.2,82M,17.1,1.1%,5.9%,57.4%,37.5%,0.0,23.5%,high_fcf_yield,False,1,partial,2026-03-31
593,55.0%,G,0.0,TECHNOLOGY,6B,32.6,103M,10.2,13.0%,9.8%,36.0%,14.8%,0.9,9.5%,high_fcf_yield,False,0,good,2026-03-31
594,54.9%,WTS,0.0,INDUSTRIALS,10B,300.2,97M,29.5,3.5%,3.4%,49.5%,18.5%,0.0,11.8%,high_div_yield,False,0,good,2026-03-31
595,54.9%,TAP,0.0,CONSUMER DEFENSIVE,8B,42.7,149M,8.2,13.2%,-26.4%,37.6%,-21.0%,0.1,-9.4%,high_earnings_yield,False,0,good,2026-03-31
596,54.8%,BEN,0.0,FINANCIAL SERVICES,16B,30.0,171M,25.2,5.6%,4.0%,80.5%,7.5%,0.7,1.9%,low_ps,False,0,good,2026-03-01
597,54.7%,ACLS,0.0,TECHNOLOGY,5B,163.0,126M,43.8,2.0%,2.3%,44.9%,14.2%,0.0,8.8%,low_ps,False,1,partial,2026-03-31
598,54.6%,FNF,0.0,FINANCIAL SERVICES,14B,52.3,90M,23.4,43.0%,4.3%,65.1%,9.8%,0.1,0.6%,high_fcf_yield,False,0,good,2026-03-31
599,54.6%,IR,0.0,INDUSTRIALS,31B,79.9,332M,53.8,3.9%,1.9%,38.5%,18.5%,0.0,3.2%,high_earnings_yield,False,0,good,2026-03-31
600,54.5%,SNPS,0.0,TECHNOLOGY,84B,516.5,833M,75.8,2.7%,1.3%,75.1%,10.8%,0.0,2.3%,low_ps,False,1,partial,2026-04-01
601,54.4%,ATEN,0.0,TECHNOLOGY,2B,26.7,33M,47.5,3.2%,2.1%,79.3%,16.2%,0.1,6.7%,low_ps,False,0,good,2026-03-31
602,54.3%,SYF,0.0,FINANCIAL SERVICES,26B,75.9,306M,7.4,37.5%,13.5%,51.0%,24.2%,1.1,3.0%,high_fcf_yield,False,0,good,2026-03-31
603,54.3%,REX,0.0,BASIC MATERIALS,2B,49.7,8M,19.8,3.0%,5.1%,14.4%,9.4%,0.1,10.4%,low_ps,False,1,partial,2026-05-01
604,54.2%,WSO,0.0,INDUSTRIALS,17B,437.8,226M,33.4,3.2%,3.0%,28.4%,9.9%,0.2,11.2%,low_ps,False,0,good,2026-03-31
605,54.1%,RDDT,0.0,COMMUNICATION SERVICES,30B,147.2,865M,56.3,2.3%,1.8%,91.2%,20.1%,0.0,16.4%,low_ps,False,1,partial,2026-03-31
606,54.0%,CPB,0.0,CONSUMER DEFENSIVE,6B,20.8,146M,11.3,10.7%,8.8%,29.3%,12.1%,0.6,3.6%,high_fcf_yield,False,0,good,2026-04-01
607,54.0%,CECO,0.0,INDUSTRIALS,3B,74.1,61M,54.5,-0.2%,1.8%,34.3%,13.8%,0.0,5.6%,high_fcf_yield,False,0,good,2026-03-31
608,53.9%,DY,0.0,INDUSTRIALS,13B,428.3,175M,44.8,3.2%,2.2%,20.6%,12.5%,0.1,4.7%,low_ps,False,1,partial,2026-05-01
609,53.8%,FNB,0.0,FINANCIAL SERVICES,6B,17.9,104M,11.4,5.8%,8.8%,62.3%,24.8%,4.2,1.1%,high_earnings_yield,False,0,good,2026-03-31
610,53.7%,KSS,0.0,CONSUMER CYCLICAL,2B,14.5,63M,6.2,56.5%,16.3%,40.6%,3.3%,0.1,2.0%,high_fcf_yield,False,0,good,2026-05-01
611,53.6%,PRLB,0.0,INDUSTRIALS,2B,64.8,11M,74.1,4.0%,1.3%,44.5%,4.9%,0.0,2.8%,high_earnings_yield,False,1,partial,2026-03-31
612,53.6%,HG,0.0,FINANCIAL SERVICES,3B,32.8,15M,5.8,25.3%,17.3%,43.1%,28.2%,0.0,6.0%,high_fcf_yield,False,0,good,2026-03-31
613,53.5%,CLF,0.0,BASIC MATERIALS,6B,10.2,198M,138.1,-17.8%,-25.6%,-4.5%,-8.2%,0.3,-7.4%,high_earnings_yield,False,0,good,2026-03-31
614,53.4%,RSI,0.0,CONSUMER CYCLICAL,3B,28.1,62M,90.1,4.9%,1.1%,34.6%,7.7%,0.0,5.1%,high_earnings_yield,False,1,partial,2026-03-31
615,53.3%,HXL,0.0,INDUSTRIALS,7B,93.7,115M,65.7,2.2%,1.5%,23.0%,9.1%,0.0,4.0%,high_earnings_yield,False,0,good,2026-03-31
616,53.3%,DXCM,0.0,HEALTHCARE,23B,59.5,318M,28.0,4.6%,3.6%,60.4%,19.6%,0.0,13.2%,low_ps,False,1,partial,2026-03-31
617,53.2%,ALK,0.0,INDUSTRIALS,4B,39.1,183M,44.7,-7.6%,2.2%,59.7%,2.1%,1.3,0.5%,high_fcf_yield,False,0,good,2026-03-31
618,53.1%,AX,0.0,FINANCIAL SERVICES,6B,96.4,41M,12.2,7.6%,8.2%,62.6%,31.5%,0.0,1.6%,high_earnings_yield,False,1,partial,2026-03-01
619,53.0%,FBIN,0.0,INDUSTRIALS,5B,38.0,103M,15.3,8.1%,6.5%,44.5%,11.6%,1.4,4.6%,low_ps,False,0,good,2026-03-31
620,53.0%,MRTN,0.0,INDUSTRIALS,1B,15.1,14M,70.5,-4.2%,1.4%,5.7%,1.2%,0.0,1.8%,high_fcf_yield,False,0,good,2026-03-31
621,52.9%,HMN,0.0,FINANCIAL SERVICES,2B,44.5,9M,11.3,30.2%,8.8%,51.9%,29.5%,0.0,1.1%,high_fcf_yield,False,0,good,2026-03-31
622,52.8%,CMCSA,0.0,COMMUNICATION SERVICES,98B,27.0,914M,4.9,22.4%,20.2%,60.1%,16.7%,0.3,7.3%,high_earnings_yield,False,0,good,2026-03-31
623,52.7%,MCHP,0.0,TECHNOLOGY,54B,99.1,1B,75.8,1.5%,-0.2%,51.6%,4.1%,0.0,-0.7%,low_ps,False,0,good,2026-03-01
624,52.7%,KMPR,0.0,FINANCIAL SERVICES,2B,33.7,26M,13.8,28.0%,7.2%,10.8%,3.4%,0.1,1.1%,high_fcf_yield,False,0,good,2026-03-31
625,52.6%,MMS,0.0,INDUSTRIALS,4B,64.3,50M,9.5,6.2%,10.5%,23.5%,10.8%,0.2,8.8%,high_earnings_yield,False,0,good,2026-03-01
626,52.5%,ILMN,0.0,HEALTHCARE,20B,126.7,200M,23.0,4.8%,4.4%,67.1%,20.6%,0.9,12.8%,high_earnings_yield,False,1,partial,2026-03-31
627,52.4%,CIEN,0.0,TECHNOLOGY,80B,548.1,1B,348.9,0.8%,0.3%,40.6%,8.2%,0.1,3.9%,low_ps,False,1,partial,2026-04-01
628,52.4%,CUBI,0.0,FINANCIAL SERVICES,3B,76.3,26M,12.0,12.5%,8.3%,51.6%,22.0%,0.0,0.9%,high_fcf_yield,False,0,good,2026-03-31
629,52.3%,Q,0.0,TECHNOLOGY,31B,147.3,228M,44.6,3.2%,2.2%,42.9%,21.3%,0.1,4.9%,low_ps,False,0,good,2026-03-31
630,52.2%,HWM,0.0,INDUSTRIALS,109B,270.6,642M,72.3,1.1%,1.4%,30.7%,25.8%,0.2,13.5%,low_ps,False,0,good,2026-03-31
631,52.1%,KAI,0.0,INDUSTRIALS,3B,293.1,64M,33.9,4.5%,2.9%,45.2%,14.9%,0.0,6.0%,low_ps,False,0,good,2026-03-31
632,52.1%,WM,0.0,INDUSTRIALS,94B,232.6,457M,34.7,3.0%,2.9%,29.1%,18.3%,0.2,5.9%,high_fcf_yield,False,0,good,2026-03-31
633,52.0%,ABNB,0.0,CONSUMER CYCLICAL,86B,141.5,528M,34.3,5.4%,2.9%,83.0%,20.8%,1.6,11.3%,low_ps,False,1,partial,2026-03-31
634,51.9%,AAL,0.0,INDUSTRIALS,8B,11.7,681M,69.8,-8.8%,1.4%,19.2%,2.7%,2.4,0.2%,high_fcf_yield,False,0,good,2026-03-31
635,51.8%,SLB,0.0,ENERGY,86B,56.9,779M,25.7,5.6%,3.9%,18.2%,15.3%,0.5,6.1%,low_ps,False,0,good,2026-03-31
636,51.7%,CVS,0.0,HEALTHCARE,107B,83.3,665M,60.3,7.3%,1.7%,13.8%,1.2%,1.0,0.7%,low_ps,False,0,good,2026-03-31
637,51.7%,OMC,0.0,COMMUNICATION SERVICES,16B,76.7,347M,13.0,17.7%,-0.3%,17.3%,14.0%,4.1,-0.1%,high_fcf_yield,False,0,good,2026-03-31
638,51.6%,CNMD,0.0,HEALTHCARE,1B,36.7,17M,23.9,13.4%,4.2%,53.0%,10.5%,0.0,2.0%,high_fcf_yield,False,0,good,2026-03-31
639,51.5%,BOH,0.0,FINANCIAL SERVICES,3B,79.5,36M,15.4,5.6%,6.5%,67.4%,26.8%,0.3,0.9%,high_earnings_yield,False,0,good,2026-03-31
640,51.4%,PRA,0.0,FINANCIAL SERVICES,1B,24.7,22M,25.1,-2.3%,4.0%,29.6%,6.6%,2.3,0.9%,high_fcf_yield,False,0,good,2026-03-31
641,51.4%,VRTX,0.0,HEALTHCARE,110B,427.4,470M,27.7,2.9%,3.6%,86.3%,35.5%,0.0,15.1%,low_ps,False,1,partial,2026-03-31
642,51.3%,GEHC,0.0,HEALTHCARE,28B,60.8,404M,16.5,5.4%,6.0%,43.5%,13.3%,0.3,4.6%,low_ps,False,0,good,2026-03-31
643,51.2%,TR,0.0,CONSUMER DEFENSIVE,3B,42.5,5M,31.0,3.1%,3.2%,35.5%,14.0%,0.0,8.0%,high_fcf_yield,False,0,good,2026-03-31
644,51.1%,SJM,0.0,CONSUMER DEFENSIVE,11B,99.2,171M,23.0,9.2%,-11.9%,32.7%,3.4%,2.9,-7.7%,high_earnings_yield,False,0,good,2026-04-01
645,51.1%,LXP,0.0,REAL ESTATE,3B,50.9,25M,26.2,5.7%,3.8%,-30.7%,14.0%,0.0,3.2%,low_ps,False,0,good,2026-03-31
646,51.0%,TRIP,0.0,CONSUMER CYCLICAL,1B,10.4,31M,30.1,13.5%,3.3%,85.3%,4.2%,3.1,1.5%,high_fcf_yield,False,0,good,2026-03-31
647,50.9%,VLO,0.0,ENERGY,75B,252.6,734M,32.1,6.5%,3.1%,5.4%,2.6%,0.4,4.0%,low_ps,False,0,good,2026-03-31
648,50.8%,TKO,0.0,COMMUNICATION SERVICES,36B,186.1,252M,185.4,3.2%,0.5%,49.6%,20.3%,0.1,1.3%,low_ps,False,0,good,2026-03-31
649,50.8%,BMI,0.0,TECHNOLOGY,4B,120.9,121M,25.1,4.8%,4.0%,41.7%,20.0%,0.0,14.5%,high_div_yield,False,0,good,2026-03-31
650,50.7%,JKHY,0.0,TECHNOLOGY,11B,153.8,143M,21.8,5.9%,4.6%,43.8%,25.9%,0.0,16.6%,high_fcf_yield,False,0,good,2026-03-01
651,50.6%,DHI,0.0,CONSUMER CYCLICAL,44B,153.4,380M,13.3,7.8%,7.5%,23.3%,12.3%,0.4,9.6%,high_earnings_yield,False,0,good,2026-03-01
652,50.5%,OC,0.0,INDUSTRIALS,10B,123.3,152M,31.5,6.2%,-5.3%,28.3%,8.8%,1.1,-4.0%,high_earnings_yield,False,0,good,2026-03-31
653,50.5%,CCS,0.0,REAL ESTATE,2B,56.0,17M,11.1,9.1%,9.0%,17.7%,5.4%,2.1,3.3%,high_earnings_yield,False,0,good,2026-03-31
654,50.4%,ERO,0.0,BASIC MATERIALS,3B,25.9,32M,10.2,3.9%,9.8%,43.9%,34.3%,0.2,13.8%,high_earnings_yield,False,1,partial,2026-03-31
655,50.3%,CBT,0.0,BASIC MATERIALS,4B,77.0,29M,12.9,10.0%,7.7%,25.4%,16.5%,0.7,8.3%,high_fcf_yield,False,0,good,2026-03-01
656,50.2%,CRDO,0.0,TECHNOLOGY,35B,188.5,1B,103.5,0.8%,1.0%,67.8%,30.2%,0.0,16.7%,low_ps,False,1,partial,2026-04-01
657,50.2%,LH,0.0,HEALTHCARE,21B,256.8,201M,24.3,5.7%,4.1%,28.2%,10.7%,0.6,4.8%,low_ps,False,0,good,2026-03-31
658,50.1%,ARI,0.0,REAL ESTATE,2B,10.9,14M,12.1,2.8%,8.3%,80.1%,65.4%,11.6,1.3%,high_earnings_yield,False,0,good,2026-03-31
659,50.0%,CWST,0.0,INDUSTRIALS,5B,79.2,73M,639.8,1.7%,0.2%,21.4%,4.9%,0.2,0.2%,low_pe,False,1,partial,2026-03-31
660,49.9%,GGG,0.0,INDUSTRIALS,13B,80.3,114M,25.9,4.7%,3.9%,52.5%,27.3%,0.1,15.9%,low_ps,False,0,good,2026-03-31
661,49.8%,CMI,0.0,INDUSTRIALS,93B,671.0,590M,32.8,2.6%,3.1%,25.3%,11.9%,0.3,8.4%,low_ps,False,0,good,2026-03-31
662,49.8%,EL,0.0,CONSUMER DEFENSIVE,28B,76.7,287M,125.5,4.1%,-0.6%,74.4%,7.3%,0.3,-0.9%,high_earnings_yield,False,0,good,2026-03-01
663,49.7%,BAC,0.0,FINANCIAL SERVICES,397B,53.5,2B,13.0,3.2%,7.7%,56.1%,19.7%,2.4,0.9%,high_earnings_yield,False,0,good,2026-03-31
664,49.6%,TFIN,0.0,FINANCIAL SERVICES,2B,67.7,21M,64.1,2.8%,1.6%,87.6%,6.6%,0.1,0.4%,high_earnings_yield,False,1,partial,2026-03-31
665,49.5%,SXT,0.0,BASIC MATERIALS,5B,113.6,64M,36.1,0.8%,2.8%,33.5%,12.8%,0.0,6.0%,high_fcf_yield,False,0,good,2026-03-31
666,49.5%,TSLA,0.0,CONSUMER CYCLICAL,1.4T,381.6,25B,355.9,0.5%,0.3%,18.0%,4.6%,0.3,2.8%,low_ps,False,1,partial,2026-03-31
667,49.4%,DAL,0.0,INDUSTRIALS,44B,68.0,586M,8.9,8.7%,11.3%,24.5%,9.2%,0.5,6.2%,high_earnings_yield,False,0,good,2026-03-31
668,49.3%,AR,0.0,ENERGY,12B,39.3,186M,19.3,10.7%,5.2%,22.1%,16.5%,0.3,4.4%,high_fcf_yield,False,1,partial,2026-03-31
669,49.2%,BG,0.0,CONSUMER DEFENSIVE,25B,127.1,199M,30.4,-4.6%,3.3%,4.5%,1.5%,6.4,1.8%,high_fcf_yield,False,0,good,2026-03-31
670,49.2%,MOS,0.0,BASIC MATERIALS,7B,22.2,193M,5.4,-8.2%,18.7%,16.5%,9.9%,0.6,5.0%,high_earnings_yield,False,0,good,2026-03-31
671,49.1%,MKSI,0.0,TECHNOLOGY,20B,283.8,383M,68.4,2.5%,1.5%,45.2%,13.7%,0.1,3.4%,high_earnings_yield,False,0,good,2026-03-31
672,49.0%,ALV,0.0,CONSUMER CYCLICAL,9B,115.9,107M,11.8,8.2%,8.4%,19.2%,10.2%,0.6,8.5%,high_earnings_yield,False,0,good,2026-03-31
673,48.9%,ADM,0.0,CONSUMER DEFENSIVE,36B,74.5,300M,33.4,11.7%,3.0%,5.8%,1.3%,0.7,3.1%,high_fcf_yield,False,0,good,2026-03-31
674,48.9%,META,0.0,COMMUNICATION SERVICES,1.6T,611.9,10B,26.0,2.9%,3.9%,82.0%,41.4%,0.0,16.5%,low_ps,False,0,good,2026-03-31
675,48.8%,SAM,0.0,CONSUMER DEFENSIVE,2B,237.0,58M,22.9,8.7%,4.4%,45.6%,6.9%,0.0,9.1%,low_ps,False,1,partial,2026-03-31
676,48.7%,CNH,0.0,INDUSTRIALS,13B,10.7,177M,26.1,10.7%,3.8%,31.6%,15.6%,2.9,1.2%,high_fcf_yield,False,0,good,2026-03-31
677,48.6%,M,0.0,CONSUMER CYCLICAL,5B,19.5,83M,8.4,19.6%,11.9%,36.5%,4.6%,0.0,4.0%,high_fcf_yield,False,0,good,2026-05-01
678,48.6%,UAL,0.0,INDUSTRIALS,29B,90.0,704M,8.8,8.7%,11.4%,64.1%,8.0%,1.3,4.4%,high_earnings_yield,False,0,good,2026-03-31
679,48.5%,MSFT,0.0,TECHNOLOGY,3.0T,407.8,15B,25.5,2.5%,3.9%,68.6%,46.7%,0.1,17.9%,low_ps,False,0,good,2026-03-01
680,48.4%,NVRI,0.0,INDUSTRIALS,2B,19.3,16M,64.5,-2.6%,-10.9%,19.2%,1.0%,0.6,-6.3%,high_earnings_yield,False,0,good,2026-03-31
681,48.3%,EPAM,0.0,TECHNOLOGY,5B,99.2,182M,14.2,11.4%,7.0%,28.3%,9.7%,0.1,7.7%,high_fcf_yield,False,1,partial,2026-03-31
682,48.3%,CTS,0.0,TECHNOLOGY,2B,57.1,15M,25.4,5.2%,3.9%,38.3%,15.4%,0.2,8.5%,low_ps,False,0,good,2026-03-31
683,48.2%,MTCH,0.0,COMMUNICATION SERVICES,10B,37.4,146M,16.0,10.4%,6.2%,72.8%,25.0%,0.8,13.8%,high_fcf_yield,False,0,good,2026-03-31
684,48.1%,MSM,0.0,INDUSTRIALS,6B,104.3,62M,28.2,3.7%,3.6%,40.8%,8.4%,1.6,8.4%,low_ps,False,0,good,2026-04-29
685,48.0%,OUT,0.0,REAL ESTATE,6B,33.9,38M,40.8,3.3%,2.4%,45.3%,15.6%,0.4,2.8%,low_ps,False,0,good,2026-03-31
686,47.9%,SPXC,0.0,INDUSTRIALS,11B,218.9,127M,45.1,2.2%,2.2%,36.7%,16.9%,0.0,6.8%,high_div_yield,False,0,good,2026-03-31
687,47.9%,MRNA,0.0,HEALTHCARE,18B,45.9,353M,24.0,-11.3%,-15.6%,14.1%,-158.2%,0.2,-22.9%,high_earnings_yield,False,1,partial,2026-03-31
688,47.8%,PVH,0.0,CONSUMER CYCLICAL,4B,91.4,98M,173.1,12.3%,0.6%,57.5%,7.3%,0.5,0.2%,high_fcf_yield,False,0,good,2026-04-29
689,47.7%,SIG,0.0,CONSUMER CYCLICAL,4B,87.3,69M,12.2,14.6%,8.2%,39.6%,7.7%,0.4,4.9%,high_fcf_yield,False,0,good,2026-05-01
690,47.6%,ADEA,0.0,TECHNOLOGY,4B,31.9,53M,32.4,4.1%,3.1%,86.9%,45.4%,0.2,10.7%,low_ps,False,0,good,2026-03-31
691,47.6%,PLUS,0.0,TECHNOLOGY,2B,90.3,15M,17.9,-2.8%,5.6%,25.6%,6.9%,1.3,7.3%,high_fcf_yield,False,0,good,2026-03-01
692,47.5%,ALB,0.0,BASIC MATERIALS,23B,196.7,454M,31.6,3.0%,-2.2%,13.1%,1.7%,0.2,-3.1%,high_earnings_yield,False,0,good,2026-03-31
693,47.4%,USPH,0.0,HEALTHCARE,1B,71.2,14M,70.1,5.6%,1.4%,22.2%,13.4%,0.6,1.3%,low_ps,False,0,good,2026-03-31
694,47.3%,CDW,0.0,TECHNOLOGY,18B,136.9,251M,16.6,6.1%,6.0%,21.7%,7.4%,1.2,6.7%,low_ps,False,0,good,2026-03-31
695,47.3%,CHRD,0.0,ENERGY,8B,145.6,107M,185.9,8.6%,0.5%,17.7%,4.0%,0.0,0.3%,high_fcf_yield,False,0,good,2026-03-31
696,47.2%,UPBD,0.0,TECHNOLOGY,1B,19.8,17M,15.8,17.9%,6.3%,44.8%,4.8%,0.1,2.2%,high_fcf_yield,False,0,good,2026-03-31
697,47.1%,CAG,0.0,CONSUMER DEFENSIVE,7B,14.1,194M,9.3,12.4%,-0.6%,24.2%,12.3%,1.0,-0.2%,high_fcf_yield,False,0,good,2026-04-29
698,47.0%,HSBC,0.0,FINANCIAL SERVICES,324B,91.9,157M,14.5,7.8%,6.9%,51.2%,23.1%,7.0,0.7%,high_earnings_yield,False,0,good,2026-03-31
699,47.0%,NCLH,0.0,CONSUMER CYCLICAL,8B,18.2,439M,20.0,-13.8%,5.0%,42.6%,15.9%,0.7,1.9%,high_fcf_yield,False,1,partial,2026-03-31
700,46.9%,VLTO,0.0,INDUSTRIALS,22B,88.2,177M,23.4,4.6%,4.3%,59.9%,23.2%,1.0,12.2%,high_div_yield,False,0,good,2026-03-31
701,46.8%,ARM,0.0,TECHNOLOGY,228B,213.3,2B,284.4,0.4%,0.4%,95.4%,18.6%,0.1,7.9%,low_ps,False,1,partial,2026-03-01
702,46.7%,ALAB,0.0,TECHNOLOGY,35B,194.7,1B,161.0,0.8%,0.6%,75.7%,20.3%,0.0,14.3%,low_ps,False,1,partial,2026-03-31
703,46.7%,ESE,0.0,TECHNOLOGY,8B,303.1,114M,25.8,2.9%,3.9%,41.6%,15.8%,0.1,12.7%,low_ps,False,0,good,2026-03-01
704,46.6%,HROW,0.0,HEALTHCARE,1B,38.2,21M,36.3,3.1%,-0.4%,75.1%,11.2%,0.0,-1.3%,high_earnings_yield,False,1,partial,2026-03-31
705,46.5%,SKYW,0.0,INDUSTRIALS,3B,82.1,36M,7.8,8.6%,12.8%,33.5%,15.2%,1.1,5.8%,high_earnings_yield,False,0,good,2026-03-31
706,46.4%,COLM,0.0,CONSUMER CYCLICAL,3B,60.9,40M,18.8,6.5%,5.3%,50.2%,6.0%,0.3,6.1%,low_ps,False,0,good,2026-03-31
707,46.4%,SNX,0.0,TECHNOLOGY,19B,239.1,159M,19.4,6.5%,5.1%,6.8%,2.6%,1.2,2.8%,low_ps,False,0,good,2026-04-29
708,46.3%,GAP,0.0,CONSUMER CYCLICAL,9B,23.4,144M,11.0,10.9%,9.1%,40.8%,7.3%,0.4,6.5%,high_fcf_yield,False,0,good,2026-05-01
709,46.2%,OKE,0.0,ENERGY,58B,91.4,367M,17.0,4.2%,5.9%,21.5%,20.7%,0.5,5.1%,low_ps,False,0,good,2026-03-31
710,46.1%,CPRT,0.0,INDUSTRIALS,33B,33.9,260M,21.3,4.3%,4.7%,45.3%,36.5%,0.0,14.7%,low_ps,False,1,partial,2026-04-01
711,46.0%,TPC,0.0,INDUSTRIALS,5B,92.9,48M,62.1,11.4%,1.6%,11.7%,4.2%,0.1,1.6%,high_fcf_yield,False,0,good,2026-03-31
712,46.0%,RHI,0.0,INDUSTRIALS,3B,26.6,78M,20.0,10.0%,5.0%,36.8%,1.4%,0.5,4.7%,high_fcf_yield,False,0,good,2026-03-31
713,45.9%,CCL,0.0,CONSUMER CYCLICAL,37B,26.4,784M,11.9,8.1%,8.4%,37.5%,16.9%,0.4,6.0%,high_earnings_yield,False,0,good,2026-04-29
714,45.8%,COIN,0.0,FINANCIAL SERVICES,55B,201.2,2B,43.3,4.4%,2.3%,77.1%,11.2%,1.9,4.2%,low_ps,False,1,partial,2026-03-31
715,45.7%,BKU,0.0,FINANCIAL SERVICES,4B,46.5,40M,13.3,10.0%,7.5%,49.5%,16.7%,4.0,0.8%,high_fcf_yield,False,0,good,2026-03-31
716,45.7%,JBHT,0.0,INDUSTRIALS,24B,251.1,239M,40.0,4.0%,2.5%,13.3%,7.2%,0.9,7.3%,low_ps,False,0,good,2026-03-31
717,45.6%,IDA,0.0,UTILITIES,8B,146.8,73M,25.6,-7.0%,3.9%,20.1%,19.8%,0.3,3.1%,high_fcf_yield,False,0,good,2026-03-31
718,45.5%,LHX,0.0,INDUSTRIALS,60B,320.6,529M,37.6,4.4%,2.7%,24.1%,9.9%,0.2,3.9%,low_ps,False,0,good,2026-03-31
719,45.4%,MAT,0.0,CONSUMER CYCLICAL,5B,15.1,74M,11.4,9.1%,8.8%,48.8%,10.6%,1.5,6.0%,high_earnings_yield,False,0,good,2026-03-31
720,45.4%,LKQ,0.0,CONSUMER CYCLICAL,8B,31.6,87M,13.3,10.5%,7.5%,38.0%,7.8%,0.2,4.0%,high_fcf_yield,False,0,good,2026-03-31
721,45.3%,FANG,0.0,ENERGY,58B,205.6,568M,34.9,2.3%,2.9%,35.1%,32.8%,0.2,2.3%,high_fcf_yield,False,0,good,2026-03-31
722,45.2%,EXLS,0.0,TECHNOLOGY,5B,31.9,71M,19.9,6.0%,5.0%,38.4%,15.0%,0.1,14.7%,low_ps,False,1,partial,2026-03-31
723,45.1%,STC,0.0,FINANCIAL SERVICES,2B,70.0,13M,18.7,6.1%,5.4%,87.7%,5.7%,1.7,3.6%,low_ps,False,0,good,2026-03-31
724,45.1%,OVV,0.0,ENERGY,15B,57.8,217M,12.1,1.7%,8.3%,47.1%,12.6%,0.5,6.1%,high_earnings_yield,False,0,good,2026-03-31
725,45.0%,ALLY,0.0,FINANCIAL SERVICES,14B,44.1,167M,16.2,-3.9%,6.2%,48.1%,6.9%,3.6,0.4%,high_fcf_yield,False,0,good,2026-03-31
726,44.9%,PWR,0.0,INDUSTRIALS,111B,727.8,806M,107.6,1.5%,0.9%,13.0%,5.8%,0.7,4.1%,high_earnings_yield,False,0,good,2026-03-31
727,44.8%,LSCC,0.0,TECHNOLOGY,17B,122.3,305M,5526.8,0.8%,0.0%,66.5%,2.4%,0.1,0.3%,low_pe,False,1,partial,2026-03-31
728,44.8%,GBX,0.0,INDUSTRIALS,2B,50.5,19M,11.0,14.0%,9.1%,16.0%,8.3%,0.2,3.4%,high_fcf_yield,False,0,good,2026-04-29
729,44.7%,GPI,0.0,CONSUMER CYCLICAL,4B,356.9,53M,13.2,9.0%,7.6%,15.5%,4.2%,4.1,3.1%,low_ps,False,0,good,2026-03-31
730,44.6%,BC,0.0,CONSUMER CYCLICAL,5B,79.5,68M,104.6,7.5%,-2.6%,23.8%,5.4%,1.0,-2.6%,high_earnings_yield,False,0,good,2026-03-31
731,44.5%,EQX,0.0,BASIC MATERIALS,9B,14.0,116M,39.0,-0.1%,2.6%,25.0%,23.8%,0.4,2.1%,high_fcf_yield,False,0,good,2026-03-31
732,44.5%,AEO,0.0,CONSUMER CYCLICAL,3B,16.7,80M,15.3,-5.3%,6.6%,33.0%,6.0%,0.6,4.7%,high_fcf_yield,False,0,good,2026-05-01
733,44.4%,BLK,0.0,FINANCIAL SERVICES,176B,1065.6,633M,31.7,2.0%,3.2%,50.5%,29.1%,0.0,3.3%,low_ps,False,0,good,2026-03-31
734,44.3%,AGCO,0.0,INDUSTRIALS,9B,121.0,95M,12.1,8.4%,8.3%,24.9%,6.9%,0.2,6.1%,high_earnings_yield,False,0,good,2026-03-31
735,44.2%,BKR,0.0,ENERGY,69B,69.4,579M,26.7,3.7%,3.7%,23.6%,12.8%,0.4,6.3%,low_ps,False,0,good,2026-03-31
736,44.1%,FLO,0.0,CONSUMER DEFENSIVE,2B,8.4,41M,21.3,18.4%,4.7%,48.1%,6.0%,2.5,2.0%,high_fcf_yield,False,0,good,2026-03-31
737,44.1%,ENSG,0.0,HEALTHCARE,11B,186.7,89M,32.3,3.3%,3.1%,13.7%,8.4%,0.2,6.3%,low_ps,False,0,good,2026-03-31
738,44.0%,SYM,0.0,INDUSTRIALS,8B,59.1,104M,,9.8%,-0.1%,19.2%,-2.6%,,-0.4%,high_fcf_yield,False,3,poor,2026-03-01
739,43.9%,KEYS,0.0,TECHNOLOGY,62B,360.3,378M,65.1,2.1%,1.5%,61.9%,16.0%,0.0,8.3%,low_ps,False,1,partial,2026-04-01
740,43.8%,AGYS,0.0,TECHNOLOGY,2B,71.6,17M,66.9,2.9%,1.5%,60.9%,10.6%,0.1,6.4%,low_ps,False,0,good,2026-03-01
741,43.8%,KN,0.0,TECHNOLOGY,3B,31.2,31M,61.9,3.0%,1.6%,41.3%,13.2%,0.0,4.2%,high_earnings_yield,False,1,partial,2026-03-31
742,43.7%,FDP,0.0,CONSUMER DEFENSIVE,2B,41.9,11M,28.9,11.5%,3.5%,8.8%,3.8%,0.3,2.0%,high_fcf_yield,False,0,good,2026-03-31
743,43.6%,CORT,0.0,HEALTHCARE,6B,46.5,55M,55.9,2.5%,1.8%,98.3%,5.9%,0.0,11.9%,low_evebitda,False,1,partial,2026-03-31
744,43.5%,VST,0.0,UTILITIES,50B,147.7,704M,53.2,1.3%,1.9%,15.9%,5.8%,1.7,2.3%,high_fcf_yield,False,0,good,2026-03-31
745,43.5%,PPG,0.0,BASIC MATERIALS,24B,108.5,238M,15.4,4.8%,6.5%,40.5%,12.7%,0.6,19.8%,low_ps,False,0,good,2026-03-31
746,43.4%,OGS,0.0,UTILITIES,6B,89.2,40M,21.3,-2.3%,4.7%,58.8%,18.8%,2.6,2.8%,high_fcf_yield,False,0,good,2026-03-31
747,43.3%,GM,0.0,CONSUMER CYCLICAL,71B,76.9,527M,26.2,15.7%,3.8%,6.3%,1.6%,4.1,1.0%,high_fcf_yield,False,0,good,2026-03-31
748,43.2%,ALLE,0.0,INDUSTRIALS,12B,137.5,167M,18.5,5.9%,5.4%,45.2%,21.1%,0.0,12.3%,high_earnings_yield,False,0,good,2026-03-31
749,43.2%,ENOV,0.0,HEALTHCARE,2B,26.5,26M,130.2,1.3%,-77.9%,59.8%,-52.6%,0.3,-30.9%,high_earnings_yield,False,0,good,2026-03-31
750,43.1%,PNW,0.0,UTILITIES,13B,102.8,121M,20.6,-6.4%,4.8%,34.9%,21.7%,1.4,1.9%,high_fcf_yield,False,0,good,2026-03-31
751,43.0%,AWR,0.0,UTILITIES,3B,75.3,32M,22.6,-0.2%,4.4%,63.4%,30.9%,0.1,4.8%,high_fcf_yield,False,0,good,2026-03-31
752,42.9%,XPO,-0.0,INDUSTRIALS,26B,220.1,286M,82.9,1.2%,1.2%,12.0%,8.8%,0.2,3.9%,high_fcf_yield,False,1,partial,2026-03-31
753,42.9%,KBH,-0.0,CONSUMER CYCLICAL,3B,49.5,56M,8.9,15.8%,11.2%,17.9%,7.3%,1.1,5.3%,high_fcf_yield,False,0,good,2026-04-29
754,42.8%,SCL,-0.0,BASIC MATERIALS,1B,50.0,9M,24.4,-2.7%,4.1%,11.6%,3.0%,2.7,2.0%,high_fcf_yield,False,0,good,2026-03-31
755,42.7%,MRCY,-0.0,INDUSTRIALS,5B,78.9,50M,721.6,2.1%,-0.6%,28.2%,-1.4%,0.9,-1.2%,low_pe,False,1,partial,2026-03-01
756,42.6%,MATX,-0.0,INDUSTRIALS,5B,174.1,45M,12.0,3.6%,8.4%,22.8%,14.0%,0.3,9.3%,high_earnings_yield,False,0,good,2026-03-31
757,42.6%,C,-0.0,FINANCIAL SERVICES,245B,127.4,2B,17.1,-39.7%,5.8%,44.6%,11.8%,19.6,0.5%,high_fcf_yield,False,0,good,2026-03-31
758,42.5%,SLGN,-0.0,CONSUMER CYCLICAL,4B,40.5,32M,13.7,22.8%,7.3%,16.9%,9.8%,1.4,3.3%,high_fcf_yield,False,0,good,2026-03-31
759,42.4%,HNI,-0.0,CONSUMER CYCLICAL,2B,36.5,24M,31.8,12.2%,3.1%,40.9%,8.1%,0.5,1.1%,high_fcf_yield,False,0,good,2026-03-31
760,42.3%,CFG,-0.0,FINANCIAL SERVICES,28B,65.0,304M,15.3,7.3%,6.5%,69.8%,20.9%,0.8,0.8%,high_earnings_yield,False,0,good,2026-03-31
761,42.2%,STM,-0.0,TECHNOLOGY,55B,55.1,660M,336.6,0.1%,0.3%,33.8%,2.6%,0.3,0.7%,high_fcf_yield,False,0,good,2026-03-31
762,42.2%,DG,-0.0,CONSUMER DEFENSIVE,25B,113.3,325M,16.6,12.3%,6.0%,30.7%,5.2%,0.5,4.9%,high_fcf_yield,False,0,good,2026-05-01
763,42.1%,NBHC,-0.0,FINANCIAL SERVICES,2B,42.7,15M,14.9,7.0%,6.7%,69.2%,24.4%,0.1,1.1%,high_earnings_yield,False,0,good,2026-03-31
764,42.0%,L,-0.0,FINANCIAL SERVICES,23B,112.6,81M,13.9,12.7%,7.2%,43.9%,12.6%,0.8,1.9%,high_fcf_yield,False,0,good,2026-03-31
765,41.9%,PEB,-0.0,REAL ESTATE,2B,14.1,38M,514.2,12.7%,-4.1%,16.7%,2.7%,1.4,-1.2%,high_earnings_yield,False,0,good,2026-03-31
766,41.9%,WTFC,-0.0,FINANCIAL SERVICES,10B,150.6,69M,12.4,8.4%,8.0%,62.2%,26.4%,0.0,1.2%,high_earnings_yield,False,0,good,2026-03-31
767,41.8%,FBNC,-0.0,FINANCIAL SERVICES,2B,57.7,12M,21.5,8.3%,4.7%,70.1%,26.6%,0.1,0.9%,high_fcf_yield,False,0,good,2026-03-31
768,41.7%,AZZ,-0.0,INDUSTRIALS,4B,143.0,31M,13.6,7.5%,7.4%,23.9%,16.0%,0.0,14.3%,high_earnings_yield,False,0,good,2026-04-29
769,41.6%,ACHC,-0.0,HEALTHCARE,2B,25.9,90M,19.7,-18.7%,-46.9%,60.6%,9.7%,0.2,-20.0%,high_earnings_yield,False,1,partial,2026-03-31
770,41.6%,HSIC,-0.0,HEALTHCARE,9B,74.6,110M,21.8,6.5%,4.6%,29.1%,5.8%,1.7,3.5%,low_ps,False,1,partial,2026-03-31
771,41.5%,OSW,-0.0,CONSUMER CYCLICAL,3B,24.7,22M,35.2,2.7%,2.8%,13.9%,9.1%,0.0,10.1%,low_ps,False,0,good,2026-03-31
772,41.4%,KMX,-0.0,CONSUMER CYCLICAL,6B,39.3,117M,23.5,21.4%,4.3%,10.8%,0.8%,2.0,0.9%,high_fcf_yield,False,1,partial,2026-04-29
773,41.3%,ALGN,-0.0,HEALTHCARE,13B,176.0,194M,30.7,3.2%,3.3%,67.3%,13.6%,0.0,6.6%,low_ps,False,1,partial,2026-03-31
774,41.3%,WST,-0.0,HEALTHCARE,22B,297.6,317M,43.6,2.2%,2.3%,35.9%,20.1%,0.0,11.6%,low_ps,False,0,good,2026-03-31
775,41.2%,COLB,-0.0,FINANCIAL SERVICES,6B,29.6,71M,11.3,10.9%,8.8%,67.7%,23.4%,3.9,0.8%,high_fcf_yield,False,0,good,2026-03-31
776,41.1%,AMKR,-0.0,TECHNOLOGY,17B,69.8,404M,46.2,1.1%,2.2%,14.0%,7.0%,0.3,4.6%,high_fcf_yield,False,0,good,2026-03-31
777,41.0%,BANF,-0.0,FINANCIAL SERVICES,4B,111.6,15M,15.8,6.2%,6.3%,82.9%,36.8%,0.0,1.6%,high_earnings_yield,False,0,good,2026-03-31
778,41.0%,XOM,-0.0,ENERGY,646B,154.3,3B,22.4,3.7%,4.5%,21.7%,10.5%,0.3,6.4%,low_ps,False,0,good,2026-03-31
779,40.9%,REGN,-0.0,HEALTHCARE,76B,707.1,547M,16.9,5.4%,5.9%,85.4%,24.9%,0.0,11.1%,high_earnings_yield,False,0,good,2026-03-31
780,40.8%,PII,-0.0,CONSUMER CYCLICAL,4B,66.3,115M,72.4,14.7%,-12.2%,18.5%,-0.4%,3.3,-9.5%,high_earnings_yield,False,0,good,2026-03-31
781,40.7%,SBH,-0.0,CONSUMER CYCLICAL,1B,14.0,19M,7.8,15.3%,12.8%,51.7%,8.2%,0.4,6.3%,high_fcf_yield,False,1,partial,2026-03-01
782,40.7%,TECH,-0.0,HEALTHCARE,9B,55.3,151M,107.0,2.6%,0.9%,65.2%,9.6%,0.1,3.2%,low_ps,False,0,good,2026-03-01
783,40.6%,ISRG,-0.0,HEALTHCARE,165B,457.6,1B,57.6,1.5%,1.7%,66.0%,29.3%,0.0,13.8%,low_ps,False,1,partial,2026-03-31
784,40.5%,SAH,-0.0,CONSUMER CYCLICAL,3B,78.8,18M,22.6,15.9%,4.4%,14.6%,3.6%,7.6,2.0%,high_fcf_yield,False,0,good,2026-03-31
785,40.4%,MWA,-0.0,INDUSTRIALS,4B,27.9,40M,22.0,4.0%,4.5%,37.0%,18.9%,0.0,10.8%,low_ps,False,0,good,2026-03-01
786,40.3%,MMI,-0.0,REAL ESTATE,1B,30.4,6M,71.8,5.1%,-0.2%,37.7%,-1.8%,1.2,-0.2%,high_earnings_yield,False,0,good,2026-03-31
787,40.3%,BRKR,-0.0,HEALTHCARE,6B,36.7,86M,74.1,0.8%,-0.2%,45.9%,5.5%,0.2,-0.1%,high_earnings_yield,False,0,good,2026-03-31
788,40.2%,MD,-0.0,HEALTHCARE,2B,22.5,18M,11.3,13.5%,8.8%,25.5%,11.2%,0.2,7.4%,high_fcf_yield,False,1,partial,2026-03-31
789,40.1%,NXPI,-0.0,TECHNOLOGY,74B,293.6,1B,36.8,3.1%,2.7%,54.6%,26.4%,0.6,7.6%,low_ps,False,0,good,2026-03-31
790,40.0%,DLTR,-0.0,CONSUMER DEFENSIVE,19B,94.2,365M,14.7,7.4%,6.8%,36.4%,8.2%,0.5,9.5%,low_ps,False,1,partial,2026-05-01
791,40.0%,DIOD,-0.0,TECHNOLOGY,5B,111.4,72M,77.7,2.7%,1.3%,31.2%,2.4%,0.3,2.7%,high_earnings_yield,False,1,partial,2026-03-31
792,39.9%,MNST,-0.0,CONSUMER DEFENSIVE,85B,86.3,400M,44.8,2.3%,2.2%,55.8%,29.2%,0.0,19.1%,low_ps,False,1,partial,2026-03-31
793,39.8%,IEX,-0.0,INDUSTRIALS,16B,217.8,154M,33.5,3.8%,3.0%,44.5%,20.9%,0.0,7.0%,high_div_yield,False,0,good,2026-03-31
794,39.7%,ABM,-0.0,INDUSTRIALS,2B,40.2,16M,15.5,13.4%,6.5%,11.5%,3.7%,0.2,3.0%,high_fcf_yield,False,0,good,2026-04-01
795,39.7%,AFRM,-0.0,FINANCIAL SERVICES,22B,64.0,354M,78.9,2.8%,1.3%,67.7%,6.2%,0.0,2.2%,low_ps,False,1,partial,2026-03-01
796,39.6%,HR,-0.0,REAL ESTATE,6B,18.7,93M,148.1,2.0%,-3.8%,-33.6%,8.0%,0.5,-2.7%,high_earnings_yield,False,0,good,2026-03-31
797,39.5%,RTX,-0.0,INDUSTRIALS,240B,176.1,1B,35.7,3.3%,2.8%,20.1%,10.0%,0.5,3.9%,low_ps,False,0,good,2026-03-31
798,39.4%,UHS,-0.0,HEALTHCARE,10B,168.3,161M,7.0,8.0%,14.3%,90.4%,11.5%,0.6,9.3%,high_earnings_yield,False,0,good,2026-03-31
799,39.4%,NTR,-0.0,BASIC MATERIALS,33B,68.3,212M,14.5,6.0%,6.9%,31.1%,13.4%,0.5,4.3%,low_ps,False,0,good,2026-03-31
800,39.3%,BBY,-0.0,CONSUMER CYCLICAL,13B,59.4,195M,11.8,10.0%,8.5%,22.5%,3.3%,0.3,7.3%,low_ps,False,0,good,2026-05-01
801,39.2%,GRMN,-0.0,TECHNOLOGY,49B,251.1,203M,29.2,2.8%,3.4%,58.7%,25.9%,0.0,15.1%,low_ps,False,0,good,2026-03-31
802,39.1%,DHR,-0.0,HEALTHCARE,127B,178.9,978M,35.2,4.1%,2.8%,60.9%,20.9%,0.0,4.3%,low_ps,False,0,good,2026-03-31
803,39.1%,WRB,-0.0,FINANCIAL SERVICES,26B,66.8,143M,14.8,13.0%,6.7%,19.8%,15.9%,0.0,4.0%,high_fcf_yield,False,0,good,2026-03-31
804,39.0%,BIO,-0.0,HEALTHCARE,8B,280.1,100M,9.9,5.0%,10.1%,51.9%,8.9%,0.0,7.2%,high_earnings_yield,False,1,partial,2026-03-31
805,38.9%,NDSN,-0.0,INDUSTRIALS,16B,283.5,91M,30.4,4.1%,3.3%,55.2%,25.9%,0.1,8.8%,low_ps,False,0,good,2026-04-01
806,38.8%,HOPE,-0.0,FINANCIAL SERVICES,2B,12.3,12M,27.1,9.3%,3.7%,48.6%,8.3%,3.4,0.3%,high_fcf_yield,False,0,good,2026-03-31
807,38.8%,AMZN,-0.0,CONSUMER CYCLICAL,2.9T,265.1,13B,37.1,0.3%,2.7%,50.3%,11.2%,0.0,9.5%,high_fcf_yield,False,0,good,2026-03-31
808,38.7%,OLED,-0.0,TECHNOLOGY,4B,87.1,108M,17.0,3.8%,5.9%,73.4%,38.5%,0.0,12.3%,low_ps,False,0,good,2026-03-31
809,38.6%,TBBK,-0.0,FINANCIAL SERVICES,3B,59.8,26M,11.2,10.0%,9.0%,62.5%,36.2%,0.6,2.4%,high_earnings_yield,False,1,partial,2026-03-31
810,38.5%,AOS,-0.0,INDUSTRIALS,9B,61.8,118M,15.8,6.3%,6.3%,38.8%,19.0%,0.1,17.4%,high_earnings_yield,False,0,good,2026-03-31
811,38.4%,WAL,-0.0,FINANCIAL SERVICES,9B,81.5,80M,9.2,-31.3%,10.9%,61.2%,22.8%,5.9,1.0%,high_fcf_yield,False,0,good,2026-03-31
812,38.4%,NKE,-0.0,CONSUMER CYCLICAL,65B,44.1,888M,29.1,1.6%,3.4%,40.8%,6.0%,0.7,6.1%,low_ps,False,0,good,2026-04-29
813,38.3%,ST,-0.0,TECHNOLOGY,6B,41.6,98M,195.3,8.0%,0.5%,27.4%,14.2%,0.0,0.5%,low_ps,False,0,good,2026-03-31
814,38.2%,WDFC,-0.0,BASIC MATERIALS,3B,208.1,38M,35.2,3.0%,2.8%,55.7%,16.5%,0.3,16.9%,high_fcf_yield,False,0,good,2026-04-29
815,38.1%,INVA,-0.0,HEALTHCARE,2B,23.0,13M,7.2,10.0%,13.9%,78.9%,-4.0%,0.0,16.6%,high_earnings_yield,False,0,good,2026-03-31
816,38.1%,MSA,-0.0,INDUSTRIALS,6B,166.4,47M,23.3,4.6%,4.3%,46.5%,21.4%,0.0,10.9%,low_ps,False,0,good,2026-03-31
817,38.0%,SLM,-0.0,FINANCIAL SERVICES,5B,23.1,81M,6.1,12.6%,16.3%,53.1%,31.9%,1.0,2.5%,high_earnings_yield,False,0,good,2026-03-31
818,37.9%,CCOI,-0.0,COMMUNICATION SERVICES,1B,22.6,30M,82.4,-18.3%,-16.8%,32.1%,-10.6%,0.4,-5.9%,high_earnings_yield,False,0,good,2026-03-31
819,37.8%,WY,-0.0,REAL ESTATE,18B,24.5,128M,54.6,-0.5%,1.8%,13.6%,6.7%,1.0,2.0%,high_fcf_yield,False,0,good,2026-03-31
820,37.8%,PRDO,-0.0,CONSUMER DEFENSIVE,2B,36.0,19M,14.3,9.5%,7.0%,71.7%,23.2%,0.0,12.6%,high_fcf_yield,False,0,good,2026-03-31
821,37.7%,AES,-0.0,UTILITIES,4B,14.3,165M,4.2,-43.4%,24.0%,18.1%,15.0%,1.9,1.7%,high_fcf_yield,False,0,good,2026-03-31
822,37.6%,EW,-0.0,HEALTHCARE,48B,83.5,458M,45.3,2.8%,2.2%,78.1%,26.7%,0.0,7.8%,low_ps,False,1,partial,2026-03-31
823,37.5%,FOXA,-0.0,COMMUNICATION SERVICES,28B,62.9,165M,14.7,8.4%,6.8%,33.1%,19.0%,0.0,8.8%,high_fcf_yield,False,0,good,2026-03-01
824,37.5%,FOX,-0.0,COMMUNICATION SERVICES,25B,56.6,51M,13.2,9.3%,7.6%,33.1%,19.0%,0.0,8.8%,high_fcf_yield,False,0,good,2026-03-01
825,37.4%,HSY,-0.0,CONSUMER DEFENSIVE,38B,185.7,376M,43.0,3.8%,2.3%,33.3%,12.1%,0.8,6.4%,low_ps,False,0,good,2026-03-31
826,37.3%,HOG,-0.0,CONSUMER CYCLICAL,3B,23.9,83M,7.8,15.7%,12.8%,26.8%,8.7%,4.5,4.2%,high_fcf_yield,False,0,good,2026-03-31
827,37.2%,FLG,-0.0,FINANCIAL SERVICES,7B,14.0,72M,4.9,-3.6%,-2.7%,38.2%,-4.2%,127.8,-0.2%,high_fcf_yield,False,0,good,2026-03-31
828,37.2%,WBD,-0.0,COMMUNICATION SERVICES,67B,27.1,475M,92.7,4.6%,1.1%,40.3%,2.5%,0.0,0.7%,high_div_yield,False,0,good,2026-03-31
829,37.1%,UNFI,-0.0,CONSUMER DEFENSIVE,3B,52.3,28M,35.6,12.0%,-2.4%,13.3%,0.3%,0.4,-1.1%,high_fcf_yield,False,1,partial,2026-04-01
830,37.0%,FFIN,-0.0,FINANCIAL SERVICES,5B,32.3,23M,18.3,6.1%,5.5%,71.8%,37.5%,0.1,1.6%,high_earnings_yield,False,0,good,2026-03-31
831,36.9%,LZB,-0.0,CONSUMER CYCLICAL,1B,35.7,13M,17.7,10.7%,5.6%,43.5%,5.5%,0.4,4.0%,high_fcf_yield,False,0,good,2026-04-01
832,36.9%,SR,-0.0,UTILITIES,5B,91.2,36M,18.9,-5.0%,5.3%,41.4%,21.4%,2.1,2.4%,high_fcf_yield,False,0,good,2026-03-01
833,36.8%,CDE,-0.0,BASIC MATERIALS,12B,18.0,355M,20.0,5.7%,5.0%,50.6%,35.0%,0.0,12.5%,low_ps,False,1,partial,2026-03-31
834,36.7%,SAFT,-0.0,FINANCIAL SERVICES,1B,75.2,7M,11.0,17.6%,9.1%,36.4%,10.1%,0.4,4.0%,high_fcf_yield,False,0,good,2026-03-31
835,36.6%,TRUP,-0.0,FINANCIAL SERVICES,1B,24.0,10M,53.8,7.2%,1.9%,19.5%,0.9%,0.4,2.1%,low_ps,False,1,partial,2026-03-31
836,36.6%,DTE,-0.0,UTILITIES,32B,151.7,235M,21.6,-3.2%,4.6%,37.6%,14.4%,1.0,2.7%,high_fcf_yield,False,0,good,2026-03-31
837,36.5%,RBA,-0.0,INDUSTRIALS,20B,104.3,120M,45.5,3.4%,2.2%,45.4%,18.5%,0.4,3.5%,high_earnings_yield,False,0,good,2026-03-31
838,36.4%,JOE,-0.0,REAL ESTATE,4B,64.6,19M,32.1,4.9%,3.1%,93.0%,28.5%,0.1,7.6%,low_ps,False,0,good,2026-03-31
839,36.3%,ATO,-0.0,UTILITIES,30B,190.0,157M,24.4,-5.3%,4.1%,52.3%,33.2%,0.0,4.2%,high_fcf_yield,False,0,good,2026-03-01
840,36.2%,MLKN,-0.0,CONSUMER CYCLICAL,1B,16.3,12M,104.4,7.4%,1.0%,38.7%,5.6%,0.4,0.3%,low_ps,False,0,good,2026-04-29
841,36.2%,VFC,-0.0,CONSUMER CYCLICAL,8B,19.0,132M,33.7,-8.8%,3.0%,53.8%,4.6%,1.2,2.1%,high_fcf_yield,False,0,good,2026-03-01
842,36.1%,NVS,-0.0,HEALTHCARE,283B,147.8,206M,20.3,5.5%,4.9%,75.7%,31.3%,0.5,12.1%,high_earnings_yield,False,0,good,2026-03-31
843,36.0%,CRL,-0.0,HEALTHCARE,9B,177.6,148M,585.8,6.0%,-1.7%,32.9%,10.7%,0.1,-2.0%,low_pe,False,1,partial,2026-03-31
844,35.9%,CALY,-0.0,CONSUMER CYCLICAL,4B,17.5,48M,84.2,-1.6%,-1.6%,60.3%,4.2%,4.6,-0.8%,high_fcf_yield,False,0,good,2026-03-31
845,35.9%,EZPW,-0.0,FINANCIAL SERVICES,3B,32.8,22M,22.2,4.5%,4.5%,58.6%,12.6%,0.3,6.2%,low_ps,False,1,partial,2026-03-01
846,35.8%,VSH,-0.0,TECHNOLOGY,5B,34.3,109M,26.2,-1.9%,-0.2%,19.4%,1.9%,0.1,-0.2%,high_fcf_yield,False,0,good,2026-03-31
847,35.7%,UCB,-0.0,FINANCIAL SERVICES,4B,33.3,27M,12.3,10.1%,8.2%,66.0%,27.5%,0.2,1.2%,high_fcf_yield,False,0,good,2026-03-31
848,35.6%,NPK,-0.0,INDUSTRIALS,1B,142.5,11M,30.7,-3.6%,3.3%,15.9%,8.0%,1.0,6.6%,high_fcf_yield,False,0,good,2026-03-31
849,35.6%,INDB,-0.0,FINANCIAL SERVICES,4B,78.0,30M,18.6,6.2%,5.4%,67.9%,22.9%,0.2,0.8%,high_earnings_yield,False,0,good,2026-03-31
850,35.5%,EPAC,-0.0,INDUSTRIALS,2B,35.5,14M,21.9,5.9%,4.6%,48.6%,20.5%,0.1,10.8%,low_ps,False,0,good,2026-04-29
851,35.4%,OTTR,-0.0,INDUSTRIALS,4B,88.0,27M,12.5,-1.1%,8.0%,39.1%,27.1%,0.6,7.1%,high_fcf_yield,False,0,good,2026-03-31
852,35.3%,PNR,-0.0,INDUSTRIALS,13B,80.7,185M,20.2,5.6%,4.9%,40.5%,20.5%,0.0,9.5%,high_earnings_yield,False,0,good,2026-03-31
853,35.3%,UAA,-0.0,CONSUMER CYCLICAL,3B,6.4,43M,19.4,-1.7%,-19.0%,46.6%,-2.5%,8.2,-11.2%,high_earnings_yield,False,1,partial,2026-03-01
854,35.2%,POWI,-0.0,TECHNOLOGY,4B,73.3,93M,185.3,2.1%,0.5%,54.5%,5.8%,0.1,2.9%,low_ps,False,0,good,2026-03-31
855,35.1%,NHC,-0.0,HEALTHCARE,3B,188.8,20M,24.8,5.0%,4.0%,46.4%,8.1%,0.2,7.9%,low_ps,False,0,good,2026-03-31
856,35.0%,NBIX,-0.0,HEALTHCARE,14B,131.7,173M,28.4,5.5%,3.5%,98.2%,21.6%,0.1,10.3%,high_fcf_yield,False,1,partial,2026-03-31
857,35.0%,RRX,-0.0,INDUSTRIALS,14B,214.4,282M,51.2,6.2%,2.0%,37.6%,11.6%,0.1,2.0%,low_ps,False,0,good,2026-03-31
858,34.9%,KTOS,-0.0,INDUSTRIALS,11B,63.0,256M,514.1,-1.2%,0.2%,22.1%,2.1%,0.2,0.9%,low_pe,False,1,partial,2026-03-31
859,34.8%,CNS,-0.0,FINANCIAL SERVICES,4B,70.3,22M,23.7,-2.0%,4.2%,57.5%,31.3%,0.1,16.8%,high_fcf_yield,False,0,good,2026-03-31
860,34.7%,LQDT,-0.0,CONSUMER CYCLICAL,1B,36.2,6M,39.3,6.0%,2.5%,44.8%,7.9%,0.1,8.1%,low_ps,False,1,partial,2026-03-01
861,34.7%,STE,-0.0,HEALTHCARE,20B,207.4,148M,29.0,4.5%,3.5%,44.1%,17.2%,0.0,6.7%,high_div_yield,False,0,good,2026-03-01
862,34.6%,JBTM,-0.0,INDUSTRIALS,6B,118.1,71M,63.5,3.8%,-0.8%,35.1%,5.0%,2.7,-0.6%,high_earnings_yield,False,0,good,2026-03-31
863,34.5%,CYTK,-0.0,HEALTHCARE,8B,64.0,242M,390.3,-6.8%,-10.0%,-22.3%,-695.4%,2.2,-55.1%,low_ps,False,1,partial,2026-03-31
864,34.4%,EMR,-0.0,INDUSTRIALS,79B,140.4,421M,34.2,3.3%,2.9%,52.8%,19.9%,2.3,5.5%,high_fcf_yield,False,0,good,2026-03-01
865,34.3%,FTV,-0.0,TECHNOLOGY,19B,59.8,202M,32.3,5.2%,3.1%,61.0%,17.7%,1.5,4.9%,high_div_yield,False,0,good,2026-03-31
866,34.3%,MGEE,-0.0,UTILITIES,3B,80.2,25M,21.6,-2.7%,4.6%,97.3%,22.9%,0.8,4.3%,high_fcf_yield,False,0,good,2026-03-31
867,34.2%,FAF,-0.0,FINANCIAL SERVICES,7B,70.1,61M,11.7,10.5%,8.6%,72.3%,11.1%,0.8,3.8%,high_fcf_yield,False,0,good,2026-03-31
868,34.1%,LFUS,-0.0,TECHNOLOGY,10B,404.2,120M,74.0,3.6%,-0.7%,38.0%,1.6%,0.8,-1.8%,high_earnings_yield,False,0,good,2026-03-31
869,34.0%,MDLZ,-0.0,CONSUMER DEFENSIVE,79B,61.4,464M,32.4,4.1%,3.1%,28.4%,9.3%,1.6,3.4%,low_ps,False,0,good,2026-03-31
870,34.0%,COO,-0.0,HEALTHCARE,12B,60.0,146M,30.0,4.1%,3.3%,64.2%,17.2%,1.3,3.2%,low_ps,False,0,good,2026-04-01
871,33.9%,PLXS,-0.0,TECHNOLOGY,7B,250.6,90M,38.8,1.1%,2.6%,10.0%,5.1%,0.5,5.5%,low_ps,False,1,partial,2026-03-01
872,33.8%,WWW,-0.0,CONSUMER CYCLICAL,1B,16.7,16M,14.2,9.2%,7.0%,47.3%,8.0%,1.0,5.6%,low_ps,False,0,good,2026-03-31
873,33.7%,HLX,-0.0,ENERGY,2B,10.3,23M,49.4,7.9%,2.0%,12.3%,5.0%,0.3,1.1%,low_ps,False,1,partial,2026-03-31
874,33.7%,CGNX,-0.0,TECHNOLOGY,10B,55.5,150M,83.5,2.5%,1.2%,66.9%,16.3%,0.1,5.7%,low_ps,False,0,good,2026-03-31
875,33.6%,MHK,-0.0,CONSUMER CYCLICAL,7B,105.6,112M,17.6,9.5%,5.7%,24.3%,4.8%,0.6,2.7%,low_ps,False,1,partial,2026-03-31
876,33.5%,VIST,-0.0,ENERGY,8B,74.3,92M,11.0,-10.3%,9.1%,47.4%,30.3%,0.5,10.1%,high_fcf_yield,False,1,partial,2026-03-31
877,33.4%,MTZ,-0.0,INDUSTRIALS,31B,394.1,370M,77.8,0.7%,1.3%,11.8%,5.3%,0.4,3.9%,high_fcf_yield,False,1,partial,2026-03-31
878,33.4%,GNRC,-0.0,INDUSTRIALS,15B,259.2,214M,96.2,1.9%,1.0%,38.3%,6.9%,0.3,2.9%,high_earnings_yield,False,0,good,2026-03-31
879,33.3%,NPO,-0.0,INDUSTRIALS,6B,291.6,73M,151.9,2.6%,0.7%,42.6%,14.1%,0.0,1.5%,high_earnings_yield,False,0,good,2026-03-31
880,33.2%,NVMI,-0.0,TECHNOLOGY,18B,521.2,157M,68.0,1.2%,1.5%,57.4%,28.8%,0.0,11.0%,low_ps,False,1,partial,2026-03-31
881,33.1%,FLS,-0.0,INDUSTRIALS,9B,73.6,243M,27.4,4.6%,3.7%,34.6%,12.2%,0.2,6.1%,low_ps,False,0,good,2026-03-31
882,33.1%,NYT,-0.0,COMMUNICATION SERVICES,13B,79.0,187M,37.6,4.3%,2.7%,51.1%,15.4%,0.0,11.5%,high_div_yield,False,0,good,2026-03-31
883,33.0%,PRGS,-0.0,TECHNOLOGY,1B,29.9,26M,15.0,20.2%,6.7%,78.7%,17.2%,2.2,3.5%,high_fcf_yield,False,0,good,2026-04-29
884,32.9%,GBCI,-0.0,FINANCIAL SERVICES,6B,49.0,42M,26.7,5.3%,3.7%,69.0%,22.9%,6.9,0.7%,high_fcf_yield,False,0,good,2026-03-31
885,32.8%,HST,-0.0,REAL ESTATE,15B,21.1,154M,19.2,5.9%,5.2%,39.7%,14.0%,0.6,5.9%,low_ps,False,0,good,2026-03-31
886,32.8%,WMT,-0.0,CONSUMER DEFENSIVE,1.0T,130.4,2B,47.7,1.4%,2.1%,24.9%,4.2%,0.5,7.7%,low_ps,False,0,good,2026-05-01
887,32.7%,NSSC,-0.0,INDUSTRIALS,2B,46.8,16M,35.2,3.2%,2.8%,56.2%,26.9%,0.1,22.3%,low_ps,False,0,good,2026-03-01
888,32.6%,ZWS,-0.0,INDUSTRIALS,9B,52.0,73M,44.5,3.6%,2.2%,43.4%,16.8%,0.0,7.4%,low_ps,False,0,good,2026-03-31
889,32.5%,XEL,-0.0,UTILITIES,52B,83.0,400M,25.7,-21.1%,3.9%,24.3%,19.6%,0.7,2.5%,high_fcf_yield,False,0,good,2026-03-31
890,32.4%,USB,-0.0,FINANCIAL SERVICES,88B,56.7,501M,11.6,9.0%,8.6%,62.8%,22.2%,2.4,1.1%,high_earnings_yield,False,0,good,2026-03-31
891,32.4%,DAN,-0.0,CONSUMER CYCLICAL,5B,34.7,36M,86.4,6.2%,-0.7%,7.7%,-1.7%,2.7,-0.4%,low_ps,False,0,good,2026-03-31
892,32.3%,ZION,-0.0,FINANCIAL SERVICES,9B,63.4,98M,10.4,9.5%,9.6%,67.1%,23.8%,3.9,1.0%,high_earnings_yield,False,0,good,2026-03-31
893,32.2%,CURB,-0.0,REAL ESTATE,3B,27.6,22M,82.3,3.3%,1.2%,74.9%,16.7%,,1.6%,low_ps,False,1,partial,2026-03-31
894,32.1%,IPAR,-0.0,CONSUMER DEFENSIVE,3B,91.2,22M,17.4,5.8%,5.8%,63.6%,18.2%,0.5,10.6%,low_ps,False,0,good,2026-03-31
895,32.1%,FDS,-0.0,FINANCIAL SERVICES,8B,223.6,184M,14.1,8.2%,7.1%,51.9%,31.2%,0.0,13.9%,high_earnings_yield,False,0,good,2026-04-29
896,32.0%,AKAM,-0.0,TECHNOLOGY,22B,147.7,624M,49.0,3.2%,2.0%,57.9%,14.8%,0.2,3.9%,high_earnings_yield,False,1,partial,2026-03-31
897,31.9%,SCHW,-0.0,FINANCIAL SERVICES,160B,91.3,1B,18.1,5.5%,5.5%,84.7%,43.3%,1.3,1.8%,low_ps,False,0,good,2026-03-31
898,31.8%,WEX,-0.0,TECHNOLOGY,5B,150.3,111M,17.3,5.7%,5.8%,57.8%,25.0%,2.8,2.1%,low_ps,False,1,partial,2026-03-31
899,31.8%,XYL,-0.0,INDUSTRIALS,29B,118.2,309M,30.0,3.2%,3.3%,38.5%,13.5%,0.6,5.4%,low_ps,False,0,good,2026-03-31
900,31.7%,ARIS,-0.0,BASIC MATERIALS,4B,17.9,23M,46.2,2.1%,2.2%,47.7%,39.6%,0.3,3.1%,high_fcf_yield,False,0,good,2026-03-31
901,31.6%,PH,-0.0,INDUSTRIALS,116B,907.4,726M,32.8,2.9%,3.0%,37.3%,21.0%,0.9,11.6%,low_ps,False,0,good,2026-03-01
902,31.5%,CHD,-0.0,CONSUMER DEFENSIVE,23B,97.1,193M,31.4,4.7%,3.2%,44.7%,17.4%,0.0,8.3%,high_div_yield,False,0,good,2026-03-31
903,31.5%,WELL,-0.0,REAL ESTATE,158B,217.3,601M,168.5,1.8%,0.6%,39.2%,3.3%,0.0,1.4%,low_ps,False,0,good,2026-03-31
904,31.4%,NOW,-0.0,TECHNOLOGY,92B,88.3,3B,52.5,5.0%,1.9%,77.5%,13.7%,0.0,6.7%,low_ps,False,1,partial,2026-03-31
905,31.3%,GS,-0.0,FINANCIAL SERVICES,285B,923.8,2B,16.6,-16.6%,6.0%,47.5%,17.5%,16.6,0.9%,high_fcf_yield,False,0,good,2026-03-31
906,31.2%,GRBK,-0.0,CONSUMER CYCLICAL,3B,67.4,12M,9.4,7.1%,10.7%,30.5%,19.5%,0.1,12.3%,high_earnings_yield,False,1,partial,2026-03-31
907,31.2%,TEL,-0.0,TECHNOLOGY,62B,211.7,667M,30.3,5.0%,3.3%,34.9%,18.8%,0.4,8.1%,low_ps,False,0,good,2026-03-01
908,31.1%,ITT,-0.0,INDUSTRIALS,19B,214.3,158M,38.6,2.9%,2.6%,35.4%,17.4%,0.6,7.7%,high_fcf_yield,False,0,good,2026-03-31
909,31.0%,UFPT,-0.0,HEALTHCARE,1B,191.6,50M,21.9,5.3%,4.6%,28.3%,15.3%,0.3,10.3%,low_ps,False,1,partial,2026-03-31
910,30.9%,DOV,-0.0,INDUSTRIALS,31B,226.4,244M,28.1,3.6%,3.6%,39.8%,17.0%,0.8,8.2%,high_div_yield,False,0,good,2026-03-31
911,30.9%,AG,-0.0,BASIC MATERIALS,11B,21.9,251M,61.7,3.3%,1.6%,35.5%,29.0%,0.0,3.7%,low_ps,False,0,good,2026-03-31
912,30.8%,SQM,-0.0,BASIC MATERIALS,26B,91.4,115M,44.3,1.7%,2.3%,29.6%,23.9%,0.7,4.1%,high_fcf_yield,False,0,good,2026-03-31
913,30.7%,PODD,-0.0,HEALTHCARE,12B,172.1,265M,48.9,3.1%,2.0%,71.6%,17.5%,0.1,7.7%,high_earnings_yield,False,1,partial,2026-03-31
914,30.6%,FELE,-0.0,INDUSTRIALS,4B,99.9,37M,30.4,4.3%,3.3%,35.5%,12.8%,0.2,7.6%,low_ps,False,0,good,2026-03-31
915,30.5%,BCPC,-0.0,BASIC MATERIALS,5B,161.6,39M,34.2,3.3%,2.9%,35.7%,20.9%,0.0,9.1%,low_ps,False,0,good,2026-03-31
916,30.5%,EVRG,-0.0,UTILITIES,19B,81.8,156M,22.5,-3.9%,4.4%,32.3%,25.2%,1.6,2.4%,high_fcf_yield,False,0,good,2026-03-31
917,30.4%,NEM,-0.0,BASIC MATERIALS,121B,111.1,839M,17.0,4.9%,5.9%,49.8%,46.9%,0.0,12.4%,high_earnings_yield,False,0,good,2026-03-31
918,30.3%,OI,-0.0,CONSUMER CYCLICAL,1B,9.1,28M,5.4,12.1%,-9.3%,17.2%,9.5%,0.4,-1.4%,high_earnings_yield,False,0,good,2026-03-31
919,30.2%,PIPR,-0.0,FINANCIAL SERVICES,6B,87.2,57M,22.1,10.8%,4.5%,98.1%,20.1%,0.1,10.9%,high_fcf_yield,False,0,good,2026-03-31
920,30.2%,ES,-0.0,UTILITIES,25B,66.5,143M,14.8,-0.2%,6.8%,47.8%,22.1%,1.1,2.7%,high_fcf_yield,False,0,good,2026-03-31
921,30.1%,MLM,-0.0,BASIC MATERIALS,37B,619.1,307M,32.9,2.6%,3.0%,30.0%,23.3%,0.0,6.1%,low_ps,False,0,good,2026-03-31
922,30.0%,RGEN,-0.0,HEALTHCARE,7B,118.3,142M,137.1,1.4%,0.7%,50.9%,7.6%,0.1,1.7%,low_ps,False,1,partial,2026-03-31
923,29.9%,TDY,-0.0,TECHNOLOGY,30B,645.9,236M,33.8,3.6%,3.0%,39.2%,18.8%,0.6,5.9%,low_ps,False,1,partial,2026-03-31
924,29.9%,FFIV,-0.0,TECHNOLOGY,19B,323.9,262M,26.3,4.6%,3.8%,81.4%,24.7%,0.0,11.2%,low_ps,False,1,partial,2026-03-01
925,29.8%,CSCO,-0.0,TECHNOLOGY,385B,96.6,2B,34.8,3.2%,2.9%,64.8%,22.7%,1.0,9.0%,low_ps,False,0,good,2026-04-01
926,29.7%,DHT,-0.0,ENERGY,3B,18.5,58M,14.1,-1.1%,7.1%,38.3%,45.1%,0.2,13.2%,high_fcf_yield,False,0,good,2026-03-31
927,29.6%,GL,-0.0,FINANCIAL SERVICES,12B,154.3,80M,10.6,10.2%,9.4%,33.4%,24.4%,0.4,3.8%,high_earnings_yield,False,0,good,2026-03-31
928,29.6%,ATR,-0.0,HEALTHCARE,8B,123.2,69M,21.2,3.6%,4.7%,29.6%,13.5%,0.9,7.5%,low_ps,False,0,good,2026-03-31
929,29.5%,INTC,-0.0,TECHNOLOGY,480B,94.5,14B,1118.6,-1.0%,-0.1%,34.8%,-4.2%,0.3,-0.1%,low_pe,False,0,good,2026-03-31
930,29.4%,MORN,-0.0,FINANCIAL SERVICES,7B,168.7,104M,17.7,6.7%,5.6%,61.0%,21.5%,0.1,10.4%,high_earnings_yield,False,0,good,2026-03-31
931,29.3%,ECO,-0.0,INDUSTRIALS,2B,56.2,19M,15.4,3.5%,6.5%,49.4%,41.5%,0.9,10.2%,high_earnings_yield,False,0,good,2026-03-31
932,29.3%,PACS,-0.0,HEALTHCARE,5B,33.6,24M,27.5,6.4%,3.6%,18.4%,5.9%,0.4,3.4%,low_ps,False,1,partial,2026-03-31
933,29.2%,MRX,-0.0,FINANCIAL SERVICES,4B,56.5,58M,9.5,15.2%,10.6%,64.8%,30.0%,12.9,1.3%,high_fcf_yield,False,0,good,2026-03-31
934,29.1%,LNT,-0.0,UTILITIES,19B,73.4,177M,23.5,-18.1%,4.3%,40.1%,23.5%,1.2,3.1%,high_fcf_yield,False,0,good,2026-03-31
935,29.0%,PNC,-0.0,FINANCIAL SERVICES,92B,223.0,410M,13.2,4.8%,7.6%,65.7%,25.0%,1.8,1.2%,high_earnings_yield,False,0,good,2026-03-31
936,29.0%,BRK-B,-0.0,FINANCIAL SERVICES,1.0T,473.6,3B,15.3,2.5%,6.6%,23.6%,15.6%,0.2,5.5%,high_earnings_yield,False,1,partial,2026-03-31
937,28.9%,SFL,-0.0,INDUSTRIALS,2B,12.0,12M,27.6,13.8%,-1.7%,33.2%,23.7%,3.0,-0.7%,high_fcf_yield,False,0,good,2026-03-31
938,28.8%,CW,-0.0,INDUSTRIALS,27B,729.2,158M,55.8,2.0%,1.8%,37.2%,18.2%,0.5,9.3%,low_ps,False,0,good,2026-03-31
939,28.7%,JCI,-0.0,INDUSTRIALS,90B,146.0,459M,26.4,1.5%,3.8%,36.5%,13.2%,0.4,8.9%,high_fcf_yield,False,0,good,2026-03-01
940,28.6%,KDP,-0.0,CONSUMER DEFENSIVE,40B,29.4,345M,19.3,3.8%,5.2%,54.2%,22.0%,1.5,3.7%,low_ps,False,0,good,2026-03-31
941,28.6%,CARR,-0.0,INDUSTRIALS,56B,66.9,473M,37.8,3.7%,2.6%,25.9%,9.9%,0.3,4.0%,low_ps,False,0,good,2026-03-31
942,28.5%,CSX,-0.0,INDUSTRIALS,85B,45.4,546M,29.3,1.1%,3.4%,33.2%,32.1%,0.2,6.6%,high_fcf_yield,False,0,good,2026-03-31
943,28.4%,KVUE,-0.0,CONSUMER DEFENSIVE,34B,17.6,296M,23.0,5.1%,4.3%,58.1%,17.9%,1.0,5.4%,low_ps,False,0,good,2026-03-31
944,28.3%,PAAS,-0.0,BASIC MATERIALS,22B,52.3,275M,22.4,4.9%,4.5%,38.6%,32.7%,0.0,10.1%,low_ps,False,0,good,2026-03-31
945,28.3%,DE,-0.0,INDUSTRIALS,156B,574.8,586M,32.3,2.3%,3.1%,35.6%,18.5%,3.6,4.7%,high_fcf_yield,False,0,good,2026-04-01
946,28.2%,LITE,-0.0,TECHNOLOGY,87B,902.3,5B,345.0,-0.0%,0.3%,33.4%,1.2%,20.2,5.2%,low_ps,False,1,partial,2026-03-01
947,28.1%,ZD,-0.0,COMMUNICATION SERVICES,2B,41.0,26M,32.6,18.7%,3.1%,77.8%,13.2%,0.9,1.3%,high_fcf_yield,False,0,good,2026-03-31
948,28.0%,TROW,-0.0,FINANCIAL SERVICES,23B,102.9,212M,11.0,8.5%,9.1%,62.7%,29.9%,0.0,14.3%,high_earnings_yield,False,0,good,2026-03-31
949,28.0%,STNG,-0.0,ENERGY,4B,84.4,93M,12.1,10.0%,8.3%,46.2%,33.0%,0.0,8.8%,high_fcf_yield,False,0,good,2026-03-31
950,27.9%,A,-0.0,HEALTHCARE,33B,115.6,251M,25.5,3.0%,3.9%,52.2%,20.6%,0.3,10.1%,high_fcf_yield,False,0,good,2026-04-01
951,27.8%,APA,-0.0,ENERGY,13B,35.6,270M,8.8,14.1%,11.4%,38.1%,30.9%,0.1,7.5%,high_fcf_yield,False,0,good,2026-03-31
952,27.7%,PTC,-0.0,TECHNOLOGY,16B,136.3,201M,19.7,5.5%,5.1%,84.2%,38.0%,0.1,12.7%,low_ps,False,1,partial,2026-03-01
953,27.7%,ETN,-0.0,INDUSTRIALS,168B,431.8,1B,41.1,2.3%,2.4%,37.6%,19.1%,0.4,9.9%,low_ps,False,0,good,2026-03-31
954,27.6%,XYZ,-0.0,TECHNOLOGY,45B,74.8,386M,34.3,5.4%,2.9%,42.8%,7.1%,1.4,3.3%,low_ps,False,1,partial,2026-03-31
955,27.5%,CRUS,-0.0,TECHNOLOGY,9B,163.1,122M,21.1,7.2%,4.7%,52.9%,23.1%,0.0,16.4%,high_fcf_yield,False,1,partial,2026-03-01
956,27.4%,PRI,-0.0,FINANCIAL SERVICES,9B,281.3,56M,11.9,9.7%,8.4%,41.3%,29.7%,0.0,5.0%,high_earnings_yield,False,0,good,2026-03-31
957,27.4%,ABCB,-0.0,FINANCIAL SERVICES,6B,85.2,46M,14.0,6.4%,7.1%,67.8%,32.6%,0.9,1.5%,high_earnings_yield,False,0,good,2026-03-31
958,27.3%,DORM,-0.0,CONSUMER CYCLICAL,3B,112.5,29M,16.8,2.2%,6.0%,41.9%,16.7%,0.2,8.2%,low_ps,False,0,good,2026-03-31
959,27.2%,RSG,-0.0,INDUSTRIALS,62B,200.0,351M,28.9,3.9%,3.5%,30.3%,20.0%,0.2,6.2%,high_div_yield,False,0,good,2026-03-31
960,27.1%,EXR,-0.0,REAL ESTATE,32B,143.3,182M,32.4,5.8%,3.1%,28.4%,44.1%,0.8,3.3%,low_ps,False,0,good,2026-03-31
961,27.1%,BOOT,-0.0,CONSUMER CYCLICAL,5B,163.3,88M,22.9,1.8%,4.4%,38.3%,13.4%,0.2,9.1%,low_ps,False,1,partial,2026-03-01
962,27.0%,COF,-0.0,FINANCIAL SERVICES,119B,191.3,846M,48.6,21.3%,2.1%,47.3%,3.3%,0.2,0.4%,high_fcf_yield,False,0,good,2026-03-31
963,26.9%,GMED,-0.0,HEALTHCARE,11B,78.0,118M,20.0,5.4%,5.0%,67.4%,16.3%,0.0,10.1%,high_earnings_yield,False,1,partial,2026-03-31
964,26.8%,NOVT,-0.0,TECHNOLOGY,5B,138.3,51M,99.4,0.9%,1.0%,44.4%,11.9%,0.5,3.0%,high_fcf_yield,False,1,partial,2026-03-31
965,26.7%,SWX,-0.0,UTILITIES,7B,94.0,45M,15.5,-8.8%,6.4%,27.9%,15.3%,0.2,4.2%,high_fcf_yield,False,0,good,2026-03-31
966,26.7%,FIVE,-0.0,CONSUMER CYCLICAL,12B,223.1,244M,34.6,3.3%,2.9%,35.0%,9.6%,0.5,6.5%,low_ps,False,1,partial,2026-05-01
967,26.6%,CME,-0.0,FINANCIAL SERVICES,105B,287.8,665M,25.8,4.0%,3.9%,86.1%,64.9%,0.0,2.0%,low_ps,False,0,good,2026-03-31
968,26.5%,AEIS,-0.0,INDUSTRIALS,16B,383.9,282M,109.2,0.8%,0.9%,38.2%,9.8%,5.0,5.8%,low_ps,False,0,good,2026-03-31
969,26.4%,CSR,-0.0,REAL ESTATE,1B,68.3,8M,54.2,5.6%,1.8%,57.6%,3.0%,1.7,1.1%,high_earnings_yield,False,0,good,2026-03-31
970,26.4%,KGC,-0.0,BASIC MATERIALS,37B,30.2,254M,15.2,7.0%,6.6%,49.3%,43.8%,0.0,19.4%,high_earnings_yield,False,0,good,2026-03-31
971,26.3%,NEU,-0.0,BASIC MATERIALS,6B,675.6,76M,15.2,7.7%,6.6%,31.5%,20.0%,0.0,12.0%,high_earnings_yield,False,0,good,2026-03-31
972,26.2%,AVA,-0.0,UTILITIES,3B,41.1,21M,17.5,-8.5%,5.7%,54.6%,18.0%,1.2,2.2%,high_fcf_yield,False,0,good,2026-03-31
973,26.1%,CBOE,-0.0,FINANCIAL SERVICES,32B,300.1,298M,28.6,3.7%,3.5%,50.9%,31.7%,0.0,11.8%,low_ps,False,0,good,2026-03-31
974,26.1%,CTVA,-0.0,BASIC MATERIALS,55B,81.0,287M,49.9,5.2%,2.0%,46.4%,14.8%,0.6,2.6%,high_earnings_yield,False,0,good,2026-03-31
975,26.0%,TTWO,-0.0,COMMUNICATION SERVICES,40B,220.4,319M,122.2,1.2%,-9.8%,56.0%,-5.1%,2.1,-39.6%,high_earnings_yield,False,0,good,2026-03-01
976,25.9%,NWE,-0.0,UTILITIES,4B,72.3,29M,24.6,-2.9%,4.1%,62.3%,20.2%,0.6,2.1%,high_fcf_yield,False,0,good,2026-03-31
977,25.8%,JLL,-0.0,REAL ESTATE,15B,318.1,149M,19.2,6.4%,5.2%,89.3%,4.5%,1.3,4.4%,low_ps,False,0,good,2026-03-31
978,25.8%,OXY,-0.0,ENERGY,61B,60.6,734M,26.4,6.8%,3.8%,32.1%,16.4%,0.3,2.6%,low_ps,False,0,good,2026-03-31
979,25.7%,ROK,-0.0,INDUSTRIALS,46B,408.9,340M,46.8,2.7%,2.1%,50.2%,18.2%,1.1,8.8%,low_ps,False,0,good,2026-03-01
980,25.6%,CDNS,-0.0,TECHNOLOGY,90B,329.6,885M,81.4,1.8%,1.2%,86.4%,31.1%,0.4,10.9%,low_ps,False,1,partial,2026-03-31
981,25.5%,STBA,-0.0,FINANCIAL SERVICES,2B,44.1,11M,12.2,7.8%,8.2%,69.4%,29.5%,2.3,1.4%,high_earnings_yield,False,0,good,2026-03-31
982,25.5%,AORT,-0.0,HEALTHCARE,1B,25.4,19M,129.4,-0.1%,0.8%,63.6%,6.9%,0.1,1.1%,high_fcf_yield,False,0,good,2026-03-31
983,25.4%,COHR,-0.0,TECHNOLOGY,50B,319.7,2B,169.4,-0.2%,0.6%,36.4%,10.7%,0.2,1.9%,low_ps,False,1,partial,2026-03-01
984,25.3%,MCK,-0.0,HEALTHCARE,90B,736.1,865M,20.8,10.9%,4.8%,3.4%,1.3%,0.4,5.2%,high_fcf_yield,False,0,good,2026-03-01
985,25.2%,NBTB,-0.0,FINANCIAL SERVICES,2B,43.7,12M,13.5,9.5%,7.4%,73.6%,24.3%,0.6,1.1%,high_fcf_yield,False,0,good,2026-03-31
986,25.2%,FCF,-0.0,FINANCIAL SERVICES,2B,18.3,13M,12.3,8.1%,8.1%,67.6%,27.2%,2.0,1.2%,high_earnings_yield,False,0,good,2026-03-31
987,25.1%,LGND,-0.0,HEALTHCARE,4B,221.4,50M,35.4,1.1%,2.8%,97.5%,17.6%,0.0,8.0%,low_ps,False,0,good,2026-03-31
988,25.0%,NTRS,-0.0,FINANCIAL SERVICES,31B,166.3,206M,17.9,15.3%,5.6%,56.5%,16.3%,4.0,1.0%,high_fcf_yield,False,0,good,2026-03-31
989,24.9%,TTC,-0.0,INDUSTRIALS,9B,95.5,63M,28.3,7.0%,3.5%,33.1%,9.3%,0.0,8.9%,low_ps,False,0,good,2026-04-01
990,24.8%,GLW,-0.0,TECHNOLOGY,142B,164.2,2B,88.8,1.0%,1.1%,35.9%,14.7%,0.5,5.2%,low_ps,False,0,good,2026-03-31
991,24.8%,WAB,-0.0,INDUSTRIALS,46B,269.9,263M,39.4,3.2%,2.5%,33.4%,16.2%,1.1,5.3%,high_div_yield,False,0,good,2026-03-31
992,24.7%,UTHR,-0.0,HEALTHCARE,27B,571.4,255M,20.2,3.9%,4.9%,87.9%,46.9%,0.4,16.9%,low_ps,False,1,partial,2026-03-31
993,24.6%,RYN,-0.0,REAL ESTATE,5B,21.2,47M,11.4,3.8%,8.7%,32.5%,17.2%,2.1,13.9%,low_ps,False,0,good,2026-03-31
994,24.5%,PB,-0.0,FINANCIAL SERVICES,7B,69.7,60M,12.8,7.2%,7.8%,71.5%,40.4%,0.2,1.4%,high_earnings_yield,False,0,good,2026-03-31
995,24.5%,BSX,-0.0,HEALTHCARE,86B,57.6,1B,29.8,4.2%,3.4%,69.0%,19.8%,0.1,6.6%,low_pe,False,1,partial,2026-03-31
996,24.4%,DRH,-0.0,REAL ESTATE,2B,10.2,20M,20.8,7.7%,4.8%,55.2%,14.4%,1.2,3.4%,low_ps,False,0,good,2026-03-31
997,24.3%,WEC,-0.0,UTILITIES,39B,117.9,213M,24.8,-2.7%,4.0%,50.5%,24.2%,1.7,3.0%,high_fcf_yield,False,0,good,2026-03-31
998,24.2%,JPM,-0.0,FINANCIAL SERVICES,875B,313.2,2B,15.3,11.5%,6.5%,60.0%,25.9%,7.1,1.3%,high_fcf_yield,False,0,good,2026-03-31
999,24.2%,PNFP,-0.0,FINANCIAL SERVICES,8B,98.4,141M,11.9,10.5%,8.4%,65.9%,26.7%,0.4,1.1%,high_fcf_yield,False,0,good,2026-03-31
1000,24.1%,MKC,-0.0,CONSUMER DEFENSIVE,13B,48.3,180M,7.9,5.0%,12.6%,37.9%,15.5%,2.1,10.1%,high_earnings_yield,False,0,good,2026-04-29
1001,24.0%,ACN,-0.0,TECHNOLOGY,114B,180.4,941M,14.8,11.0%,6.8%,32.0%,14.8%,0.1,11.5%,high_fcf_yield,False,0,good,2026-04-29
1002,23.9%,VTR,-0.0,REAL ESTATE,43B,87.9,437M,170.1,3.1%,0.6%,-5.9%,14.2%,0.0,0.9%,low_ps,False,0,good,2026-03-31
1003,23.9%,VG,-0.0,ENERGY,30B,11.4,248M,12.3,-22.5%,8.2%,49.3%,36.6%,0.3,4.6%,high_fcf_yield,False,0,good,2026-03-31
1004,23.8%,MZTI,-0.0,CONSUMER DEFENSIVE,4B,130.3,51M,19.8,6.1%,5.0%,24.1%,11.6%,0.0,13.5%,low_ps,False,0,good,2026-03-01
1005,23.7%,OFG,-0.0,FINANCIAL SERVICES,2B,46.0,14M,9.6,10.1%,10.4%,71.2%,30.8%,0.6,1.6%,high_earnings_yield,False,0,good,2026-03-31
1006,23.6%,KRC,-0.0,REAL ESTATE,4B,33.3,65M,14.2,-3.7%,7.1%,67.0%,28.4%,0.0,2.5%,high_fcf_yield,False,0,good,2026-03-31
1007,23.6%,AXON,-0.0,INDUSTRIALS,33B,401.8,459M,265.3,0.2%,0.4%,59.7%,0.0%,0.6,1.8%,low_ps,False,1,partial,2026-03-31
1008,23.5%,BANR,-0.0,FINANCIAL SERVICES,2B,66.4,17M,11.6,10.9%,8.6%,79.0%,29.5%,0.4,1.2%,high_fcf_yield,False,0,good,2026-03-31
1009,23.4%,BIIB,-0.0,HEALTHCARE,28B,189.3,200M,21.7,7.3%,4.6%,70.5%,19.1%,0.0,4.4%,high_fcf_yield,False,1,partial,2026-03-31
1010,23.3%,NFG,-0.0,ENERGY,8B,84.4,76M,12.3,2.5%,8.1%,51.5%,42.3%,0.9,7.1%,high_earnings_yield,False,0,good,2026-03-01
1011,23.3%,MS,-0.0,FINANCIAL SERVICES,304B,190.6,1B,18.0,-7.3%,5.6%,57.1%,19.1%,6.2,1.2%,high_fcf_yield,False,0,good,2026-03-31
1012,23.2%,MCRI,-0.0,CONSUMER CYCLICAL,2B,118.7,19M,21.3,5.9%,4.7%,53.0%,23.4%,0.0,14.2%,high_fcf_yield,False,0,good,2026-03-31
1013,23.1%,UBSI,-0.0,FINANCIAL SERVICES,6B,43.8,33M,13.2,7.7%,7.6%,65.4%,32.4%,0.3,1.4%,high_earnings_yield,False,0,good,2026-03-31
1014,23.0%,MIRM,-0.0,HEALTHCARE,6B,107.2,86M,,,,,,,,,False,6,poor,
1015,22.9%,GH,-0.0,HEALTHCARE,12B,95.7,178M,,,,,,,,,False,6,poor,
1016,22.9%,APLD,-0.0,TECHNOLOGY,11B,41.2,885M,,,,,,,,,False,6,poor,
1017,22.8%,BBIO,-0.0,HEALTHCARE,13B,67.4,212M,,,,,,,,,False,6,poor,
1018,22.7%,RKLB,-0.0,INDUSTRIALS,60B,105.5,2B,,,,,,,,,False,6,poor,
1019,22.6%,ARQT,-0.0,HEALTHCARE,3B,21.2,33M,,,,,,,,,False,6,poor,
1020,22.6%,LQDA,-0.0,HEALTHCARE,4B,42.3,41M,,,,,,,,,False,6,poor,
1021,22.5%,TEM,-0.0,HEALTHCARE,9B,49.9,345M,,,,,,,,,False,6,poor,
1022,22.4%,SOUN,-0.0,TECHNOLOGY,4B,8.9,313M,,,,,,,,,False,6,poor,
1023,22.3%,PL,-0.0,INDUSTRIALS,12B,39.0,379M,,,,,,,,,False,6,poor,
1024,22.3%,AXSM,-0.0,HEALTHCARE,11B,217.4,191M,,,,,,,,,False,6,poor,
1025,22.2%,NTRA,-0.0,HEALTHCARE,27B,194.2,308M,,,,,,,,,False,6,poor,
1026,22.1%,OUST,-0.0,TECHNOLOGY,2B,25.2,84M,,,,,,,,,False,6,poor,
1027,22.0%,LMND,-0.0,FINANCIAL SERVICES,4B,55.0,111M,,,,,,,,,False,6,poor,
1028,22.0%,RYTM,-0.0,HEALTHCARE,6B,94.2,66M,,,,,,,,,False,6,poor,
1029,21.9%,NET,-0.0,TECHNOLOGY,69B,196.1,1000M,,,,,,,,,False,6,poor,
1030,21.8%,TARS,-0.0,HEALTHCARE,3B,61.2,44M,,,,,,,,,False,6,poor,
1031,21.7%,HBAN,-0.0,FINANCIAL SERVICES,32B,16.8,349M,14.4,6.4%,6.9%,61.7%,21.5%,0.8,1.0%,high_earnings_yield,False,0,good,2026-03-31
1032,21.7%,TMP,-0.0,FINANCIAL SERVICES,1B,83.6,5M,7.4,2.7%,13.4%,75.1%,38.8%,3.9,1.9%,high_earnings_yield,False,0,good,2026-03-31
1033,21.6%,ABT,-0.0,HEALTHCARE,159B,90.8,1B,24.3,4.7%,4.1%,55.5%,18.2%,0.5,7.5%,low_ps,False,0,good,2026-03-31
1034,21.5%,CENX,-0.0,BASIC MATERIALS,6B,58.9,81M,147.4,1.4%,0.7%,10.4%,6.6%,0.9,1.8%,high_earnings_yield,False,1,partial,2026-03-31
1035,21.4%,NWBI,-0.0,FINANCIAL SERVICES,2B,13.6,15M,15.9,7.1%,6.3%,68.3%,18.8%,2.0,0.8%,high_earnings_yield,False,0,good,2026-03-31
1036,21.4%,AYI,-0.0,INDUSTRIALS,9B,293.3,105M,21.4,6.1%,4.7%,48.7%,13.4%,0.0,9.4%,low_ps,False,0,good,2026-04-29
1037,21.3%,HL,-0.0,BASIC MATERIALS,12B,18.0,229M,37.8,2.6%,2.6%,43.7%,36.8%,0.0,8.5%,low_ps,False,0,good,2026-03-31
1038,21.2%,WAT,-0.0,HEALTHCARE,25B,309.2,379M,39.5,2.1%,2.5%,58.9%,26.6%,0.4,12.6%,low_ps,False,1,partial,2026-03-31
1039,21.1%,QRVO,-0.0,TECHNOLOGY,9B,94.2,97M,25.6,6.8%,3.9%,44.4%,10.9%,0.0,5.5%,low_ps,False,1,partial,2026-03-01
1040,21.0%,NMIH,-0.0,FINANCIAL SERVICES,3B,38.7,21M,7.7,13.8%,13.0%,91.8%,70.8%,0.0,10.1%,high_earnings_yield,False,1,partial,2026-03-31
1041,21.0%,UMBF,-0.0,FINANCIAL SERVICES,10B,126.2,99M,13.7,10.2%,7.3%,54.4%,20.3%,3.1,1.0%,high_fcf_yield,False,0,good,2026-03-31
1042,20.9%,CVBF,-0.0,FINANCIAL SERVICES,3B,20.4,53M,13.2,7.9%,7.6%,79.7%,43.7%,3.4,1.3%,high_earnings_yield,False,0,good,2026-03-31
1043,20.8%,LNN,-0.0,INDUSTRIALS,1B,109.4,20M,19.7,6.2%,5.1%,30.0%,10.6%,0.0,7.0%,low_ps,False,0,good,2026-04-29
1044,20.7%,WYNN,-0.0,CONSUMER CYCLICAL,11B,102.4,152M,32.5,6.5%,3.1%,39.2%,15.9%,0.0,2.4%,low_ps,False,0,good,2026-03-31
1045,20.7%,HASI,-0.0,FINANCIAL SERVICES,5B,41.0,41M,28.4,1.9%,3.5%,71.9%,54.5%,0.0,2.3%,low_ps,False,0,good,2026-03-31
1046,20.6%,FE,-0.0,UTILITIES,27B,47.0,317M,26.7,-7.0%,3.7%,54.8%,18.8%,0.5,1.8%,high_fcf_yield,False,0,good,2026-03-31
1047,20.5%,QCOM,-0.0,TECHNOLOGY,193B,179.6,4B,35.9,6.7%,2.8%,55.1%,27.1%,0.0,10.1%,high_fcf_yield,False,0,good,2026-03-01
1048,20.4%,ONB,-0.0,FINANCIAL SERVICES,9B,23.8,74M,13.8,6.8%,7.2%,63.6%,23.6%,0.4,0.9%,high_earnings_yield,False,0,good,2026-03-31
1049,20.4%,RDNT,-0.0,HEALTHCARE,4B,58.2,50M,1395.0,-4.1%,-0.4%,11.2%,3.0%,0.4,-0.5%,low_pe,False,1,partial,2026-03-31
1050,20.3%,HOOD,-0.0,FINANCIAL SERVICES,66B,72.9,3B,35.2,2.4%,2.8%,82.7%,46.8%,12.4,4.9%,low_ps,False,1,partial,2026-03-31
1051,20.2%,ENVA,-0.0,FINANCIAL SERVICES,4B,169.4,47M,14.5,39.7%,6.9%,50.1%,23.5%,0.2,4.8%,high_fcf_yield,False,1,partial,2026-03-31
1052,20.1%,NDAQ,-0.0,FINANCIAL SERVICES,53B,91.9,302M,29.6,3.8%,3.4%,47.9%,28.4%,0.3,5.8%,low_ps,False,0,good,2026-03-31
1053,20.1%,FITB,-0.0,FINANCIAL SERVICES,42B,50.8,288M,16.7,8.8%,6.0%,65.3%,24.9%,0.4,1.2%,high_fcf_yield,False,0,good,2026-03-31
1054,20.0%,HWC,-0.0,FINANCIAL SERVICES,6B,67.5,56M,11.4,9.4%,8.8%,73.1%,31.0%,3.1,1.4%,high_earnings_yield,False,0,good,2026-03-31
1055,19.9%,RF,-0.0,FINANCIAL SERVICES,25B,28.6,260M,11.5,8.7%,8.7%,74.6%,28.5%,0.5,1.4%,high_earnings_yield,False,0,good,2026-03-31
1056,19.8%,OZK,-0.0,FINANCIAL SERVICES,5B,48.2,59M,7.5,13.6%,13.3%,55.4%,33.3%,0.4,1.8%,high_earnings_yield,False,0,good,2026-03-31
1057,19.8%,AGO,-0.0,FINANCIAL SERVICES,3B,75.0,34M,6.8,7.6%,14.8%,92.9%,65.2%,0.0,4.1%,high_earnings_yield,False,0,good,2026-03-31
1058,19.7%,LAUR,-0.0,CONSUMER DEFENSIVE,4B,30.1,45M,15.2,6.1%,6.6%,28.3%,25.3%,0.3,12.8%,high_earnings_yield,False,0,good,2026-03-31
1059,19.6%,WPM,-0.0,BASIC MATERIALS,63B,138.8,317M,42.7,0.9%,2.3%,75.1%,68.6%,0.0,16.2%,low_ps,False,0,good,2026-03-31
1060,19.5%,NWN,-0.0,UTILITIES,2B,53.0,11M,19.2,-9.1%,5.2%,39.3%,26.2%,1.4,1.8%,high_fcf_yield,False,0,good,2026-03-31
1061,19.5%,FBP,-0.0,FINANCIAL SERVICES,4B,24.3,35M,11.0,11.6%,9.1%,72.5%,33.7%,0.5,1.8%,high_fcf_yield,False,0,good,2026-03-31
1062,19.4%,CATY,-0.0,FINANCIAL SERVICES,4B,56.0,22M,12.0,9.5%,8.3%,55.1%,29.4%,0.5,1.3%,high_earnings_yield,False,0,good,2026-03-31
1063,19.3%,WFC,-0.0,FINANCIAL SERVICES,263B,81.7,1B,12.3,-7.2%,8.1%,64.8%,20.4%,8.2,1.0%,high_fcf_yield,False,0,good,2026-03-31
1064,19.2%,HUBB,-0.0,INDUSTRIALS,27B,508.2,327M,30.3,3.2%,3.3%,35.5%,20.9%,0.4,10.9%,high_div_yield,False,0,good,2026-03-31
1065,19.1%,CBU,-0.0,FINANCIAL SERVICES,3B,63.4,12M,15.9,6.5%,6.3%,78.8%,27.2%,0.8,1.2%,high_earnings_yield,False,0,good,2026-03-31
1066,19.1%,LKFN,-0.0,FINANCIAL SERVICES,2B,60.5,8M,14.9,6.7%,6.7%,61.0%,29.8%,2.6,1.5%,high_earnings_yield,False,0,good,2026-03-31
1067,19.0%,EWBC,-0.0,FINANCIAL SERVICES,17B,125.7,121M,13.2,8.6%,7.6%,60.1%,37.4%,1.5,1.6%,high_earnings_yield,False,0,good,2026-03-31
1068,18.9%,PRGO,-0.0,HEALTHCARE,2B,11.8,26M,20.3,8.8%,-86.8%,35.1%,5.9%,0.2,-16.7%,high_earnings_yield,False,0,good,2026-03-31
1069,18.8%,GLPI,-0.0,REAL ESTATE,14B,48.5,88M,16.4,6.1%,6.1%,62.1%,75.3%,0.0,6.4%,low_ps,False,0,good,2026-03-31
1070,18.8%,AIG,-0.0,FINANCIAL SERVICES,41B,74.8,406M,13.1,8.2%,7.6%,34.5%,14.5%,0.0,1.9%,high_earnings_yield,False,0,good,2026-03-31
1071,18.7%,MTG,-0.1,FINANCIAL SERVICES,6B,26.3,64M,7.8,14.8%,12.9%,95.5%,76.5%,0.0,11.1%,high_earnings_yield,False,0,good,2026-03-31
1072,18.6%,EVTC,-0.1,TECHNOLOGY,2B,29.5,13M,13.1,7.3%,7.7%,49.7%,20.0%,0.2,6.3%,high_earnings_yield,False,0,good,2026-03-31
1073,18.5%,ELS,-0.1,REAL ESTATE,13B,63.3,92M,32.8,2.6%,3.1%,37.6%,33.8%,0.3,6.7%,low_ps,False,0,good,2026-03-31
1074,18.5%,PLTR,-0.1,TECHNOLOGY,358B,139.1,6B,220.1,0.6%,0.5%,82.4%,31.6%,0.0,18.3%,low_ps,False,1,partial,2026-03-31
1075,18.4%,TMO,-0.1,HEALTHCARE,179B,479.0,1B,26.6,3.5%,3.8%,39.5%,18.0%,0.6,6.1%,high_div_yield,False,0,good,2026-03-31
1076,18.3%,NSC,-0.1,INDUSTRIALS,71B,314.5,350M,24.6,2.0%,4.1%,42.4%,32.9%,0.2,6.4%,low_ps,False,0,good,2026-03-31
1077,18.2%,CBSH,-0.1,FINANCIAL SERVICES,7B,52.0,66M,12.6,8.0%,7.9%,80.0%,34.2%,3.8,1.7%,high_earnings_yield,False,0,good,2026-03-31
1078,18.2%,MRSH,-0.1,FINANCIAL SERVICES,82B,167.7,519M,19.6,6.1%,5.1%,42.3%,23.1%,0.4,7.1%,high_earnings_yield,False,0,good,2026-03-31
1079,18.1%,RMBS,-0.1,TECHNOLOGY,13B,115.1,376M,54.8,2.6%,1.8%,76.0%,36.8%,0.0,15.1%,low_ps,False,1,partial,2026-03-31
1080,18.0%,ASB,-0.1,FINANCIAL SERVICES,5B,28.2,58M,9.9,12.4%,10.1%,58.2%,23.6%,4.8,1.1%,high_fcf_yield,False,0,good,2026-03-31
1081,17.9%,ENPH,-0.1,TECHNOLOGY,4B,33.0,248M,25.1,2.2%,4.0%,46.6%,10.7%,4.4,4.9%,high_fcf_yield,False,1,partial,2026-03-31
1082,17.9%,PAYC,-0.1,TECHNOLOGY,6B,126.8,123M,14.3,6.3%,7.0%,80.8%,27.6%,0.0,6.0%,high_earnings_yield,False,0,good,2026-03-31
1083,17.8%,BKV,-0.1,ENERGY,3B,27.8,28M,16.5,-2.5%,6.1%,54.2%,8.2%,0.0,5.5%,high_fcf_yield,False,1,partial,2026-03-31
1084,17.7%,DAR,-0.1,CONSUMER DEFENSIVE,10B,64.2,173M,164.7,6.6%,0.6%,15.7%,6.4%,0.2,0.6%,low_ps,False,1,partial,2026-03-31
1085,17.6%,BF-B,-0.1,CONSUMER DEFENSIVE,13B,27.7,134M,16.2,5.6%,6.2%,59.5%,28.4%,1.1,9.7%,high_earnings_yield,False,0,good,2026-04-01
1086,17.6%,HFWA,-0.1,FINANCIAL SERVICES,1B,27.3,7M,15.8,8.0%,6.3%,72.4%,23.2%,0.3,1.0%,high_fcf_yield,False,0,good,2026-03-31
1087,17.5%,FHN,-0.1,FINANCIAL SERVICES,12B,25.0,108M,12.4,7.6%,8.1%,66.8%,26.1%,2.6,1.2%,high_earnings_yield,False,0,good,2026-03-31
1088,17.4%,AEE,-0.1,UTILITIES,32B,113.7,188M,21.7,-2.5%,4.6%,38.1%,23.0%,0.8,3.0%,high_fcf_yield,False,0,good,2026-03-31
1089,17.3%,EA,-0.1,COMMUNICATION SERVICES,51B,202.4,339M,75.3,4.5%,1.3%,78.0%,13.9%,0.6,5.1%,low_ps,False,0,good,2026-03-01
1090,17.2%,F,-0.1,CONSUMER CYCLICAL,49B,12.1,515M,11.9,25.4%,-16.6%,6.5%,0.7%,15.7,-2.8%,high_earnings_yield,False,0,good,2026-03-31
1091,17.2%,TER,-0.1,TECHNOLOGY,54B,343.5,1B,97.7,0.8%,1.0%,58.3%,20.9%,0.5,13.3%,low_ps,False,0,good,2026-03-31
1092,17.1%,FULT,-0.1,FINANCIAL SERVICES,4B,21.6,41M,10.0,6.8%,10.0%,67.4%,25.7%,1.3,1.2%,high_earnings_yield,False,0,good,2026-03-31
1093,17.0%,GNTX,-0.1,CONSUMER CYCLICAL,5B,23.1,57M,12.9,9.3%,7.8%,34.2%,18.8%,0.0,13.1%,high_fcf_yield,False,0,good,2026-03-31
1094,16.9%,PCRX,-0.1,HEALTHCARE,1B,25.5,16M,148.3,13.1%,0.7%,79.4%,2.8%,0.1,0.6%,high_fcf_yield,False,1,partial,2026-03-31
1095,16.9%,CG,-0.1,FINANCIAL SERVICES,18B,50.6,177M,22.5,-9.5%,4.4%,69.9%,26.0%,0.1,2.8%,high_fcf_yield,False,0,good,2026-03-31
1096,16.8%,SYK,-0.1,HEALTHCARE,122B,315.1,745M,37.5,3.5%,2.7%,63.5%,22.4%,2.8,6.8%,high_div_yield,False,0,good,2026-03-31
1097,16.7%,AMG,-0.1,FINANCIAL SERVICES,10B,294.7,105M,13.4,10.2%,7.5%,62.0%,29.5%,0.0,7.8%,high_fcf_yield,False,0,good,2026-03-31
1098,16.6%,FFBC,-0.1,FINANCIAL SERVICES,3B,30.3,30M,12.4,9.9%,8.1%,68.4%,25.5%,3.9,1.2%,high_fcf_yield,False,0,good,2026-03-31
1099,16.6%,LMAT,-0.1,HEALTHCARE,3B,109.8,21M,43.8,2.9%,2.3%,71.5%,27.2%,0.0,9.4%,low_ps,False,0,good,2026-03-31
1100,16.5%,MDU,-0.1,UTILITIES,5B,22.5,34M,24.4,-6.8%,4.1%,29.9%,15.5%,0.6,2.5%,high_fcf_yield,False,0,good,2026-03-31
1101,16.4%,PFS,-0.1,FINANCIAL SERVICES,3B,22.7,23M,10.2,14.5%,9.8%,62.7%,29.5%,0.2,1.2%,high_fcf_yield,False,0,good,2026-03-31
1102,16.3%,VICR,-0.1,TECHNOLOGY,13B,269.3,239M,107.3,0.9%,0.9%,57.3%,18.1%,0.0,15.1%,low_ps,False,0,good,2026-03-31
1103,16.3%,WAFD,-0.1,FINANCIAL SERVICES,3B,35.4,25M,11.0,8.0%,9.1%,52.8%,22.4%,12.6,0.9%,high_earnings_yield,False,0,good,2026-03-01
1104,16.2%,WMB,-0.1,ENERGY,93B,76.3,450M,35.6,1.0%,2.8%,57.2%,36.8%,0.6,4.5%,low_ps,False,0,good,2026-03-31
1105,16.1%,AJG,-0.1,FINANCIAL SERVICES,54B,206.4,354M,35.9,3.3%,2.8%,54.8%,18.3%,0.5,2.1%,high_div_yield,False,0,good,2026-03-31
1106,16.0%,PANW,-0.1,TECHNOLOGY,148B,207.9,1B,115.6,2.4%,0.9%,73.5%,14.4%,0.0,5.1%,low_ps,False,1,partial,2026-04-01
1107,16.0%,MTB,-0.1,FINANCIAL SERVICES,34B,218.6,221M,12.0,8.3%,8.3%,74.6%,30.0%,1.1,1.3%,high_earnings_yield,False,0,good,2026-03-31
1108,15.9%,AUB,-0.1,FINANCIAL SERVICES,5B,37.6,42M,19.5,41.4%,5.1%,60.9%,16.8%,3.5,0.7%,high_fcf_yield,False,0,good,2026-03-31
1109,15.8%,TDW,-0.1,ENERGY,4B,89.3,77M,13.2,8.0%,7.6%,29.8%,21.1%,0.0,14.0%,high_earnings_yield,False,0,good,2026-03-31
1110,15.7%,CIFR,-0.1,TECHNOLOGY,7B,17.7,518M,95.2,-8.5%,-2.8%,20.2%,-67.2%,0.1,-3.2%,low_ps,False,1,partial,2026-03-31
1111,15.7%,EXC,-0.1,UTILITIES,47B,46.0,417M,17.0,-4.8%,5.9%,27.9%,21.2%,0.6,2.4%,high_fcf_yield,False,0,good,2026-03-31
1112,15.6%,ENTG,-0.1,TECHNOLOGY,22B,141.4,473M,91.9,1.6%,1.1%,43.0%,28.9%,0.0,2.8%,low_ps,False,0,good,2026-03-31
1113,15.5%,CEG,-0.1,UTILITIES,95B,303.6,810M,41.1,1.4%,2.4%,17.6%,11.8%,0.6,4.1%,high_fcf_yield,False,0,good,2026-03-31
1114,15.4%,ASH,-0.1,BASIC MATERIALS,2B,53.3,48M,16.5,11.8%,-28.2%,25.2%,5.0%,0.0,-15.3%,high_earnings_yield,False,0,good,2026-03-01
1115,15.3%,EQIX,-0.1,REAL ESTATE,107B,1082.8,616M,79.2,-0.0%,1.3%,51.2%,20.0%,0.7,3.4%,low_ps,False,0,good,2026-03-31
1116,15.3%,AVB,-0.1,REAL ESTATE,26B,183.0,185M,24.5,5.0%,4.1%,67.0%,30.1%,0.7,4.7%,low_ps,False,0,good,2026-03-31
1117,15.2%,CPRI,-0.1,CONSUMER CYCLICAL,2B,18.5,50M,168.6,11.3%,-22.6%,61.4%,-1.8%,1.5,-15.1%,high_earnings_yield,False,1,partial,2026-03-01
1118,15.1%,PRK,-0.1,FINANCIAL SERVICES,3B,172.2,14M,16.7,6.4%,6.0%,82.1%,33.3%,0.4,1.8%,high_earnings_yield,False,0,good,2026-03-31
1119,15.0%,FSLR,-0.1,TECHNOLOGY,22B,201.9,518M,14.2,5.5%,7.0%,40.9%,32.5%,0.2,11.5%,high_earnings_yield,False,1,partial,2026-03-31
1120,15.0%,TCBI,-0.1,FINANCIAL SERVICES,5B,100.7,47M,13.9,17.2%,7.2%,60.6%,22.2%,1.3,1.0%,high_fcf_yield,False,1,partial,2026-03-31
1121,14.9%,B,-0.1,BASIC MATERIALS,73B,43.1,475M,14.5,5.2%,6.9%,51.3%,47.8%,0.0,9.7%,high_earnings_yield,False,0,good,2026-03-31
1122,14.8%,VMC,-0.1,BASIC MATERIALS,40B,301.7,284M,36.8,2.9%,2.7%,27.3%,20.1%,0.0,6.5%,high_fcf_yield,False,0,good,2026-03-31
1123,14.7%,FRPT,-0.1,CONSUMER DEFENSIVE,4B,67.4,89M,27.1,1.0%,3.7%,38.6%,7.6%,0.0,7.8%,high_fcf_yield,False,1,partial,2026-03-31
1124,14.7%,PCG,-0.1,UTILITIES,37B,16.6,365M,13.5,-8.4%,7.4%,29.2%,19.2%,0.7,1.9%,high_fcf_yield,False,0,good,2026-03-31
1125,14.6%,NTCT,-0.1,TECHNOLOGY,3B,39.1,19M,29.2,9.8%,3.4%,79.2%,12.8%,0.1,4.1%,high_fcf_yield,False,1,partial,2026-03-01
1126,14.5%,LIN,-0.1,BASIC MATERIALS,234B,501.1,1B,33.7,2.2%,3.0%,43.3%,26.3%,1.0,8.0%,low_ps,False,0,good,2026-03-31
1127,14.4%,MAC,-0.1,REAL ESTATE,6B,21.7,60M,47.4,-1.9%,-3.5%,38.2%,16.5%,2.1,-2.4%,high_earnings_yield,False,0,good,2026-03-31
1128,14.4%,CAVA,-0.1,CONSUMER CYCLICAL,9B,79.4,247M,147.0,0.3%,0.7%,18.4%,6.7%,0.3,4.7%,low_ps,False,1,partial,2026-03-31
1129,14.3%,DGX,-0.1,HEALTHCARE,22B,194.2,213M,21.9,6.2%,4.6%,33.2%,14.1%,0.7,6.1%,low_ps,False,0,good,2026-03-31
1130,14.2%,ABR,-0.1,REAL ESTATE,2B,7.2,26M,10.3,18.6%,9.7%,92.1%,71.1%,5.9,1.0%,high_fcf_yield,False,0,good,2026-03-31
1131,14.1%,AEM,-0.1,BASIC MATERIALS,94B,188.2,457M,21.2,4.7%,4.7%,57.3%,52.9%,0.0,12.9%,low_ps,False,0,good,2026-03-31
1132,14.1%,WBS,-0.1,FINANCIAL SERVICES,12B,72.0,180M,11.5,8.8%,8.7%,60.8%,28.5%,4.8,1.2%,high_earnings_yield,False,0,good,2026-03-31
1133,14.0%,HLIT,-0.1,TECHNOLOGY,1B,12.8,14M,24.2,6.7%,-3.0%,53.9%,5.4%,0.3,-6.0%,high_earnings_yield,False,1,partial,2026-03-31
1134,13.9%,IAC,-0.1,COMMUNICATION SERVICES,3B,44.6,65M,10.4,1.3%,-3.0%,64.9%,4.6%,0.3,-1.5%,high_earnings_yield,False,0,good,2026-03-31
1135,13.8%,KIM,-0.1,REAL ESTATE,16B,23.6,107M,27.2,4.9%,3.7%,54.7%,35.2%,0.6,3.0%,low_ps,False,0,good,2026-03-31
1136,13.8%,AAON,-0.1,INDUSTRIALS,12B,139.7,154M,108.0,-1.6%,0.9%,26.7%,10.1%,0.1,6.4%,high_fcf_yield,False,0,good,2026-03-31
1137,13.7%,KNX,-0.1,INDUSTRIALS,11B,64.9,238M,160.5,8.3%,0.6%,28.3%,3.4%,0.3,0.6%,low_ps,False,0,good,2026-03-31
1138,13.6%,INVH,-0.1,REAL ESTATE,17B,28.8,151M,29.7,5.3%,3.4%,45.9%,35.8%,0.2,3.1%,low_ps,False,0,good,2026-03-31
1139,13.5%,CELH,-0.1,CONSUMER DEFENSIVE,8B,32.3,296M,77.7,3.9%,1.3%,50.4%,8.8%,0.0,2.1%,low_evebitda,False,1,partial,2026-03-31
1140,13.4%,STWD,-0.1,REAL ESTATE,6B,17.8,48M,14.5,12.4%,6.9%,80.6%,76.3%,2.0,0.7%,high_fcf_yield,False,0,good,2026-03-31
1141,13.4%,RBC,-0.1,INDUSTRIALS,19B,606.0,117M,71.4,1.7%,1.4%,42.1%,22.8%,1.1,5.2%,low_ps,False,0,good,2026-03-01
1142,13.3%,CXT,-0.1,INDUSTRIALS,3B,44.7,30M,17.9,7.7%,5.6%,42.5%,15.3%,0.8,4.7%,low_ps,False,0,good,2026-03-31
1143,13.2%,MAA,-0.1,REAL ESTATE,15B,129.2,131M,33.7,4.8%,3.0%,31.8%,28.0%,1.0,3.7%,low_ps,False,0,good,2026-03-31
1144,13.1%,DDOG,-0.1,TECHNOLOGY,73B,200.2,1B,677.6,1.4%,0.1%,79.9%,-1.3%,0.2,1.6%,low_ps,False,1,partial,2026-03-31
1145,13.1%,IAG,-0.1,BASIC MATERIALS,10B,16.9,135M,14.9,8.2%,6.7%,42.1%,38.4%,0.0,10.6%,high_fcf_yield,False,0,good,2026-03-31
1146,13.0%,HTO,-0.1,UTILITIES,2B,56.2,37M,21.1,-19.9%,4.7%,54.6%,22.2%,0.7,2.0%,high_fcf_yield,False,0,good,2026-03-31
1147,12.9%,ORA,-0.1,UTILITIES,7B,114.9,106M,57.5,-4.0%,1.7%,27.6%,13.9%,1.8,2.0%,high_fcf_yield,False,0,good,2026-03-31
1148,12.8%,SHO,-0.1,REAL ESTATE,2B,9.8,13M,75.4,7.3%,1.3%,4.7%,7.8%,0.3,0.8%,low_ps,False,0,good,2026-03-31
1149,12.8%,KEY,-0.1,FINANCIAL SERVICES,24B,22.1,264M,13.1,8.8%,7.6%,62.3%,20.6%,0.9,1.0%,high_earnings_yield,False,0,good,2026-03-31
1150,12.7%,DVN,-0.1,ENERGY,32B,51.4,691M,12.1,9.5%,8.3%,22.7%,19.8%,0.3,8.4%,high_earnings_yield,False,0,good,2026-03-31
1151,12.6%,RVTY,-0.1,HEALTHCARE,10B,86.6,136M,40.1,5.3%,2.5%,50.2%,13.0%,1.5,2.0%,high_div_yield,False,0,good,2026-03-31
1152,12.5%,TNDM,-0.1,HEALTHCARE,1B,15.5,39M,719.7,-2.8%,-19.3%,53.8%,-18.2%,1.6,-23.2%,low_evebitda,False,1,partial,2026-03-31
1153,12.5%,ECL,-0.1,BASIC MATERIALS,74B,260.6,385M,35.6,2.6%,2.8%,44.5%,17.7%,0.5,8.4%,high_fcf_yield,False,0,good,2026-03-31
1154,12.4%,AMH,-0.1,REAL ESTATE,12B,31.8,90M,26.1,5.3%,3.8%,43.2%,31.4%,0.3,3.4%,low_ps,False,0,good,2026-03-31
1155,12.3%,PEG,-0.1,UTILITIES,41B,81.7,206M,19.3,0.7%,5.2%,35.0%,24.5%,1.0,3.7%,high_fcf_yield,False,0,good,2026-03-31
1156,12.2%,TYL,-0.1,TECHNOLOGY,15B,341.1,155M,46.7,4.3%,2.1%,44.7%,15.3%,2.3,5.6%,low_ps,False,1,partial,2026-03-31
1157,12.2%,KMI,-0.1,ENERGY,72B,32.6,389M,23.7,5.0%,4.2%,43.7%,28.4%,0.3,4.1%,low_evebitda,False,0,good,2026-03-31
1158,12.1%,AME,-0.1,INDUSTRIALS,55B,235.5,301M,36.8,3.1%,2.7%,36.3%,26.0%,1.2,9.2%,low_ps,False,0,good,2026-03-31
1159,12.0%,MTSI,-0.1,TECHNOLOGY,28B,359.9,355M,171.3,0.5%,0.6%,54.5%,15.2%,1.2,7.7%,low_ps,False,1,partial,2026-03-01
1160,11.9%,RMD,-0.1,HEALTHCARE,31B,213.8,307M,21.2,5.7%,4.7%,61.0%,33.8%,0.3,17.5%,low_ps,False,0,good,2026-03-01
1161,11.9%,WWD,-0.1,INDUSTRIALS,22B,363.0,343M,45.6,1.8%,2.2%,27.9%,14.6%,1.2,10.3%,high_fcf_yield,False,0,good,2026-03-01
1162,11.8%,CRK,-0.1,ENERGY,5B,17.4,40M,12.8,-8.9%,7.8%,48.1%,19.8%,0.0,5.6%,high_fcf_yield,False,0,good,2026-03-31
1163,11.7%,AGI,-0.1,BASIC MATERIALS,17B,39.9,152M,19.0,1.6%,5.3%,54.3%,44.5%,0.0,14.0%,low_ps,False,0,good,2026-03-31
1164,11.6%,BANC,-0.1,FINANCIAL SERVICES,3B,18.7,56M,13.1,7.8%,7.6%,58.7%,18.0%,0.6,0.7%,high_earnings_yield,False,0,good,2026-03-31
1165,11.6%,EQR,-0.1,REAL ESTATE,25B,65.4,184M,22.5,5.1%,4.4%,46.3%,36.3%,0.8,5.4%,low_ps,False,0,good,2026-03-31
1166,11.5%,PYPL,-0.1,FINANCIAL SERVICES,46B,50.1,704M,8.8,12.1%,11.3%,46.6%,18.3%,0.4,6.5%,high_earnings_yield,False,0,good,2026-03-31
1167,11.4%,PFG,-0.1,FINANCIAL SERVICES,22B,100.9,134M,18.8,20.0%,5.3%,45.2%,9.1%,2.8,0.3%,high_fcf_yield,False,0,good,2026-03-31
1168,11.3%,CHCO,-0.1,FINANCIAL SERVICES,2B,123.0,12M,13.8,7.1%,7.2%,79.0%,41.5%,2.1,1.9%,high_earnings_yield,False,0,good,2026-03-31
1169,11.2%,OHI,-0.1,REAL ESTATE,15B,46.3,108M,24.7,0.8%,4.0%,84.9%,62.6%,0.4,5.9%,low_ps,False,0,good,2026-03-31
1170,11.2%,ARES,-0.1,FINANCIAL SERVICES,26B,117.4,389M,42.7,5.9%,2.3%,64.1%,17.8%,1.6,2.1%,high_fcf_yield,False,0,good,2026-03-31
1171,11.1%,CTRE,-0.1,REAL ESTATE,9B,41.6,75M,29.1,4.1%,3.4%,84.1%,59.9%,3.2,6.2%,low_ps,False,0,good,2026-03-31
1172,11.0%,TFPM,-0.1,BASIC MATERIALS,7B,33.4,17M,28.7,1.4%,3.5%,72.4%,59.4%,0.0,11.4%,low_ps,False,0,good,2026-03-31
1173,10.9%,MASI,-0.1,HEALTHCARE,9B,178.4,136M,120.8,2.1%,-1.6%,61.9%,20.3%,0.1,-8.9%,high_earnings_yield,False,0,good,2026-03-31
1174,10.9%,T,-0.1,COMMUNICATION SERVICES,184B,26.1,922M,8.4,10.6%,11.9%,46.8%,18.8%,0.3,5.2%,high_earnings_yield,False,0,good,2026-03-31
1175,10.8%,UDR,-0.1,REAL ESTATE,12B,36.3,132M,31.8,4.0%,3.1%,37.4%,21.1%,1.2,3.6%,low_ps,False,0,good,2026-03-31
1176,10.7%,REG,-0.1,REAL ESTATE,14B,77.8,127M,22.7,4.9%,4.4%,60.5%,54.0%,0.5,4.8%,low_ps,False,0,good,2026-03-31
1177,10.6%,PLD,-0.1,REAL ESTATE,136B,142.0,505M,40.9,-5.5%,2.4%,59.6%,40.2%,0.0,3.4%,low_ps,False,0,good,2026-03-31
1178,10.6%,GT,-0.1,CONSUMER CYCLICAL,2B,7.1,58M,4.9,-1.5%,-83.8%,18.4%,3.1%,1.4,-9.5%,high_earnings_yield,False,0,good,2026-03-31
1179,10.5%,ACGL,-0.1,FINANCIAL SERVICES,34B,94.5,224M,7.7,18.0%,12.9%,37.2%,25.0%,0.0,6.6%,high_fcf_yield,False,0,good,2026-03-31
1180,10.4%,NLY,-0.1,REAL ESTATE,17B,22.9,120M,8.2,-1.3%,12.2%,99.2%,102.6%,12.0,1.5%,high_earnings_yield,False,0,good,2026-03-31
1181,10.3%,AMD,-0.1,TECHNOLOGY,585B,354.5,17B,134.9,1.2%,0.7%,49.5%,10.7%,0.2,5.6%,low_ps,False,1,partial,2026-03-31
1182,10.3%,TW,-0.1,FINANCIAL SERVICES,24B,113.2,170M,29.7,4.6%,3.4%,67.3%,41.2%,0.1,9.9%,low_ps,False,0,good,2026-03-31
1183,10.2%,DIS,-0.1,COMMUNICATION SERVICES,184B,103.8,937M,15.0,3.8%,6.7%,37.3%,14.2%,1.1,6.1%,high_earnings_yield,False,0,good,2026-03-01
1184,10.1%,VZ,-0.1,COMMUNICATION SERVICES,202B,48.0,1B,11.8,9.8%,8.5%,55.7%,21.2%,0.9,4.2%,high_earnings_yield,False,0,good,2026-03-31
1185,10.0%,PDFS,-0.1,TECHNOLOGY,2B,51.6,26M,1343.5,-0.4%,-0.0%,72.8%,2.7%,0.4,-0.2%,low_pe,False,1,partial,2026-03-31
1186,10.0%,CPK,-0.1,UTILITIES,3B,126.1,16M,24.1,-10.0%,4.2%,48.9%,26.4%,1.7,3.1%,high_fcf_yield,False,0,good,2026-03-31
1187,9.9%,AEP,-0.1,UTILITIES,74B,136.1,372M,20.8,-2.0%,4.8%,31.8%,24.3%,1.1,3.1%,high_fcf_yield,False,0,good,2026-03-31
1188,9.8%,IRT,-0.1,REAL ESTATE,4B,16.3,39M,69.9,4.0%,1.4%,39.9%,18.4%,4.1,0.9%,low_ps,False,0,good,2026-03-31
1189,9.7%,WPC,-0.1,REAL ESTATE,16B,72.9,93M,34.7,6.8%,2.9%,68.2%,51.9%,0.0,2.6%,low_ps,False,0,good,2026-03-31
1190,9.7%,ALKS,-0.1,HEALTHCARE,6B,33.7,64M,23.2,8.6%,4.3%,86.7%,17.2%,0.0,9.6%,high_fcf_yield,False,1,partial,2026-03-31
1191,9.6%,SWKS,-0.1,TECHNOLOGY,11B,70.2,272M,26.8,10.3%,3.7%,41.1%,10.7%,1.1,5.0%,high_fcf_yield,False,0,good,2026-03-01
1192,9.5%,TXNM,-0.1,UTILITIES,6B,59.1,85M,36.2,-11.1%,2.8%,38.1%,20.3%,0.5,3.5%,high_fcf_yield,False,0,good,2026-03-31
1193,9.4%,HQY,-0.1,HEALTHCARE,7B,84.8,69M,34.5,5.5%,2.9%,69.5%,24.6%,0.0,6.3%,low_ps,False,1,partial,2026-05-01
1194,9.3%,EFX,-0.1,INDUSTRIALS,21B,173.9,339M,31.8,5.4%,3.1%,44.6%,18.0%,1.1,5.6%,high_div_yield,False,0,good,2026-03-31
1195,9.3%,IQV,-0.1,HEALTHCARE,27B,158.4,300M,19.8,7.0%,5.1%,26.3%,14.0%,1.1,4.5%,low_ps,False,1,partial,2026-03-31
1196,9.2%,AAT,-0.1,REAL ESTATE,2B,20.7,6M,22.3,5.9%,4.5%,61.1%,33.5%,0.0,2.4%,high_fcf_yield,False,0,good,2026-03-31
1197,9.1%,ADI,-0.1,TECHNOLOGY,208B,416.5,1B,76.7,2.2%,1.3%,62.8%,29.2%,0.5,5.6%,low_ps,False,0,good,2026-04-01
1198,9.0%,SMG,-0.1,BASIC MATERIALS,4B,62.7,66M,41.3,9.7%,2.4%,31.0%,11.7%,1.2,3.0%,high_fcf_yield,False,0,good,2026-03-01
1199,9.0%,RIOT,-0.1,FINANCIAL SERVICES,6B,17.2,423M,16.0,-14.7%,-11.1%,-15.6%,-61.8%,1.3,-16.8%,high_fcf_yield,False,0,good,2026-03-31
1200,8.9%,CPT,-0.1,REAL ESTATE,11B,105.0,125M,28.7,4.0%,3.5%,61.4%,18.4%,1.0,4.3%,low_ps,False,0,good,2026-03-31
1201,8.8%,OGE,-0.1,UTILITIES,10B,48.8,76M,21.5,-2.1%,4.7%,49.6%,24.5%,0.4,3.3%,high_fcf_yield,False,0,good,2026-03-31
1202,8.7%,CINF,-0.1,FINANCIAL SERVICES,26B,163.6,125M,10.7,12.1%,9.3%,47.4%,23.6%,0.0,5.8%,high_fcf_yield,False,0,good,2026-03-31
1203,8.7%,VCYT,-0.1,HEALTHCARE,3B,32.9,35M,40.3,4.7%,2.5%,70.6%,9.0%,0.0,4.7%,low_ps,False,1,partial,2026-03-31
1204,8.6%,ICE,-0.1,FINANCIAL SERVICES,90B,158.1,519M,27.3,4.8%,3.7%,61.9%,38.7%,0.3,2.4%,low_ps,False,0,good,2026-03-31
1205,8.5%,EGP,-0.1,REAL ESTATE,11B,201.2,88M,41.9,3.8%,2.4%,50.4%,47.0%,0.3,4.7%,low_ps,False,0,good,2026-03-31
1206,8.4%,CWT,-0.1,UTILITIES,3B,42.2,30M,19.7,-8.5%,5.1%,50.3%,16.3%,0.8,2.3%,high_fcf_yield,False,0,good,2026-03-31
1207,8.4%,SPGI,-0.1,FINANCIAL SERVICES,128B,431.2,766M,28.7,4.3%,3.5%,70.2%,42.2%,0.2,7.3%,low_ps,False,0,good,2026-03-31
1208,8.3%,O,-0.1,REAL ESTATE,58B,64.2,350M,54.9,6.6%,1.8%,89.8%,28.3%,1.2,1.5%,low_ps,False,0,good,2026-03-31
1209,8.2%,FRT,-0.1,REAL ESTATE,10B,110.9,95M,23.4,2.9%,4.3%,52.0%,42.0%,1.2,4.5%,low_ps,False,0,good,2026-03-31
1210,8.1%,ED,-0.1,UTILITIES,39B,106.3,213M,19.2,-3.5%,5.2%,62.0%,17.3%,0.7,2.7%,high_fcf_yield,False,0,good,2026-03-31
1211,8.1%,IRDM,-0.1,COMMUNICATION SERVICES,4B,39.1,110M,36.4,7.2%,2.7%,55.0%,27.1%,0.0,4.5%,high_fcf_yield,False,0,good,2026-03-31
1212,8.0%,WTRG,-0.1,UTILITIES,11B,37.5,98M,17.2,-4.3%,5.8%,53.5%,37.2%,0.3,3.1%,high_fcf_yield,False,0,good,2026-03-31
1213,7.9%,HOMB,-0.1,FINANCIAL SERVICES,5B,26.9,47M,11.2,7.1%,9.0%,77.3%,43.8%,0.3,2.1%,high_earnings_yield,False,0,good,2026-03-31
1214,7.8%,PBH,-0.1,HEALTHCARE,3B,52.5,28M,13.5,10.6%,7.4%,56.4%,29.2%,0.0,5.3%,high_fcf_yield,False,1,partial,2026-03-01
1215,7.8%,TRNO,-0.1,REAL ESTATE,7B,65.2,36M,17.0,3.0%,5.9%,75.8%,40.4%,0.7,7.5%,low_ps,False,0,good,2026-03-31
1216,7.7%,TRMK,-0.1,FINANCIAL SERVICES,3B,44.4,16M,11.7,8.0%,8.6%,64.7%,24.2%,1.4,1.2%,high_earnings_yield,False,0,good,2026-03-31
1217,7.6%,GATX,-0.1,INDUSTRIALS,7B,186.4,39M,20.0,-10.3%,5.0%,48.6%,30.7%,3.6,1.8%,high_fcf_yield,False,0,good,2026-03-31
1218,7.5%,NNN,-0.1,REAL ESTATE,8B,43.8,78M,21.3,-20.5%,4.7%,81.2%,63.6%,0.8,4.2%,high_fcf_yield,False,0,good,2026-03-31
1219,7.4%,SKY,-0.1,CONSUMER CYCLICAL,4B,72.8,37M,19.3,6.3%,5.2%,26.3%,9.8%,0.6,10.1%,low_ps,False,0,good,2026-03-01
1220,7.4%,PFE,-0.1,HEALTHCARE,150B,26.3,969M,19.4,6.0%,5.2%,70.3%,24.7%,0.4,3.7%,low_ps,False,0,good,2026-03-31
1221,7.3%,NJR,-0.1,UTILITIES,6B,56.3,31M,17.5,-3.8%,5.7%,26.1%,22.3%,1.4,4.1%,high_fcf_yield,False,0,good,2026-03-01
1222,7.2%,DUK,-0.1,UTILITIES,101B,129.6,392M,20.3,-4.6%,4.9%,54.0%,26.6%,1.2,2.5%,high_fcf_yield,False,0,good,2026-03-31
1223,7.1%,ROP,-0.1,TECHNOLOGY,38B,354.8,420M,25.0,6.5%,4.0%,69.2%,28.3%,0.4,4.4%,high_fcf_yield,False,0,good,2026-03-31
1224,7.1%,EIX,-0.1,UTILITIES,27B,69.5,186M,5.8,-2.7%,17.2%,31.3%,27.1%,1.0,4.9%,high_earnings_yield,False,0,good,2026-03-31
1225,7.0%,VNO,-0.1,REAL ESTATE,6B,29.9,57M,6.3,-6.5%,16.0%,100.0%,15.0%,0.8,5.8%,high_earnings_yield,False,0,good,2026-03-31
1226,6.9%,GWRE,-0.1,TECHNOLOGY,12B,138.4,151M,63.1,2.6%,1.6%,63.8%,6.8%,0.1,7.0%,low_ps,False,1,partial,2026-04-01
1227,6.8%,SFBS,-0.1,FINANCIAL SERVICES,4B,79.6,19M,15.7,7.9%,6.4%,51.8%,33.6%,4.3,1.6%,high_fcf_yield,False,0,good,2026-03-31
1228,6.8%,EQT,-0.1,ENERGY,37B,59.9,477M,18.4,7.6%,5.4%,48.9%,34.7%,0.2,4.9%,high_fcf_yield,False,0,good,2026-03-31
1229,6.7%,VRE,-0.1,REAL ESTATE,2B,19.0,18M,25.8,2.4%,3.9%,1.3%,17.1%,1.8,2.8%,low_ps,False,0,good,2026-03-31
1230,6.6%,WD,-0.1,FINANCIAL SERVICES,2B,54.6,13M,32.0,-37.3%,3.1%,58.5%,11.1%,6.8,1.1%,high_fcf_yield,False,0,good,2026-03-31
1231,6.5%,GPN,-0.1,INDUSTRIALS,17B,72.0,233M,12.3,11.8%,8.1%,69.4%,23.5%,1.4,2.6%,high_fcf_yield,False,0,good,2026-03-31
1232,6.5%,INVX,-0.1,ENERGY,2B,27.8,10M,23.0,8.1%,4.4%,27.9%,10.3%,0.1,6.6%,high_fcf_yield,False,1,partial,2026-03-31
1233,6.4%,DLB,-0.1,INDUSTRIALS,6B,64.1,42M,25.5,6.2%,3.9%,87.9%,18.8%,0.0,7.5%,high_fcf_yield,False,0,good,2026-03-01
1234,6.3%,SPSC,-0.1,TECHNOLOGY,2B,56.1,29M,22.5,7.2%,4.4%,67.9%,15.7%,0.0,8.0%,high_fcf_yield,False,1,partial,2026-03-31
1235,6.2%,BDX,-0.1,HEALTHCARE,42B,149.4,502M,23.9,6.3%,4.2%,45.8%,12.4%,1.0,3.2%,low_ps,False,0,good,2026-03-01
1236,6.2%,SLG,-0.1,REAL ESTATE,3B,42.4,59M,108.3,-19.3%,-2.9%,58.2%,42.7%,3.3,-0.8%,high_fcf_yield,False,0,good,2026-03-31
1237,6.1%,OPLN,-0.1,CONSUMER CYCLICAL,3B,31.4,30M,19.2,9.7%,5.2%,46.2%,10.2%,2.8,3.8%,high_fcf_yield,False,0,good,2026-03-31
1238,6.0%,BXMT,-0.1,REAL ESTATE,3B,19.0,29M,29.3,8.5%,3.4%,76.9%,71.7%,17.3,0.5%,high_fcf_yield,False,0,good,2026-03-31
1239,5.9%,PCTY,-0.1,TECHNOLOGY,6B,111.0,85M,25.6,7.3%,3.9%,69.0%,20.1%,0.0,3.4%,high_fcf_yield,False,1,partial,2026-03-01
1240,5.9%,CDP,-0.1,REAL ESTATE,4B,31.2,33M,23.3,7.9%,4.3%,25.6%,30.2%,0.7,3.2%,high_fcf_yield,False,0,good,2026-03-31
1241,5.8%,BBT,-0.1,FINANCIAL SERVICES,2B,28.5,24M,40.4,8.7%,2.5%,51.9%,9.1%,12.5,0.3%,high_fcf_yield,False,0,good,2026-03-31
1242,5.7%,EGO,-0.1,BASIC MATERIALS,6B,31.1,146M,12.2,-3.0%,8.2%,46.4%,40.0%,0.1,7.6%,high_fcf_yield,False,0,good,2026-03-31
1243,5.6%,ESNT,-0.1,FINANCIAL SERVICES,6B,63.1,44M,8.7,14.2%,11.6%,88.3%,64.1%,0.0,9.3%,high_fcf_yield,False,0,good,2026-03-31
1244,5.5%,ESS,-0.1,REAL ESTATE,17B,263.2,117M,25.2,5.5%,4.0%,68.8%,43.9%,0.4,5.1%,low_ps,False,0,good,2026-03-31
1245,5.5%,STAG,-0.1,REAL ESTATE,7B,38.6,47M,27.0,5.5%,3.7%,61.3%,37.7%,0.7,3.8%,low_ps,False,0,good,2026-03-31
1246,5.4%,LTC,-0.1,REAL ESTATE,2B,38.2,13M,15.9,-26.9%,6.3%,75.1%,48.2%,1.5,5.7%,high_fcf_yield,False,0,good,2026-03-31
1247,5.3%,ZBH,-0.1,HEALTHCARE,16B,82.4,236M,22.9,8.0%,4.4%,69.7%,15.0%,0.5,3.1%,high_fcf_yield,False,0,good,2026-03-31
1248,5.2%,GEN,-0.1,TECHNOLOGY,14B,22.7,144M,22.9,11.0%,4.4%,77.7%,36.9%,0.2,3.8%,high_fcf_yield,False,0,good,2026-03-01
1249,5.2%,ADC,-0.1,REAL ESTATE,8B,77.1,85M,40.6,-40.9%,2.5%,87.7%,47.4%,4.8,2.1%,high_fcf_yield,False,0,good,2026-03-31
1250,5.1%,EPR,-0.1,REAL ESTATE,4B,55.8,38M,15.5,-0.6%,6.4%,78.6%,60.0%,1.1,4.8%,high_fcf_yield,False,0,good,2026-03-31
1251,5.0%,STAA,-0.1,HEALTHCARE,1B,26.7,20M,40.0,-2.7%,-6.1%,75.6%,-33.3%,0.1,-17.4%,high_earnings_yield,False,1,partial,2026-03-31
1252,4.9%,ANIP,-0.1,HEALTHCARE,2B,81.9,28M,23.2,7.3%,4.3%,69.1%,12.6%,0.2,5.3%,low_ps,False,1,partial,2026-03-31
1253,4.9%,DEI,-0.1,REAL ESTATE,2B,10.8,29M,111.3,6.6%,0.9%,43.8%,19.0%,8.6,0.2%,low_ps,False,0,good,2026-03-31
1254,4.8%,IBOC,-0.1,FINANCIAL SERVICES,5B,73.3,19M,11.1,10.8%,9.0%,78.3%,49.3%,1.1,2.5%,high_fcf_yield,False,0,good,2026-03-31
1255,4.7%,TFC,-0.1,FINANCIAL SERVICES,65B,51.0,362M,12.2,8.9%,8.2%,62.2%,20.9%,7.1,1.0%,high_earnings_yield,False,0,good,2026-03-31
1256,4.6%,ITRI,-0.1,TECHNOLOGY,4B,83.8,93M,12.7,10.0%,7.9%,37.7%,13.3%,2.2,8.1%,high_fcf_yield,False,1,partial,2026-03-31
1257,4.6%,ZBRA,-0.1,TECHNOLOGY,11B,226.0,178M,27.3,7.3%,3.7%,47.3%,14.5%,0.3,4.9%,low_ps,False,1,partial,2026-03-31
1258,4.5%,RLI,-0.1,FINANCIAL SERVICES,5B,51.8,46M,11.8,12.8%,8.5%,29.8%,27.5%,0.4,6.5%,high_fcf_yield,False,0,good,2026-03-31
1259,4.4%,ETR,-0.1,UTILITIES,54B,117.3,462M,30.6,-5.1%,3.3%,38.8%,24.1%,1.0,2.5%,high_fcf_yield,False,0,good,2026-03-31
1260,4.3%,DLR,-0.1,REAL ESTATE,71B,200.9,426M,54.2,-4.2%,1.8%,40.0%,13.7%,0.5,2.6%,low_ps,False,0,good,2026-03-31
1261,4.3%,SKT,-0.1,REAL ESTATE,4B,37.1,31M,37.0,4.9%,2.7%,55.9%,19.5%,0.3,4.3%,low_ps,False,0,good,2026-03-31
1262,4.2%,TTD,-0.1,COMMUNICATION SERVICES,11B,23.1,456M,24.8,7.2%,4.0%,78.6%,20.3%,0.1,7.2%,high_fcf_yield,False,1,partial,2026-03-31
1263,4.1%,CUZ,-0.1,REAL ESTATE,4B,25.6,61M,105.2,-2.6%,1.0%,57.6%,22.6%,1.4,0.5%,high_fcf_yield,False,0,good,2026-03-31
1264,4.0%,NEE,-0.1,UTILITIES,204B,97.9,865M,29.9,1.6%,3.3%,62.8%,30.1%,0.8,3.2%,low_ps,False,0,good,2026-03-31
1265,4.0%,RGLD,-0.1,BASIC MATERIALS,20B,233.4,204M,42.6,-2.3%,2.4%,72.6%,64.6%,0.0,4.9%,low_ps,False,0,good,2026-03-31
1266,3.9%,BRO,-0.1,FINANCIAL SERVICES,20B,60.1,197M,19.4,6.7%,5.2%,59.6%,27.8%,0.7,3.5%,high_fcf_yield,False,0,good,2026-03-31
1267,3.8%,RELY,-0.1,TECHNOLOGY,5B,21.9,101M,69.9,6.1%,1.4%,59.4%,4.8%,0.1,4.7%,high_earnings_yield,False,1,partial,2026-03-31
1268,3.7%,MKTX,-0.1,FINANCIAL SERVICES,5B,147.5,79M,22.0,6.0%,4.5%,69.9%,41.2%,0.5,13.6%,low_ps,False,0,good,2026-03-31
1269,3.6%,VICI,-0.1,REAL ESTATE,31B,29.2,227M,11.2,8.0%,8.9%,99.3%,91.1%,0.0,5.9%,high_earnings_yield,False,0,good,2026-03-31
1270,3.6%,AWK,-0.1,UTILITIES,25B,128.4,239M,22.5,-4.3%,4.4%,43.3%,36.6%,2.2,3.0%,high_fcf_yield,False,0,good,2026-03-31
1271,3.5%,RAMP,-0.1,TECHNOLOGY,2B,30.4,14M,28.4,8.7%,3.5%,70.4%,7.1%,0.1,5.4%,high_fcf_yield,False,1,partial,2026-03-01
1272,3.4%,SRE,-0.1,UTILITIES,60B,91.5,318M,32.6,-10.1%,3.1%,29.3%,23.9%,2.0,1.7%,high_fcf_yield,False,0,good,2026-03-31
1273,3.3%,CNX,-0.1,ENERGY,6B,38.9,72M,9.5,8.9%,10.5%,53.1%,43.2%,0.3,7.0%,high_earnings_yield,False,0,good,2026-03-31
1274,3.3%,CNP,-0.1,UTILITIES,29B,43.6,226M,27.3,-8.3%,3.7%,28.7%,22.5%,1.5,2.2%,high_fcf_yield,False,0,good,2026-03-31
1275,3.2%,PPL,-0.1,UTILITIES,27B,35.9,345M,23.0,-5.2%,4.3%,39.1%,23.6%,0.7,2.6%,high_fcf_yield,False,0,good,2026-03-31
1276,3.1%,TVTX,-0.1,HEALTHCARE,4B,42.1,116M,6.9,0.7%,-0.7%,97.9%,-12.8%,0.3,-4.2%,low_evebitda,False,1,partial,2026-03-31
1277,3.0%,VCEL,-0.1,HEALTHCARE,2B,33.5,23M,102.8,0.4%,1.0%,74.4%,4.0%,0.5,3.4%,high_fcf_yield,False,1,partial,2026-03-31
1278,3.0%,TREX,-0.1,INDUSTRIALS,4B,40.2,82M,22.2,-2.7%,4.5%,39.2%,22.0%,0.9,12.8%,high_fcf_yield,False,1,partial,2026-03-31
1279,2.9%,SGI,-0.1,CONSUMER CYCLICAL,15B,69.3,226M,38.4,4.3%,2.6%,42.8%,10.2%,0.6,3.3%,low_ps,False,0,good,2026-03-31
1280,2.8%,SO,-0.1,UTILITIES,107B,96.7,463M,24.6,-3.1%,4.1%,43.5%,24.6%,0.5,2.8%,high_fcf_yield,False,0,good,2026-03-31
1281,2.7%,BXP,-0.1,REAL ESTATE,9B,58.5,112M,33.5,7.4%,3.0%,60.6%,42.3%,0.8,1.1%,high_fcf_yield,False,0,good,2026-03-31
1282,2.7%,MRVL,-0.1,TECHNOLOGY,146B,170.1,4B,54.6,1.0%,1.8%,50.1%,16.3%,0.2,12.0%,low_ps,False,0,good,2026-05-01
1283,2.6%,NI,-0.1,UTILITIES,23B,48.3,288M,25.0,-1.8%,4.0%,53.0%,27.6%,0.5,2.5%,high_fcf_yield,False,0,good,2026-03-31
1284,2.5%,D,-0.1,UTILITIES,57B,64.5,298M,18.9,-12.8%,5.3%,49.0%,26.7%,1.3,2.6%,high_fcf_yield,False,0,good,2026-03-31
1285,2.4%,CCI,-0.1,REAL ESTATE,39B,88.8,269M,87.4,7.4%,1.1%,66.1%,48.7%,2.1,1.4%,low_ps,False,0,good,2026-03-31
1286,2.4%,KRG,-0.1,REAL ESTATE,5B,26.2,57M,18.0,5.2%,5.5%,53.3%,23.1%,0.6,4.5%,low_ps,False,0,good,2026-03-31
1287,2.3%,DOCN,-0.1,TECHNOLOGY,11B,96.4,527M,41.6,0.3%,2.4%,59.9%,17.4%,1.9,14.1%,low_ps,False,1,partial,2026-03-31
1288,2.2%,CB,-0.1,FINANCIAL SERVICES,129B,327.0,547M,12.5,10.5%,8.0%,29.4%,21.8%,0.2,3.8%,high_fcf_yield,False,0,good,2026-03-31
1289,2.1%,ACIW,-0.1,TECHNOLOGY,5B,45.5,36M,21.4,6.1%,4.7%,49.0%,18.7%,0.2,7.3%,low_ps,False,1,partial,2026-03-31
1290,2.1%,BMRN,-0.1,HEALTHCARE,11B,53.9,96M,30.5,6.8%,3.3%,77.1%,16.6%,0.0,4.6%,high_fcf_yield,False,1,partial,2026-03-31
1291,2.0%,WTW,-0.1,FINANCIAL SERVICES,25B,256.2,239M,15.3,6.3%,6.5%,42.1%,23.0%,0.5,5.4%,high_earnings_yield,False,0,good,2026-03-31
1292,1.9%,QTWO,-0.1,TECHNOLOGY,3B,50.8,54M,66.0,5.1%,1.5%,54.1%,5.2%,6.3,4.1%,high_earnings_yield,False,1,partial,2026-03-31
1293,1.8%,DOC,-0.1,REAL ESTATE,11B,16.2,165M,157.6,8.4%,0.6%,22.5%,19.3%,0.7,0.4%,high_fcf_yield,False,0,good,2026-03-31
1294,1.7%,FNV,-0.1,BASIC MATERIALS,45B,232.1,164M,40.0,-6.3%,2.5%,73.9%,74.2%,0.3,13.6%,low_ps,False,0,good,2026-03-31
1295,1.7%,HAE,-0.1,HEALTHCARE,3B,55.1,47M,14.5,12.1%,6.9%,58.5%,19.2%,1.6,7.0%,high_fcf_yield,False,1,partial,2026-03-01
1296,1.6%,TMUS,-0.1,COMMUNICATION SERVICES,215B,195.5,1B,19.6,8.4%,5.1%,54.8%,21.2%,0.5,5.0%,high_fcf_yield,False,0,good,2026-03-31
1297,1.5%,AKR,-0.1,REAL ESTATE,3B,21.6,24M,168.1,-15.9%,0.6%,50.5%,12.0%,0.8,0.3%,high_fcf_yield,False,0,good,2026-03-31
1298,1.4%,INTU,-0.1,TECHNOLOGY,111B,396.3,1B,25.7,6.1%,3.9%,81.2%,27.1%,0.2,12.7%,low_ps,False,0,good,2026-04-01
1299,1.4%,BRX,-0.1,REAL ESTATE,9B,30.1,81M,24.0,-9.1%,4.2%,75.2%,36.7%,1.1,4.2%,high_fcf_yield,False,0,good,2026-03-31
1300,1.3%,FISV,-0.1,TECHNOLOGY,34B,62.6,362M,9.6,12.9%,10.4%,59.4%,26.9%,0.2,4.3%,high_fcf_yield,False,1,partial,2026-03-31
1301,1.2%,CUBE,-0.1,REAL ESTATE,9B,40.5,93M,27.7,6.0%,3.6%,22.7%,40.0%,1.0,5.0%,low_ps,False,0,good,2026-03-31
1302,1.1%,STZ,-0.1,CONSUMER DEFENSIVE,27B,156.6,262M,16.1,6.6%,6.2%,51.7%,31.3%,0.6,7.7%,high_earnings_yield,False,0,good,2026-04-29
1303,1.1%,GTY,-0.1,REAL ESTATE,2B,33.1,14M,25.1,6.4%,4.0%,40.2%,54.9%,1.0,3.6%,low_ps,False,0,good,2026-03-31
1304,1.0%,SRPT,-0.2,HEALTHCARE,3B,20.9,62M,25.8,-12.5%,-28.0%,61.8%,-31.8%,0.4,-21.3%,high_earnings_yield,False,1,partial,2026-03-31
1305,0.9%,FIS,-0.2,TECHNOLOGY,22B,43.5,257M,58.9,12.5%,1.7%,38.1%,17.5%,2.2,1.1%,high_fcf_yield,False,0,good,2026-03-31
1306,0.8%,SBRA,-0.2,REAL ESTATE,5B,20.7,48M,34.0,6.6%,2.9%,65.0%,34.0%,1.0,2.8%,low_ps,False,0,good,2026-03-31
1307,0.8%,WDAY,-0.2,TECHNOLOGY,34B,127.8,599M,48.6,8.2%,2.1%,75.7%,8.9%,0.1,3.8%,high_fcf_yield,False,1,partial,2026-05-01
1308,0.7%,ARR,-0.2,REAL ESTATE,2B,17.5,54M,6.5,5.9%,15.4%,97.0%,73.9%,18.6,1.5%,high_earnings_yield,False,0,good,2026-03-31
1309,0.6%,PTCT,-0.2,HEALTHCARE,6B,73.7,100M,8.9,11.5%,11.2%,91.0%,49.5%,1.0,23.4%,high_earnings_yield,False,1,partial,2026-03-31
1310,0.5%,FR,-0.2,REAL ESTATE,8B,62.0,60M,33.2,-12.8%,3.0%,60.2%,37.4%,0.3,4.3%,high_fcf_yield,False,0,good,2026-03-31
1311,0.5%,CRM,-0.2,TECHNOLOGY,171B,181.8,2B,22.9,8.4%,4.4%,77.7%,21.5%,0.7,6.6%,high_fcf_yield,False,0,good,2026-05-01
1312,0.4%,HAS,-0.2,CONSUMER CYCLICAL,14B,97.8,167M,24.1,6.0%,-2.3%,70.3%,22.5%,4.4,-5.8%,high_earnings_yield,False,0,good,2026-03-31
1313,0.3%,RNG,-0.2,TECHNOLOGY,4B,45.6,81M,91.5,14.1%,1.1%,71.2%,5.0%,3.2,2.9%,high_fcf_yield,False,0,good,2026-03-31
1314,0.2%,MARA,-0.2,FINANCIAL SERVICES,5B,12.9,542M,3.4,-6.8%,-28.5%,37.0%,-16.0%,0.8,-17.7%,high_earnings_yield,False,1,partial,2026-03-31
1315,0.2%,EFC,-0.9,REAL ESTATE,1B,13.2,19M,9.0,-70.2%,11.1%,88.6%,63.0%,5.9,0.8%,high_fcf_yield,False,0,good,2026-03-31
1316,0.1%,VNOM,-0.9,ENERGY,8B,49.4,81M,59.4,-62.5%,-2.2%,48.2%,45.3%,0.5,-1.4%,high_fcf_yield,False,0,good,2026-03-31
