rank,percentile,ticker,company_name,score,sector,market_cap,price,liquidity,pe_ratio,fcf_yield,earnings_yield,ttm_gross_margin,ttm_operating_margin,debt_to_ebitda,roa,top_factor,value_trap,missing_factor_count,data_quality,feature_available_date,weight_pct,alloc_pct
1,99.7%,HE,Hawaiian Electric Industries Inc,1.6,UTILITIES,3B,14.8,27M,20.4,1.9%,4.9%,7.6%,7.6%,0.4,1.4%,low_ps,False,0,good,2026-03-31,3.4%,1.7%
2,99.3%,BE,Bloom Energy Corp,1.5,INDUSTRIALS,91B,283.4,3B,2687.6,0.1%,-0.1%,30.9%,5.5%,4.1,-2.0%,low_evebitda,False,1,partial,2026-03-31,0.8%,0.4%
3,99.2%,TPL,Texas Pacific Land Corporation,1.4,ENERGY,31B,443.7,156M,63.6,1.6%,1.6%,66.0%,74.2%,0.0,29.7%,low_ps,False,0,good,2026-03-31,2.0%,1.0%
4,99.1%,AES,The AES Corporation,1.4,UTILITIES,4B,14.3,165M,4.2,-43.4%,24.0%,18.1%,15.0%,1.9,1.7%,high_fcf_yield,False,0,good,2026-03-31,3.4%,1.7%
5,98.9%,MO,Altria Group,1.4,CONSUMER DEFENSIVE,122B,72.7,670M,17.5,7.5%,5.7%,69.6%,47.4%,0.3,19.8%,high_fcf_yield,False,0,good,2026-03-31,4.7%,2.3%
6,98.8%,SFL,SFL Corporation Ltd,1.3,INDUSTRIALS,2B,12.0,12M,27.6,13.8%,-1.7%,33.2%,23.7%,3.0,-0.7%,high_fcf_yield,False,0,good,2026-03-31,3.7%,1.9%
7,98.7%,BKNG,Booking Holdings Inc,1.2,CONSUMER CYCLICAL,134B,168.4,1B,24.7,6.8%,4.0%,100.0%,34.5%,0.4,18.5%,high_div_yield,False,0,good,2026-03-31,5.8%,2.9%
8,98.6%,AVGO,Broadcom Inc,1.2,TECHNOLOGY,2.1T,430.0,8B,84.2,1.4%,1.2%,67.1%,40.9%,0.1,14.7%,low_ps,False,0,good,2026-04-01,2.9%,1.4%
9,98.2%,NOG,Northern Oil & Gas Inc,1.1,ENERGY,3B,27.2,65M,69.0,-10.9%,1.4%,32.2%,29.1%,0.0,0.7%,high_fcf_yield,False,0,good,2026-03-31,3.9%,1.9%
10,98.0%,ORLY,O’Reilly Automotive Inc,1.1,CONSUMER CYCLICAL,84B,99.4,495M,33.0,1.9%,3.0%,51.6%,19.5%,0.1,15.3%,high_fcf_yield,False,1,partial,2026-03-31,4.7%,2.3%
11,97.6%,YELP,Yelp Inc,1.0,COMMUNICATION SERVICES,2B,27.1,28M,11.0,20.1%,9.1%,90.3%,12.6%,0.0,15.2%,high_fcf_yield,False,1,partial,2026-03-31,3.7%,1.9%
12,97.2%,CAG,ConAgra Foods Inc,0.9,CONSUMER DEFENSIVE,7B,14.1,194M,9.3,12.4%,-0.6%,24.2%,12.3%,1.0,-0.2%,high_fcf_yield,False,0,good,2026-04-29,4.6%,2.3%
13,97.1%,POR,Portland General Electric Co,0.9,UTILITIES,6B,51.9,65M,18.8,-1.2%,5.3%,45.4%,16.8%,0.0,2.3%,high_fcf_yield,False,0,good,2026-03-31,6.9%,3.4%
14,96.8%,TPC,Tutor Perini Corporation,0.9,INDUSTRIALS,5B,92.9,48M,62.1,11.4%,1.6%,11.7%,4.2%,0.1,1.6%,high_fcf_yield,False,0,good,2026-03-31,3.0%,1.5%
15,96.7%,ALGT,Allegiant Travel Company,0.8,INDUSTRIALS,1B,75.6,43M,16.5,5.4%,-3.2%,29.5%,2.1%,0.8,-1.1%,high_earnings_yield,False,0,good,2026-03-31,2.8%,1.4%
16,96.5%,UNFI,United Natural Foods Inc,0.8,CONSUMER DEFENSIVE,3B,52.3,28M,35.6,12.0%,-2.4%,13.3%,0.3%,0.4,-1.1%,high_fcf_yield,False,1,partial,2026-04-01,2.5%,1.2%
17,96.4%,VRSN,VeriSign Inc,0.8,TECHNOLOGY,25B,268.7,234M,29.9,4.3%,3.3%,88.2%,67.7%,0.0,62.3%,low_ps,False,0,good,2026-03-31,5.0%,2.5%
18,96.3%,MAN,ManpowerGroup Inc,0.8,INDUSTRIALS,1B,30.3,33M,16.9,-11.3%,-0.9%,16.7%,0.8%,4.9,-0.1%,high_fcf_yield,False,0,good,2026-03-31,3.0%,1.5%
19,96.2%,KNX,Knight Transportation Inc,0.8,INDUSTRIALS,11B,64.9,238M,160.5,8.3%,0.6%,28.3%,3.4%,0.3,0.6%,high_fcf_yield,False,0,good,2026-03-31,4.1%,2.0%
20,95.9%,OGS,One Gas Inc,0.8,UTILITIES,6B,89.2,40M,21.3,-2.3%,4.7%,58.8%,18.8%,2.6,2.8%,high_fcf_yield,False,0,good,2026-03-31,6.6%,3.3%
21,95.8%,TXNM,"TXNM Energy, Inc.",0.8,UTILITIES,6B,59.1,85M,36.2,-11.1%,2.8%,38.1%,20.3%,0.5,3.5%,high_fcf_yield,False,0,good,2026-03-31,10.0%,5.0%
22,95.7%,PCG,PG&E Corp,0.8,UTILITIES,37B,16.6,365M,13.5,-8.4%,7.4%,29.2%,19.2%,0.7,1.9%,high_fcf_yield,False,0,good,2026-03-31,3.6%,1.8%
23,95.5%,SRE,Sempra Energy,0.8,UTILITIES,60B,91.5,318M,32.6,-10.1%,3.1%,29.3%,23.9%,2.0,1.7%,high_fcf_yield,False,0,good,2026-03-31,,
24,95.4%,FLO,Flowers Foods Inc,0.8,CONSUMER DEFENSIVE,2B,8.4,41M,21.3,18.4%,4.7%,48.1%,6.0%,2.5,2.0%,high_fcf_yield,False,0,good,2026-03-31,4.6%,2.3%
25,95.3%,INDV,Indivior PLC Ordinary Shares,0.8,HEALTHCARE,5B,36.8,85M,22.7,-1.8%,4.4%,82.1%,29.0%,0.2,17.4%,high_fcf_yield,False,0,good,2026-03-31,2.7%,1.3%
26,95.2%,ALK,Alaska Air Group Inc,0.8,INDUSTRIALS,4B,39.1,183M,44.7,-7.6%,2.2%,59.7%,2.1%,1.3,0.5%,high_fcf_yield,False,0,good,2026-03-31,,
27,95.0%,IAG,IAMGold Corporation,0.7,BASIC MATERIALS,10B,16.9,135M,14.9,8.2%,6.7%,42.1%,38.4%,0.0,10.6%,high_fcf_yield,False,0,good,2026-03-31,1.7%,0.8%
28,95.0%,GBX,Greenbrier Companies Inc,0.7,INDUSTRIALS,2B,50.5,19M,11.0,14.0%,9.1%,16.0%,8.3%,0.2,3.4%,high_fcf_yield,False,0,good,2026-04-29,,
29,94.9%,MTDR,Matador Resources Company,0.7,ENERGY,8B,63.0,103M,10.2,3.1%,9.8%,88.8%,33.2%,0.0,6.4%,high_earnings_yield,False,0,good,2026-03-31,,
30,94.6%,RNG,Ringcentral Inc,0.7,TECHNOLOGY,4B,45.6,81M,91.5,14.1%,1.1%,71.2%,5.0%,3.2,2.9%,high_fcf_yield,False,0,good,2026-03-31,,
31,94.4%,NWN,Northwest Natural Gas Co,0.7,UTILITIES,2B,53.0,11M,19.2,-9.1%,5.2%,39.3%,26.2%,1.4,1.8%,high_fcf_yield,False,0,good,2026-03-31,,
32,94.3%,WINA,Winmark Corporation,0.7,CONSUMER CYCLICAL,1B,380.5,22M,33.9,3.2%,3.0%,96.4%,63.4%,0.0,167.4%,low_ps,False,0,good,2026-03-31,,
33,94.2%,GPK,Graphic Packaging Holding Company,0.7,CONSUMER CYCLICAL,3B,9.5,77M,6.4,-2.9%,15.7%,18.7%,10.1%,0.8,3.8%,high_earnings_yield,False,0,good,2026-03-31,,
34,94.1%,GOOG,Alphabet Inc Class C,0.7,COMMUNICATION SERVICES,4.7T,381.9,7B,35.4,1.6%,2.8%,59.7%,32.0%,0.0,22.2%,low_ps,False,0,good,2026-03-31,,
35,94.0%,GOOGL,Alphabet Inc Class A,0.7,COMMUNICATION SERVICES,4.7T,384.8,10B,35.6,1.6%,2.8%,59.7%,32.0%,0.0,22.2%,low_ps,False,0,good,2026-03-31,,
36,93.9%,RELY,Remitly Global Inc,0.7,TECHNOLOGY,5B,21.9,101M,69.9,6.1%,1.4%,59.4%,4.8%,0.1,4.7%,high_fcf_yield,False,1,partial,2026-03-31,,
37,93.8%,MLI,Mueller Industries Inc,0.7,INDUSTRIALS,15B,135.4,103M,19.6,4.6%,5.1%,27.4%,21.4%,0.0,25.4%,high_earnings_yield,False,0,good,2026-03-31,,
38,93.7%,CVI,CVR Energy Inc,0.7,ENERGY,3B,33.1,33M,123.4,-1.5%,0.8%,4.4%,2.3%,0.1,0.7%,high_fcf_yield,False,0,good,2026-03-31,,
39,93.6%,NRG,NRG Energy Inc.,0.7,UTILITIES,32B,155.1,431M,37.3,2.4%,2.7%,21.8%,6.0%,0.0,3.0%,low_ps,False,0,good,2026-03-31,,
40,93.5%,DD,Dupont De Nemours Inc,0.7,BASIC MATERIALS,19B,45.7,168M,16.2,4.1%,-4.1%,33.2%,16.2%,0.1,-3.6%,high_div_yield,False,0,good,2026-03-31,,
41,93.4%,APA,APA Corporation,0.7,ENERGY,13B,35.6,270M,8.8,14.1%,11.4%,38.1%,30.9%,0.1,7.5%,high_fcf_yield,False,0,good,2026-03-31,,
42,93.3%,FE,FirstEnergy Corporation,0.7,UTILITIES,27B,47.0,317M,26.7,-7.0%,3.7%,54.8%,18.8%,0.5,1.8%,high_fcf_yield,False,0,good,2026-03-31,,
43,93.2%,EBAY,eBay Inc,0.7,CONSUMER CYCLICAL,47B,103.5,747M,23.3,3.0%,4.3%,71.5%,20.5%,0.5,11.5%,high_earnings_yield,False,0,good,2026-03-31,,
44,93.1%,AG,First Majestic Silver Corp,0.7,BASIC MATERIALS,11B,21.9,251M,61.7,3.3%,1.6%,35.5%,29.0%,0.0,3.7%,low_ps,False,0,good,2026-03-31,,
45,93.0%,BLKB,Blackbaud Inc,0.7,TECHNOLOGY,2B,37.2,23M,15.0,14.1%,6.7%,58.8%,16.9%,0.2,4.8%,high_fcf_yield,False,0,good,2026-03-31,,
46,92.7%,PRG,PROG Holdings Inc,0.7,INDUSTRIALS,1B,35.8,18M,10.0,22.2%,10.0%,84.9%,8.8%,-0.0,9.1%,high_fcf_yield,False,0,good,2026-03-31,,
47,92.6%,SM,SM Energy Co,0.7,ENERGY,4B,31.0,125M,5.5,-6.8%,18.2%,31.9%,26.1%,0.2,7.0%,high_earnings_yield,False,0,good,2026-03-31,,
48,92.5%,ANET,Arista Networks,0.7,TECHNOLOGY,220B,172.7,2B,62.7,1.9%,1.6%,64.1%,42.8%,0.0,18.1%,low_ps,False,1,partial,2026-03-31,,
49,92.4%,CHRD,Chord Energy Corp,0.7,ENERGY,8B,145.6,107M,185.9,8.6%,0.5%,17.7%,4.0%,0.0,0.3%,high_fcf_yield,False,0,good,2026-03-31,,
50,92.3%,HRB,H&R Block Inc,0.7,CONSUMER CYCLICAL,4B,31.7,87M,6.7,12.8%,14.9%,54.7%,25.2%,0.2,20.9%,high_earnings_yield,False,0,good,2026-03-01,,
51,92.0%,CDE,Coeur Mining Inc,0.6,BASIC MATERIALS,12B,18.0,355M,20.0,5.7%,5.0%,50.6%,35.0%,0.0,12.5%,high_earnings_yield,False,1,partial,2026-03-31,,
52,91.9%,CWT,California Water Service Group,0.6,UTILITIES,3B,42.2,30M,19.7,-8.5%,5.1%,50.3%,16.3%,0.8,2.3%,high_fcf_yield,False,0,good,2026-03-31,,
53,91.7%,SWX,Southwest Gas Holdings Inc,0.6,UTILITIES,7B,94.0,45M,15.5,-8.8%,6.4%,27.9%,15.3%,0.2,4.2%,high_fcf_yield,False,0,good,2026-03-31,,
54,91.6%,GFI,Gold Fields Ltd ADR,0.6,BASIC MATERIALS,40B,44.9,131M,8.3,9.6%,12.0%,52.5%,48.3%,0.1,31.7%,high_earnings_yield,False,0,good,2026-03-31,,
55,91.4%,R,Ryder System Inc,0.6,INDUSTRIALS,10B,253.8,120M,20.1,4.6%,5.0%,19.9%,8.6%,0.6,3.1%,low_ps,False,0,good,2026-03-31,,
56,91.2%,BBWI,Bath & Body Works Inc.,0.6,CONSUMER CYCLICAL,4B,19.7,112M,6.7,20.0%,15.0%,43.7%,15.4%,0.5,12.8%,high_fcf_yield,False,0,good,2026-05-01,,
57,91.1%,CBT,Cabot Corporation,0.6,BASIC MATERIALS,4B,77.0,29M,12.9,10.0%,7.7%,25.4%,16.5%,0.7,8.3%,high_fcf_yield,False,0,good,2026-03-01,,
58,91.0%,CNH,CNH Industrial N.V.,0.6,INDUSTRIALS,13B,10.7,177M,26.1,10.7%,3.8%,31.6%,15.6%,2.9,1.2%,high_fcf_yield,False,0,good,2026-03-31,,
59,90.8%,NOW,ServiceNow Inc,0.6,TECHNOLOGY,92B,88.3,3B,52.5,5.0%,1.9%,77.5%,13.7%,0.0,6.7%,low_ps,False,1,partial,2026-03-31,,
60,90.7%,HNI,HNI Corp,0.6,CONSUMER CYCLICAL,2B,36.5,24M,31.8,12.2%,3.1%,40.9%,8.1%,0.5,1.1%,high_fcf_yield,False,0,good,2026-03-31,,
61,90.6%,AAL,American Airlines Group,0.6,INDUSTRIALS,8B,11.7,681M,69.8,-8.8%,1.4%,19.2%,2.7%,2.4,0.2%,high_fcf_yield,False,0,good,2026-03-31,,
62,90.5%,ROCK,Gibraltar Industries Inc,0.6,INDUSTRIALS,1B,40.8,14M,12.5,9.9%,8.0%,26.9%,10.8%,0.1,7.0%,high_fcf_yield,False,0,good,2026-03-31,,
63,90.4%,GEV,GE Vernova LLC,0.6,INDUSTRIALS,295B,1083.5,3B,60.3,1.3%,1.7%,19.9%,3.7%,0.0,7.8%,low_ps,False,0,good,2026-03-31,,
64,90.3%,EPC,Edgewell Personal Care Co,0.6,CONSUMER DEFENSIVE,1B,22.6,14M,41.4,3.5%,-3.6%,41.3%,3.5%,0.4,-1.0%,high_earnings_yield,False,0,good,2026-03-01,,
65,90.2%,OVV,Ovintiv Inc,0.6,ENERGY,15B,57.8,217M,12.1,1.7%,8.3%,47.1%,12.6%,0.5,6.1%,high_earnings_yield,False,0,good,2026-03-31,,
66,90.1%,SLGN,Silgan Holdings Inc,0.6,CONSUMER CYCLICAL,4B,40.5,32M,13.7,22.8%,7.3%,16.9%,9.8%,1.4,3.3%,high_fcf_yield,False,0,good,2026-03-31,,
67,90.0%,CPRT,Copart Inc,0.6,INDUSTRIALS,33B,33.9,260M,21.3,4.3%,4.7%,45.3%,36.5%,0.0,14.7%,low_ps,False,1,partial,2026-04-01,,
68,89.9%,HL,Hecla Mining Company,0.6,BASIC MATERIALS,12B,18.0,229M,37.8,2.6%,2.6%,43.7%,36.8%,0.0,8.5%,low_ps,False,0,good,2026-03-31,,
69,89.8%,MHK,Mohawk Industries Inc,0.6,CONSUMER CYCLICAL,7B,105.6,112M,17.6,9.5%,5.7%,24.3%,4.8%,0.6,2.7%,high_fcf_yield,False,1,partial,2026-03-31,,
70,89.7%,PRKS,United Parks & Resorts Inc,0.6,CONSUMER CYCLICAL,2B,39.2,36M,12.5,7.7%,8.0%,92.3%,22.0%,0.1,6.4%,high_earnings_yield,False,0,good,2026-03-31,,
71,89.5%,AVA,Avista Corporation,0.6,UTILITIES,3B,41.1,21M,17.5,-8.5%,5.7%,54.6%,18.0%,1.2,2.2%,high_fcf_yield,False,0,good,2026-03-31,,
72,89.4%,LRCX,Lam Research Corp,0.6,TECHNOLOGY,324B,257.9,3B,52.2,1.9%,1.9%,49.8%,33.8%,0.2,29.0%,low_ps,False,0,good,2026-03-01,,
73,89.3%,GPI,Group 1 Automotive Inc,0.6,CONSUMER CYCLICAL,4B,356.9,53M,13.2,9.0%,7.6%,15.5%,4.2%,4.1,3.1%,high_fcf_yield,False,0,good,2026-03-31,,
74,89.2%,NCLH,Norwegian Cruise Line Holdings Ltd,0.6,CONSUMER CYCLICAL,8B,18.2,439M,20.0,-13.8%,5.0%,42.6%,15.9%,0.7,1.9%,high_fcf_yield,False,1,partial,2026-03-31,,
75,89.1%,DLB,Dolby Laboratories,0.6,INDUSTRIALS,6B,64.1,42M,25.5,6.2%,3.9%,87.9%,18.8%,0.0,7.5%,high_fcf_yield,False,0,good,2026-03-01,,
76,89.0%,PRLB,Proto Labs Inc,0.5,INDUSTRIALS,2B,64.8,11M,74.1,4.0%,1.3%,44.5%,4.9%,0.0,2.8%,low_ps,False,1,partial,2026-03-31,,
77,88.9%,LGIH,LGI Homes,0.5,CONSUMER CYCLICAL,1B,49.0,21M,15.7,-12.4%,6.4%,20.7%,4.7%,0.0,1.8%,high_fcf_yield,False,1,partial,2026-03-31,,
78,88.7%,CALM,Cal-Maine Foods Inc,0.5,CONSUMER DEFENSIVE,4B,76.1,49M,5.2,20.0%,19.3%,33.8%,25.1%,0.0,22.1%,high_fcf_yield,False,0,good,2026-04-29,,
79,88.5%,HLX,Helix Energy Solutions Group Inc,0.5,ENERGY,2B,10.3,23M,49.4,7.9%,2.0%,12.3%,5.0%,0.3,1.1%,high_fcf_yield,False,1,partial,2026-03-31,,
80,88.4%,MAS,Masco Corporation,0.5,INDUSTRIALS,15B,71.8,258M,18.0,6.0%,5.6%,35.4%,16.6%,0.0,15.6%,low_ps,False,0,good,2026-03-31,,
81,88.3%,GFF,Griffon Corporation,0.5,INDUSTRIALS,4B,88.0,36M,90.1,6.9%,1.1%,41.8%,8.2%,0.2,2.2%,high_fcf_yield,False,0,good,2026-03-01,,
82,88.1%,KMX,CarMax Inc,0.5,CONSUMER CYCLICAL,6B,39.3,117M,23.5,21.4%,4.3%,10.8%,0.8%,2.0,0.9%,high_fcf_yield,False,1,partial,2026-04-29,,
83,88.0%,TRIP,TripAdvisor Inc,0.5,CONSUMER CYCLICAL,1B,10.4,31M,30.1,13.5%,3.3%,85.3%,4.2%,3.1,1.5%,high_fcf_yield,False,0,good,2026-03-31,,
84,87.9%,IAC,IAC Inc.,0.5,COMMUNICATION SERVICES,3B,44.6,65M,10.4,1.3%,-3.0%,64.9%,4.6%,0.3,-1.5%,high_div_yield,False,0,good,2026-03-31,,
85,87.8%,CROX,Crocs Inc,0.5,CONSUMER CYCLICAL,5B,102.0,120M,25.7,12.7%,-1.6%,58.3%,22.0%,0.1,-1.9%,high_fcf_yield,False,1,partial,2026-03-31,,
86,87.7%,PZZA,Papa John's International Inc,0.5,CONSUMER CYCLICAL,1B,31.1,34M,33.7,6.0%,3.0%,23.6%,4.0%,0.2,3.3%,low_ps,False,0,good,2026-03-31,,
87,87.6%,LEA,Lear Corporation,0.5,CONSUMER CYCLICAL,7B,127.1,78M,15.0,8.0%,6.7%,7.3%,4.4%,0.1,2.9%,low_ps,False,0,good,2026-03-31,,
88,87.5%,SMG,Scotts Miracle-Gro Company,0.5,BASIC MATERIALS,4B,62.7,66M,41.3,9.7%,2.4%,31.0%,11.7%,1.2,3.0%,high_fcf_yield,False,0,good,2026-03-01,,
89,87.4%,MPC,Marathon Petroleum Corp,0.5,ENERGY,73B,248.3,515M,18.1,6.5%,5.5%,7.5%,4.3%,0.4,4.7%,low_ps,False,0,good,2026-03-31,,
90,87.2%,LULU,Lululemon Athletica Inc.,0.5,CONSUMER CYCLICAL,16B,131.2,472M,9.9,5.9%,10.1%,56.6%,19.8%,0.1,18.7%,high_earnings_yield,False,1,partial,2026-05-01,,
91,87.0%,PPC,Pilgrims Pride Corp,0.5,CONSUMER DEFENSIVE,8B,33.1,47M,7.3,8.4%,13.7%,12.7%,8.7%,0.0,10.5%,high_earnings_yield,False,0,good,2026-03-31,,
92,86.9%,EIX,Edison International,0.5,UTILITIES,27B,69.5,186M,5.8,-2.7%,17.2%,31.3%,27.1%,1.0,4.9%,high_earnings_yield,False,0,good,2026-03-31,,
93,86.8%,LAD,Lithia Motors Inc,0.5,CONSUMER CYCLICAL,7B,289.6,84M,8.3,3.2%,12.1%,15.2%,4.1%,4.5,3.3%,high_earnings_yield,False,0,good,2026-03-31,,
94,86.6%,TFPM,Triple Flag Precious Metals Corp,0.5,BASIC MATERIALS,7B,33.4,17M,28.7,1.4%,3.5%,72.4%,59.4%,0.0,11.4%,low_ps,False,0,good,2026-03-31,,
95,86.5%,KBR,KBR Inc,0.5,INDUSTRIALS,5B,37.5,62M,11.5,10.1%,8.7%,14.7%,9.3%,0.2,6.3%,high_fcf_yield,False,0,good,2026-03-31,,
96,86.2%,GATX,GATX Corporation,0.5,INDUSTRIALS,7B,186.4,39M,20.0,-10.3%,5.0%,48.6%,30.7%,3.6,1.8%,high_fcf_yield,False,0,good,2026-03-31,,
97,86.1%,WHR,Whirlpool Corporation,0.5,CONSUMER CYCLICAL,3B,56.1,168M,10.5,2.8%,9.5%,15.2%,4.7%,1.6,2.0%,high_earnings_yield,False,0,good,2026-03-31,,
98,86.0%,VST,Vistra Corp.,0.5,UTILITIES,50B,147.7,704M,53.2,1.3%,1.9%,15.9%,5.8%,1.7,2.3%,high_fcf_yield,False,0,good,2026-03-31,,
99,85.8%,GPN,Global Payments Inc,0.5,INDUSTRIALS,17B,72.0,233M,12.3,11.8%,8.1%,69.4%,23.5%,1.4,2.6%,high_fcf_yield,False,0,good,2026-03-31,,
100,85.7%,RHI,Robert Half International Inc,0.5,INDUSTRIALS,3B,26.6,78M,20.0,10.0%,5.0%,36.8%,1.4%,0.5,4.7%,high_fcf_yield,False,0,good,2026-03-31,,
101,85.6%,BHP,BHP Group Limited,0.5,BASIC MATERIALS,216B,84.7,182M,10.0,9.7%,10.0%,82.7%,41.0%,0.1,18.7%,high_earnings_yield,False,0,good,2026-03-01,,
102,85.4%,UVV,Universal Corporation,0.5,CONSUMER DEFENSIVE,1B,53.7,10M,15.9,3.9%,6.3%,18.2%,7.8%,3.3,2.8%,low_ps,False,0,good,2026-03-01,,
103,85.3%,GEO,Geo Group Inc,0.5,INDUSTRIALS,3B,21.8,38M,11.5,-4.3%,8.7%,60.5%,9.8%,0.0,6.6%,high_fcf_yield,False,0,good,2026-03-31,,
104,85.2%,EXE,Expand Energy Corporation,0.5,ENERGY,25B,102.2,310M,13.5,6.9%,7.4%,50.1%,19.2%,0.0,6.4%,high_earnings_yield,False,0,good,2026-03-31,,
105,85.1%,EXTR,Extreme Networks Inc,0.5,TECHNOLOGY,3B,22.1,68M,322.8,4.1%,0.3%,61.3%,2.7%,0.8,0.8%,low_pe,False,1,partial,2026-03-01,,
106,85.0%,TRN,Trinity Industries Inc,0.5,INDUSTRIALS,3B,32.6,22M,10.6,-16.3%,9.5%,26.7%,16.7%,0.0,3.0%,high_fcf_yield,False,0,good,2026-03-31,,
107,85.0%,FTNT,Fortinet Inc,0.5,TECHNOLOGY,63B,84.3,557M,33.8,3.6%,3.0%,80.8%,30.6%,0.4,17.8%,low_ps,False,1,partial,2026-03-31,,
108,84.9%,ANAB,AnaptysBio Inc,0.5,HEALTHCARE,2B,69.3,45M,66.9,0.9%,-0.6%,99.0%,20.4%,0.0,-3.6%,low_ps,False,1,partial,2026-03-31,,
109,84.8%,KTOS,Kratos Defense & Security Solutions,0.5,INDUSTRIALS,11B,63.0,256M,514.1,-1.2%,0.2%,22.1%,2.1%,0.2,0.9%,low_pe,False,1,partial,2026-03-31,,
110,84.6%,WBD,Warner Bros Discovery Inc,0.5,COMMUNICATION SERVICES,67B,27.1,475M,92.7,4.6%,1.1%,40.3%,2.5%,0.0,0.7%,high_div_yield,False,0,good,2026-03-31,,
111,84.5%,VYX,NCR Voyix Corporation,0.5,TECHNOLOGY,1B,8.3,16M,1.7,-39.6%,-1.3%,23.7%,2.6%,0.2,-0.4%,high_div_yield,False,0,good,2026-03-31,,
112,84.4%,DAL,Delta Air Lines Inc,0.5,INDUSTRIALS,44B,68.0,586M,8.9,8.7%,11.3%,24.5%,9.2%,0.5,6.2%,high_earnings_yield,False,0,good,2026-03-31,,
113,84.3%,SFM,Sprouts Farmers Market LLC,0.5,CONSUMER DEFENSIVE,8B,81.8,172M,14.9,6.0%,6.7%,37.1%,7.9%,0.2,12.6%,low_ps,False,1,partial,2026-03-31,,
114,84.2%,TSN,Tyson Foods Inc,0.5,CONSUMER DEFENSIVE,23B,64.1,191M,113.4,4.9%,0.9%,6.0%,1.7%,0.8,0.6%,low_ps,False,0,good,2026-03-01,,
115,84.1%,TREX,Trex Company Inc,0.5,INDUSTRIALS,4B,40.2,82M,22.2,-2.7%,4.5%,39.2%,22.0%,0.9,12.8%,high_fcf_yield,False,1,partial,2026-03-31,,
116,84.0%,BF-B,Brown-Forman Corporation,0.5,CONSUMER DEFENSIVE,13B,27.7,134M,16.2,5.6%,6.2%,59.5%,28.4%,1.1,9.7%,high_earnings_yield,False,0,good,2026-04-01,,
117,83.7%,IT,Gartner Inc,0.5,TECHNOLOGY,10B,148.5,231M,14.2,11.3%,7.0%,67.7%,15.8%,0.1,9.0%,high_fcf_yield,False,1,partial,2026-03-31,,
118,83.6%,AGX,Argan Inc,0.5,INDUSTRIALS,10B,680.3,196M,70.0,4.3%,1.4%,20.5%,14.3%,0.0,11.6%,low_ps,False,0,good,2026-05-01,,
119,83.5%,ABM,ABM Industries Incorporated,0.5,INDUSTRIALS,2B,40.2,16M,15.5,13.4%,6.5%,11.5%,3.7%,0.2,3.0%,high_fcf_yield,False,0,good,2026-04-01,,
120,83.4%,TEN,Tsakos Energy Navigation Limited,0.5,ENERGY,1B,43.8,12M,8.1,15.4%,12.3%,35.3%,30.5%,0.9,4.1%,high_fcf_yield,False,0,good,2026-03-31,,
121,83.3%,SCHL,Scholastic Corporation,0.5,COMMUNICATION SERVICES,1B,40.1,28M,16.5,2.1%,6.1%,52.3%,1.9%,0.4,3.5%,low_ps,False,0,good,2026-04-29,,
122,83.2%,MOS,The Mosaic Company,0.5,BASIC MATERIALS,7B,22.2,193M,5.4,-8.2%,18.7%,16.5%,9.9%,0.6,5.0%,high_earnings_yield,False,0,good,2026-03-31,,
123,83.1%,WMS,Advanced Drainage Systems Inc,0.5,INDUSTRIALS,11B,143.2,137M,23.8,5.1%,4.2%,38.2%,22.8%,0.1,11.4%,high_div_yield,False,0,good,2026-03-01,,
124,83.0%,ZD,Ziff Davis Inc,0.4,COMMUNICATION SERVICES,2B,41.0,26M,32.6,18.7%,3.1%,77.8%,13.2%,0.9,1.3%,high_fcf_yield,False,0,good,2026-03-31,,
125,82.9%,PM,Philip Morris International Inc,0.4,CONSUMER DEFENSIVE,258B,165.1,780M,22.7,4.1%,4.4%,67.1%,36.7%,0.4,16.4%,low_ps,False,0,good,2026-03-31,,
126,82.8%,CF,CF Industries Holdings Inc,0.4,BASIC MATERIALS,19B,124.2,401M,13.2,9.4%,7.6%,41.3%,36.6%,0.0,10.3%,high_fcf_yield,False,0,good,2026-03-31,,
127,82.7%,CSL,Carlisle Companies Incorporated,0.4,INDUSTRIALS,15B,355.3,163M,19.7,6.6%,5.1%,35.7%,20.0%,0.0,11.8%,high_fcf_yield,False,0,good,2026-03-31,,
128,82.6%,RCL,Royal Caribbean Cruises Ltd,0.4,CONSUMER CYCLICAL,71B,263.8,792M,16.7,1.7%,6.0%,46.8%,27.4%,0.9,10.3%,high_earnings_yield,False,0,good,2026-03-31,,
129,82.5%,THO,Thor Industries Inc,0.4,CONSUMER CYCLICAL,4B,77.2,48M,13.6,5.6%,7.4%,13.5%,3.3%,0.1,4.3%,low_ps,False,0,good,2026-04-01,,
130,82.4%,LPX,Louisiana-Pacific Corporation,0.4,INDUSTRIALS,5B,72.2,114M,34.6,1.8%,2.9%,21.8%,8.3%,0.0,5.6%,low_ps,False,0,good,2026-03-31,,
131,82.3%,TDS,Telephone and Data Systems Inc,0.4,COMMUNICATION SERVICES,5B,46.5,32M,70.5,2.7%,-0.1%,49.4%,0.5%,0.0,-0.1%,high_div_yield,False,0,good,2026-03-31,,
132,82.1%,HOG,Harley-Davidson Inc,0.4,CONSUMER CYCLICAL,3B,23.9,83M,7.8,15.7%,12.8%,26.8%,8.7%,4.5,4.2%,high_fcf_yield,False,0,good,2026-03-31,,
133,82.0%,MMM,3M Company,0.4,INDUSTRIALS,78B,146.5,598M,24.0,1.8%,4.2%,39.6%,18.9%,0.6,8.6%,high_fcf_yield,False,0,good,2026-03-31,,
134,81.9%,EXC,Exelon Corporation,0.4,UTILITIES,47B,46.0,417M,17.0,-4.8%,5.9%,27.9%,21.2%,0.6,2.4%,high_fcf_yield,False,0,good,2026-03-31,,
135,81.8%,LMT,Lockheed Martin Corporation,0.4,INDUSTRIALS,120B,518.0,926M,23.9,5.8%,4.2%,10.2%,10.3%,0.3,8.4%,low_ps,False,0,good,2026-03-31,,
136,81.7%,CXW,CoreCivic Inc,0.4,INDUSTRIALS,2B,20.5,20M,18.3,2.5%,5.5%,23.5%,13.0%,0.1,3.6%,low_ps,False,0,good,2026-03-31,,
137,81.6%,QLYS,Qualys Inc,0.4,TECHNOLOGY,3B,86.9,80M,15.6,9.8%,6.4%,82.8%,33.2%,0.0,18.1%,high_fcf_yield,False,1,partial,2026-03-31,,
138,81.5%,SR,Spire Inc,0.4,UTILITIES,5B,91.2,36M,18.9,-5.0%,5.3%,41.4%,21.4%,2.1,2.4%,high_fcf_yield,False,0,good,2026-03-01,,
139,81.4%,OLN,Olin Corporation,0.4,BASIC MATERIALS,3B,26.8,59M,53.3,8.1%,-1.4%,7.4%,0.2%,0.3,-0.6%,high_fcf_yield,False,0,good,2026-03-31,,
140,81.3%,CHTR,Charter Communications Inc,0.4,COMMUNICATION SERVICES,21B,165.2,709M,4.2,21.1%,23.8%,44.9%,24.3%,0.2,3.2%,high_earnings_yield,False,1,partial,2026-03-31,,
141,81.1%,KR,Kroger Company,0.4,CONSUMER DEFENSIVE,41B,65.6,300M,40.8,8.5%,2.5%,21.0%,3.2%,0.4,2.0%,high_fcf_yield,False,0,good,2026-05-01,,
142,80.9%,WEN,The Wendy’s Co,0.4,CONSUMER CYCLICAL,1B,7.3,62M,8.4,17.4%,11.9%,27.2%,15.4%,0.3,3.3%,high_fcf_yield,False,0,good,2026-03-31,,
143,80.8%,PNR,Pentair PLC,0.4,INDUSTRIALS,13B,80.7,185M,20.2,5.6%,4.9%,40.5%,20.5%,0.0,9.5%,high_earnings_yield,False,0,good,2026-03-31,,
144,80.5%,CLX,The Clorox Company,0.4,CONSUMER DEFENSIVE,12B,96.4,357M,15.6,6.6%,6.4%,44.0%,15.2%,0.5,13.5%,high_earnings_yield,False,0,good,2026-03-01,,
145,80.4%,OMC,Omnicom Group Inc,0.4,COMMUNICATION SERVICES,16B,76.7,347M,13.0,17.7%,-0.3%,17.3%,14.0%,4.1,-0.1%,high_fcf_yield,False,0,good,2026-03-31,,
146,80.3%,SKYW,SkyWest Inc,0.4,INDUSTRIALS,3B,82.1,36M,7.8,8.6%,12.8%,33.5%,15.2%,1.1,5.8%,high_earnings_yield,False,0,good,2026-03-31,,
147,80.1%,COLM,Columbia Sportswear Company,0.4,CONSUMER CYCLICAL,3B,60.9,40M,18.8,6.5%,5.3%,50.2%,6.0%,0.3,6.1%,low_ps,False,0,good,2026-03-31,,
148,80.0%,NFLX,Netflix Inc,0.4,COMMUNICATION SERVICES,402B,93.6,4B,36.6,2.4%,2.7%,48.5%,29.5%,0.1,19.8%,low_ps,False,1,partial,2026-03-31,,
149,79.9%,DXC,DXC Technology Co,0.4,TECHNOLOGY,2B,9.4,50M,3.8,64.3%,26.6%,19.7%,5.4%,0.6,3.2%,high_fcf_yield,False,0,good,2026-03-01,,
150,79.8%,RES,RPC Inc,0.4,ENERGY,2B,6.8,19M,46.9,3.5%,2.1%,14.3%,3.5%,0.2,2.2%,low_ps,False,0,good,2026-03-31,,
151,79.7%,CXT,Crane NXT Co,0.4,INDUSTRIALS,3B,44.7,30M,17.9,7.7%,5.6%,42.5%,15.3%,0.8,4.7%,high_fcf_yield,False,0,good,2026-03-31,,
152,79.6%,DECK,Deckers Outdoor Corporation,0.4,CONSUMER CYCLICAL,15B,100.4,173M,14.2,6.3%,7.0%,57.5%,23.8%,0.1,25.4%,high_earnings_yield,False,1,partial,2026-03-01,,
153,79.5%,PAG,Penske Automotive Group Inc,0.4,CONSUMER CYCLICAL,11B,171.5,53M,12.1,5.2%,8.3%,16.4%,4.0%,5.3,5.1%,high_earnings_yield,False,0,good,2026-03-31,,
154,79.4%,ALG,Alamo Group Inc,0.4,INDUSTRIALS,2B,173.4,33M,20.2,7.0%,4.9%,24.8%,9.5%,0.1,6.5%,low_ps,False,0,good,2026-03-31,,
155,79.3%,GIS,General Mills Inc,0.4,CONSUMER DEFENSIVE,19B,34.7,289M,8.5,8.8%,11.8%,33.0%,19.1%,2.0,6.8%,high_earnings_yield,False,0,good,2026-04-29,,
156,79.2%,POWL,Powell Industries Inc,0.4,INDUSTRIALS,10B,277.3,195M,54.1,1.6%,1.8%,30.2%,20.2%,0.0,17.1%,low_ps,False,0,good,2026-03-01,,
157,79.1%,AA,Alcoa Corp,0.4,BASIC MATERIALS,17B,63.8,274M,14.8,3.3%,6.8%,13.5%,7.6%,0.0,7.1%,high_earnings_yield,False,0,good,2026-03-31,,
158,79.0%,PNW,Pinnacle West Capital Corp,0.4,UTILITIES,13B,102.8,121M,20.6,-6.4%,4.8%,34.9%,21.7%,1.4,1.9%,high_fcf_yield,False,0,good,2026-03-31,,
159,78.9%,CPB,Campbell’s Co,0.4,CONSUMER DEFENSIVE,6B,20.8,146M,11.3,10.7%,8.8%,29.3%,12.1%,0.6,3.6%,high_fcf_yield,False,0,good,2026-04-01,,
160,78.8%,BA,The Boeing Company,0.4,INDUSTRIALS,187B,229.0,1B,83.9,-1.7%,1.2%,4.8%,-6.0%,2.3,1.3%,high_fcf_yield,False,0,good,2026-03-31,,
161,78.7%,PPG,PPG Industries Inc,0.4,BASIC MATERIALS,24B,108.5,238M,15.4,4.8%,6.5%,40.5%,12.7%,0.6,19.8%,high_earnings_yield,False,0,good,2026-03-31,,
162,78.6%,DG,Dollar General Corporation,0.4,CONSUMER DEFENSIVE,25B,113.3,325M,16.6,12.3%,6.0%,30.7%,5.2%,0.5,4.9%,high_fcf_yield,False,0,good,2026-05-01,,
163,78.5%,VRSK,Verisk Analytics Inc,0.4,INDUSTRIALS,25B,184.5,362M,27.5,4.8%,3.6%,67.3%,44.6%,1.8,14.7%,low_ps,False,0,good,2026-03-31,,
164,78.4%,CEG,Constellation Energy Corp,0.4,UTILITIES,95B,303.6,810M,41.1,1.4%,2.4%,17.6%,11.8%,0.6,4.1%,high_fcf_yield,False,0,good,2026-03-31,,
165,78.3%,BBY,Best Buy Co. Inc,0.4,CONSUMER CYCLICAL,13B,59.4,195M,11.8,10.0%,8.5%,22.5%,3.3%,0.3,7.3%,high_fcf_yield,False,0,good,2026-05-01,,
166,78.2%,CHDN,Churchill Downs Incorporated,0.4,CONSUMER CYCLICAL,7B,101.0,110M,18.5,6.3%,5.4%,33.6%,23.4%,0.1,5.1%,high_fcf_yield,False,0,good,2026-03-31,,
167,78.1%,CCL,Carnival Corporation,0.4,CONSUMER CYCLICAL,37B,26.4,784M,11.9,8.1%,8.4%,37.5%,16.9%,0.4,6.0%,high_earnings_yield,False,0,good,2026-04-29,,
168,78.0%,PEG,Public Service Enterprise Group Inc,0.4,UTILITIES,41B,81.7,206M,19.3,0.7%,5.2%,35.0%,24.5%,1.0,3.7%,high_fcf_yield,False,0,good,2026-03-31,,
169,77.9%,CLS,Celestica Inc.,0.4,TECHNOLOGY,47B,409.6,999M,56.8,1.0%,1.8%,11.6%,7.6%,0.1,11.6%,high_fcf_yield,False,1,partial,2026-03-31,,
170,77.8%,LPG,Dorian LPG Ltd,0.4,ENERGY,2B,40.3,17M,14.2,7.7%,7.0%,50.1%,35.0%,1.1,6.8%,high_fcf_yield,False,0,good,2026-03-01,,
171,77.7%,UPBD,Upbound Group Inc.,0.4,TECHNOLOGY,1B,19.8,17M,15.8,17.9%,6.3%,44.8%,4.8%,0.1,2.2%,high_fcf_yield,False,0,good,2026-03-31,,
172,77.6%,SCCO,Southern Copper Corporation,0.4,BASIC MATERIALS,141B,171.7,241M,32.5,2.4%,3.1%,56.7%,52.2%,0.0,20.3%,low_ps,False,0,good,2026-03-31,,
173,77.5%,IFF,International Flavors & Fragrances Inc,0.4,BASIC MATERIALS,18B,70.2,134M,80.7,1.4%,-1.9%,34.9%,-2.9%,3.2,-1.4%,high_earnings_yield,False,0,good,2026-03-31,,
174,77.4%,PLTR,Palantir Technologies Inc.,0.4,TECHNOLOGY,358B,139.1,6B,220.1,0.6%,0.5%,82.4%,31.6%,0.0,18.3%,low_ps,False,1,partial,2026-03-31,,
175,77.3%,UAA,Under Armour Inc A,0.4,CONSUMER CYCLICAL,3B,6.4,43M,19.4,-1.7%,-19.0%,46.6%,-2.5%,8.2,-11.2%,high_earnings_yield,False,1,partial,2026-03-01,,
176,77.2%,SCL,Stepan Company,0.4,BASIC MATERIALS,1B,50.0,9M,24.4,-2.7%,4.1%,11.6%,3.0%,2.7,2.0%,high_fcf_yield,False,0,good,2026-03-31,,
177,77.1%,VTOL,Bristow Group Inc,0.4,ENERGY,1B,49.1,13M,11.4,3.8%,8.7%,26.1%,10.6%,0.6,5.6%,high_earnings_yield,False,0,good,2026-03-31,,
178,77.0%,CALY,Callaway Golf Company,0.4,CONSUMER CYCLICAL,4B,17.5,48M,84.2,-1.6%,-1.6%,60.3%,4.2%,4.6,-0.8%,high_fcf_yield,False,0,good,2026-03-31,,
179,76.9%,IBP,Installed Building Products Inc,0.4,CONSUMER CYCLICAL,6B,220.0,113M,22.4,-0.4%,4.5%,34.0%,13.0%,0.2,12.8%,high_fcf_yield,False,0,good,2026-03-31,,
180,76.8%,PBI,Pitney Bowes Inc,0.4,INDUSTRIALS,2B,15.5,64M,16.8,13.5%,5.9%,54.1%,20.4%,0.2,4.6%,high_fcf_yield,False,0,good,2026-03-31,,
181,76.7%,MHO,M/I Homes Inc,0.4,CONSUMER CYCLICAL,3B,131.5,33M,8.7,3.6%,11.5%,23.0%,11.5%,0.5,8.4%,high_earnings_yield,False,0,good,2026-03-31,,
182,76.6%,FTI,TechnipFMC PLC,0.4,ENERGY,31B,75.6,287M,32.1,4.7%,3.1%,21.8%,13.8%,0.1,9.5%,high_div_yield,False,0,good,2026-03-31,,
183,76.5%,APP,Applovin Corp,0.4,COMMUNICATION SERVICES,151B,446.4,2B,45.4,2.6%,2.2%,86.5%,68.5%,0.0,45.9%,low_ps,False,1,partial,2026-03-31,,
184,76.4%,LKQ,LKQ Corporation,0.4,CONSUMER CYCLICAL,8B,31.6,87M,13.3,10.5%,7.5%,38.0%,7.8%,0.2,4.0%,high_fcf_yield,False,0,good,2026-03-31,,
185,76.3%,DVN,Devon Energy Corporation,0.4,ENERGY,32B,51.4,691M,12.1,9.5%,8.3%,22.7%,19.8%,0.3,8.4%,high_fcf_yield,False,0,good,2026-03-31,,
186,76.2%,AEO,American Eagle Outfitters Inc,0.4,CONSUMER CYCLICAL,3B,16.7,80M,15.3,-5.3%,6.6%,33.0%,6.0%,0.6,4.7%,high_fcf_yield,False,0,good,2026-05-01,,
187,76.1%,COKE,Coca-Cola Consolidated Inc.,0.4,CONSUMER DEFENSIVE,2B,205.1,102M,3.5,31.1%,28.6%,39.4%,13.2%,0.2,12.3%,high_fcf_yield,False,0,good,2026-03-31,,
188,76.0%,ADM,Archer-Daniels-Midland Company,0.4,CONSUMER DEFENSIVE,36B,74.5,300M,33.4,11.7%,3.0%,5.8%,1.3%,0.7,3.1%,high_fcf_yield,False,0,good,2026-03-31,,
189,75.9%,SYNA,Synaptics Incorporated,0.4,TECHNOLOGY,5B,125.4,97M,14.7,3.0%,-1.3%,43.1%,-7.8%,0.5,-2.4%,high_earnings_yield,False,1,partial,2026-03-01,,
190,75.8%,GNTX,Gentex Corporation,0.4,CONSUMER CYCLICAL,5B,23.1,57M,12.9,9.3%,7.8%,34.2%,18.8%,0.0,13.1%,high_fcf_yield,False,0,good,2026-03-31,,
191,75.7%,TGTX,TG Therapeutics Inc,0.4,HEALTHCARE,5B,33.8,91M,12.1,-0.5%,8.3%,83.6%,20.0%,0.0,42.1%,low_ps,False,1,partial,2026-03-31,,
192,75.6%,M,Macy’s Inc,0.4,CONSUMER CYCLICAL,5B,19.5,83M,8.4,19.6%,11.9%,36.5%,4.6%,0.0,4.0%,high_fcf_yield,False,0,good,2026-05-01,,
193,75.5%,VNOM,Viper Energy Ut,0.4,ENERGY,8B,49.4,81M,59.4,-62.5%,-2.2%,48.2%,45.3%,0.5,-1.4%,high_fcf_yield,False,0,good,2026-03-31,,
194,75.4%,FLR,Fluor Corporation,0.4,INDUSTRIALS,8B,43.3,137M,2.7,-5.7%,-0.7%,-0.8%,-2.4%,0.0,-0.6%,high_fcf_yield,False,0,good,2026-03-31,,
195,75.3%,CRI,Carter’s Inc,0.4,CONSUMER CYCLICAL,1B,36.1,48M,14.0,5.4%,7.2%,45.4%,5.0%,0.7,3.6%,low_ps,False,0,good,2026-03-31,,
196,75.2%,SAM,Boston Beer Company Inc,0.4,CONSUMER DEFENSIVE,2B,237.0,58M,22.9,8.7%,4.4%,45.6%,6.9%,0.0,9.1%,high_fcf_yield,False,1,partial,2026-03-31,,
197,75.1%,OTIS,Otis Worldwide Corp,0.4,INDUSTRIALS,30B,77.9,329M,21.9,4.8%,4.6%,30.3%,14.8%,0.9,13.0%,low_ps,False,0,good,2026-03-31,,
198,75.0%,BAH,Booz Allen Hamilton Holding,0.4,INDUSTRIALS,9B,77.0,98M,11.3,9.8%,8.8%,52.7%,9.2%,0.2,11.9%,high_fcf_yield,False,0,good,2026-03-01,,
199,75.0%,SNA,Snap-On Inc,0.4,INDUSTRIALS,20B,383.4,169M,19.9,5.0%,5.0%,51.7%,25.8%,0.0,12.1%,high_earnings_yield,False,0,good,2026-03-31,,
200,74.9%,NWE,NorthWestern Corporation,0.4,UTILITIES,4B,72.3,29M,24.6,-2.9%,4.1%,62.3%,20.2%,0.6,2.1%,high_fcf_yield,False,0,good,2026-03-31,,
201,74.8%,KSS,Kohl's Corporation,0.4,CONSUMER CYCLICAL,2B,14.5,63M,6.2,56.5%,16.3%,40.6%,3.3%,0.1,2.0%,high_fcf_yield,False,0,good,2026-05-01,,
202,74.7%,GME,GameStop Corp.,0.4,CONSUMER CYCLICAL,13B,24.3,266M,31.9,4.5%,3.1%,33.0%,6.7%,0.3,4.0%,high_div_yield,False,0,good,2026-05-01,,
203,74.6%,LYV,Live Nation Entertainment Inc,0.4,COMMUNICATION SERVICES,37B,157.9,509M,74.0,0.9%,1.4%,45.4%,5.4%,0.7,2.2%,low_ps,False,1,partial,2026-03-31,,
204,74.5%,SPSC,SPS Commerce Inc,0.4,TECHNOLOGY,2B,56.1,29M,22.5,7.2%,4.4%,67.9%,15.7%,0.0,8.0%,high_fcf_yield,False,1,partial,2026-03-31,,
205,74.4%,UGI,UGI Corporation,0.4,UTILITIES,7B,32.3,67M,12.0,3.9%,8.3%,49.0%,14.6%,1.3,3.8%,high_earnings_yield,False,0,good,2026-03-01,,
206,74.3%,GGG,Graco Inc,0.4,INDUSTRIALS,13B,80.3,114M,25.9,4.7%,3.9%,52.5%,27.3%,0.1,15.9%,low_ps,False,0,good,2026-03-31,,
207,74.2%,MAT,Mattel Inc,0.4,CONSUMER CYCLICAL,5B,15.1,74M,11.4,9.1%,8.8%,48.8%,10.6%,1.5,6.0%,high_earnings_yield,False,0,good,2026-03-31,,
208,74.1%,BCO,Brinks Company,0.4,INDUSTRIALS,5B,106.8,47M,23.3,9.4%,4.3%,25.8%,11.1%,1.0,2.7%,high_fcf_yield,False,0,good,2026-03-31,,
209,74.0%,AOSL,Alpha and Omega Semiconductor Ltd,0.4,TECHNOLOGY,1B,43.4,58M,57.1,-3.2%,-8.0%,22.5%,-5.9%,0.5,-10.3%,high_earnings_yield,False,1,partial,2026-03-01,,
210,73.9%,G,Genpact Limited,0.4,TECHNOLOGY,6B,32.6,103M,10.2,13.0%,9.8%,36.0%,14.8%,0.9,9.5%,high_fcf_yield,False,0,good,2026-03-31,,
211,73.8%,GWRE,Guidewire Software Inc,0.4,TECHNOLOGY,12B,138.4,151M,63.1,2.6%,1.6%,63.8%,6.8%,0.1,7.0%,low_ps,False,1,partial,2026-04-01,,
212,73.7%,TGT,Target Corporation,0.4,CONSUMER DEFENSIVE,57B,125.2,602M,15.4,5.1%,6.5%,27.9%,4.9%,0.6,6.2%,low_ps,False,0,good,2026-05-01,,
213,73.6%,INGR,Ingredion Incorporated,0.4,CONSUMER DEFENSIVE,7B,111.7,78M,9.9,5.9%,10.1%,25.3%,14.1%,0.1,9.2%,high_earnings_yield,False,0,good,2026-03-31,,
214,73.5%,GDDY,Godaddy Inc,0.4,TECHNOLOGY,12B,86.8,193M,13.3,13.5%,7.5%,61.6%,22.9%,0.0,10.9%,high_fcf_yield,False,1,partial,2026-03-31,,
215,73.4%,CIEN,Ciena Corp,0.4,TECHNOLOGY,80B,548.1,1B,348.9,0.8%,0.3%,40.6%,8.2%,0.1,3.9%,low_ps,False,1,partial,2026-04-01,,
216,73.3%,TFX,Teleflex Incorporated,0.4,HEALTHCARE,6B,133.1,143M,28.5,4.2%,-15.4%,53.3%,9.7%,1.8,-13.0%,high_earnings_yield,False,0,good,2026-03-31,,
217,73.2%,AN,AutoNation Inc,0.4,CONSUMER CYCLICAL,7B,212.4,84M,11.4,-2.7%,8.8%,17.7%,4.5%,5.4,4.5%,high_fcf_yield,False,1,partial,2026-03-31,,
218,73.1%,ABG,Asbury Automotive Group Inc,0.4,CONSUMER CYCLICAL,4B,203.7,70M,11.0,15.2%,9.1%,16.9%,5.4%,5.2,3.0%,high_fcf_yield,False,0,good,2026-03-31,,
219,73.0%,HON,Honeywell International Inc,0.4,INDUSTRIALS,137B,214.3,869M,28.9,3.9%,3.5%,36.9%,17.5%,1.6,6.4%,high_div_yield,False,0,good,2026-03-31,,
220,72.9%,NXST,Nexstar Broadcasting Group Inc,0.4,COMMUNICATION SERVICES,6B,202.8,67M,58.0,11.8%,1.7%,47.1%,17.5%,0.2,1.0%,high_fcf_yield,False,0,good,2026-03-31,,
221,72.8%,AIN,Albany International Corporation,0.4,CONSUMER CYCLICAL,2B,58.0,14M,26.1,5.0%,-3.5%,20.6%,-2.1%,0.0,-3.3%,high_earnings_yield,False,0,good,2026-03-31,,
222,72.7%,ES,Eversource Energy,0.3,UTILITIES,25B,66.5,143M,14.8,-0.2%,6.8%,47.8%,22.1%,1.1,2.7%,high_fcf_yield,False,0,good,2026-03-31,,
223,72.6%,BC,Brunswick Corporation,0.3,CONSUMER CYCLICAL,5B,79.5,68M,104.6,7.5%,-2.6%,23.8%,5.4%,1.0,-2.6%,high_earnings_yield,False,0,good,2026-03-31,,
224,72.5%,TNDM,Tandem Diabetes Care Inc,0.3,HEALTHCARE,1B,15.5,39M,719.7,-2.8%,-19.3%,53.8%,-18.2%,1.6,-23.2%,low_evebitda,False,1,partial,2026-03-31,,
225,72.4%,MSI,Motorola Solutions Inc,0.3,TECHNOLOGY,65B,384.0,437M,29.9,4.0%,3.3%,50.2%,25.1%,0.5,11.1%,low_ps,False,0,good,2026-03-31,,
226,72.3%,WTRG,Essential Utilities Inc,0.3,UTILITIES,11B,37.5,98M,17.2,-4.3%,5.8%,53.5%,37.2%,0.3,3.1%,high_fcf_yield,False,0,good,2026-03-31,,
227,72.2%,POOL,Pool Corporation,0.3,INDUSTRIALS,8B,213.3,203M,19.1,4.0%,5.2%,29.7%,11.0%,0.2,11.2%,low_ps,False,0,good,2026-03-31,,
228,72.1%,MTD,Mettler-Toledo International Inc,0.3,HEALTHCARE,23B,1124.5,193M,26.2,3.7%,3.8%,57.5%,27.8%,0.1,23.4%,low_ps,False,1,partial,2026-03-31,,
229,72.0%,UI,Ubiquiti Networks Inc,0.3,TECHNOLOGY,51B,842.1,115M,57.4,1.4%,1.7%,45.4%,35.1%,0.1,55.3%,low_ps,False,0,good,2026-03-01,,
230,71.9%,GM,General Motors Company,0.3,CONSUMER CYCLICAL,71B,76.9,527M,26.2,15.7%,3.8%,6.3%,1.6%,4.1,1.0%,high_fcf_yield,False,0,good,2026-03-31,,
231,71.8%,ENPH,Enphase Energy Inc,0.3,TECHNOLOGY,4B,33.0,248M,25.1,2.2%,4.0%,46.6%,10.7%,4.4,4.9%,high_fcf_yield,False,1,partial,2026-03-31,,
232,71.7%,KAI,Kadant Inc,0.3,INDUSTRIALS,3B,293.1,64M,33.9,4.5%,2.9%,45.2%,14.9%,0.0,6.0%,high_div_yield,False,0,good,2026-03-31,,
233,71.6%,TXT,Textron Inc,0.3,INDUSTRIALS,17B,96.0,132M,18.4,4.6%,5.4%,16.9%,8.4%,0.0,5.1%,low_ps,False,0,good,2026-03-31,,
234,71.5%,DLX,Deluxe Corporation,0.3,INDUSTRIALS,1B,31.1,13M,16.9,12.2%,5.9%,53.0%,11.1%,0.1,3.0%,high_fcf_yield,False,0,good,2026-03-31,,
235,71.4%,MGEE,MGE Energy Inc,0.3,UTILITIES,3B,80.2,25M,21.6,-2.7%,4.6%,97.3%,22.9%,0.8,4.3%,high_fcf_yield,False,0,good,2026-03-31,,
236,71.3%,VC,Visteon Corp,0.3,CONSUMER CYCLICAL,3B,111.7,82M,15.4,8.5%,6.5%,14.1%,8.8%,0.1,5.9%,high_fcf_yield,False,0,good,2026-03-31,,
237,71.2%,TNL,Travel + Leisure Co,0.3,CONSUMER CYCLICAL,4B,64.7,75M,18.1,19.5%,5.5%,41.3%,15.3%,1.4,3.4%,high_fcf_yield,False,0,good,2026-03-31,,
238,71.1%,FIX,Comfort Systems USA Inc,0.3,INDUSTRIALS,65B,1840.2,761M,63.4,1.6%,1.6%,24.1%,14.4%,0.0,15.9%,low_ps,False,0,good,2026-03-31,,
239,71.0%,LZB,La-Z-Boy Incorporated,0.3,CONSUMER CYCLICAL,1B,35.7,13M,17.7,10.7%,5.6%,43.5%,5.5%,0.4,4.0%,high_fcf_yield,False,0,good,2026-04-01,,
240,70.9%,TMHC,Taylor Morn Home,0.3,CONSUMER CYCLICAL,6B,60.7,78M,7.5,13.5%,13.3%,23.2%,14.1%,0.1,8.0%,high_fcf_yield,False,1,partial,2026-03-31,,
241,70.8%,SAIC,Science Applications International Corporation Common Stock,0.3,TECHNOLOGY,4B,93.9,45M,11.9,13.4%,8.4%,12.0%,7.1%,0.1,6.7%,high_fcf_yield,False,0,good,2026-05-01,,
242,70.7%,RGLD,Royal Gold Inc,0.3,BASIC MATERIALS,20B,233.4,204M,42.6,-2.3%,2.4%,72.6%,64.6%,0.0,4.9%,low_ps,False,0,good,2026-03-31,,
243,70.6%,MTX,Minerals Technologies Inc,0.3,BASIC MATERIALS,2B,71.9,16M,844.5,3.9%,-0.8%,25.0%,13.6%,0.1,-0.5%,low_pe,False,0,good,2026-03-31,,
244,70.5%,APTV,Aptiv PLC,0.3,CONSUMER CYCLICAL,13B,60.3,195M,78.1,11.9%,1.3%,19.1%,5.8%,0.1,0.7%,high_fcf_yield,False,0,good,2026-03-31,,
245,70.4%,KFY,Korn Ferry,0.3,INDUSTRIALS,4B,67.8,26M,13.3,8.1%,7.5%,88.2%,13.1%,0.1,6.8%,high_fcf_yield,False,0,good,2026-04-01,,
246,70.3%,BAX,Baxter International Inc,0.3,HEALTHCARE,9B,17.6,145M,161.4,3.6%,-10.6%,30.1%,-2.7%,0.1,-4.8%,high_earnings_yield,False,0,good,2026-03-31,,
247,70.2%,LNN,Lindsay Corporation,0.3,INDUSTRIALS,1B,109.4,20M,19.7,6.2%,5.1%,30.0%,10.6%,0.0,7.0%,low_ps,False,0,good,2026-04-29,,
248,70.1%,GRBK,Green Brick Partners Inc,0.3,CONSUMER CYCLICAL,3B,67.4,12M,9.4,7.1%,10.7%,30.5%,19.5%,0.1,12.3%,high_earnings_yield,False,1,partial,2026-03-31,,
249,70.0%,ALLE,Allegion PLC,0.3,INDUSTRIALS,12B,137.5,167M,18.5,5.9%,5.4%,45.2%,21.1%,0.0,12.3%,high_earnings_yield,False,0,good,2026-03-31,,
250,69.9%,PHM,PulteGroup Inc,0.3,CONSUMER CYCLICAL,24B,122.4,234M,10.7,7.4%,9.4%,26.8%,17.3%,0.2,12.3%,high_earnings_yield,False,0,good,2026-03-31,,
251,69.8%,MOH,Molina Healthcare Inc,0.3,HEALTHCARE,10B,194.6,257M,21.0,-6.4%,4.8%,9.0%,1.7%,0.0,3.0%,high_fcf_yield,False,1,partial,2026-03-31,,
252,69.7%,MUR,Murphy Oil Corporation,0.3,ENERGY,6B,41.8,71M,57.9,3.3%,1.7%,71.9%,11.1%,0.2,1.1%,low_ps,False,0,good,2026-03-31,,
253,69.6%,MXL,MaxLinear Inc,0.3,TECHNOLOGY,6B,70.8,469M,19.1,0.1%,-2.2%,56.5%,-21.8%,1.0,-17.2%,low_ps,False,1,partial,2026-03-31,,
254,69.5%,KMB,Kimberly-Clark Corporation,0.3,CONSUMER DEFENSIVE,33B,98.4,435M,16.2,4.8%,6.2%,35.6%,14.5%,0.4,11.7%,high_earnings_yield,False,0,good,2026-03-31,,
255,69.4%,ARWR,Arrowhead Pharmaceuticals Inc,0.3,HEALTHCARE,10B,72.7,140M,48.3,3.3%,2.1%,97.7%,27.6%,0.2,12.6%,low_ps,False,1,partial,2026-03-01,,
256,69.3%,GAP,"The Gap, Inc.",0.3,CONSUMER CYCLICAL,9B,23.4,144M,11.0,10.9%,9.1%,40.8%,7.3%,0.4,6.5%,high_fcf_yield,False,0,good,2026-05-01,,
257,69.2%,DORM,Dorman Products Inc,0.3,CONSUMER CYCLICAL,3B,112.5,29M,16.8,2.2%,6.0%,41.9%,16.7%,0.2,8.2%,low_ps,False,0,good,2026-03-31,,
258,69.1%,LOW,Lowe's Companies Inc,0.3,CONSUMER CYCLICAL,128B,229.2,615M,19.3,6.0%,5.2%,33.5%,11.8%,0.5,12.3%,low_ps,False,0,good,2026-05-01,,
259,69.0%,UBER,Uber Technologies Inc,0.3,TECHNOLOGY,155B,74.6,1B,15.4,6.3%,6.5%,39.8%,10.7%,0.0,16.3%,high_earnings_yield,False,1,partial,2026-03-31,,
260,68.9%,NKE,Nike Inc,0.3,CONSUMER CYCLICAL,65B,44.1,888M,29.1,1.6%,3.4%,40.8%,6.0%,0.7,6.1%,low_ps,False,0,good,2026-04-29,,
261,68.8%,CMG,Chipotle Mexican Grill Inc,0.3,CONSUMER CYCLICAL,44B,34.0,603M,28.8,3.3%,3.5%,25.4%,16.9%,0.1,17.1%,low_pe,False,1,partial,2026-03-31,,
262,68.7%,NPK,National Presto Industries Inc,0.3,INDUSTRIALS,1B,142.5,11M,30.7,-3.6%,3.3%,15.9%,8.0%,1.0,6.6%,high_fcf_yield,False,0,good,2026-03-31,,
263,68.6%,UNP,Union Pacific Corporation,0.3,INDUSTRIALS,160B,269.5,835M,22.4,3.4%,4.5%,45.7%,40.1%,0.2,10.2%,low_ps,False,0,good,2026-03-31,,
264,68.5%,OSK,Oshkosh Corporation,0.3,INDUSTRIALS,66B,138.0,95M,101.7,0.9%,1.0%,17.5%,9.0%,0.1,6.4%,high_fcf_yield,False,0,good,2026-03-31,,
265,68.4%,ITW,Illinois Tool Works Inc,0.3,INDUSTRIALS,75B,258.0,358M,24.3,3.6%,4.1%,44.0%,26.3%,1.0,19.0%,high_earnings_yield,False,0,good,2026-03-31,,
266,68.3%,KWR,Quaker Chemical Corporation,0.3,BASIC MATERIALS,2B,135.9,25M,21.1,4.8%,-0.1%,34.2%,3.4%,0.5,-0.1%,low_ps,False,0,good,2026-03-31,,
267,68.2%,BKE,Buckle Inc,0.3,CONSUMER CYCLICAL,3B,52.4,20M,12.7,7.7%,7.9%,49.0%,20.1%,0.3,21.2%,high_earnings_yield,False,0,good,2026-05-01,,
268,68.1%,EGO,Eldorado Gold Corp,0.3,BASIC MATERIALS,6B,31.1,146M,12.2,-3.0%,8.2%,46.4%,40.0%,0.1,7.6%,high_fcf_yield,False,0,good,2026-03-31,,
269,68.0%,ITRI,Itron Inc,0.3,TECHNOLOGY,4B,83.8,93M,12.7,10.0%,7.9%,37.7%,13.3%,2.2,8.1%,high_fcf_yield,False,1,partial,2026-03-31,,
270,67.9%,CTAS,Cintas Corporation,0.3,INDUSTRIALS,68B,167.0,331M,35.1,2.6%,2.9%,50.4%,23.0%,0.2,18.9%,low_ps,False,0,good,2026-04-29,,
271,67.8%,URI,United Rentals Inc,0.3,INDUSTRIALS,61B,959.8,564M,24.5,1.1%,4.1%,35.4%,24.7%,0.5,8.4%,high_fcf_yield,False,0,good,2026-03-31,,
272,67.7%,DOCN,DigitalOcean Holdings Inc,0.3,TECHNOLOGY,11B,96.4,527M,41.6,0.3%,2.4%,59.9%,17.4%,1.9,14.1%,low_ps,False,1,partial,2026-03-31,,
273,67.6%,VRT,Vertiv Holdings Co,0.3,INDUSTRIALS,129B,328.5,2B,96.6,1.5%,1.0%,34.8%,18.2%,0.0,10.9%,low_ps,False,0,good,2026-03-31,,
274,67.5%,NWSA,News Corp A,0.3,COMMUNICATION SERVICES,15B,27.0,110M,14.1,4.3%,7.1%,85.5%,12.1%,0.0,7.0%,high_earnings_yield,False,0,good,2026-03-01,,
275,67.4%,MKC,McCormick & Company Incorporated,0.3,CONSUMER DEFENSIVE,13B,48.3,180M,7.9,5.0%,12.6%,37.9%,15.5%,2.1,10.1%,high_earnings_yield,False,0,good,2026-04-29,,
276,67.3%,NVR,NVR Inc,0.3,CONSUMER CYCLICAL,18B,6315.9,146M,13.8,5.9%,7.2%,22.8%,16.5%,0.0,22.9%,high_earnings_yield,False,1,partial,2026-03-31,,
277,67.2%,IPAR,Inter Parfums Inc,0.3,CONSUMER DEFENSIVE,3B,91.2,22M,17.4,5.8%,5.8%,63.6%,18.2%,0.5,10.6%,high_earnings_yield,False,0,good,2026-03-31,,
278,67.1%,JBL,Jabil Circuit Inc,0.3,TECHNOLOGY,38B,355.1,425M,47.2,3.4%,2.1%,9.0%,4.3%,0.6,3.9%,low_ps,False,0,good,2026-04-29,,
279,67.0%,GHC,Graham Holdings Co,0.3,CONSUMER DEFENSIVE,5B,1122.5,20M,16.8,5.5%,6.0%,27.6%,5.2%,1.0,3.5%,low_ps,False,0,good,2026-03-31,,
280,66.9%,TTC,Toro Co,0.3,INDUSTRIALS,9B,95.5,63M,28.3,7.0%,3.5%,33.1%,9.3%,0.0,8.9%,high_fcf_yield,False,0,good,2026-04-01,,
281,66.8%,PCRX,"Pacira BioSciences, Inc.",0.3,HEALTHCARE,1B,25.5,16M,148.3,13.1%,0.7%,79.4%,2.8%,0.1,0.6%,high_fcf_yield,False,1,partial,2026-03-31,,
282,66.7%,FBIN,Fortune Brands Innovations Inc.,0.3,INDUSTRIALS,5B,38.0,103M,15.3,8.1%,6.5%,44.5%,11.6%,1.4,4.6%,high_fcf_yield,False,0,good,2026-03-31,,
283,66.6%,GEF,Greif Bros Corporation,0.3,CONSUMER CYCLICAL,4B,68.1,14M,4.1,-4.4%,24.6%,22.7%,4.1%,1.2,17.1%,high_earnings_yield,False,0,good,2026-04-01,,
284,66.5%,ERO,Ero Copper Corp,0.3,BASIC MATERIALS,3B,25.9,32M,10.2,3.9%,9.8%,43.9%,34.3%,0.2,13.8%,high_earnings_yield,False,1,partial,2026-03-31,,
285,66.4%,ATEN,A10 Network,0.3,TECHNOLOGY,2B,26.7,33M,47.5,3.2%,2.1%,79.3%,16.2%,0.1,6.7%,low_ps,False,0,good,2026-03-31,,
286,66.3%,ODFL,Old Dominion Freight Line Inc,0.3,INDUSTRIALS,44B,212.4,447M,43.4,2.1%,2.3%,32.2%,24.8%,0.0,18.3%,low_ps,False,0,good,2026-03-31,,
287,66.2%,NOV,NOV Inc.,0.3,ENERGY,7B,20.5,105M,51.4,11.8%,1.9%,20.2%,6.5%,0.2,1.3%,high_fcf_yield,False,0,good,2026-03-31,,
288,66.1%,PEGA,Pegasystems Inc,0.3,TECHNOLOGY,7B,36.5,99M,16.6,7.5%,6.0%,75.9%,15.1%,0.0,24.1%,high_fcf_yield,False,0,good,2026-03-31,,
289,66.0%,IEX,IDEX Corporation,0.3,INDUSTRIALS,16B,217.8,154M,33.5,3.8%,3.0%,44.5%,20.9%,0.0,7.0%,high_div_yield,False,0,good,2026-03-31,,
290,65.9%,NTAP,NetApp Inc,0.3,TECHNOLOGY,24B,118.0,220M,19.5,6.8%,5.1%,70.5%,22.2%,0.0,12.2%,high_fcf_yield,False,0,good,2026-04-01,,
291,65.8%,PARR,Par Pacific Holdings Inc,0.3,ENERGY,3B,65.7,90M,8.8,9.9%,11.3%,18.1%,7.2%,0.4,9.1%,high_earnings_yield,False,1,partial,2026-03-31,,
292,65.7%,SEI,"Solaris Energy Infrastructure, Inc.",0.3,ENERGY,4B,73.8,167M,121.2,-12.0%,0.8%,32.3%,22.0%,0.1,1.4%,high_fcf_yield,False,0,good,2026-03-31,,
293,65.6%,WWW,Wolverine World Wide Inc,0.3,CONSUMER CYCLICAL,1B,16.7,16M,14.2,9.2%,7.0%,47.3%,8.0%,1.0,5.6%,high_fcf_yield,False,0,good,2026-03-31,,
294,65.5%,GIII,G-III Apparel Group Ltd,0.3,CONSUMER CYCLICAL,1B,31.8,12M,19.9,19.7%,5.0%,38.4%,5.3%,0.4,2.6%,high_fcf_yield,False,0,good,2026-05-01,,
295,65.4%,PCAR,PACCAR Inc,0.3,INDUSTRIALS,63B,118.8,364M,26.4,4.8%,3.8%,16.2%,10.4%,1.2,5.4%,low_ps,False,0,good,2026-03-31,,
296,65.3%,ROG,Rogers Corporation,0.3,TECHNOLOGY,2B,135.8,37M,71.4,2.0%,-2.5%,31.0%,-4.6%,0.0,-4.3%,high_earnings_yield,False,1,partial,2026-03-31,,
297,65.2%,EXLS,ExlService Holdings Inc,0.3,TECHNOLOGY,5B,31.9,71M,19.9,6.0%,5.0%,38.4%,15.0%,0.1,14.7%,high_fcf_yield,False,1,partial,2026-03-31,,
298,65.1%,CENTA,Central Garden & Pet Company A,0.3,CONSUMER DEFENSIVE,2B,33.6,10M,13.4,13.7%,7.5%,32.1%,7.7%,0.2,4.3%,high_fcf_yield,False,1,partial,2026-03-01,,
299,65.0%,NSIT,Insight Enterprises Inc,0.3,TECHNOLOGY,3B,83.8,43M,13.1,1.0%,7.6%,21.8%,5.2%,1.0,2.2%,low_ps,False,1,partial,2026-03-31,,
300,65.0%,TTMI,TTM Technologies Inc,0.3,TECHNOLOGY,17B,158.2,351M,95.5,-0.0%,1.0%,20.3%,9.0%,0.0,4.6%,high_fcf_yield,False,1,partial,2026-03-31,,
301,64.9%,FISV,"Fiserv, Inc. Common Stock",0.3,TECHNOLOGY,34B,62.6,362M,9.6,12.9%,10.4%,59.4%,26.9%,0.2,4.3%,high_fcf_yield,False,1,partial,2026-03-31,,
302,64.8%,OGN,Organon & Co,0.3,HEALTHCARE,3B,13.2,229M,18.6,11.6%,5.4%,53.6%,20.0%,0.1,1.5%,high_fcf_yield,False,0,good,2026-03-31,,
303,64.7%,EPAM,EPAM Systems Inc,0.3,TECHNOLOGY,5B,99.2,182M,14.2,11.4%,7.0%,28.3%,9.7%,0.1,7.7%,high_fcf_yield,False,1,partial,2026-03-31,,
304,64.6%,FFIV,F5 Networks Inc,0.3,TECHNOLOGY,19B,323.9,262M,26.3,4.6%,3.8%,81.4%,24.7%,0.0,11.2%,low_ps,False,1,partial,2026-03-01,,
305,64.5%,RAMP,Liveramp Holdings Inc,0.3,TECHNOLOGY,2B,30.4,14M,28.4,8.7%,3.5%,70.4%,7.1%,0.1,5.4%,high_fcf_yield,False,1,partial,2026-03-01,,
306,64.4%,ZTS,Zoetis Inc,0.3,HEALTHCARE,35B,82.8,613M,13.1,6.5%,7.6%,70.5%,38.0%,0.0,17.3%,high_earnings_yield,False,0,good,2026-03-31,,
307,64.3%,FAST,Fastenal Company,0.3,INDUSTRIALS,52B,44.9,296M,41.1,2.0%,2.4%,45.0%,20.2%,0.1,24.9%,low_ps,False,0,good,2026-03-31,,
308,64.2%,STX,Seagate Technology PLC,0.3,TECHNOLOGY,154B,673.6,3B,78.3,1.1%,1.3%,38.6%,25.4%,0.7,22.6%,low_ps,False,0,good,2026-03-01,,
309,64.1%,DAR,Darling Ingredients Inc,0.3,CONSUMER DEFENSIVE,10B,64.2,173M,164.7,6.6%,0.6%,15.7%,6.4%,0.2,0.6%,low_ps,False,1,partial,2026-03-31,,
310,64.0%,EXPD,"Expeditors International of Washington, Inc.",0.3,INDUSTRIALS,20B,147.9,171M,24.5,4.8%,4.1%,14.9%,9.5%,0.1,16.6%,low_ps,False,0,good,2026-03-31,,
311,63.9%,ARMK,Aramark Holdings,0.3,INDUSTRIALS,12B,45.1,119M,37.9,2.1%,2.6%,7.0%,4.2%,0.1,2.3%,low_ps,False,0,good,2026-03-01,,
312,63.8%,STNG,Scorpio Tankers Inc,0.3,ENERGY,4B,84.4,93M,12.1,10.0%,8.3%,46.2%,33.0%,0.0,8.8%,high_fcf_yield,False,0,good,2026-03-31,,
313,63.7%,MTH,Meritage Corporation,0.3,CONSUMER CYCLICAL,5B,67.3,68M,10.0,2.0%,10.0%,19.7%,9.2%,0.1,5.9%,high_earnings_yield,False,0,good,2026-03-31,,
314,63.6%,NEE,Nextera Energy Inc,0.3,UTILITIES,204B,97.9,865M,29.9,1.6%,3.3%,62.8%,30.1%,0.8,3.2%,low_ps,False,0,good,2026-03-31,,
315,63.5%,PCTY,Paylocity Holdng,0.3,TECHNOLOGY,6B,111.0,85M,25.6,7.3%,3.9%,69.0%,20.1%,0.0,3.4%,high_fcf_yield,False,1,partial,2026-03-01,,
316,63.4%,KBH,KB Home,0.3,CONSUMER CYCLICAL,3B,49.5,56M,8.9,15.8%,11.2%,17.9%,7.3%,1.1,5.3%,high_fcf_yield,False,0,good,2026-04-29,,
317,63.3%,XEL,Xcel Energy Inc,0.3,UTILITIES,52B,83.0,400M,25.7,-21.1%,3.9%,24.3%,19.6%,0.7,2.5%,high_fcf_yield,False,0,good,2026-03-31,,
318,63.2%,LII,Lennox International Inc,0.3,INDUSTRIALS,19B,534.9,275M,23.8,3.4%,4.2%,33.0%,19.5%,0.5,19.3%,high_earnings_yield,False,0,good,2026-03-31,,
319,63.1%,BLDR,Builders FirstSource Inc,0.3,INDUSTRIALS,9B,79.1,229M,20.0,9.8%,5.0%,30.4%,5.2%,0.1,3.9%,high_fcf_yield,False,1,partial,2026-03-31,,
320,63.0%,SBH,Sally Beauty Holdings Inc,0.3,CONSUMER CYCLICAL,1B,14.0,19M,7.8,15.3%,12.8%,51.7%,8.2%,0.4,6.3%,high_fcf_yield,False,1,partial,2026-03-01,,
321,62.9%,LCII,LCI Industries,0.3,CONSUMER CYCLICAL,3B,119.2,55M,12.5,9.6%,8.0%,24.5%,7.9%,0.1,7.2%,high_fcf_yield,False,0,good,2026-03-31,,
322,62.8%,RMD,ResMed Inc,0.3,HEALTHCARE,31B,213.8,307M,21.2,5.7%,4.7%,61.0%,33.8%,0.3,17.5%,high_fcf_yield,False,0,good,2026-03-01,,
323,62.7%,LITE,Lumentum Holdings Inc,0.3,TECHNOLOGY,87B,902.3,5B,345.0,-0.0%,0.3%,33.4%,1.2%,20.2,5.2%,low_ps,False,1,partial,2026-03-01,,
324,62.6%,MDU,MDU Resources Group Inc,0.3,UTILITIES,5B,22.5,34M,24.4,-6.8%,4.1%,29.9%,15.5%,0.6,2.5%,high_fcf_yield,False,0,good,2026-03-31,,
325,62.5%,DHI,DR Horton Inc,0.3,CONSUMER CYCLICAL,44B,153.4,380M,13.3,7.8%,7.5%,23.3%,12.3%,0.4,9.6%,high_earnings_yield,False,0,good,2026-03-01,,
326,62.4%,LUV,Southwest Airlines Company,0.3,INDUSTRIALS,19B,37.9,306M,43.3,-4.4%,2.3%,17.4%,1.5%,0.4,1.5%,high_fcf_yield,False,0,good,2026-03-31,,
327,62.3%,HUM,Humana Inc,0.3,HEALTHCARE,29B,236.4,429M,24.0,1.3%,4.2%,14.5%,1.1%,0.1,2.4%,low_ps,False,0,good,2026-03-31,,
328,62.2%,TPR,Tapestry Inc,0.3,CONSUMER CYCLICAL,28B,133.5,314M,53.2,6.0%,1.9%,76.0%,9.5%,0.4,8.0%,high_fcf_yield,False,0,good,2026-03-01,,
329,62.1%,IOSP,Innospec Inc,0.3,BASIC MATERIALS,2B,80.5,16M,17.2,4.4%,5.8%,27.7%,8.7%,0.1,6.4%,low_ps,False,0,good,2026-03-31,,
330,62.0%,OLED,Universal Display,0.3,TECHNOLOGY,4B,87.1,108M,17.0,3.8%,5.9%,73.4%,38.5%,0.0,12.3%,high_earnings_yield,False,0,good,2026-03-31,,
331,61.9%,AGCO,AGCO Corporation,0.3,INDUSTRIALS,9B,121.0,95M,12.1,8.4%,8.3%,24.9%,6.9%,0.2,6.1%,high_earnings_yield,False,0,good,2026-03-31,,
332,61.8%,AROC,Archrock Inc,0.3,ENERGY,7B,38.8,58M,21.0,1.8%,4.8%,61.2%,38.0%,0.0,7.4%,high_fcf_yield,False,0,good,2026-03-31,,
333,61.7%,AVNS,Avanos Medical Inc,0.3,HEALTHCARE,1B,24.6,41M,44.7,3.8%,-5.9%,49.8%,-8.8%,0.4,-6.3%,high_earnings_yield,False,1,partial,2026-03-31,,
334,61.6%,CTSH,Cognizant Technology Solutions Corp Class A,0.3,TECHNOLOGY,25B,52.9,375M,11.3,10.3%,8.8%,33.1%,16.1%,0.1,10.8%,high_fcf_yield,False,0,good,2026-03-31,,
335,61.5%,URBN,Urban Outfitters Inc,0.3,CONSUMER CYCLICAL,7B,71.5,77M,14.0,5.4%,7.1%,36.0%,9.9%,0.4,9.3%,high_earnings_yield,False,1,partial,2026-05-01,,
336,61.4%,TSEM,Tower Semiconductor Ltd,0.3,TECHNOLOGY,24B,211.0,508M,109.3,-0.2%,0.9%,23.2%,12.4%,0.1,6.6%,low_ps,False,1,partial,2026-03-31,,
337,61.3%,HPQ,HP Inc,0.3,TECHNOLOGY,21B,22.7,323M,8.4,13.6%,11.9%,20.1%,5.7%,0.4,6.0%,high_fcf_yield,False,0,good,2026-04-01,,
338,61.2%,J,Jacobs Solutions Inc.,0.3,INDUSTRIALS,15B,129.4,155M,35.3,5.7%,2.8%,24.4%,7.3%,0.1,3.8%,low_ps,False,0,good,2026-03-01,,
339,61.1%,WLY,John Wiley & Sons,0.3,COMMUNICATION SERVICES,2B,41.4,16M,14.1,8.7%,7.1%,71.0%,16.3%,0.1,6.0%,high_fcf_yield,False,0,good,2026-04-01,,
340,61.0%,GE,GE Aerospace,0.3,INDUSTRIALS,304B,289.9,2B,35.0,2.4%,2.9%,36.9%,20.2%,0.3,6.7%,low_ps,False,0,good,2026-03-31,,
341,60.9%,ACAD,ACADIA Pharmaceuticals Inc,0.3,HEALTHCARE,4B,22.4,44M,9.9,-2.4%,10.1%,91.7%,9.8%,0.1,25.0%,high_earnings_yield,False,1,partial,2026-03-31,,
342,60.8%,SON,Sonoco Products Company,0.3,CONSUMER CYCLICAL,5B,49.4,88M,4.8,8.0%,20.7%,20.9%,8.4%,0.7,9.2%,high_earnings_yield,False,0,good,2026-03-31,,
343,60.7%,RH,RH,0.3,CONSUMER CYCLICAL,3B,133.9,117M,21.1,9.5%,4.7%,44.1%,11.4%,0.4,2.6%,high_fcf_yield,False,1,partial,2026-05-01,,
344,60.6%,HTO,H2O America,0.3,UTILITIES,2B,56.2,37M,21.1,-19.9%,4.7%,54.6%,22.2%,0.7,2.0%,high_fcf_yield,False,0,good,2026-03-31,,
345,60.5%,LEN,Lennar Corporation,0.3,CONSUMER CYCLICAL,22B,88.4,213M,12.1,0.1%,8.3%,16.8%,6.6%,0.2,5.4%,high_earnings_yield,False,0,good,2026-04-29,,
346,60.4%,STOK,Stoke Therapeutics Inc,0.3,HEALTHCARE,2B,32.9,17M,52.4,2.2%,-0.3%,98.9%,-11.2%,0.1,-1.6%,low_ps,False,1,partial,2026-03-31,,
347,60.3%,EEFT,Euronet Worldwide Inc,0.3,TECHNOLOGY,3B,72.4,56M,11.0,12.1%,9.1%,41.3%,12.5%,3.0,4.8%,high_fcf_yield,False,1,partial,2026-03-31,,
348,60.2%,OPCH,Option Care Health Inc,0.3,HEALTHCARE,3B,20.3,90M,15.5,6.3%,6.5%,18.1%,6.0%,0.0,6.0%,low_ps,False,1,partial,2026-03-31,,
349,60.1%,TMDX,TransMedics Group Inc,0.3,HEALTHCARE,4B,100.8,142M,19.2,3.7%,5.2%,59.9%,17.9%,0.2,17.8%,high_earnings_yield,False,1,partial,2026-03-31,,
350,60.0%,BMI,Badger Meter Inc,0.3,TECHNOLOGY,4B,120.9,121M,25.1,4.8%,4.0%,41.7%,20.0%,0.0,14.5%,high_div_yield,False,0,good,2026-03-31,,
351,59.9%,TDW,Tidewater Inc,0.3,ENERGY,4B,89.3,77M,13.2,8.0%,7.6%,29.8%,21.1%,0.0,14.0%,high_earnings_yield,False,0,good,2026-03-31,,
352,59.8%,FELE,Franklin Electric Co Inc,0.3,INDUSTRIALS,4B,99.9,37M,30.4,4.3%,3.3%,35.5%,12.8%,0.2,7.6%,low_ps,False,0,good,2026-03-31,,
353,59.7%,POST,Post Holdings Inc,0.3,CONSUMER DEFENSIVE,6B,102.0,81M,17.3,7.9%,5.8%,26.3%,10.4%,0.0,2.5%,high_fcf_yield,False,0,good,2026-03-01,,
354,59.6%,GCT,GigaCloud Technology Inc Class A Ordinary Shares,0.3,TECHNOLOGY,1B,40.2,37M,10.8,12.4%,9.3%,23.3%,11.2%,0.6,11.4%,high_fcf_yield,False,1,partial,2026-03-31,,
355,59.5%,SWK,Stanley Black & Decker Inc,0.3,INDUSTRIALS,12B,78.2,196M,29.6,5.8%,3.4%,29.9%,8.0%,1.7,1.9%,low_ps,False,0,good,2026-03-31,,
356,59.4%,DIS,Walt Disney Company,0.3,COMMUNICATION SERVICES,184B,103.8,937M,15.0,3.8%,6.7%,37.3%,14.2%,1.1,6.1%,high_earnings_yield,False,0,good,2026-03-01,,
357,59.3%,ILMN,Illumina Inc,0.3,HEALTHCARE,20B,126.7,200M,23.0,4.8%,4.4%,67.1%,20.6%,0.9,12.8%,high_earnings_yield,False,1,partial,2026-03-31,,
358,59.2%,AU,AngloGold Ashanti plc,0.3,BASIC MATERIALS,54B,107.0,229M,20.7,5.7%,4.8%,48.3%,43.3%,0.0,17.5%,high_fcf_yield,False,0,good,2026-03-31,,
359,59.1%,SWKS,Skyworks Solutions Inc,0.3,TECHNOLOGY,11B,70.2,272M,26.8,10.3%,3.7%,41.1%,10.7%,1.1,5.0%,high_fcf_yield,False,0,good,2026-03-01,,
360,59.0%,MRCY,Mercury Systems Inc,0.3,INDUSTRIALS,5B,78.9,50M,721.6,2.1%,-0.6%,28.2%,-1.4%,0.9,-1.2%,low_pe,False,1,partial,2026-03-01,,
361,58.9%,UPS,United Parcel Service Inc,0.3,INDUSTRIALS,92B,108.8,660M,16.6,5.2%,6.0%,18.2%,9.0%,0.2,7.6%,low_ps,False,0,good,2026-03-31,,
362,58.8%,DLTR,Dollar Tree Inc,0.3,CONSUMER DEFENSIVE,19B,94.2,365M,14.7,7.4%,6.8%,36.4%,8.2%,0.5,9.5%,low_ps,False,1,partial,2026-05-01,,
363,58.7%,LEG,Leggett & Platt Incorporated,0.3,CONSUMER CYCLICAL,1B,10.1,37M,6.0,19.8%,16.6%,18.2%,5.9%,0.1,6.7%,high_fcf_yield,False,0,good,2026-03-31,,
364,58.6%,ICUI,ICU Medical Inc,0.3,HEALTHCARE,3B,126.4,34M,4349.4,2.8%,0.0%,36.8%,2.8%,0.2,0.0%,low_pe,False,1,partial,2026-03-31,,
365,58.5%,FN,Fabrinet,0.3,TECHNOLOGY,25B,683.5,530M,66.2,0.4%,1.5%,12.0%,9.7%,0.0,11.4%,high_fcf_yield,False,1,partial,2026-03-01,,
366,58.4%,REX,REX American Resources Corporation,0.3,BASIC MATERIALS,2B,49.7,8M,19.8,3.0%,5.1%,14.4%,9.4%,0.1,10.4%,high_earnings_yield,False,1,partial,2026-05-01,,
367,58.3%,UFPI,Ufp Industries Inc,0.3,BASIC MATERIALS,5B,89.5,43M,17.5,5.4%,5.7%,16.8%,5.8%,0.0,7.3%,low_ps,False,0,good,2026-03-31,,
368,58.2%,MMS,Maximus Inc,0.3,INDUSTRIALS,4B,64.3,50M,9.5,6.2%,10.5%,23.5%,10.8%,0.2,8.8%,high_earnings_yield,False,0,good,2026-03-01,,
369,58.1%,DINO,HF Sinclair Corp,0.3,ENERGY,12B,67.2,168M,21.0,3.3%,4.8%,8.2%,3.4%,0.1,3.5%,low_ps,False,0,good,2026-03-31,,
370,58.0%,ABBV,AbbVie Inc,0.3,HEALTHCARE,375B,211.3,1B,88.7,4.7%,1.1%,70.2%,26.7%,1.0,3.2%,low_ps,False,0,good,2026-03-31,,
371,57.9%,AR,Antero Resources Corp,0.3,ENERGY,12B,39.3,186M,19.3,10.7%,5.2%,22.1%,16.5%,0.3,4.4%,high_fcf_yield,False,1,partial,2026-03-31,,
372,57.8%,MTCH,Match Group Inc,0.3,COMMUNICATION SERVICES,10B,37.4,146M,16.0,10.4%,6.2%,72.8%,25.0%,0.8,13.8%,high_fcf_yield,False,0,good,2026-03-31,,
373,57.7%,PRGS,Progress Software Corporation,0.3,TECHNOLOGY,1B,29.9,26M,15.0,20.2%,6.7%,78.7%,17.2%,2.2,3.5%,high_fcf_yield,False,0,good,2026-04-29,,
374,57.6%,HUBG,Hub Group Inc,0.3,INDUSTRIALS,3B,42.9,28M,24.6,4.4%,4.1%,48.7%,3.8%,0.7,3.6%,low_ps,False,0,good,2025-11-29,,
375,57.5%,OGE,OGE Energy Corporation,0.3,UTILITIES,10B,48.8,76M,21.5,-2.1%,4.7%,49.6%,24.5%,0.4,3.3%,high_fcf_yield,False,0,good,2026-03-31,,
376,57.4%,THC,Tenet Healthcare Corporation,0.3,HEALTHCARE,16B,177.1,318M,11.0,16.3%,9.1%,49.2%,16.5%,0.0,4.7%,high_fcf_yield,False,1,partial,2026-03-31,,
377,57.3%,AXTA,Axalta Coating Systems Ltd,0.3,BASIC MATERIALS,6B,28.4,66M,16.1,7.4%,6.2%,32.5%,14.8%,0.1,5.0%,high_fcf_yield,False,1,partial,2026-03-31,,
378,57.2%,SIG,Signet Jewelers Ltd,0.3,CONSUMER CYCLICAL,4B,87.3,69M,12.2,14.6%,8.2%,39.6%,7.7%,0.4,4.9%,high_fcf_yield,False,0,good,2026-05-01,,
379,57.1%,PLAB,Photronics Inc,0.3,TECHNOLOGY,3B,53.6,39M,22.9,2.1%,4.4%,35.1%,24.5%,0.0,7.2%,high_fcf_yield,False,1,partial,2026-04-01,,
380,57.0%,ACM,Aecom Technology Corporation,0.3,INDUSTRIALS,11B,80.6,95M,22.9,5.7%,4.4%,7.7%,6.4%,0.2,3.9%,low_ps,False,0,good,2026-03-01,,
381,56.9%,TMUS,T-Mobile US Inc,0.3,COMMUNICATION SERVICES,215B,195.5,1B,19.6,8.4%,5.1%,54.8%,21.2%,0.5,5.0%,high_fcf_yield,False,0,good,2026-03-31,,
382,56.8%,UHS,Universal Health Services Inc,0.3,HEALTHCARE,10B,168.3,161M,7.0,8.0%,14.3%,90.4%,11.5%,0.6,9.3%,high_earnings_yield,False,0,good,2026-03-31,,
383,56.7%,CNMD,CONMED Corporation,0.3,HEALTHCARE,1B,36.7,17M,23.9,13.4%,4.2%,53.0%,10.5%,0.0,2.0%,high_fcf_yield,False,0,good,2026-03-31,,
384,56.6%,JCI,Johnson Controls International PLC,0.3,INDUSTRIALS,90B,146.0,459M,26.4,1.5%,3.8%,36.5%,13.2%,0.4,8.9%,high_fcf_yield,False,0,good,2026-03-01,,
385,56.5%,PAYC,"Paycom Software, Inc.",0.3,TECHNOLOGY,6B,126.8,123M,14.3,6.3%,7.0%,80.8%,27.6%,0.0,6.0%,high_earnings_yield,False,0,good,2026-03-31,,
386,56.4%,HWM,Howmet Aerospace Inc,0.3,INDUSTRIALS,109B,270.6,642M,72.3,1.1%,1.4%,30.7%,25.8%,0.2,13.5%,low_ps,False,0,good,2026-03-31,,
387,56.3%,TNC,Tennant Company,0.2,INDUSTRIALS,1B,83.0,27M,33.8,2.9%,3.0%,40.2%,6.1%,0.0,3.5%,low_ps,False,0,good,2026-03-31,,
388,56.2%,ATO,Atmos Energy Corporation,0.2,UTILITIES,30B,190.0,157M,24.4,-5.3%,4.1%,52.3%,33.2%,0.0,4.2%,high_fcf_yield,False,0,good,2026-03-01,,
389,56.1%,UAL,United Airlines Holdings Inc,0.2,INDUSTRIALS,29B,90.0,704M,8.8,8.7%,11.4%,64.1%,8.0%,1.3,4.4%,high_earnings_yield,False,0,good,2026-03-31,,
390,56.0%,AAPL,Apple Inc,0.2,TECHNOLOGY,4.0T,271.4,14B,34.0,3.1%,2.9%,47.3%,32.4%,0.2,31.1%,low_ps,False,0,good,2026-03-01,,
391,55.9%,RPM,RPM International Inc,0.2,BASIC MATERIALS,13B,100.8,91M,19.3,4.5%,5.2%,41.4%,12.0%,0.0,8.4%,low_ps,False,0,good,2026-04-29,,
392,55.8%,LSTR,Landstar System Inc,0.2,INDUSTRIALS,6B,184.1,85M,54.5,3.4%,1.8%,16.3%,3.2%,0.4,7.0%,low_ps,False,0,good,2026-03-31,,
393,55.7%,QCOM,Qualcomm Incorporated,0.2,TECHNOLOGY,193B,179.6,4B,35.9,6.7%,2.8%,55.1%,27.1%,0.0,10.1%,high_fcf_yield,False,0,good,2026-03-01,,
394,55.6%,EPAC,Enerpac Tool Group Corp,0.2,INDUSTRIALS,2B,35.5,14M,21.9,5.9%,4.6%,48.6%,20.5%,0.1,10.8%,high_fcf_yield,False,0,good,2026-04-29,,
395,55.5%,FANG,Diamondback Energy Inc,0.2,ENERGY,58B,205.6,568M,34.9,2.3%,2.9%,35.1%,32.8%,0.2,2.3%,high_fcf_yield,False,0,good,2026-03-31,,
396,55.4%,AZZ,AZZ Incorporated,0.2,INDUSTRIALS,4B,143.0,31M,13.6,7.5%,7.4%,23.9%,16.0%,0.0,14.3%,high_earnings_yield,False,0,good,2026-04-29,,
397,55.3%,TSCO,Tractor Supply Company,0.2,CONSUMER CYCLICAL,19B,35.1,498M,16.9,4.0%,5.9%,33.2%,9.5%,0.2,10.0%,low_ps,False,0,good,2026-03-31,,
398,55.2%,SMCI,Super Micro Computer Inc,0.2,TECHNOLOGY,18B,27.4,1B,21.1,2.4%,4.7%,8.0%,3.7%,0.4,3.1%,low_ps,False,1,partial,2026-03-01,,
399,55.1%,TOL,Toll Brothers Inc,0.2,CONSUMER CYCLICAL,13B,137.9,131M,9.6,10.9%,10.4%,25.3%,15.3%,0.1,9.6%,high_fcf_yield,False,0,good,2026-04-01,,
400,55.0%,OTTR,Otter Tail Corporation,0.2,INDUSTRIALS,4B,88.0,27M,12.5,-1.1%,8.0%,39.1%,27.1%,0.6,7.1%,high_fcf_yield,False,0,good,2026-03-31,,
401,55.0%,D,Dominion Energy Inc,0.2,UTILITIES,57B,64.5,298M,18.9,-12.8%,5.3%,49.0%,26.7%,1.3,2.6%,high_fcf_yield,False,0,good,2026-03-31,,
402,54.9%,AOS,Smith AO Corporation,0.2,INDUSTRIALS,9B,61.8,118M,15.8,6.3%,6.3%,38.8%,19.0%,0.1,17.4%,high_earnings_yield,False,0,good,2026-03-31,,
403,54.8%,CI,Cigna Corp,0.2,HEALTHCARE,77B,290.6,486M,12.9,10.9%,7.8%,9.5%,3.3%,0.1,3.8%,high_fcf_yield,False,0,good,2026-03-31,,
404,54.7%,DHT,DHT Holdings Inc,0.2,ENERGY,3B,18.5,58M,14.1,-1.1%,7.1%,38.3%,45.1%,0.2,13.2%,high_fcf_yield,False,0,good,2026-03-31,,
405,54.6%,KDP,Keurig Dr Pepper Inc,0.2,CONSUMER DEFENSIVE,40B,29.4,345M,19.3,3.8%,5.2%,54.2%,22.0%,1.5,3.7%,high_earnings_yield,False,0,good,2026-03-31,,
406,54.5%,TEX,Terex Corporation,0.2,INDUSTRIALS,4B,62.2,81M,18.7,7.8%,5.4%,19.4%,8.8%,0.1,3.6%,high_fcf_yield,False,0,good,2026-03-31,,
407,54.4%,LDOS,Leidos Holdings Inc,0.2,TECHNOLOGY,19B,149.2,164M,13.1,8.5%,7.6%,17.7%,12.3%,0.1,10.8%,high_fcf_yield,False,0,good,2026-03-31,,
408,54.3%,ZBRA,Zebra Technologies Corporation,0.2,TECHNOLOGY,11B,226.0,178M,27.3,7.3%,3.7%,47.3%,14.5%,0.3,4.9%,high_fcf_yield,False,1,partial,2026-03-31,,
409,54.2%,HLT,Hilton Worldwide Holdings Inc,0.2,CONSUMER CYCLICAL,75B,324.1,560M,51.6,2.6%,1.9%,41.1%,22.4%,0.1,8.7%,low_ps,False,0,good,2026-03-31,,
410,54.1%,LB,LandBridge Company LLC,0.2,ENERGY,2B,68.7,18M,64.0,5.6%,1.6%,92.1%,31.4%,0.0,2.2%,low_ps,False,0,good,2026-03-31,,
411,54.0%,VSEC,VSE Corporation,0.2,INDUSTRIALS,5B,171.7,107M,194.6,0.1%,0.5%,11.9%,10.7%,0.2,1.2%,high_fcf_yield,False,0,good,2026-03-31,,
412,53.9%,EOG,EOG Resources Inc,0.2,ENERGY,75B,140.6,554M,15.1,4.7%,6.6%,68.1%,35.1%,0.0,9.6%,high_earnings_yield,False,0,good,2026-03-31,,
413,53.8%,UNH,UnitedHealth Group Incorporated,0.2,HEALTHCARE,337B,370.5,3B,28.0,4.8%,3.6%,18.5%,4.2%,0.5,3.9%,low_ps,False,0,good,2026-03-31,,
414,53.7%,CRUS,Cirrus Logic Inc,0.2,TECHNOLOGY,9B,163.1,122M,21.1,7.2%,4.7%,52.9%,23.1%,0.0,16.4%,high_fcf_yield,False,1,partial,2026-03-01,,
415,53.6%,FDP,Fresh Del Monte Produce Inc,0.2,CONSUMER DEFENSIVE,2B,41.9,11M,28.9,11.5%,3.5%,8.8%,3.8%,0.3,2.0%,high_fcf_yield,False,0,good,2026-03-31,,
416,53.5%,FIZZ,National Beverage Corp,0.2,CONSUMER DEFENSIVE,3B,35.1,7M,17.5,5.0%,5.7%,38.1%,20.5%,0.1,23.7%,high_earnings_yield,False,0,good,2026-04-01,,
417,53.4%,HPE,Hewlett Packard Enterprise Co,0.2,TECHNOLOGY,43B,31.4,399M,566.4,3.9%,-0.4%,30.7%,5.8%,4.1,-0.2%,low_pe,False,0,good,2026-04-01,,
418,53.3%,EFX,Equifax Inc,0.2,INDUSTRIALS,21B,173.9,339M,31.8,5.4%,3.1%,44.6%,18.0%,1.1,5.6%,high_fcf_yield,False,0,good,2026-03-31,,
419,53.2%,EXPO,Exponent Inc,0.2,INDUSTRIALS,3B,66.9,30M,31.6,3.6%,3.2%,40.1%,20.6%,0.0,13.1%,low_ps,False,0,good,2026-03-31,,
420,51.5%,PSX,Phillips 66,0.2,ENERGY,72B,179.2,431M,16.4,3.8%,6.1%,4.9%,2.5%,0.3,6.0%,low_ps,False,0,good,2026-03-31,,
421,51.4%,ALHC,Alignment Healthcare LLC,0.2,HEALTHCARE,5B,22.5,86M,,1.9%,-0.0%,12.4%,0.4%,0.0,-0.1%,low_ps,False,2,partial,2026-03-31,,
422,51.3%,XRAY,Dentsply Sirona Inc,0.2,HEALTHCARE,2B,11.8,52M,18.7,4.4%,-25.5%,50.0%,6.8%,5.0,-11.0%,high_earnings_yield,False,0,good,2026-03-31,,
423,51.2%,INTC,Intel Corporation,0.2,TECHNOLOGY,480B,94.5,14B,1118.6,-1.0%,-0.1%,34.8%,-4.2%,0.3,-0.1%,low_pe,False,0,good,2026-03-31,,
424,51.1%,CENX,Century Aluminum Company,0.2,BASIC MATERIALS,6B,58.9,81M,147.4,1.4%,0.7%,10.4%,6.6%,0.9,1.8%,high_fcf_yield,False,1,partial,2026-03-31,,
425,51.0%,TRMB,Trimble Inc,0.2,TECHNOLOGY,16B,67.3,124M,37.6,0.8%,2.7%,68.3%,16.9%,0.0,4.6%,high_fcf_yield,False,1,partial,2026-03-31,,
426,50.9%,MD,Mednax Inc,0.2,HEALTHCARE,2B,22.5,18M,11.3,13.5%,8.8%,25.5%,11.2%,0.2,7.4%,high_fcf_yield,False,1,partial,2026-03-31,,
427,50.8%,DAN,Dana Inc,0.2,CONSUMER CYCLICAL,5B,34.7,36M,86.4,6.2%,-0.7%,7.7%,-1.7%,2.7,-0.4%,low_ps,False,0,good,2026-03-31,,
428,50.7%,ARIS,Aris Mining Corporation,0.2,BASIC MATERIALS,4B,17.9,23M,46.2,2.1%,2.2%,47.7%,39.6%,0.3,3.1%,high_fcf_yield,False,0,good,2026-03-31,,
429,50.6%,ELV,Elevance Health Inc,0.2,HEALTHCARE,83B,376.4,599M,14.7,3.8%,6.8%,25.6%,4.1%,0.3,4.7%,low_ps,False,0,good,2026-03-31,,
430,50.5%,BRC,Brady Corporation,0.2,INDUSTRIALS,4B,78.3,22M,18.3,4.5%,5.5%,50.9%,16.4%,0.1,11.2%,high_earnings_yield,False,0,good,2026-04-01,,
431,50.4%,WDAY,Workday Inc,0.2,TECHNOLOGY,34B,127.8,599M,48.6,8.2%,2.1%,75.7%,8.9%,0.1,3.8%,high_fcf_yield,False,1,partial,2026-05-01,,
432,50.3%,JBTM,JBTMarel Corp,0.2,INDUSTRIALS,6B,118.1,71M,63.5,3.8%,-0.8%,35.1%,5.0%,2.7,-0.6%,high_earnings_yield,False,0,good,2026-03-31,,
433,50.2%,XPO,XPO Logistics Inc,0.2,INDUSTRIALS,26B,220.1,286M,82.9,1.2%,1.2%,12.0%,8.8%,0.2,3.9%,high_fcf_yield,False,1,partial,2026-03-31,,
434,50.1%,QTWO,Q2 Holdings,0.2,TECHNOLOGY,3B,50.8,54M,66.0,5.1%,1.5%,54.1%,5.2%,6.3,4.1%,high_fcf_yield,False,1,partial,2026-03-31,,
435,50.0%,FCN,FTI Consulting Inc,0.2,INDUSTRIALS,6B,179.3,71M,21.1,2.3%,4.7%,32.1%,10.3%,0.0,7.8%,low_ps,False,1,partial,2026-03-31,,
436,49.9%,DVA,DaVita HealthCare Partners Inc,0.2,HEALTHCARE,11B,155.1,156M,14.3,12.3%,7.0%,30.9%,14.9%,0.2,4.3%,high_fcf_yield,False,1,partial,2026-03-31,,
437,49.8%,WDC,Western Digital Corporation,0.2,TECHNOLOGY,163B,434.5,3B,42.9,1.4%,2.3%,42.7%,29.8%,1.0,24.4%,low_ps,False,0,good,2026-03-01,,
438,49.7%,WCC,WESCO International Inc,0.2,INDUSTRIALS,17B,349.1,221M,27.0,0.1%,3.7%,20.4%,5.3%,0.2,3.9%,low_ps,False,0,good,2026-03-31,,
439,49.6%,BCC,Boise Cascad Llc,0.2,BASIC MATERIALS,3B,79.3,30M,22.8,0.4%,4.4%,15.1%,2.9%,0.0,4.1%,low_ps,False,0,good,2026-03-31,,
440,49.5%,GLW,Corning Incorporated,0.2,TECHNOLOGY,142B,164.2,2B,88.8,1.0%,1.1%,35.9%,14.7%,0.5,5.2%,low_ps,False,0,good,2026-03-31,,
441,49.4%,MSM,MSC Industrial Direct Company Inc,0.2,INDUSTRIALS,6B,104.3,62M,28.2,3.7%,3.6%,40.8%,8.4%,1.6,8.4%,low_ps,False,0,good,2026-04-29,,
442,49.3%,RRX,Regal Beloit Corporation,0.2,INDUSTRIALS,14B,214.4,282M,51.2,6.2%,2.0%,37.6%,11.6%,0.1,2.0%,high_fcf_yield,False,0,good,2026-03-31,,
443,49.2%,ARCB,ArcBest Corp,0.2,INDUSTRIALS,3B,127.4,43M,47.4,4.5%,2.1%,5.4%,2.3%,0.8,2.5%,low_ps,False,0,good,2026-03-31,,
444,49.1%,ON,ON Semiconductor Corporation,0.2,TECHNOLOGY,40B,100.8,1B,328.3,3.1%,0.3%,32.8%,2.3%,0.0,1.0%,low_pe,False,1,partial,2026-03-31,,
445,49.0%,EVTC,Evertec Inc,0.2,TECHNOLOGY,2B,29.5,13M,13.1,7.3%,7.7%,49.7%,20.0%,0.2,6.3%,high_earnings_yield,False,0,good,2026-03-31,,
446,48.9%,ADBE,Adobe Systems Incorporated,0.2,TECHNOLOGY,113B,253.0,1B,15.6,9.2%,6.4%,89.1%,36.6%,0.2,24.3%,high_fcf_yield,False,1,partial,2026-04-29,,
447,48.8%,APG,Api Group Corp,0.2,INDUSTRIALS,20B,45.7,161M,65.9,3.3%,1.5%,29.2%,6.1%,0.1,3.4%,low_ps,False,1,partial,2026-03-31,,
448,48.7%,ANF,Abercrombie & Fitch Company,0.2,CONSUMER CYCLICAL,4B,78.0,97M,7.2,10.4%,13.9%,58.6%,13.4%,0.3,14.3%,high_earnings_yield,False,0,good,2026-05-01,,
449,48.6%,PVH,PVH Corp,0.2,CONSUMER CYCLICAL,4B,91.4,98M,173.1,12.3%,0.6%,57.5%,7.3%,0.5,0.2%,high_fcf_yield,False,0,good,2026-04-29,,
450,48.5%,BDC,Belden Inc,0.2,TECHNOLOGY,4B,112.5,61M,18.7,4.9%,5.4%,36.5%,12.1%,0.0,6.7%,low_ps,False,0,good,2026-03-31,,
451,48.4%,FDX,FedEx Corporation,0.2,INDUSTRIALS,92B,378.6,647M,20.5,4.8%,4.9%,24.4%,6.5%,0.5,4.7%,low_ps,False,0,good,2026-04-29,,
452,48.3%,ALKS,Alkermes Plc,0.2,HEALTHCARE,6B,33.7,64M,23.2,8.6%,4.3%,86.7%,17.2%,0.0,9.6%,high_fcf_yield,False,1,partial,2026-03-31,,
453,48.2%,MSFT,Microsoft Corporation,0.2,TECHNOLOGY,3.0T,407.8,15B,25.5,2.5%,3.9%,68.6%,46.7%,0.1,17.9%,low_ps,False,0,good,2026-03-01,,
454,48.1%,DAVE,Dave Inc,0.2,TECHNOLOGY,4B,272.0,151M,20.0,7.3%,5.0%,84.0%,8.0%,0.8,40.2%,low_ps,False,1,partial,2026-03-31,,
455,48.0%,T,AT&T Inc.,0.2,COMMUNICATION SERVICES,184B,26.1,922M,8.4,10.6%,11.9%,46.8%,18.8%,0.3,5.2%,high_earnings_yield,False,0,good,2026-03-31,,
456,47.9%,KVUE,Kenvue Inc.,0.2,CONSUMER DEFENSIVE,34B,17.6,296M,23.0,5.1%,4.3%,58.1%,17.9%,1.0,5.4%,low_ps,False,0,good,2026-03-31,,
457,47.8%,LFUS,Littelfuse Inc,0.2,TECHNOLOGY,10B,404.2,120M,74.0,3.6%,-0.7%,38.0%,1.6%,0.8,-1.8%,high_earnings_yield,False,0,good,2026-03-31,,
458,47.7%,AMKR,Amkor Technology Inc,0.2,TECHNOLOGY,17B,69.8,404M,46.2,1.1%,2.2%,14.0%,7.0%,0.3,4.6%,high_fcf_yield,False,0,good,2026-03-31,,
459,47.6%,TKR,Timken Company,0.2,INDUSTRIALS,8B,110.9,100M,27.0,5.2%,3.7%,28.7%,12.4%,0.1,4.3%,low_ps,False,0,good,2026-03-31,,
460,47.5%,SAH,Sonic Automotive Inc,0.2,CONSUMER CYCLICAL,3B,78.8,18M,22.6,15.9%,4.4%,14.6%,3.6%,7.6,2.0%,high_fcf_yield,False,0,good,2026-03-31,,
461,47.4%,EXP,Eagle Materials Inc,0.2,BASIC MATERIALS,7B,210.4,70M,15.9,3.4%,6.3%,28.3%,24.6%,0.0,11.2%,high_earnings_yield,False,0,good,2026-03-01,,
462,47.3%,WERN,Werner Enterprises Inc,0.2,INDUSTRIALS,2B,36.9,40M,82.7,-3.1%,-0.7%,9.7%,1.9%,0.1,-0.5%,high_fcf_yield,False,0,good,2026-03-31,,
463,47.2%,QRVO,Qorvo Inc,0.2,TECHNOLOGY,9B,94.2,97M,25.6,6.8%,3.9%,44.4%,10.9%,0.0,5.5%,high_fcf_yield,False,1,partial,2026-03-01,,
464,47.1%,KGC,Kinross Gold Corporation,0.2,BASIC MATERIALS,37B,30.2,254M,15.2,7.0%,6.6%,49.3%,43.8%,0.0,19.4%,high_earnings_yield,False,0,good,2026-03-31,,
465,47.0%,FSLR,First Solar Inc,0.2,TECHNOLOGY,22B,201.9,518M,14.2,5.5%,7.0%,40.9%,32.5%,0.2,11.5%,high_earnings_yield,False,1,partial,2026-03-31,,
466,46.9%,PRSU,"Pursuit Attractions and Hospitality, Inc.",0.2,CONSUMER CYCLICAL,1B,42.1,8M,51.8,-0.1%,1.9%,59.4%,14.6%,0.0,2.3%,high_fcf_yield,False,0,good,2026-03-31,,
467,46.8%,CGAU,Centerra Gold Inc,0.2,BASIC MATERIALS,4B,17.4,33M,6.1,2.6%,16.5%,30.8%,37.7%,0.0,20.0%,high_earnings_yield,False,0,good,2026-03-31,,
468,46.7%,YUM,Yum! Brands Inc,0.2,CONSUMER CYCLICAL,45B,159.7,280M,28.6,3.7%,3.5%,46.2%,31.3%,0.0,19.0%,low_ps,False,0,good,2026-03-31,,
469,46.6%,MKSI,MKS Instruments Inc,0.2,TECHNOLOGY,20B,283.8,383M,68.4,2.5%,1.5%,45.2%,13.7%,0.1,3.4%,high_div_yield,False,0,good,2026-03-31,,
470,46.5%,PAAS,Pan American Silver Corp.,0.2,BASIC MATERIALS,22B,52.3,275M,22.4,4.9%,4.5%,38.6%,32.7%,0.0,10.1%,low_ps,False,0,good,2026-03-31,,
471,46.4%,EAT,Brinker International Inc,0.2,CONSUMER CYCLICAL,7B,152.2,215M,14.9,6.7%,6.7%,46.3%,10.3%,0.2,16.5%,high_earnings_yield,False,0,good,2026-03-01,,
472,46.3%,SO,Southern Company,0.2,UTILITIES,107B,96.7,463M,24.6,-3.1%,4.1%,43.5%,24.6%,0.5,2.8%,high_fcf_yield,False,0,good,2026-03-31,,
473,46.2%,EHC,Encompass Health Corp,0.2,HEALTHCARE,10B,100.0,109M,17.8,4.4%,5.6%,57.8%,17.7%,0.1,8.0%,low_ps,False,0,good,2026-03-31,,
474,46.1%,LRN,Stride Inc,0.2,CONSUMER DEFENSIVE,4B,97.2,87M,14.0,4.7%,7.2%,39.3%,16.0%,0.1,13.8%,high_earnings_yield,False,1,partial,2026-03-01,,
475,46.0%,TPH,TRI Pointe Homes Inc,0.2,CONSUMER CYCLICAL,4B,46.9,86M,16.6,3.2%,6.0%,21.6%,9.3%,0.3,4.8%,low_ps,False,1,partial,2026-03-31,,
476,45.9%,SYY,Sysco Corporation,0.2,CONSUMER DEFENSIVE,36B,74.7,355M,20.0,5.4%,5.0%,18.5%,3.7%,0.6,6.6%,low_ps,False,0,good,2026-03-01,,
477,45.8%,PBH,Prestige Brand Holdings Inc,0.2,HEALTHCARE,3B,52.5,28M,13.5,10.6%,7.4%,56.4%,29.2%,0.0,5.3%,high_fcf_yield,False,1,partial,2026-03-01,,
478,45.7%,VZ,Verizon Communications Inc,0.2,COMMUNICATION SERVICES,202B,48.0,1B,11.8,9.8%,8.5%,55.7%,21.2%,0.9,4.2%,high_fcf_yield,False,0,good,2026-03-31,,
479,45.6%,SKY,Skyline Corporation,0.2,CONSUMER CYCLICAL,4B,72.8,37M,19.3,6.3%,5.2%,26.3%,9.8%,0.6,10.1%,low_ps,False,0,good,2026-03-01,,
480,45.5%,RSG,Republic Services Inc,0.2,INDUSTRIALS,62B,200.0,351M,28.9,3.9%,3.5%,30.3%,20.0%,0.2,6.2%,high_div_yield,False,0,good,2026-03-31,,
481,45.4%,WSM,Williams-Sonoma Inc,0.2,CONSUMER CYCLICAL,22B,182.1,197M,20.2,4.8%,4.9%,46.2%,18.1%,0.1,20.1%,high_earnings_yield,False,0,good,2026-05-01,,
482,45.3%,NEU,NewMarket Corporation,0.2,BASIC MATERIALS,6B,675.6,76M,15.2,7.7%,6.6%,31.5%,20.0%,0.0,12.0%,high_fcf_yield,False,0,good,2026-03-31,,
483,45.2%,CMCSA,Comcast Corp,0.2,COMMUNICATION SERVICES,98B,27.0,914M,4.9,22.4%,20.2%,60.1%,16.7%,0.3,7.3%,high_fcf_yield,False,0,good,2026-03-31,,
484,45.1%,MRTN,Marten Transport Ltd,0.2,INDUSTRIALS,1B,15.1,14M,70.5,-4.2%,1.4%,5.7%,1.2%,0.0,1.8%,high_fcf_yield,False,0,good,2026-03-31,,
485,45.0%,FUL,H B Fuller Company,0.2,BASIC MATERIALS,3B,61.2,28M,21.3,4.3%,4.7%,32.0%,11.3%,0.0,3.1%,low_ps,False,0,good,2026-04-29,,
486,45.0%,IBM,International Business Machines,0.2,TECHNOLOGY,217B,229.3,2B,20.5,5.1%,4.9%,58.8%,17.3%,0.8,7.0%,high_earnings_yield,False,0,good,2026-03-31,,
487,44.9%,KMT,Kennametal Inc,0.2,INDUSTRIALS,3B,38.7,53M,27.1,3.3%,3.7%,31.1%,8.3%,0.1,4.2%,low_ps,False,0,good,2026-03-01,,
488,44.8%,CMC,Commercial Metals Company,0.2,INDUSTRIALS,8B,71.0,59M,15.7,4.9%,6.4%,17.7%,8.4%,0.1,5.3%,low_ps,False,0,good,2026-04-29,,
489,44.7%,NEM,Newmont Goldcorp Corp,0.2,BASIC MATERIALS,121B,111.1,839M,17.0,4.9%,5.9%,49.8%,46.9%,0.0,12.4%,high_earnings_yield,False,0,good,2026-03-31,,
490,44.6%,AZO,AutoZone Inc,0.2,CONSUMER CYCLICAL,60B,3496.2,875M,24.5,2.7%,4.1%,51.9%,18.1%,0.1,12.0%,low_ps,False,1,partial,2026-04-29,,
491,44.5%,CTS,CTS Corporation,0.2,TECHNOLOGY,2B,57.1,15M,25.4,5.2%,3.9%,38.3%,15.4%,0.2,8.5%,high_div_yield,False,0,good,2026-03-31,,
492,44.4%,SEM,Select Medical Holdings,0.2,HEALTHCARE,2B,16.4,28M,13.9,5.8%,7.2%,10.9%,6.2%,0.5,2.5%,low_ps,False,0,good,2026-03-31,,
493,44.3%,VIAV,Viavi Solutions Inc,0.2,TECHNOLOGY,13B,52.4,342M,437.6,0.6%,-0.3%,55.7%,7.5%,0.7,-1.5%,high_div_yield,False,0,good,2026-03-01,,
494,44.2%,COP,ConocoPhillips,0.2,ENERGY,160B,125.8,1B,20.1,2.1%,5.0%,24.6%,19.6%,0.1,6.6%,high_earnings_yield,False,0,good,2026-03-31,,
495,44.1%,ACN,Accenture plc,0.2,TECHNOLOGY,114B,180.4,941M,14.8,11.0%,6.8%,32.0%,14.8%,0.1,11.5%,high_fcf_yield,False,0,good,2026-04-29,,
496,44.0%,ITGR,Integer Holdings Corp,0.2,HEALTHCARE,3B,88.5,54M,29.7,3.2%,3.4%,23.2%,11.3%,0.1,3.0%,low_ps,False,1,partial,2026-03-31,,
497,43.9%,RL,Ralph Lauren Corp Class A,0.2,CONSUMER CYCLICAL,22B,358.4,183M,24.4,3.1%,4.1%,69.6%,15.0%,0.2,11.8%,low_ps,False,0,good,2026-03-01,,
498,43.8%,EL,Estee Lauder Companies Inc,0.2,CONSUMER DEFENSIVE,28B,76.7,287M,125.5,4.1%,-0.6%,74.4%,7.3%,0.3,-0.9%,high_earnings_yield,False,0,good,2026-03-01,,
499,43.7%,CMI,Cummins Inc,0.2,INDUSTRIALS,93B,671.0,590M,32.8,2.6%,3.1%,25.3%,11.9%,0.3,8.4%,low_ps,False,0,good,2026-03-31,,
500,43.6%,COHR,Coherent Inc,0.2,TECHNOLOGY,50B,319.7,2B,169.4,-0.2%,0.6%,36.4%,10.7%,0.2,1.9%,low_ps,False,1,partial,2026-03-01,,
501,43.5%,JJSF,J & J Snack Foods Corp,0.2,CONSUMER DEFENSIVE,2B,88.3,22M,27.2,5.0%,3.7%,30.1%,5.4%,0.1,4.7%,low_ps,False,0,good,2026-03-01,,
502,43.4%,AMTM,Amentum Holdings Inc.,0.2,INDUSTRIALS,6B,24.5,44M,61.1,4.5%,1.6%,10.4%,3.4%,0.1,0.9%,low_ps,False,1,partial,2026-03-31,,
503,43.3%,OII,Oceaneering International Inc,0.2,ENERGY,4B,37.5,48M,10.7,5.6%,9.4%,20.4%,10.9%,0.0,13.3%,high_earnings_yield,False,0,good,2026-03-31,,
504,43.2%,JBHT,JB Hunt Transport Services Inc,0.2,INDUSTRIALS,24B,251.1,239M,40.0,4.0%,2.5%,13.3%,7.2%,0.9,7.3%,low_ps,False,0,good,2026-03-31,,
505,43.1%,CACI,CACI International Inc,0.2,TECHNOLOGY,12B,519.5,180M,22.2,5.4%,4.5%,9.2%,9.2%,0.1,5.8%,low_ps,False,1,partial,2026-03-01,,
506,43.0%,BWA,BorgWarner Inc,0.2,CONSUMER CYCLICAL,12B,57.0,130M,42.8,9.8%,2.3%,18.7%,9.5%,0.0,2.0%,high_fcf_yield,False,0,good,2026-03-31,,
507,42.9%,FIS,Fidelity National Information Services Inc,0.2,TECHNOLOGY,22B,43.5,257M,58.9,12.5%,1.7%,38.1%,17.5%,2.2,1.1%,high_fcf_yield,False,0,good,2026-03-31,,
508,42.8%,FORM,FormFactor Inc,0.2,TECHNOLOGY,11B,135.9,287M,198.6,0.1%,0.5%,39.7%,8.3%,0.1,4.4%,low_ps,False,1,partial,2026-03-31,,
509,42.7%,CVX,Chevron Corp,0.2,ENERGY,384B,193.3,2B,31.2,4.2%,3.2%,30.4%,9.0%,0.1,3.8%,low_ps,False,0,good,2026-03-31,,
510,42.6%,COR,Cencora Inc.,0.2,HEALTHCARE,60B,308.0,584M,37.0,6.0%,2.7%,3.3%,1.2%,0.2,2.1%,low_ps,False,0,good,2026-03-01,,
511,42.5%,OXY,Occidental Petroleum Corporation,0.2,ENERGY,61B,60.6,734M,26.4,6.8%,3.8%,32.1%,16.4%,0.3,2.6%,high_fcf_yield,False,0,good,2026-03-31,,
512,42.4%,EMN,Eastman Chemical Company,0.2,BASIC MATERIALS,8B,73.1,96M,17.7,5.0%,5.6%,21.1%,10.7%,0.9,3.2%,low_ps,False,0,good,2026-03-31,,
513,42.3%,AZTA,Azenta Inc,0.2,HEALTHCARE,1B,24.6,28M,43.9,2.7%,-5.1%,45.3%,-1.3%,0.1,-2.8%,high_earnings_yield,False,0,good,2026-03-01,,
514,42.2%,KEYS,Keysight Technologies Inc,0.2,TECHNOLOGY,62B,360.3,378M,65.1,2.1%,1.5%,61.9%,16.0%,0.0,8.3%,low_ps,False,1,partial,2026-04-01,,
515,42.1%,TDC,Teradata Corp,0.2,TECHNOLOGY,3B,26.4,65M,19.6,11.2%,5.1%,59.5%,12.4%,0.4,7.3%,high_fcf_yield,False,0,good,2026-03-31,,
516,42.0%,WOR,Worthington Industries Inc,0.2,INDUSTRIALS,3B,54.4,9M,23.9,5.7%,4.2%,27.7%,6.0%,0.1,6.1%,low_ps,False,0,good,2026-04-29,,
517,41.9%,SMTC,Semtech Corporation,0.2,TECHNOLOGY,11B,121.8,267M,249.7,1.4%,-0.4%,51.6%,12.1%,0.1,-2.9%,low_ps,False,1,partial,2026-05-01,,
518,41.8%,FTV,Fortive Corp,0.2,TECHNOLOGY,19B,59.8,202M,32.3,5.2%,3.1%,61.0%,17.7%,1.5,4.9%,high_fcf_yield,False,0,good,2026-03-31,,
519,41.7%,CSGS,CSG Systems International Inc,0.2,TECHNOLOGY,2B,80.4,25M,41.6,6.1%,2.4%,48.3%,13.6%,0.0,3.6%,low_ps,False,0,good,2026-03-31,,
520,41.6%,WDFC,WD-40 Company,0.2,BASIC MATERIALS,3B,208.1,38M,35.2,3.0%,2.8%,55.7%,16.5%,0.3,16.9%,high_div_yield,False,0,good,2026-04-29,,
521,41.5%,NTR,Nutrien Ltd,0.2,BASIC MATERIALS,33B,68.3,212M,14.5,6.0%,6.9%,31.1%,13.4%,0.5,4.3%,high_earnings_yield,False,0,good,2026-03-31,,
522,41.4%,CORT,Corcept Therapeutics Incorporated,0.2,HEALTHCARE,6B,46.5,55M,55.9,2.5%,1.8%,98.3%,5.9%,0.0,11.9%,low_evebitda,False,1,partial,2026-03-31,,
523,41.3%,MLKN,MillerKnoll Inc,0.2,CONSUMER CYCLICAL,1B,16.3,12M,104.4,7.4%,1.0%,38.7%,5.6%,0.4,0.3%,low_ps,False,0,good,2026-04-29,,
524,41.2%,PTCT,PTC Therapeutics Inc,0.2,HEALTHCARE,6B,73.7,100M,8.9,11.5%,11.2%,91.0%,49.5%,1.0,23.4%,high_fcf_yield,False,1,partial,2026-03-31,,
525,41.1%,MAR,Marriott International Inc,0.2,CONSUMER CYCLICAL,97B,361.7,514M,37.5,2.7%,2.7%,21.3%,15.8%,0.5,9.4%,high_div_yield,False,0,good,2026-03-31,,
526,41.0%,HII,Huntington Ingalls Industries Inc,0.2,INDUSTRIALS,14B,364.3,209M,23.7,5.1%,4.2%,12.7%,5.1%,0.0,4.7%,low_ps,False,0,good,2026-03-31,,
527,40.9%,HCA,HCA Holdings Inc,0.2,HEALTHCARE,98B,434.4,539M,14.5,7.8%,6.9%,41.5%,15.8%,0.6,11.2%,high_fcf_yield,False,0,good,2026-03-31,,
528,40.8%,ZYME,Zymeworks Inc. Common Stock,0.2,HEALTHCARE,2B,23.9,16M,3.7,-2.0%,-4.5%,98.4%,-87.3%,0.0,-23.4%,low_ps,False,1,partial,2026-03-31,,
529,40.7%,INVA,Innoviva Inc,0.2,HEALTHCARE,2B,23.0,13M,7.2,10.0%,13.9%,78.9%,-4.0%,0.0,16.6%,high_earnings_yield,False,0,good,2026-03-31,,
530,40.6%,SW,Smurfit WestRock plc,0.2,CONSUMER CYCLICAL,21B,38.4,237M,29.6,5.8%,3.4%,19.4%,7.1%,0.1,1.5%,low_ps,False,0,good,2026-03-31,,
531,40.5%,HRL,Hormel Foods Corporation,0.2,CONSUMER DEFENSIVE,11B,20.4,99M,23.0,5.1%,4.3%,15.5%,6.0%,0.0,3.7%,low_ps,False,0,good,2026-04-01,,
532,40.4%,ARW,Arrow Electronics Inc,0.2,TECHNOLOGY,10B,194.9,140M,17.6,-0.5%,5.7%,11.1%,2.8%,0.0,2.0%,low_ps,False,1,partial,2026-03-31,,
533,40.3%,KALU,Kaiser Aluminum Corporation,0.2,BASIC MATERIALS,3B,170.4,54M,25.5,-0.9%,3.9%,10.4%,5.6%,0.0,4.4%,high_fcf_yield,False,0,good,2026-03-31,,
534,40.2%,EQX,Equinox Gold Corp,0.2,BASIC MATERIALS,9B,14.0,116M,39.0,-0.1%,2.6%,25.0%,23.8%,0.4,2.1%,high_fcf_yield,False,0,good,2026-03-31,,
535,40.1%,XYZ,"Block, Inc",0.2,TECHNOLOGY,45B,74.8,386M,34.3,5.4%,2.9%,42.8%,7.1%,1.4,3.3%,low_ps,False,1,partial,2026-03-31,,
536,40.0%,KEX,Kirby Corporation,0.2,INDUSTRIALS,8B,142.2,107M,25.1,5.3%,4.0%,25.8%,12.5%,0.1,5.0%,low_ps,False,1,partial,2026-03-31,,
537,39.9%,TTD,Trade Desk Inc,0.2,COMMUNICATION SERVICES,11B,23.1,456M,24.8,7.2%,4.0%,78.6%,20.3%,0.1,7.2%,high_fcf_yield,False,1,partial,2026-03-31,,
538,39.8%,CSX,CSX Corporation,0.2,INDUSTRIALS,85B,45.4,546M,29.3,1.1%,3.4%,33.2%,32.1%,0.2,6.6%,high_fcf_yield,False,0,good,2026-03-31,,
539,39.7%,MYRG,MYR Group Inc,0.2,INDUSTRIALS,6B,404.8,128M,53.6,3.7%,1.9%,11.5%,4.4%,0.1,7.2%,low_ps,False,1,partial,2026-03-31,,
540,39.6%,STRL,Sterling Construction Company Inc,0.2,INDUSTRIALS,16B,515.6,418M,55.2,2.3%,1.8%,22.7%,16.3%,0.1,11.0%,low_ps,False,1,partial,2026-03-31,,
541,39.5%,HALO,Halozyme Therapeutics Inc,0.2,HEALTHCARE,8B,64.1,90M,23.8,8.5%,4.2%,81.9%,58.4%,1.6,12.5%,high_fcf_yield,False,1,partial,2026-03-31,,
542,39.4%,WEX,Wex Inc,0.2,TECHNOLOGY,5B,150.3,111M,17.3,5.7%,5.8%,57.8%,25.0%,2.8,2.1%,high_earnings_yield,False,1,partial,2026-03-31,,
543,39.3%,AAP,Advance Auto Parts Inc,0.2,CONSUMER CYCLICAL,3B,56.1,74M,77.6,-8.7%,1.3%,43.4%,1.9%,1.4,0.4%,high_fcf_yield,False,0,good,2026-03-31,,
544,39.2%,PLUS,ePlus inc,0.2,TECHNOLOGY,2B,90.3,15M,17.9,-2.8%,5.6%,25.6%,6.9%,1.3,7.3%,high_fcf_yield,False,0,good,2026-03-01,,
545,39.1%,DXCM,DexCom Inc,0.2,HEALTHCARE,23B,59.5,318M,28.0,4.6%,3.6%,60.4%,19.6%,0.0,13.2%,low_ps,False,1,partial,2026-03-31,,
546,39.0%,CNX,CNX Resources Corp,0.2,ENERGY,6B,38.9,72M,9.5,8.9%,10.5%,53.1%,43.2%,0.3,7.0%,high_earnings_yield,False,0,good,2026-03-31,,
547,38.9%,ED,Consolidated Edison Inc,0.2,UTILITIES,39B,106.3,213M,19.2,-3.5%,5.2%,62.0%,17.3%,0.7,2.7%,high_fcf_yield,False,0,good,2026-03-31,,
548,38.8%,NSC,Norfolk Southern Corporation,0.2,INDUSTRIALS,71B,314.5,350M,24.6,2.0%,4.1%,42.4%,32.9%,0.2,6.4%,high_fcf_yield,False,0,good,2026-03-31,,
549,38.7%,GRMN,Garmin Ltd,0.2,TECHNOLOGY,49B,251.1,203M,29.2,2.8%,3.4%,58.7%,25.9%,0.0,15.1%,low_ps,False,0,good,2026-03-31,,
550,38.6%,KLAC,KLA Corporation,0.2,TECHNOLOGY,231B,1750.3,2B,50.6,1.9%,2.0%,61.9%,42.4%,0.0,27.3%,low_ps,False,0,good,2026-03-01,,
551,38.5%,BG,Bunge Limited,0.2,CONSUMER DEFENSIVE,25B,127.1,199M,30.4,-4.6%,3.3%,4.5%,1.5%,6.4,1.8%,high_fcf_yield,False,0,good,2026-03-31,,
552,38.4%,BMRN,Biomarin Pharmaceutical Inc,0.2,HEALTHCARE,11B,53.9,96M,30.5,6.8%,3.3%,77.1%,16.6%,0.0,4.6%,high_fcf_yield,False,1,partial,2026-03-31,,
553,38.3%,FOX,Fox Corp Class B,0.2,COMMUNICATION SERVICES,25B,56.6,51M,13.2,9.3%,7.6%,33.1%,19.0%,0.0,8.8%,high_fcf_yield,False,0,good,2026-03-01,,
554,38.2%,SNDK,Sandisk Corp,0.2,TECHNOLOGY,172B,1096.5,18B,8.4,0.8%,-0.6%,34.8%,13.9%,0.0,-8.0%,low_ps,False,1,partial,2026-03-01,,
555,38.1%,ROP,Roper Technologies Inc,0.2,TECHNOLOGY,38B,354.8,420M,25.0,6.5%,4.0%,69.2%,28.3%,0.4,4.4%,high_fcf_yield,False,0,good,2026-03-31,,
556,38.0%,AYI,Acuity Brands Inc,0.2,INDUSTRIALS,9B,293.3,105M,21.4,6.1%,4.7%,48.7%,13.4%,0.0,9.4%,low_ps,False,0,good,2026-04-29,,
557,37.9%,JKHY,Jack Henry & Associates Inc,0.2,TECHNOLOGY,11B,153.8,143M,21.8,5.9%,4.6%,43.8%,25.9%,0.0,16.6%,high_fcf_yield,False,0,good,2026-03-01,,
558,37.8%,TTEK,Tetra Tech Inc,0.2,INDUSTRIALS,8B,32.3,98M,24.0,5.9%,4.2%,20.0%,10.8%,0.1,8.3%,low_ps,False,0,good,2026-03-01,,
559,37.7%,HAS,Hasbro Inc,0.2,CONSUMER CYCLICAL,14B,97.8,167M,24.1,6.0%,-2.3%,70.3%,22.5%,4.4,-5.8%,high_earnings_yield,False,0,good,2026-03-31,,
560,37.6%,GEN,Gen Digital Inc.,0.2,TECHNOLOGY,14B,22.7,144M,22.9,11.0%,4.4%,77.7%,36.9%,0.2,3.8%,high_fcf_yield,False,0,good,2026-03-01,,
561,37.5%,MGM,MGM Resorts International,0.2,CONSUMER CYCLICAL,10B,38.9,180M,48.9,16.2%,2.0%,44.4%,5.7%,0.0,0.5%,high_fcf_yield,False,0,good,2026-03-31,,
562,37.4%,DTE,DTE Energy Company,0.2,UTILITIES,32B,151.7,235M,21.6,-3.2%,4.6%,37.6%,14.4%,1.0,2.7%,high_fcf_yield,False,0,good,2026-03-31,,
563,37.3%,AVT,Avnet Inc,0.2,TECHNOLOGY,7B,82.5,120M,33.0,3.2%,3.0%,10.6%,2.6%,1.3,1.6%,low_ps,False,0,good,2026-03-01,,
564,37.2%,CVCO,Cavco Industries Inc,0.2,CONSUMER CYCLICAL,4B,484.5,64M,21.0,5.3%,4.8%,23.4%,9.8%,0.0,12.5%,low_ps,False,1,partial,2026-03-01,,
565,37.1%,HQY,HealthEquity Inc,0.2,HEALTHCARE,7B,84.8,69M,34.5,5.5%,2.9%,69.5%,24.6%,0.0,6.3%,high_fcf_yield,False,1,partial,2026-05-01,,
566,37.0%,XOM,Exxon Mobil Corp,0.2,ENERGY,646B,154.3,3B,22.4,3.7%,4.5%,21.7%,10.5%,0.3,6.4%,low_ps,False,0,good,2026-03-31,,
567,36.9%,AAON,AAON Inc,0.2,INDUSTRIALS,12B,139.7,154M,108.0,-1.6%,0.9%,26.7%,10.1%,0.1,6.4%,high_fcf_yield,False,0,good,2026-03-31,,
568,36.8%,ANDE,The Andersons Inc,0.2,CONSUMER DEFENSIVE,3B,78.5,27M,28.1,-2.1%,3.6%,6.0%,0.5%,2.1,2.6%,high_fcf_yield,False,0,good,2026-03-31,,
569,36.7%,DUK,Duke Energy Corporation,0.2,UTILITIES,101B,129.6,392M,20.3,-4.6%,4.9%,54.0%,26.6%,1.2,2.5%,high_fcf_yield,False,0,good,2026-03-31,,
570,36.6%,DDOG,Datadog Inc,0.2,TECHNOLOGY,73B,200.2,1B,677.6,1.4%,0.1%,79.9%,-1.3%,0.2,1.6%,low_ps,False,1,partial,2026-03-31,,
571,36.5%,ZBH,Zimmer Biomet Holdings Inc,0.2,HEALTHCARE,16B,82.4,236M,22.9,8.0%,4.4%,69.7%,15.0%,0.5,3.1%,high_fcf_yield,False,0,good,2026-03-31,,
572,36.4%,CDW,CDW Corp,0.2,TECHNOLOGY,18B,136.9,251M,16.6,6.1%,6.0%,21.7%,7.4%,1.2,6.7%,low_ps,False,0,good,2026-03-31,,
573,36.3%,ALB,Albemarle Corp,0.2,BASIC MATERIALS,23B,196.7,454M,31.6,3.0%,-2.2%,13.1%,1.7%,0.2,-3.1%,high_earnings_yield,False,0,good,2026-03-31,,
574,36.2%,BVN,Compania de Minas Buenaventura SAA ADR,0.2,BASIC MATERIALS,8B,32.6,51M,10.6,1.3%,9.5%,49.2%,36.3%,0.0,13.0%,high_earnings_yield,False,0,good,2026-03-31,,
575,36.1%,HAE,Haemonetics Corporation,0.2,HEALTHCARE,3B,55.1,47M,14.5,12.1%,6.9%,58.5%,19.2%,1.6,7.0%,high_fcf_yield,False,1,partial,2026-03-01,,
576,36.0%,LLY,Eli Lilly and Company,0.2,HEALTHCARE,837B,934.6,3B,40.6,1.1%,2.5%,83.8%,45.6%,0.1,18.3%,low_ps,False,0,good,2026-03-31,,
577,35.9%,DXPE,DXP Enterprises Inc,0.2,INDUSTRIALS,3B,156.2,39M,28.8,2.1%,3.5%,31.5%,8.8%,0.2,5.3%,low_ps,False,1,partial,2026-03-31,,
578,35.8%,PTC,PTC Inc,0.2,TECHNOLOGY,16B,136.3,201M,19.7,5.5%,5.1%,84.2%,38.0%,0.1,12.7%,high_earnings_yield,False,1,partial,2026-03-01,,
579,35.7%,VFC,VF Corporation,0.2,CONSUMER CYCLICAL,8B,19.0,132M,33.7,-8.8%,3.0%,53.8%,4.6%,1.2,2.1%,high_fcf_yield,False,0,good,2026-03-01,,
580,35.6%,TT,Trane Technologies plc,0.2,INDUSTRIALS,110B,492.5,652M,37.7,2.6%,2.7%,36.2%,18.6%,0.3,13.6%,high_div_yield,False,0,good,2026-03-31,,
581,35.5%,DCI,Donaldson Company Inc,0.2,INDUSTRIALS,10B,86.0,53M,26.8,3.4%,3.7%,34.4%,13.4%,0.0,12.4%,low_ps,False,0,good,2026-04-01,,
582,35.4%,ANIP,ANI Pharmaceuticals Inc,0.2,HEALTHCARE,2B,81.9,28M,23.2,7.3%,4.3%,69.1%,12.6%,0.2,5.3%,high_fcf_yield,False,1,partial,2026-03-31,,
583,35.3%,PAYX,Paychex Inc,0.2,TECHNOLOGY,34B,93.9,289M,20.7,6.4%,4.8%,73.9%,36.9%,0.3,9.3%,high_fcf_yield,False,0,good,2026-04-29,,
584,35.2%,CVS,CVS Health Corp,0.2,HEALTHCARE,107B,83.3,665M,60.3,7.3%,1.7%,13.8%,1.2%,1.0,0.7%,low_ps,False,0,good,2026-03-31,,
585,35.1%,FLS,Flowserve Corporation,0.2,INDUSTRIALS,9B,73.6,243M,27.4,4.6%,3.7%,34.6%,12.2%,0.2,6.1%,low_ps,False,0,good,2026-03-31,,
586,35.0%,DKS,Dick’s Sporting Goods Inc,0.2,CONSUMER CYCLICAL,21B,225.8,206M,24.2,2.6%,4.1%,32.9%,7.5%,0.7,4.9%,low_ps,False,0,good,2026-05-01,,
587,35.0%,SNX,Synnex Corporation,0.2,TECHNOLOGY,19B,239.1,159M,19.4,6.5%,5.1%,6.8%,2.6%,1.2,2.8%,low_ps,False,0,good,2026-04-29,,
588,34.9%,BR,Broadridge Financial Solutions Inc,0.2,TECHNOLOGY,18B,154.0,193M,16.9,7.5%,5.9%,31.2%,17.3%,0.6,12.4%,high_fcf_yield,False,0,good,2026-03-01,,
589,34.8%,PFE,Pfizer Inc,0.2,HEALTHCARE,150B,26.3,969M,19.4,6.0%,5.2%,70.3%,24.7%,0.4,3.7%,high_fcf_yield,False,0,good,2026-03-31,,
590,34.7%,DIOD,Diodes Incorporated,0.2,TECHNOLOGY,5B,111.4,72M,77.7,2.7%,1.3%,31.2%,2.4%,0.3,2.7%,high_earnings_yield,False,1,partial,2026-03-31,,
591,34.6%,TEL,TE Connectivity Ltd,0.2,TECHNOLOGY,62B,211.7,667M,30.3,5.0%,3.3%,34.9%,18.8%,0.4,8.1%,high_fcf_yield,False,0,good,2026-03-01,,
592,34.5%,SBUX,Starbucks Corporation,0.2,CONSUMER CYCLICAL,120B,105.3,783M,88.0,1.9%,1.1%,20.6%,9.0%,0.8,4.2%,high_fcf_yield,False,0,good,2026-03-01,,
593,34.4%,ECG,Everus Construction Group Inc,0.2,INDUSTRIALS,8B,147.4,106M,37.4,1.2%,2.7%,12.1%,7.1%,0.2,11.7%,high_fcf_yield,False,1,partial,2026-03-31,,
594,34.3%,MWA,Mueller Water Products,0.2,INDUSTRIALS,4B,27.9,40M,22.0,4.0%,4.5%,37.0%,18.9%,0.0,10.8%,high_earnings_yield,False,0,good,2026-03-01,,
595,34.2%,BALL,Ball Corporation,0.2,CONSUMER CYCLICAL,16B,61.1,187M,17.9,4.8%,5.6%,14.8%,9.6%,0.0,4.7%,low_ps,False,0,good,2026-03-31,,
596,34.1%,RGEN,Repligen Corporation,0.2,HEALTHCARE,7B,118.3,142M,137.1,1.4%,0.7%,50.9%,7.6%,0.1,1.7%,low_ps,False,1,partial,2026-03-31,,
597,34.0%,PATK,Patrick Industries Inc,0.2,CONSUMER CYCLICAL,3B,93.0,70M,24.8,7.4%,4.0%,23.1%,7.0%,0.2,4.4%,low_ps,False,0,good,2026-03-31,,
598,33.9%,ACIW,ACI Worldwide Inc,0.2,TECHNOLOGY,5B,45.5,36M,21.4,6.1%,4.7%,49.0%,18.7%,0.2,7.3%,high_fcf_yield,False,1,partial,2026-03-31,,
599,33.8%,CHH,Choice Hotels International Inc,0.2,CONSUMER CYCLICAL,5B,99.1,78M,12.4,2.7%,8.1%,46.2%,28.4%,0.0,12.7%,high_earnings_yield,False,0,good,2026-03-31,,
600,33.7%,BMY,Bristol-Myers Squibb Company,0.2,HEALTHCARE,124B,60.6,607M,17.5,10.4%,5.7%,67.6%,26.3%,0.3,7.8%,high_fcf_yield,False,0,good,2026-03-31,,
601,33.6%,CNK,Cinemark Holdings Inc,0.2,COMMUNICATION SERVICES,3B,29.5,66M,24.6,5.2%,4.1%,40.7%,11.0%,0.5,3.1%,low_ps,False,0,good,2026-03-31,,
602,33.5%,NXT,Nextracker Inc. Class A Common Stock,0.2,TECHNOLOGY,19B,125.9,204M,32.7,3.0%,3.1%,32.4%,20.5%,0.0,15.6%,low_ps,False,1,partial,2026-03-01,,
603,33.4%,LECO,Lincoln Electric Holdings Inc,0.2,INDUSTRIALS,15B,265.0,103M,28.2,3.6%,3.6%,36.3%,16.9%,0.4,13.8%,high_div_yield,False,0,good,2026-03-31,,
604,33.3%,ETR,Entergy Corporation,0.2,UTILITIES,54B,117.3,462M,30.6,-5.1%,3.3%,38.8%,24.1%,1.0,2.5%,high_fcf_yield,False,0,good,2026-03-31,,
605,33.2%,EXEL,Exelixis Inc,0.2,HEALTHCARE,12B,44.5,130M,15.2,7.2%,6.6%,96.4%,37.6%,0.0,27.5%,high_fcf_yield,False,1,partial,2026-03-31,,
606,33.1%,ABT,Abbott Laboratories,0.2,HEALTHCARE,159B,90.8,1B,24.3,4.7%,4.1%,55.5%,18.2%,0.5,7.5%,high_earnings_yield,False,0,good,2026-03-31,,
607,33.0%,AMAT,Applied Materials Inc,0.2,TECHNOLOGY,348B,435.4,2B,44.4,1.8%,2.3%,48.7%,29.1%,0.0,20.8%,low_ps,False,0,good,2026-04-01,,
608,32.9%,AVNT,Avient Corp,0.2,BASIC MATERIALS,3B,36.9,21M,41.4,5.8%,2.4%,31.7%,6.4%,0.0,1.4%,low_ps,False,0,good,2026-03-31,,
609,32.8%,PEP,PepsiCo Inc,0.2,CONSUMER DEFENSIVE,217B,158.5,922M,28.3,4.7%,3.5%,54.0%,12.9%,1.0,7.1%,low_ps,False,0,good,2026-03-31,,
610,32.7%,ADSK,Autodesk Inc,0.1,TECHNOLOGY,52B,244.5,434M,46.6,4.6%,2.1%,92.0%,23.4%,0.0,9.0%,low_ps,False,1,partial,2026-05-01,,
611,32.6%,EMR,Emerson Electric Company,0.1,INDUSTRIALS,79B,140.4,421M,34.2,3.3%,2.9%,52.8%,19.9%,2.3,5.5%,high_div_yield,False,0,good,2026-03-01,,
612,32.5%,HCSG,Healthcare Services Group Inc,0.1,HEALTHCARE,2B,21.4,17M,25.8,9.1%,3.9%,13.3%,3.0%,0.1,7.3%,high_fcf_yield,False,0,good,2026-03-31,,
613,32.4%,CRL,Charles River Laboratories,0.1,HEALTHCARE,9B,177.6,148M,585.8,6.0%,-1.7%,32.9%,10.7%,0.1,-2.0%,low_pe,False,1,partial,2026-03-31,,
614,32.3%,PANW,Palo Alto Networks Inc,0.1,TECHNOLOGY,148B,207.9,1B,115.6,2.4%,0.9%,73.5%,14.4%,0.0,5.1%,low_ps,False,1,partial,2026-04-01,,
615,32.2%,WGS,GeneDx Holdings Corp.,0.1,HEALTHCARE,2B,62.9,82M,1029.0,0.8%,-1.1%,68.5%,-2.9%,2.0,-3.7%,low_evebitda,False,1,partial,2026-03-31,,
616,32.1%,NHC,National HealthCare Corporation,0.1,HEALTHCARE,3B,188.8,20M,24.8,5.0%,4.0%,46.4%,8.1%,0.2,7.9%,low_ps,False,0,good,2026-03-31,,
617,32.0%,OKE,ONEOK Inc,0.1,ENERGY,58B,91.4,367M,17.0,4.2%,5.9%,21.5%,20.7%,0.5,5.1%,low_ps,False,0,good,2026-03-31,,
618,31.9%,INTU,Intuit Inc,0.1,TECHNOLOGY,111B,396.3,1B,25.7,6.1%,3.9%,81.2%,27.1%,0.2,12.7%,high_fcf_yield,False,0,good,2026-04-01,,
619,31.8%,BIIB,Biogen Inc,0.1,HEALTHCARE,28B,189.3,200M,21.7,7.3%,4.6%,70.5%,19.1%,0.0,4.4%,high_fcf_yield,False,1,partial,2026-03-31,,
620,31.7%,DPZ,Domino's Pizza Inc Common Stock,0.1,CONSUMER CYCLICAL,11B,339.4,382M,19.1,5.9%,5.2%,40.0%,19.3%,0.1,33.4%,high_earnings_yield,False,0,good,2026-03-31,,
621,31.6%,CVNA,Carvana Co,0.1,CONSUMER CYCLICAL,59B,79.2,235M,41.7,1.5%,2.4%,20.2%,9.3%,0.5,10.7%,high_fcf_yield,False,1,partial,2026-03-31,,
622,31.5%,FOXA,Fox Corp Class A,0.1,COMMUNICATION SERVICES,28B,62.9,165M,14.7,8.4%,6.8%,33.1%,19.0%,0.0,8.8%,high_fcf_yield,False,0,good,2026-03-01,,
623,31.4%,LIN,Linde plc Ordinary Shares,0.1,BASIC MATERIALS,234B,501.1,1B,33.7,2.2%,3.0%,43.3%,26.3%,1.0,8.0%,low_ps,False,0,good,2026-03-31,,
624,31.3%,KN,Knowles Cor,0.1,TECHNOLOGY,3B,31.2,31M,61.9,3.0%,1.6%,41.3%,13.2%,0.0,4.2%,high_earnings_yield,False,1,partial,2026-03-31,,
625,31.2%,MMSI,Merit Medical Systems Inc,0.1,HEALTHCARE,4B,68.2,55M,31.8,5.1%,3.1%,48.7%,12.8%,0.0,4.8%,low_ps,False,1,partial,2026-03-31,,
626,31.1%,NOC,Northrop Grumman Corporation,0.1,INDUSTRIALS,83B,579.5,514M,19.7,4.0%,5.1%,19.8%,10.2%,0.1,8.1%,low_ps,False,0,good,2026-03-31,,
627,31.0%,KRMN,Karman Holdings Inc.,0.1,INDUSTRIALS,9B,68.0,130M,518.0,-0.5%,0.2%,33.6%,15.5%,0.1,1.6%,low_ps,False,1,partial,2026-03-31,,
628,30.9%,ASTH,Astrana Health Inc,0.1,HEALTHCARE,2B,39.3,18M,86.5,5.5%,1.2%,9.7%,2.5%,0.8,1.0%,low_ps,False,1,partial,2026-03-31,,
629,30.8%,CAH,Cardinal Health Inc,0.1,HEALTHCARE,46B,192.9,430M,27.3,12.1%,3.7%,3.6%,1.0%,0.4,2.9%,high_fcf_yield,False,0,good,2026-03-01,,
630,30.7%,HD,The Home Depot Inc,0.1,CONSUMER CYCLICAL,316B,317.4,1B,22.4,4.0%,4.5%,33.3%,12.7%,0.8,13.5%,low_ps,False,0,good,2026-05-01,,
631,30.6%,AIT,Applied Industrial Technologies,0.1,INDUSTRIALS,12B,305.8,85M,28.8,3.9%,3.5%,30.0%,11.2%,0.0,12.8%,low_ps,False,0,good,2026-03-01,,
632,30.5%,CRS,Carpenter Technology Corporation,0.1,INDUSTRIALS,22B,428.2,304M,49.5,1.5%,2.0%,28.9%,20.3%,0.0,12.4%,low_ps,False,0,good,2026-03-01,,
633,30.4%,BLFS,BioLife Solutions Inc,0.1,HEALTHCARE,1B,22.0,9M,170.0,1.2%,-1.1%,64.6%,-12.6%,2.6,-3.0%,low_ps,False,1,partial,2026-03-31,,
634,30.3%,ACLS,Axcelis Technologies Inc,0.1,TECHNOLOGY,5B,163.0,126M,43.8,2.0%,2.3%,44.9%,14.2%,0.0,8.8%,low_ps,False,1,partial,2026-03-31,,
635,30.2%,SITM,Sitime Corporation,0.1,TECHNOLOGY,15B,562.1,264M,4563.7,0.2%,-0.3%,53.6%,-19.6%,0.1,-3.3%,low_pe,False,1,partial,2026-03-31,,
636,30.1%,NJR,NewJersey Resources Corporation,0.1,UTILITIES,6B,56.3,31M,17.5,-3.8%,5.7%,26.1%,22.3%,1.4,4.1%,high_fcf_yield,False,0,good,2026-03-01,,
637,30.0%,STZ,Constellation Brands Inc Class A,0.1,CONSUMER DEFENSIVE,27B,156.6,262M,16.1,6.6%,6.2%,51.7%,31.3%,0.6,7.7%,high_earnings_yield,False,0,good,2026-04-29,,
638,29.9%,WSO,Watsco Inc,0.1,INDUSTRIALS,17B,437.8,226M,33.4,3.2%,3.0%,28.4%,9.9%,0.2,11.2%,low_ps,False,0,good,2026-03-31,,
639,29.8%,WM,Waste Management Inc,0.1,INDUSTRIALS,94B,232.6,457M,34.7,3.0%,2.9%,29.1%,18.3%,0.2,5.9%,high_div_yield,False,0,good,2026-03-31,,
640,29.7%,TXRH,Texas Roadhouse Inc,0.1,CONSUMER CYCLICAL,12B,177.4,200M,28.9,2.9%,3.5%,15.0%,8.2%,1.4,11.4%,low_ps,False,0,good,2026-03-31,,
641,29.6%,INVX,"Innovex International, Inc",0.1,ENERGY,2B,27.8,10M,23.0,8.1%,4.4%,27.9%,10.3%,0.1,6.6%,high_fcf_yield,False,1,partial,2026-03-31,,
642,29.5%,DELL,Dell Technologies Inc,0.1,TECHNOLOGY,175B,260.5,1B,29.4,4.9%,3.4%,20.1%,7.2%,1.7,5.9%,low_ps,False,0,good,2026-05-01,,
643,29.4%,BIO,Bio-Rad Laboratories Inc,0.1,HEALTHCARE,8B,280.1,100M,9.9,5.0%,10.1%,51.9%,8.9%,0.0,7.2%,high_earnings_yield,False,1,partial,2026-03-31,,
644,29.3%,DASH,"DoorDash, Inc. Class A Common Stock",0.1,CONSUMER CYCLICAL,75B,168.7,854M,79.8,2.4%,1.3%,50.9%,5.3%,0.1,4.8%,high_earnings_yield,False,1,partial,2026-03-31,,
645,29.2%,RUSHA,Rush Enterprises A Inc,0.1,CONSUMER CYCLICAL,6B,74.0,32M,22.4,3.6%,4.5%,18.7%,5.3%,2.9,6.0%,low_ps,False,0,good,2026-03-31,,
646,29.1%,EA,Electronic Arts Inc,0.1,COMMUNICATION SERVICES,51B,202.4,339M,75.3,4.5%,1.3%,78.0%,13.9%,0.6,5.1%,low_ps,False,0,good,2026-03-01,,
647,29.0%,AMGN,Amgen Inc,0.1,HEALTHCARE,187B,346.2,919M,24.3,4.3%,4.1%,70.5%,28.0%,0.5,8.5%,high_earnings_yield,False,0,good,2026-03-31,,
648,28.9%,PWR,Quanta Services Inc,0.1,INDUSTRIALS,111B,727.8,806M,107.6,1.5%,0.9%,13.0%,5.8%,0.7,4.1%,high_fcf_yield,False,0,good,2026-03-31,,
649,28.8%,CRDO,Credo Technology Group Holding Ltd,0.1,TECHNOLOGY,35B,188.5,1B,103.5,0.8%,1.0%,67.8%,30.2%,0.0,16.7%,low_ps,False,1,partial,2026-04-01,,
650,28.7%,PRDO,Perdoceo Education Corp,0.1,CONSUMER DEFENSIVE,2B,36.0,19M,14.3,9.5%,7.0%,71.7%,23.2%,0.0,12.6%,high_fcf_yield,False,0,good,2026-03-31,,
651,28.6%,ST,Sensata Technologies Holding NV,0.1,TECHNOLOGY,6B,41.6,98M,195.3,8.0%,0.5%,27.4%,14.2%,0.0,0.5%,high_fcf_yield,False,0,good,2026-03-31,,
652,28.5%,CHE,Chemed Corp,0.1,HEALTHCARE,6B,425.0,112M,21.9,5.6%,4.6%,31.1%,13.4%,0.1,16.2%,low_ps,False,0,good,2026-03-31,,
653,28.4%,IDXX,IDEXX Laboratories Inc,0.1,HEALTHCARE,45B,560.8,332M,42.7,2.3%,2.3%,61.8%,31.6%,0.6,31.6%,low_ps,False,1,partial,2026-03-31,,
654,28.3%,BSX,Boston Scientific Corp,0.1,HEALTHCARE,86B,57.6,1B,29.8,4.2%,3.4%,69.0%,19.8%,0.1,6.6%,low_pe,False,1,partial,2026-03-31,,
655,28.2%,VIST,Vista Oil Gas ADR,0.1,ENERGY,8B,74.3,92M,11.0,-10.3%,9.1%,47.4%,30.3%,0.5,10.1%,high_fcf_yield,False,1,partial,2026-03-31,,
656,28.1%,ATI,Allegheny Technologies Incorporated,0.1,INDUSTRIALS,22B,155.5,313M,55.4,1.5%,1.8%,22.0%,14.1%,0.1,7.9%,high_fcf_yield,False,0,good,2026-03-31,,
657,28.0%,ADI,Analog Devices Inc,0.1,TECHNOLOGY,208B,416.5,1B,76.7,2.2%,1.3%,62.8%,29.2%,0.5,5.6%,low_ps,False,0,good,2026-04-01,,
658,27.9%,COO,"The Cooper Companies, Inc",0.1,HEALTHCARE,12B,60.0,146M,30.0,4.1%,3.3%,64.2%,17.2%,1.3,3.2%,high_div_yield,False,0,good,2026-04-01,,
659,27.8%,MANH,Manhattan Associates Inc,0.1,TECHNOLOGY,8B,137.9,115M,37.6,4.5%,2.7%,55.9%,25.9%,0.0,26.2%,low_ps,False,1,partial,2026-03-31,,
660,27.7%,OMCL,Omnicell Inc,0.1,HEALTHCARE,2B,41.4,28M,927.4,4.4%,0.1%,42.5%,0.5%,0.1,0.1%,low_pe,False,1,partial,2026-03-31,,
661,27.6%,STRA,Strategic Education Inc,0.1,CONSUMER DEFENSIVE,2B,78.4,25M,13.7,8.9%,7.3%,49.0%,14.0%,0.1,6.2%,high_fcf_yield,False,0,good,2026-03-31,,
662,27.5%,PODD,Insulet Corporation,0.1,HEALTHCARE,12B,172.1,265M,48.9,3.1%,2.0%,71.6%,17.5%,0.1,7.7%,high_fcf_yield,False,1,partial,2026-03-31,,
663,27.4%,CAT,Caterpillar Inc,0.1,INDUSTRIALS,415B,890.1,2B,46.7,1.8%,2.1%,32.3%,16.6%,1.7,9.0%,low_ps,False,0,good,2026-03-31,,
664,27.3%,TER,Teradyne Inc,0.1,TECHNOLOGY,54B,343.5,1B,97.7,0.8%,1.0%,58.3%,20.9%,0.5,13.3%,low_ps,False,0,good,2026-03-31,,
665,27.2%,BRKR,Bruker Corporation,0.1,HEALTHCARE,6B,36.7,86M,74.1,0.8%,-0.2%,45.9%,5.5%,0.2,-0.1%,high_fcf_yield,False,0,good,2026-03-31,,
666,27.1%,ESE,ESCO Technologies Inc,0.1,TECHNOLOGY,8B,303.1,114M,25.8,2.9%,3.9%,41.6%,15.8%,0.1,12.7%,low_ps,False,0,good,2026-03-01,,
667,27.0%,BHE,Benchmark Electronics Inc,0.1,TECHNOLOGY,3B,82.0,38M,119.8,2.9%,0.8%,10.0%,4.0%,0.0,1.2%,low_ps,False,0,good,2026-03-31,,
668,26.9%,CCK,Crown Holdings Inc,0.1,CONSUMER CYCLICAL,11B,98.3,121M,15.0,9.9%,6.7%,18.3%,13.2%,0.6,5.2%,high_fcf_yield,False,0,good,2026-03-31,,
669,26.8%,MUSA,Murphy USA Inc,0.1,CONSUMER CYCLICAL,11B,588.0,191M,23.4,3.4%,4.3%,5.0%,3.8%,0.0,10.0%,low_ps,False,0,good,2026-03-31,,
670,26.7%,MNST,Monster Beverage Corp,0.1,CONSUMER DEFENSIVE,85B,86.3,400M,44.8,2.3%,2.2%,55.8%,29.2%,0.0,19.1%,low_ps,False,1,partial,2026-03-31,,
671,26.6%,GEHC,GE HealthCare Technologies Inc.,0.1,HEALTHCARE,28B,60.8,404M,16.5,5.4%,6.0%,43.5%,13.3%,0.3,4.6%,low_ps,False,0,good,2026-03-31,,
672,26.5%,NVT,nVent Electric PLC,0.1,INDUSTRIALS,23B,142.9,373M,33.0,1.6%,3.0%,37.7%,15.8%,0.1,10.4%,high_fcf_yield,False,0,good,2026-03-31,,
673,26.4%,HSIC,Henry Schein Inc,0.1,HEALTHCARE,9B,74.6,110M,21.8,6.5%,4.6%,29.1%,5.8%,1.7,3.5%,low_ps,False,1,partial,2026-03-31,,
674,26.3%,ADP,Automatic Data Processing Inc,0.1,TECHNOLOGY,85B,211.9,631M,20.1,5.4%,5.0%,48.4%,18.8%,0.0,5.0%,high_earnings_yield,False,0,good,2026-03-01,,
675,26.2%,CALX,Calix Inc,0.1,TECHNOLOGY,3B,43.6,54M,159.8,4.0%,0.6%,56.8%,2.1%,0.1,1.7%,low_evebitda,False,1,partial,2026-03-31,,
676,26.1%,DOV,Dover Corporation,0.1,INDUSTRIALS,31B,226.4,244M,28.1,3.6%,3.6%,39.8%,17.0%,0.8,8.2%,high_div_yield,False,0,good,2026-03-31,,
677,26.0%,VMI,Valmont Industries Inc,0.1,INDUSTRIALS,10B,508.0,114M,30.8,3.2%,3.3%,30.2%,10.3%,0.0,9.6%,low_ps,False,0,good,2026-03-31,,
678,25.9%,NTCT,NetScout Systems Inc,0.1,TECHNOLOGY,3B,39.1,19M,29.2,9.8%,3.4%,79.2%,12.8%,0.1,4.1%,high_fcf_yield,False,1,partial,2026-03-01,,
679,25.8%,BKH,Black Hills Corporation,0.1,UTILITIES,6B,75.3,65M,19.5,-2.6%,5.1%,38.5%,23.3%,0.0,2.7%,high_fcf_yield,False,0,good,2026-03-31,,
680,25.7%,LH,Laboratory Corporation of America Holdings,0.1,HEALTHCARE,21B,256.8,201M,24.3,5.7%,4.1%,28.2%,10.7%,0.6,4.8%,low_ps,False,0,good,2026-03-31,,
681,25.6%,HROW,Harrow Health Inc,0.1,HEALTHCARE,1B,38.2,21M,36.3,3.1%,-0.4%,75.1%,11.2%,0.0,-1.3%,high_earnings_yield,False,1,partial,2026-03-31,,
682,25.5%,POWI,Power Integrations Inc,0.1,TECHNOLOGY,4B,73.3,93M,185.3,2.1%,0.5%,54.5%,5.8%,0.1,2.9%,low_ps,False,0,good,2026-03-31,,
683,25.4%,ATR,AptarGroup Inc,0.1,HEALTHCARE,8B,123.2,69M,21.2,3.6%,4.7%,29.6%,13.5%,0.9,7.5%,low_ps,False,0,good,2026-03-31,,
684,25.3%,HAL,Halliburton Company,0.1,ENERGY,35B,42.3,507M,27.7,4.7%,3.6%,15.7%,10.2%,0.1,5.1%,low_ps,False,0,good,2026-03-31,,
685,25.2%,AKAM,Akamai Technologies Inc,0.1,TECHNOLOGY,22B,147.7,624M,49.0,3.2%,2.0%,57.9%,14.8%,0.2,3.9%,low_ps,False,1,partial,2026-03-31,,
686,25.1%,DE,Deere & Company,0.1,INDUSTRIALS,156B,574.8,586M,32.3,2.3%,3.1%,35.6%,18.5%,3.6,4.7%,high_fcf_yield,False,0,good,2026-04-01,,
687,25.0%,ADUS,Addus HomeCare Corporation,0.1,HEALTHCARE,2B,96.9,26M,18.7,5.8%,5.4%,32.5%,9.7%,0.1,6.7%,low_ps,False,1,partial,2026-03-31,,
688,25.0%,AGI,Alamos Gold Inc,0.1,BASIC MATERIALS,17B,39.9,152M,19.0,1.6%,5.3%,54.3%,44.5%,0.0,14.0%,low_ps,False,0,good,2026-03-31,,
689,24.9%,WEC,WEC Energy Group Inc,0.1,UTILITIES,39B,117.9,213M,24.8,-2.7%,4.0%,50.5%,24.2%,1.7,3.0%,high_fcf_yield,False,0,good,2026-03-31,,
690,24.8%,JAZZ,Jazz Pharmaceuticals PLC,0.1,HEALTHCARE,13B,203.0,208M,14.5,9.1%,-2.7%,88.2%,5.3%,14.8,-3.1%,high_fcf_yield,False,1,partial,2026-03-31,,
691,24.7%,MDT,Medtronic PLC,0.1,HEALTHCARE,98B,76.2,795M,21.3,5.5%,4.7%,61.9%,17.9%,0.0,5.0%,high_fcf_yield,False,0,good,2026-04-01,,
692,24.6%,CASY,Caseys General Stores Inc,0.1,CONSUMER CYCLICAL,32B,859.5,281M,49.2,2.1%,2.0%,23.9%,6.3%,0.1,7.6%,low_ps,False,0,good,2026-04-01,,
693,24.5%,ALV,Autoliv Inc,0.1,CONSUMER CYCLICAL,9B,115.9,107M,11.8,8.2%,8.4%,19.2%,10.2%,0.6,8.5%,high_earnings_yield,False,0,good,2026-03-31,,
694,24.4%,ULTA,Ulta Beauty Inc,0.1,CONSUMER CYCLICAL,23B,521.6,355M,20.3,4.2%,4.9%,39.1%,12.5%,0.2,16.5%,low_ps,False,0,good,2026-05-01,,
695,24.3%,EME,EMCOR Group Inc,0.1,INDUSTRIALS,40B,891.7,337M,31.6,3.0%,3.2%,19.6%,9.8%,0.1,13.2%,low_ps,False,0,good,2026-03-31,,
696,24.2%,CSCO,Cisco Systems Inc,0.1,TECHNOLOGY,385B,96.6,2B,34.8,3.2%,2.9%,64.8%,22.7%,1.0,9.0%,low_ps,False,0,good,2026-04-01,,
697,24.1%,CHRW,CH Robinson Worldwide Inc,0.1,INDUSTRIALS,22B,181.8,393M,37.5,4.1%,2.7%,8.4%,4.9%,0.1,11.6%,low_ps,False,0,good,2026-03-31,,
698,24.0%,FLEX,Flex Ltd,0.1,TECHNOLOGY,34B,91.5,604M,40.2,3.4%,2.5%,9.1%,4.9%,0.8,4.1%,high_div_yield,False,0,good,2026-03-01,,
699,23.9%,DGX,Quest Diagnostics Incorporated,0.1,HEALTHCARE,22B,194.2,213M,21.9,6.2%,4.6%,33.2%,14.1%,0.7,6.1%,low_ps,False,0,good,2026-03-31,,
700,23.8%,CECO,CECO Environmental Corp.,0.1,INDUSTRIALS,3B,74.1,61M,54.5,-0.2%,1.8%,34.3%,13.8%,0.0,5.6%,high_fcf_yield,False,0,good,2026-03-31,,
701,23.7%,BURL,Burlington Stores Inc,0.1,CONSUMER CYCLICAL,20B,304.5,167M,32.0,-4.9%,3.1%,41.9%,8.9%,0.4,6.2%,high_fcf_yield,False,1,partial,2026-05-01,,
702,23.6%,ENS,Enersys,0.1,INDUSTRIALS,9B,229.8,61M,27.7,5.1%,3.6%,29.7%,11.6%,0.1,7.7%,low_ps,False,0,good,2026-03-01,,
703,23.5%,PLXS,Plexus Corp,0.1,TECHNOLOGY,7B,250.6,90M,38.8,1.1%,2.6%,10.0%,5.1%,0.5,5.5%,low_ps,False,1,partial,2026-03-01,,
704,23.4%,CARR,Carrier Global Corp,0.1,INDUSTRIALS,56B,66.9,473M,37.8,3.7%,2.6%,25.9%,9.9%,0.3,4.0%,low_ps,False,0,good,2026-03-31,,
705,23.3%,NBIX,Neurocrine Biosciences Inc,0.1,HEALTHCARE,14B,131.7,173M,28.4,5.5%,3.5%,98.2%,21.6%,0.1,10.3%,high_fcf_yield,False,1,partial,2026-03-31,,
706,23.2%,SYK,Stryker Corporation,0.1,HEALTHCARE,122B,315.1,745M,37.5,3.5%,2.7%,63.5%,22.4%,2.8,6.8%,high_div_yield,False,0,good,2026-03-31,,
707,23.1%,AMD,Advanced Micro Devices Inc,0.1,TECHNOLOGY,585B,354.5,17B,134.9,1.2%,0.7%,49.5%,10.7%,0.2,5.6%,low_ps,False,1,partial,2026-03-31,,
708,23.0%,NXPI,NXP Semiconductors NV,0.1,TECHNOLOGY,74B,293.6,1B,36.8,3.1%,2.7%,54.6%,26.4%,0.6,7.6%,low_ps,False,0,good,2026-03-31,,
709,22.9%,MOG-A,Moog Inc,0.1,INDUSTRIALS,10B,301.3,85M,37.4,1.1%,2.7%,27.3%,10.8%,0.0,5.7%,high_fcf_yield,False,0,good,2026-03-01,,
710,22.8%,GWW,WW Grainger Inc,0.1,INDUSTRIALS,58B,1233.7,324M,34.3,2.3%,2.9%,39.1%,13.9%,0.1,19.0%,high_fcf_yield,False,0,good,2026-03-31,,
711,22.7%,TXN,Texas Instruments Incorporated,0.1,TECHNOLOGY,256B,279.7,2B,51.1,1.0%,2.0%,57.0%,34.1%,0.1,14.5%,low_ps,False,0,good,2026-03-31,,
712,22.6%,TVTX,Travere Therapeutics Inc,0.1,HEALTHCARE,4B,42.1,116M,6.9,0.7%,-0.7%,97.9%,-12.8%,0.3,-4.2%,low_evebitda,False,1,partial,2026-03-31,,
713,22.5%,STLD,Steel Dynamics Inc,0.1,BASIC MATERIALS,33B,228.7,276M,27.9,1.5%,3.6%,13.1%,8.1%,0.0,7.2%,low_ps,False,0,good,2026-03-31,,
714,22.4%,PSMT,PriceSmart Inc,0.1,CONSUMER DEFENSIVE,5B,158.3,36M,31.3,1.8%,3.2%,17.6%,4.5%,0.3,6.3%,low_ps,False,0,good,2026-04-29,,
715,22.3%,VECO,Veeco Instruments Inc,0.1,TECHNOLOGY,3B,49.9,97M,85.1,1.8%,1.2%,40.0%,5.4%,0.1,2.7%,high_fcf_yield,False,1,partial,2026-03-31,,
716,22.2%,UFPT,UFP Technologies Inc,0.1,HEALTHCARE,1B,191.6,50M,21.9,5.3%,4.6%,28.3%,15.3%,0.3,10.3%,low_ps,False,1,partial,2026-03-31,,
717,22.1%,FCX,Freeport-McMoran Copper & Gold Inc,0.1,BASIC MATERIALS,83B,57.8,1B,38.0,1.4%,2.6%,27.0%,24.4%,0.1,3.8%,high_fcf_yield,False,0,good,2026-03-31,,
718,22.0%,CPRX,Catalyst Pharmaceuticals Inc,0.1,HEALTHCARE,4B,31.1,87M,18.5,5.3%,5.4%,85.2%,43.8%,0.0,19.4%,low_ps,False,1,partial,2026-03-31,,
719,21.9%,VRTX,Vertex Pharmaceuticals Inc,0.1,HEALTHCARE,110B,427.4,470M,27.7,2.9%,3.6%,86.3%,35.5%,0.0,15.1%,low_ps,False,1,partial,2026-03-31,,
720,21.8%,PAHC,Phibro Animal Health Corporation,0.1,HEALTHCARE,2B,53.2,18M,23.7,2.2%,4.2%,31.9%,11.6%,0.2,6.6%,low_ps,False,0,good,2026-03-01,,
721,21.7%,CHEF,The Chefs Warehouse Inc,0.1,CONSUMER DEFENSIVE,4B,77.6,39M,49.4,2.5%,2.0%,24.2%,3.7%,0.4,3.6%,low_ps,False,1,partial,2026-03-31,,
722,21.6%,WAT,Waters Corporation,0.1,HEALTHCARE,25B,309.2,379M,39.5,2.1%,2.5%,58.9%,26.6%,0.4,12.6%,low_ps,False,1,partial,2026-03-31,,
723,21.5%,IQV,IQVIA Holdings Inc,0.1,HEALTHCARE,27B,158.4,300M,19.8,7.0%,5.1%,26.3%,14.0%,1.1,4.5%,high_fcf_yield,False,1,partial,2026-03-31,,
724,21.4%,ESI,Element Solutions Inc,0.1,BASIC MATERIALS,10B,42.6,138M,54.4,2.2%,1.8%,42.0%,13.4%,0.0,3.7%,high_fcf_yield,False,0,good,2026-03-31,,
725,21.3%,GNRC,Generac Holdings Inc,0.1,INDUSTRIALS,15B,259.2,214M,96.2,1.9%,1.0%,38.3%,6.9%,0.3,2.9%,high_div_yield,False,0,good,2026-03-31,,
726,21.2%,FICO,Fair Isaac Corporation,0.1,TECHNOLOGY,24B,1025.0,419M,37.0,3.0%,2.7%,82.9%,47.5%,0.8,35.5%,low_ps,False,0,good,2026-03-01,,
727,21.1%,CPK,Chesapeake Utilities Corporation,0.1,UTILITIES,3B,126.1,16M,24.1,-10.0%,4.2%,48.9%,26.4%,1.7,3.1%,high_fcf_yield,False,0,good,2026-03-31,,
728,21.0%,MTRN,Materion Corporation,0.1,BASIC MATERIALS,4B,183.8,48M,51.6,0.5%,1.9%,16.7%,6.4%,0.3,4.2%,high_fcf_yield,False,0,good,2026-03-31,,
729,20.9%,GILD,Gilead Sciences Inc,0.1,HEALTHCARE,165B,131.3,811M,19.4,5.7%,5.2%,80.8%,37.4%,0.2,14.4%,high_earnings_yield,False,0,good,2026-03-31,,
730,20.8%,GMED,Globus Medical,0.1,HEALTHCARE,11B,78.0,118M,20.0,5.4%,5.0%,67.4%,16.3%,0.0,10.1%,high_earnings_yield,False,1,partial,2026-03-31,,
731,20.7%,VCEL,Vericel Corp Ord,0.1,HEALTHCARE,2B,33.5,23M,102.8,0.4%,1.0%,74.4%,4.0%,0.5,3.4%,high_fcf_yield,False,1,partial,2026-03-31,,
732,20.6%,PACS,"PACS Group, Inc.",0.1,HEALTHCARE,5B,33.6,24M,27.5,6.4%,3.6%,18.4%,5.9%,0.4,3.4%,low_ps,False,1,partial,2026-03-31,,
733,20.5%,GPC,Genuine Parts Co,0.1,CONSUMER CYCLICAL,15B,107.2,179M,224.4,2.8%,0.4%,36.1%,4.7%,3.5,0.3%,low_ps,False,0,good,2026-03-31,,
734,20.4%,DRI,Darden Restaurants Inc,0.1,CONSUMER CYCLICAL,23B,196.2,204M,20.7,5.3%,4.8%,44.0%,11.6%,0.3,8.6%,low_ps,False,0,good,2026-04-29,,
735,20.3%,OSIS,OSI Systems Inc,0.1,TECHNOLOGY,5B,286.9,90M,32.6,2.4%,3.1%,33.0%,12.3%,0.0,6.1%,low_ps,False,1,partial,2026-03-01,,
736,20.2%,VCYT,Veracyte Inc,0.1,HEALTHCARE,3B,32.9,35M,40.3,4.7%,2.5%,70.6%,9.0%,0.0,4.7%,low_ps,False,1,partial,2026-03-31,,
737,20.1%,NFG,National Fuel Gas Company,0.1,ENERGY,8B,84.4,76M,12.3,2.5%,8.1%,51.5%,42.3%,0.9,7.1%,high_earnings_yield,False,0,good,2026-03-01,,
738,20.0%,MPWR,Monolithic Power Systems Inc,0.1,TECHNOLOGY,79B,1614.4,1B,129.1,0.8%,0.8%,55.2%,26.1%,0.0,14.7%,low_ps,False,0,good,2026-03-31,,
739,19.9%,VLO,Valero Energy Corporation,0.1,ENERGY,75B,252.6,734M,32.1,6.5%,3.1%,5.4%,2.6%,0.4,4.0%,low_ps,False,0,good,2026-03-31,,
740,19.8%,EW,Edwards Lifesciences Corp,0.1,HEALTHCARE,48B,83.5,458M,45.3,2.8%,2.2%,78.1%,26.7%,0.0,7.8%,low_ps,False,1,partial,2026-03-31,,
741,19.7%,TDG,Transdigm Group Incorporated,0.1,INDUSTRIALS,68B,1160.0,497M,34.3,2.8%,2.9%,59.0%,46.5%,0.4,8.3%,low_ps,False,0,good,2026-03-01,,
742,19.6%,TJX,The TJX Companies Inc,0.1,CONSUMER CYCLICAL,173B,153.4,661M,31.4,2.8%,3.2%,31.1%,12.0%,0.4,15.4%,low_ps,False,0,good,2026-05-01,,
743,19.5%,OSW,OneSpaWorld Holdings Ltd,0.1,CONSUMER CYCLICAL,3B,24.7,22M,35.2,2.7%,2.8%,13.9%,9.1%,0.0,10.1%,low_ps,False,0,good,2026-03-31,,
744,19.4%,ROK,Rockwell Automation Inc,0.1,INDUSTRIALS,46B,408.9,340M,46.8,2.7%,2.1%,50.2%,18.2%,1.1,8.8%,low_ps,False,0,good,2026-03-01,,
745,19.3%,HWKN,Hawkins Inc,0.1,BASIC MATERIALS,3B,167.2,29M,42.3,2.5%,2.4%,22.9%,11.5%,0.1,8.4%,high_div_yield,False,0,good,2026-03-01,,
746,19.2%,VG,"Venture Global, Inc.",0.1,ENERGY,30B,11.4,248M,12.3,-22.5%,8.2%,49.3%,36.6%,0.3,4.6%,high_fcf_yield,False,0,good,2026-03-31,,
747,19.1%,UTHR,United Therapeutics Corporation,0.1,HEALTHCARE,27B,571.4,255M,20.2,3.9%,4.9%,87.9%,46.9%,0.4,16.9%,low_ps,False,1,partial,2026-03-31,,
748,19.0%,SSD,Simpson Manufacturing Company Inc,0.1,BASIC MATERIALS,8B,190.7,66M,22.9,3.7%,4.4%,45.9%,19.6%,0.1,11.2%,high_earnings_yield,False,0,good,2026-03-31,,
749,18.9%,CDNS,Cadence Design Systems Inc,0.1,TECHNOLOGY,90B,329.6,885M,81.4,1.8%,1.2%,86.4%,31.1%,0.4,10.9%,low_ps,False,1,partial,2026-03-31,,
750,18.8%,MATX,Matson Inc,0.1,INDUSTRIALS,5B,174.1,45M,12.0,3.6%,8.4%,22.8%,14.0%,0.3,9.3%,high_earnings_yield,False,0,good,2026-03-31,,
751,18.7%,NOVT,Novanta Inc,0.1,TECHNOLOGY,5B,138.3,51M,99.4,0.9%,1.0%,44.4%,11.9%,0.5,3.0%,high_fcf_yield,False,1,partial,2026-03-31,,
752,18.6%,AMCR,Amcor PLC,0.1,CONSUMER CYCLICAL,18B,38.0,174M,25.2,3.7%,4.0%,19.2%,6.6%,0.5,1.9%,low_ps,False,0,good,2026-03-01,,
753,18.5%,CRM,Salesforce.com Inc,0.1,TECHNOLOGY,171B,181.8,2B,22.9,8.4%,4.4%,77.7%,21.5%,0.7,6.6%,high_fcf_yield,False,0,good,2026-05-01,,
754,18.4%,BOOT,Boot Barn Holdings Inc,0.1,CONSUMER CYCLICAL,5B,163.3,88M,22.9,1.8%,4.4%,38.3%,13.4%,0.2,9.1%,low_ps,False,1,partial,2026-03-01,,
755,18.3%,TDY,Teledyne Technologies Incorporated,0.1,TECHNOLOGY,30B,645.9,236M,33.8,3.6%,3.0%,39.2%,18.8%,0.6,5.9%,low_ps,False,1,partial,2026-03-31,,
756,18.2%,EXPE,Expedia Group Inc.,0.1,CONSUMER CYCLICAL,28B,230.0,414M,21.7,10.4%,4.6%,88.6%,12.9%,1.2,5.3%,high_fcf_yield,False,0,good,2026-03-31,,
757,18.1%,LVS,Las Vegas Sands Corp,0.1,CONSUMER CYCLICAL,36B,54.3,287M,22.4,5.1%,4.5%,28.2%,23.7%,0.5,7.4%,low_ps,False,0,good,2026-03-31,,
758,18.0%,HUBB,Hubbell Inc,0.1,INDUSTRIALS,27B,508.2,327M,30.3,3.2%,3.3%,35.5%,20.9%,0.4,10.9%,high_div_yield,False,0,good,2026-03-31,,
759,17.9%,ENSG,The Ensign Group Inc,0.1,HEALTHCARE,11B,186.7,89M,32.3,3.3%,3.1%,13.7%,8.4%,0.2,6.3%,low_ps,False,0,good,2026-03-31,,
760,17.8%,DGII,Digi International Inc,0.1,TECHNOLOGY,2B,56.0,16M,50.8,5.1%,2.0%,63.0%,13.2%,0.0,4.6%,high_fcf_yield,False,1,partial,2026-03-01,,
761,17.7%,BDX,Becton Dickinson and Company,0.1,HEALTHCARE,42B,149.4,502M,23.9,6.3%,4.2%,45.8%,12.4%,1.0,3.2%,low_ps,False,0,good,2026-03-01,,
762,17.6%,CPAY,Corpay Inc,0.1,TECHNOLOGY,24B,344.0,170M,22.0,5.5%,4.5%,74.0%,42.9%,2.9,4.1%,high_fcf_yield,False,1,partial,2026-03-31,,
763,17.5%,GTLS,Chart Industries Inc,0.1,INDUSTRIALS,10B,207.4,212M,236.2,2.1%,0.4%,32.6%,8.5%,0.0,0.4%,low_ps,False,1,partial,2026-03-31,,
764,17.4%,SOLV,Solventum Corp.,0.1,HEALTHCARE,12B,67.4,89M,7.6,-0.1%,13.2%,53.5%,26.2%,0.2,10.9%,high_earnings_yield,False,1,partial,2026-03-31,,
765,17.3%,MTSI,MACOM Technology Solutions Holdings Inc,0.1,TECHNOLOGY,28B,359.9,355M,171.3,0.5%,0.6%,54.5%,15.2%,1.2,7.7%,low_ps,False,1,partial,2026-03-01,,
766,17.2%,ALGN,Align Technology Inc,0.1,HEALTHCARE,13B,176.0,194M,30.7,3.2%,3.3%,67.3%,13.6%,0.0,6.6%,low_ps,False,1,partial,2026-03-31,,
767,17.1%,RTX,Raytheon Technologies Corp,0.1,INDUSTRIALS,240B,176.1,1B,35.7,3.3%,2.8%,20.1%,10.0%,0.5,3.9%,low_ps,False,0,good,2026-03-31,,
768,17.0%,CVLT,CommVault Systems Inc,0.1,TECHNOLOGY,4B,98.9,84M,49.2,4.2%,2.0%,81.4%,7.3%,0.1,4.3%,high_earnings_yield,False,1,partial,2026-03-01,,
769,16.9%,WMT,Walmart Inc.,0.1,CONSUMER DEFENSIVE,1.0T,130.4,2B,47.7,1.4%,2.1%,24.9%,4.2%,0.5,7.7%,low_ps,False,0,good,2026-05-01,,
770,16.8%,PRIM,Primoris Services Corporation,0.1,INDUSTRIALS,10B,181.2,265M,36.1,3.4%,2.8%,10.7%,5.4%,0.5,6.2%,low_ps,False,0,good,2026-03-31,,
771,16.7%,B,Barrick Mining Corporation,0.1,BASIC MATERIALS,73B,43.1,475M,14.5,5.2%,6.9%,51.3%,47.8%,0.0,9.7%,high_earnings_yield,False,0,good,2026-03-31,,
772,16.6%,MTN,Vail Resorts Inc,0.1,CONSUMER CYCLICAL,5B,125.4,110M,19.5,6.4%,5.1%,59.1%,26.4%,0.2,4.1%,low_ps,False,0,good,2026-04-01,,
773,16.5%,VMC,Vulcan Materials Company,0.1,BASIC MATERIALS,40B,301.7,284M,36.8,2.9%,2.7%,27.3%,20.1%,0.0,6.5%,high_div_yield,False,0,good,2026-03-31,,
774,16.4%,JNJ,Johnson & Johnson,0.1,HEALTHCARE,562B,229.8,2B,21.0,3.5%,4.8%,67.9%,27.4%,0.4,13.5%,low_ps,False,0,good,2026-03-31,,
775,16.3%,RMBS,Rambus Inc,0.1,TECHNOLOGY,13B,115.1,376M,54.8,2.6%,1.8%,76.0%,36.8%,0.0,15.1%,low_ps,False,1,partial,2026-03-31,,
776,16.2%,MTZ,MasTec Inc,0.1,INDUSTRIALS,31B,394.1,370M,77.8,0.7%,1.3%,11.8%,5.3%,0.4,3.9%,high_fcf_yield,False,1,partial,2026-03-31,,
777,16.1%,MCK,McKesson Corporation,0.1,HEALTHCARE,90B,736.1,865M,20.8,10.9%,4.8%,3.4%,1.3%,0.4,5.2%,high_fcf_yield,False,0,good,2026-03-01,,
778,16.0%,SHOO,Steven Madden Ltd,0.1,CONSUMER CYCLICAL,3B,37.6,45M,60.4,4.4%,1.7%,41.4%,3.2%,0.6,2.3%,low_ps,False,0,good,2026-03-31,,
779,15.9%,AMSC,American Superconductor Corporation,0.1,INDUSTRIALS,2B,55.2,73M,19.0,0.6%,5.3%,30.6%,4.9%,0.2,18.1%,low_ps,False,1,partial,2026-03-01,,
780,15.8%,CLH,Clean Harbors Inc,0.1,INDUSTRIALS,17B,312.7,175M,42.4,2.7%,2.4%,29.5%,11.2%,0.1,5.1%,high_div_yield,False,0,good,2026-03-31,,
781,15.7%,CRK,Comstock Resources Inc,0.1,ENERGY,5B,17.4,40M,12.8,-8.9%,7.8%,48.1%,19.8%,0.0,5.6%,high_fcf_yield,False,0,good,2026-03-31,,
782,15.6%,NVMI,Nova Ltd,0.1,TECHNOLOGY,18B,521.2,157M,68.0,1.2%,1.5%,57.4%,28.8%,0.0,11.0%,low_ps,False,1,partial,2026-03-31,,
783,15.5%,CAKE,The Cheesecake Factory,0.1,CONSUMER CYCLICAL,3B,62.9,85M,20.5,5.1%,4.9%,78.3%,5.0%,1.1,4.6%,low_ps,False,0,good,2026-03-31,,
784,15.4%,PDFS,PDF Solutions Inc,0.1,TECHNOLOGY,2B,51.6,26M,1343.5,-0.4%,-0.0%,72.8%,2.7%,0.4,-0.2%,low_pe,False,1,partial,2026-03-31,,
785,15.3%,STE,STERIS plc,0.1,HEALTHCARE,20B,207.4,148M,29.0,4.5%,3.5%,44.1%,17.2%,0.0,6.7%,high_div_yield,False,0,good,2026-03-01,,
786,15.2%,ADMA,ADMA Biologics Inc,0.1,HEALTHCARE,3B,10.2,82M,17.1,1.1%,5.9%,57.4%,37.5%,0.0,23.5%,high_earnings_yield,False,1,partial,2026-03-31,,
787,15.1%,STAA,STAAR Surgical Company,0.1,HEALTHCARE,1B,26.7,20M,40.0,-2.7%,-6.1%,75.6%,-33.3%,0.1,-17.4%,high_earnings_yield,False,1,partial,2026-03-31,,
788,15.0%,ISRG,Intuitive Surgical Inc,0.1,HEALTHCARE,165B,457.6,1B,57.6,1.5%,1.7%,66.0%,29.3%,0.0,13.8%,low_ps,False,1,partial,2026-03-31,,
789,15.0%,ADEA,ADEIA CORP,0.1,TECHNOLOGY,4B,31.9,53M,32.4,4.1%,3.1%,86.9%,45.4%,0.2,10.7%,low_ps,False,0,good,2026-03-31,,
790,14.9%,SXT,Sensient Technologies Corporation,0.1,BASIC MATERIALS,5B,113.6,64M,36.1,0.8%,2.8%,33.5%,12.8%,0.0,6.0%,high_fcf_yield,False,0,good,2026-03-31,,
791,14.8%,LAUR,Laureate Education Inc,0.1,CONSUMER DEFENSIVE,4B,30.1,45M,15.2,6.1%,6.6%,28.3%,25.3%,0.3,12.8%,high_earnings_yield,False,0,good,2026-03-31,,
792,14.7%,MSA,MSA Safety,0.1,INDUSTRIALS,6B,166.4,47M,23.3,4.6%,4.3%,46.5%,21.4%,0.0,10.9%,high_earnings_yield,False,0,good,2026-03-31,,
793,14.6%,RSI,Rush Street Interactive Inc,0.1,CONSUMER CYCLICAL,3B,28.1,62M,90.1,4.9%,1.1%,34.6%,7.7%,0.0,5.1%,low_ps,False,1,partial,2026-03-31,,
794,14.5%,BKV,BKV Corporation,0.1,ENERGY,3B,27.8,28M,16.5,-2.5%,6.1%,54.2%,8.2%,0.0,5.5%,high_fcf_yield,False,1,partial,2026-03-31,,
795,14.4%,BCPC,Balchem Corporation,0.1,BASIC MATERIALS,5B,161.6,39M,34.2,3.3%,2.9%,35.7%,20.9%,0.0,9.1%,high_div_yield,False,0,good,2026-03-31,,
796,14.3%,CL,Colgate-Palmolive Company,0.1,CONSUMER DEFENSIVE,69B,85.4,460M,32.2,5.3%,3.1%,60.1%,21.3%,0.6,13.0%,high_fcf_yield,False,0,good,2026-03-31,,
797,14.2%,AMZN,Amazon.com Inc,0.1,CONSUMER CYCLICAL,2.9T,265.1,13B,37.1,0.3%,2.7%,50.3%,11.2%,0.0,9.5%,high_fcf_yield,False,0,good,2026-03-31,,
798,14.1%,AGYS,Agilysys Inc,0.1,TECHNOLOGY,2B,71.6,17M,66.9,2.9%,1.5%,60.9%,10.6%,0.1,6.4%,low_ps,False,0,good,2026-03-01,,
799,14.0%,MRK,Merck & Company Inc,0.1,HEALTHCARE,270B,109.2,1B,14.8,4.6%,6.8%,74.2%,41.1%,0.2,13.3%,high_earnings_yield,False,0,good,2026-03-31,,
800,13.9%,RS,Reliance Steel & Aluminum Co,0.1,BASIC MATERIALS,19B,362.5,122M,25.5,2.7%,3.9%,27.3%,7.2%,0.1,7.1%,low_ps,False,0,good,2026-03-31,,
801,13.8%,EQT,EQT Corporation,0.1,ENERGY,37B,59.9,477M,18.4,7.6%,5.4%,48.9%,34.7%,0.2,4.9%,high_fcf_yield,False,0,good,2026-03-31,,
802,13.7%,WMB,Williams Companies Inc,0.1,ENERGY,93B,76.3,450M,35.6,1.0%,2.8%,57.2%,36.8%,0.6,4.5%,low_ps,False,0,good,2026-03-31,,
803,13.6%,CGNX,Cognex Corporation,0.1,TECHNOLOGY,10B,55.5,150M,83.5,2.5%,1.2%,66.9%,16.3%,0.1,5.7%,low_ps,False,0,good,2026-03-31,,
804,13.5%,ETN,Eaton Corporation PLC,0.1,INDUSTRIALS,168B,431.8,1B,41.1,2.3%,2.4%,37.6%,19.1%,0.4,9.9%,low_ps,False,0,good,2026-03-31,,
805,13.4%,VLTO,Veralto Corporation,0.1,INDUSTRIALS,22B,88.2,177M,23.4,4.6%,4.3%,59.9%,23.2%,1.0,12.2%,high_div_yield,False,0,good,2026-03-31,,
806,13.3%,INCY,Incyte Corporation,0.1,HEALTHCARE,20B,95.3,138M,15.3,6.9%,6.5%,91.8%,26.4%,0.0,18.5%,high_earnings_yield,False,1,partial,2026-03-31,,
807,13.2%,ARM,Arm Holdings plc American Depositary Shares,0.1,TECHNOLOGY,228B,213.3,2B,284.4,0.4%,0.4%,95.4%,18.6%,0.1,7.9%,low_ps,False,1,partial,2026-03-01,,
808,13.1%,META,Meta Platforms Inc.,0.1,COMMUNICATION SERVICES,1.6T,611.9,10B,26.0,2.9%,3.9%,82.0%,41.4%,0.0,16.5%,low_ps,False,0,good,2026-03-31,,
809,13.0%,RDNT,RadNet Inc,0.1,HEALTHCARE,4B,58.2,50M,1395.0,-4.1%,-0.4%,11.2%,3.0%,0.4,-0.5%,low_pe,False,1,partial,2026-03-31,,
810,12.9%,LMAT,LeMaitre Vascular Inc,0.1,HEALTHCARE,3B,109.8,21M,43.8,2.9%,2.3%,71.5%,27.2%,0.0,9.4%,low_ps,False,0,good,2026-03-31,,
811,12.8%,AVY,Avery Dennison Corp,0.1,CONSUMER CYCLICAL,13B,163.9,113M,18.3,5.6%,5.5%,28.8%,12.5%,0.8,7.8%,low_ps,False,0,good,2026-03-31,,
812,12.7%,IDCC,InterDigital Inc,0.1,TECHNOLOGY,10B,296.6,114M,25.7,5.1%,3.9%,87.6%,55.3%,1.6,19.7%,low_ps,False,0,good,2026-03-31,,
813,12.6%,GD,General Dynamics Corporation,0.1,INDUSTRIALS,94B,344.3,544M,22.4,4.2%,4.5%,15.1%,10.2%,0.4,7.4%,low_ps,False,0,good,2026-03-31,,
814,12.5%,NPO,Enpro Industries,0.1,INDUSTRIALS,6B,291.6,73M,151.9,2.6%,0.7%,42.6%,14.1%,0.0,1.5%,high_earnings_yield,False,0,good,2026-03-31,,
815,12.4%,NVS,Novartis AG ADR,0.1,HEALTHCARE,283B,147.8,206M,20.3,5.5%,4.9%,75.7%,31.3%,0.5,12.1%,high_earnings_yield,False,0,good,2026-03-31,,
816,12.3%,LHX,L3Harris Technologies Inc,0.1,INDUSTRIALS,60B,320.6,529M,37.6,4.4%,2.7%,24.1%,9.9%,0.2,3.9%,low_ps,False,0,good,2026-03-31,,
817,12.2%,PKG,Packaging Corp of America,0.1,CONSUMER CYCLICAL,19B,213.4,200M,24.6,3.8%,4.1%,21.0%,13.6%,0.1,7.1%,low_ps,False,0,good,2026-03-31,,
818,12.1%,CWST,Casella Waste Systems Inc,0.1,INDUSTRIALS,5B,79.2,73M,639.8,1.7%,0.2%,21.4%,4.9%,0.2,0.2%,low_pe,False,1,partial,2026-03-31,,
819,12.0%,UNF,Unifirst Corporation,0.1,INDUSTRIALS,5B,252.4,51M,33.9,2.0%,3.0%,36.7%,6.8%,0.1,4.8%,low_ps,False,0,good,2026-04-29,,
820,11.9%,ASTE,Astec Industries Inc,0.1,INDUSTRIALS,1B,65.0,14M,38.5,1.3%,2.6%,26.8%,4.7%,0.2,2.8%,low_ps,False,0,good,2026-03-31,,
821,11.8%,AME,Ametek Inc,0.1,INDUSTRIALS,55B,235.5,301M,36.8,3.1%,2.7%,36.3%,26.0%,1.2,9.2%,low_ps,False,0,good,2026-03-31,,
822,11.7%,BWXT,BWX Technologies Inc,0.1,INDUSTRIALS,20B,216.4,232M,60.4,1.5%,1.7%,22.9%,11.3%,0.0,7.7%,high_fcf_yield,False,0,good,2026-03-31,,
823,11.6%,NDSN,Nordson Corporation,0.1,INDUSTRIALS,16B,283.5,91M,30.4,4.1%,3.3%,55.2%,25.9%,0.1,8.8%,low_ps,False,0,good,2026-04-01,,
824,11.5%,WWD,Woodward Inc,0.1,INDUSTRIALS,22B,363.0,343M,45.6,1.8%,2.2%,27.9%,14.6%,1.2,10.3%,high_fcf_yield,False,0,good,2026-03-01,,
825,11.4%,IR,Ingersoll Rand Inc,0.1,INDUSTRIALS,31B,79.9,332M,53.8,3.9%,1.9%,38.5%,18.5%,0.0,3.2%,high_div_yield,False,0,good,2026-03-31,,
826,11.3%,MDLZ,Mondelez International Inc,0.1,CONSUMER DEFENSIVE,79B,61.4,464M,32.4,4.1%,3.1%,28.4%,9.3%,1.6,3.4%,low_ps,False,0,good,2026-03-31,,
827,11.2%,TRGP,Targa Resources Inc,0.1,ENERGY,53B,248.1,299M,28.9,1.1%,3.5%,26.5%,20.1%,0.3,7.3%,high_fcf_yield,False,0,good,2026-03-31,,
828,11.1%,NSSC,NAPCO Security Technologies Inc,0.1,INDUSTRIALS,2B,46.8,16M,35.2,3.2%,2.8%,56.2%,26.9%,0.1,22.3%,low_ps,False,0,good,2026-03-01,,
829,11.0%,NYT,New York Times Company,0.1,COMMUNICATION SERVICES,13B,79.0,187M,37.6,4.3%,2.7%,51.1%,15.4%,0.0,11.5%,high_div_yield,False,0,good,2026-03-31,,
830,10.9%,MZTI,The Marzetti Company,0.1,CONSUMER DEFENSIVE,4B,130.3,51M,19.8,6.1%,5.0%,24.1%,11.6%,0.0,13.5%,low_ps,False,0,good,2026-03-01,,
831,10.8%,PH,Parker-Hannifin Corporation,0.1,INDUSTRIALS,116B,907.4,726M,32.8,2.9%,3.0%,37.3%,21.0%,0.9,11.6%,low_ps,False,0,good,2026-03-01,,
832,10.7%,USPH,"U.S. Physical Therapy, Inc.",0.1,HEALTHCARE,1B,71.2,14M,70.1,5.6%,1.4%,22.2%,13.4%,0.6,1.3%,low_ps,False,0,good,2026-03-31,,
833,10.6%,TYL,Tyler Technologies Inc,0.1,TECHNOLOGY,15B,341.1,155M,46.7,4.3%,2.1%,44.7%,15.3%,2.3,5.6%,low_ps,False,1,partial,2026-03-31,,
834,10.5%,KNSA,Kiniksa Pharmaceuticals Ltd,0.1,HEALTHCARE,4B,53.8,48M,75.1,3.1%,1.3%,54.6%,11.4%,0.0,7.7%,low_ps,False,1,partial,2026-03-31,,
835,10.4%,VICR,Vicor Corporation,0.1,TECHNOLOGY,13B,269.3,239M,107.3,0.9%,0.9%,57.3%,18.1%,0.0,15.1%,low_ps,False,0,good,2026-03-31,,
836,10.3%,OPLN,"OPENLANE, Inc.",0.1,CONSUMER CYCLICAL,3B,31.4,30M,19.2,9.7%,5.2%,46.2%,10.2%,2.8,3.8%,high_fcf_yield,False,0,good,2026-03-31,,
837,10.2%,A,Agilent Technologies Inc,0.1,HEALTHCARE,33B,115.6,251M,25.5,3.0%,3.9%,52.2%,20.6%,0.3,10.1%,high_div_yield,False,0,good,2026-04-01,,
838,10.1%,WAB,Westinghouse Air Brake Technologies Corp,0.1,INDUSTRIALS,46B,269.9,263M,39.4,3.2%,2.5%,33.4%,16.2%,1.1,5.3%,high_div_yield,False,0,good,2026-03-31,,
839,10.0%,SLAB,Silicon Laboratories Inc,0.1,TECHNOLOGY,7B,217.7,95M,57.9,0.9%,-0.9%,58.2%,-9.0%,2.9,-5.1%,low_ps,False,1,partial,2026-03-31,,
840,9.9%,DY,Dycom Industries Inc,0.1,INDUSTRIALS,13B,428.3,175M,44.8,3.2%,2.2%,20.6%,12.5%,0.1,4.7%,low_ps,False,1,partial,2026-05-01,,
841,9.8%,SXI,Standex International Corporation,0.1,INDUSTRIALS,3B,272.6,60M,61.0,1.6%,1.6%,40.0%,15.1%,0.1,3.5%,high_fcf_yield,False,0,good,2026-03-01,,
842,9.7%,ABNB,Airbnb Inc,0.1,CONSUMER CYCLICAL,86B,141.5,528M,34.3,5.4%,2.9%,83.0%,20.8%,1.6,11.3%,low_ps,False,1,partial,2026-03-31,,
843,9.6%,CW,Curtiss-Wright Corporation,0.1,INDUSTRIALS,27B,729.2,158M,55.8,2.0%,1.8%,37.2%,18.2%,0.5,9.3%,low_ps,False,0,good,2026-03-31,,
844,9.5%,WTS,Watts Water Technologies Inc,0.1,INDUSTRIALS,10B,300.2,97M,29.5,3.5%,3.4%,49.5%,18.5%,0.0,11.8%,high_div_yield,False,0,good,2026-03-31,,
845,9.4%,SUPN,Supernus Pharmaceuticals Inc,0.1,HEALTHCARE,3B,48.0,37M,48.3,1.7%,-1.4%,89.6%,-6.2%,0.2,-2.7%,high_earnings_yield,False,1,partial,2026-03-31,,
846,9.3%,SANM,Sanmina Corporation,0.1,TECHNOLOGY,12B,217.8,233M,52.3,4.3%,1.9%,8.5%,4.1%,0.8,2.3%,low_ps,False,1,partial,2026-03-01,,
847,9.2%,ECO,Okeanis Eco Tankers Corp.,0.1,INDUSTRIALS,2B,56.2,19M,15.4,3.5%,6.5%,49.4%,41.5%,0.9,10.2%,high_earnings_yield,False,0,good,2026-03-31,,
848,9.1%,TTWO,Take-Two Interactive Software Inc,0.1,COMMUNICATION SERVICES,40B,220.4,319M,122.2,1.2%,-9.8%,56.0%,-5.1%,2.1,-39.6%,high_earnings_yield,False,0,good,2026-03-01,,
849,9.0%,AWI,Armstrong World Industries Inc,0.1,INDUSTRIALS,7B,170.4,74M,23.8,3.5%,4.2%,40.6%,26.6%,0.1,16.0%,high_div_yield,False,0,good,2026-03-31,,
850,8.9%,SAIA,Saia Inc,0.1,INDUSTRIALS,12B,448.8,214M,47.2,0.2%,2.1%,19.9%,10.9%,0.0,7.3%,high_fcf_yield,False,1,partial,2026-03-31,,
851,8.8%,STM,STMicroelectronics NV ADR,0.1,TECHNOLOGY,55B,55.1,660M,336.6,0.1%,0.3%,33.8%,2.6%,0.3,0.7%,high_fcf_yield,False,0,good,2026-03-31,,
852,8.7%,RVTY,Revvity Inc.,0.1,HEALTHCARE,10B,86.6,136M,40.1,5.3%,2.5%,50.2%,13.0%,1.5,2.0%,high_fcf_yield,False,0,good,2026-03-31,,
853,8.6%,HXL,Hexcel Corporation,0.1,INDUSTRIALS,7B,93.7,115M,65.7,2.2%,1.5%,23.0%,9.1%,0.0,4.0%,high_fcf_yield,False,0,good,2026-03-31,,
854,8.5%,AEIS,Advanced Energy Industries Inc,0.1,INDUSTRIALS,16B,383.9,282M,109.2,0.8%,0.9%,38.2%,9.8%,5.0,5.8%,low_ps,False,0,good,2026-03-31,,
855,8.4%,XYL,Xylem Inc,0.1,INDUSTRIALS,29B,118.2,309M,30.0,3.2%,3.3%,38.5%,13.5%,0.6,5.4%,low_ps,False,0,good,2026-03-31,,
856,8.3%,PPL,PPL Corporation,0.1,UTILITIES,27B,35.9,345M,23.0,-5.2%,4.3%,39.1%,23.6%,0.7,2.6%,high_fcf_yield,False,0,good,2026-03-31,,
857,8.2%,VSH,Vishay Intertechnology Inc,0.1,TECHNOLOGY,5B,34.3,109M,26.2,-1.9%,-0.2%,19.4%,1.9%,0.1,-0.2%,high_fcf_yield,False,0,good,2026-03-31,,
858,8.1%,CTVA,Corteva Inc,0.1,BASIC MATERIALS,55B,81.0,287M,49.9,5.2%,2.0%,46.4%,14.8%,0.6,2.6%,high_fcf_yield,False,0,good,2026-03-31,,
859,8.0%,MU,Micron Technology Inc,0.1,TECHNOLOGY,851B,746.8,23B,35.3,1.3%,2.8%,58.4%,48.5%,0.0,23.8%,low_ps,False,0,good,2026-04-29,,
860,7.9%,TILE,Interface Inc,0.1,CONSUMER CYCLICAL,2B,29.7,15M,15.1,6.9%,6.6%,38.7%,11.8%,0.2,6.6%,high_earnings_yield,False,0,good,2026-03-31,,
861,7.8%,ECL,Ecolab Inc,0.1,BASIC MATERIALS,74B,260.6,385M,35.6,2.6%,2.8%,44.5%,17.7%,0.5,8.4%,high_fcf_yield,False,0,good,2026-03-31,,
862,7.7%,AEP,American Electric Power Co Inc,0.1,UTILITIES,74B,136.1,372M,20.8,-2.0%,4.8%,31.8%,24.3%,1.1,3.1%,high_fcf_yield,False,0,good,2026-03-31,,
863,7.6%,PG,Procter & Gamble Company,0.1,CONSUMER DEFENSIVE,355B,147.1,1B,21.6,4.2%,4.6%,50.7%,23.6%,0.9,12.9%,high_earnings_yield,False,0,good,2026-03-01,,
864,7.5%,WPM,Wheaton Precious Metals Corp,0.1,BASIC MATERIALS,63B,138.8,317M,42.7,0.9%,2.3%,75.1%,68.6%,0.0,16.2%,low_ps,False,0,good,2026-03-31,,
865,7.4%,MCHP,Microchip Technology Inc,0.0,TECHNOLOGY,54B,99.1,1B,75.8,1.5%,-0.2%,51.6%,4.1%,0.0,-0.7%,low_ps,False,0,good,2026-03-01,,
866,7.3%,AIR,AAR Corp,0.0,INDUSTRIALS,4B,117.8,43M,26.2,1.2%,3.8%,19.0%,8.6%,0.0,5.1%,low_ps,False,0,good,2026-04-29,,
867,7.2%,MRVL,Marvell Technology Group Ltd,0.0,TECHNOLOGY,146B,170.1,4B,54.6,1.0%,1.8%,50.1%,16.3%,0.2,12.0%,low_ps,False,0,good,2026-05-01,,
868,7.1%,SPXC,SPX Corp,0.0,INDUSTRIALS,11B,218.9,127M,45.1,2.2%,2.2%,36.7%,16.9%,0.0,6.8%,high_div_yield,False,0,good,2026-03-31,,
869,7.0%,LSCC,Lattice Semiconductor Corporation,0.0,TECHNOLOGY,17B,122.3,305M,5526.8,0.8%,0.0%,66.5%,2.4%,0.1,0.3%,low_pe,False,1,partial,2026-03-31,,
870,6.9%,IRDM,Iridium Communications Inc,0.0,COMMUNICATION SERVICES,4B,39.1,110M,36.4,7.2%,2.7%,55.0%,27.1%,0.0,4.5%,high_fcf_yield,False,0,good,2026-03-31,,
871,6.8%,ZWS,Zurn Elkay Water Solutions Corporation,0.0,INDUSTRIALS,9B,52.0,73M,44.5,3.6%,2.2%,43.4%,16.8%,0.0,7.4%,high_div_yield,False,0,good,2026-03-31,,
872,6.7%,NUE,Nucor Corp,0.0,BASIC MATERIALS,52B,225.3,353M,29.6,-0.4%,3.4%,11.9%,8.2%,0.1,5.0%,high_fcf_yield,False,0,good,2026-03-31,,
873,6.6%,APH,Amphenol Corporation,0.0,TECHNOLOGY,190B,147.3,1B,44.5,2.3%,2.2%,36.9%,25.9%,0.3,11.8%,low_ps,False,0,good,2026-03-31,,
874,6.5%,MCRI,Monarch Casino & Resort Inc,0.0,CONSUMER CYCLICAL,2B,118.7,19M,21.3,5.9%,4.7%,53.0%,23.4%,0.0,14.2%,high_fcf_yield,False,0,good,2026-03-31,,
875,6.4%,ALAB,"Astera Labs, Inc.",0.0,TECHNOLOGY,35B,194.7,1B,161.0,0.8%,0.6%,75.7%,20.3%,0.0,14.3%,low_ps,False,1,partial,2026-03-31,,
876,6.3%,SHW,Sherwin-Williams Co,0.0,BASIC MATERIALS,80B,321.6,578M,31.1,3.3%,3.2%,48.9%,16.1%,0.8,9.9%,high_div_yield,False,0,good,2026-03-31,,
877,6.2%,TECH,Bio-Techne Corp,0.0,HEALTHCARE,9B,55.3,151M,107.0,2.6%,0.9%,65.2%,9.6%,0.1,3.2%,low_ps,False,0,good,2026-03-01,,
878,6.1%,EVRG,"Evergy, Inc.",0.0,UTILITIES,19B,81.8,156M,22.5,-3.9%,4.4%,32.3%,25.2%,1.6,2.4%,high_fcf_yield,False,0,good,2026-03-31,,
879,6.0%,FNV,Franco-Nevada Corporation,0.0,BASIC MATERIALS,45B,232.1,164M,40.0,-6.3%,2.5%,73.9%,74.2%,0.3,13.6%,low_ps,False,0,good,2026-03-31,,
880,5.9%,NWS,News Corp B,0.0,COMMUNICATION SERVICES,18B,31.3,35M,40.0,3.7%,2.5%,55.0%,15.2%,0.1,2.8%,low_ps,False,0,good,2026-03-01,,
881,5.8%,ORCL,Oracle Corporation,0.0,TECHNOLOGY,571B,195.9,6B,35.2,-4.3%,2.8%,66.4%,30.8%,0.8,6.6%,high_fcf_yield,False,0,good,2026-04-29,,
882,5.7%,MLM,Martin Marietta Materials Inc,0.0,BASIC MATERIALS,37B,619.1,307M,32.9,2.6%,3.0%,30.0%,23.3%,0.0,6.1%,low_ps,False,0,good,2026-03-31,,
883,5.6%,APD,Air Products and Chemicals Inc,0.0,BASIC MATERIALS,67B,300.1,301M,34.4,-4.2%,-0.5%,31.6%,-6.4%,0.3,-0.8%,high_fcf_yield,False,0,good,2026-03-01,,
884,5.5%,ITT,ITT Inc,0.0,INDUSTRIALS,19B,214.3,158M,38.6,2.9%,2.6%,35.4%,17.4%,0.6,7.7%,high_div_yield,False,0,good,2026-03-31,,
885,5.4%,RDDT,"Reddit, Inc.",0.0,COMMUNICATION SERVICES,30B,147.2,865M,56.3,2.3%,1.8%,91.2%,20.1%,0.0,16.4%,low_ps,False,1,partial,2026-03-31,,
886,5.3%,AEM,Agnico Eagle Mines Limited,0.0,BASIC MATERIALS,94B,188.2,457M,21.2,4.7%,4.7%,57.3%,52.9%,0.0,12.9%,low_ps,False,0,good,2026-03-31,,
887,5.2%,ROST,Ross Stores Inc,0.0,CONSUMER CYCLICAL,74B,225.8,453M,34.4,3.0%,2.9%,27.9%,11.9%,0.5,13.8%,high_div_yield,False,0,good,2026-05-01,,
888,5.1%,WST,West Pharmaceutical Services Inc,0.0,HEALTHCARE,22B,297.6,317M,43.6,2.2%,2.3%,35.9%,20.1%,0.0,11.6%,low_ps,False,0,good,2026-03-31,,
889,5.0%,IDA,IDACORP Inc,0.0,UTILITIES,8B,146.8,73M,25.6,-7.0%,3.9%,20.1%,19.8%,0.3,3.1%,high_fcf_yield,False,0,good,2026-03-31,,
890,5.0%,IPGP,IPG Photonics Corporation,0.0,TECHNOLOGY,5B,118.9,75M,164.1,-0.1%,0.6%,38.0%,1.3%,0.0,1.3%,high_fcf_yield,False,0,good,2026-03-31,,
891,4.9%,KRYS,Krystal Biotech Inc,0.0,HEALTHCARE,8B,262.3,85M,39.1,2.4%,2.6%,92.6%,41.5%,0.0,15.4%,low_ps,False,1,partial,2026-03-31,,
892,4.8%,BKR,Baker Hughes Co,0.0,ENERGY,69B,69.4,579M,26.7,3.7%,3.7%,23.6%,12.8%,0.4,6.3%,low_ps,False,0,good,2026-03-31,,
893,4.7%,Q,"Qnity Electronics, Inc",0.0,TECHNOLOGY,31B,147.3,228M,44.6,3.2%,2.2%,42.9%,21.3%,0.1,4.9%,low_ps,False,0,good,2026-03-31,,
894,4.6%,LNT,Alliant Energy Corp,0.0,UTILITIES,19B,73.4,177M,23.5,-18.1%,4.3%,40.1%,23.5%,1.2,3.1%,high_fcf_yield,False,0,good,2026-03-31,,
895,4.5%,AORT,Artivion Inc,0.0,HEALTHCARE,1B,25.4,19M,129.4,-0.1%,0.8%,63.6%,6.9%,0.1,1.1%,high_fcf_yield,False,0,good,2026-03-31,,
896,4.4%,RBC,RBC Bearings Incorporated,0.0,INDUSTRIALS,19B,606.0,117M,71.4,1.7%,1.4%,42.1%,22.8%,1.1,5.2%,low_ps,False,0,good,2026-03-01,,
897,4.3%,KMI,Kinder Morgan Inc,0.0,ENERGY,72B,32.6,389M,23.7,5.0%,4.2%,43.7%,28.4%,0.3,4.1%,high_earnings_yield,False,0,good,2026-03-31,,
898,4.2%,AWK,American Water Works,0.0,UTILITIES,25B,128.4,239M,22.5,-4.3%,4.4%,43.3%,36.6%,2.2,3.0%,high_fcf_yield,False,0,good,2026-03-31,,
899,4.1%,TMO,Thermo Fisher Scientific Inc,0.0,HEALTHCARE,179B,479.0,1B,26.6,3.5%,3.8%,39.5%,18.0%,0.6,6.1%,high_div_yield,False,0,good,2026-03-31,,
900,4.0%,GVA,Granite Construction Incorporated,0.0,INDUSTRIALS,6B,137.1,84M,30.9,5.5%,3.2%,16.1%,6.1%,1.6,4.8%,low_ps,False,0,good,2026-03-31,,
901,3.9%,KLIC,Kulicke and Soffa Industries Inc,0.0,TECHNOLOGY,5B,85.5,72M,17138.8,1.7%,-1.4%,42.1%,-10.3%,0.2,-5.8%,low_pe,False,0,good,2026-03-01,,
902,3.8%,FIVE,Five Below Inc,0.0,CONSUMER CYCLICAL,12B,223.1,244M,34.6,3.3%,2.9%,35.0%,9.6%,0.5,6.5%,low_ps,False,1,partial,2026-05-01,,
903,3.7%,FSS,Federal Signal Corporation,0.0,INDUSTRIALS,8B,123.1,60M,30.7,3.0%,3.3%,28.5%,16.3%,0.0,10.3%,high_div_yield,False,0,good,2026-03-31,,
904,3.6%,COHU,Cohu Inc,0.0,TECHNOLOGY,2B,47.4,73M,50.8,0.5%,-3.3%,34.5%,-13.3%,6.0,-6.0%,low_evebitda,False,0,good,2026-03-31,,
905,3.5%,ENTG,Entegris Inc,0.0,TECHNOLOGY,22B,141.4,473M,91.9,1.6%,1.1%,43.0%,28.9%,0.0,2.8%,low_ps,False,0,good,2026-03-31,,
906,3.4%,SCI,Service Corporation International,-0.0,CONSUMER CYCLICAL,11B,81.0,122M,20.9,5.3%,4.8%,26.5%,22.8%,0.1,2.9%,low_ps,False,0,good,2026-03-31,,
907,3.3%,SQM,Sociedad Quimica y Minera de Chile SA ADR B,-0.0,BASIC MATERIALS,26B,91.4,115M,44.3,1.7%,2.3%,29.6%,23.9%,0.7,4.1%,high_fcf_yield,False,0,good,2026-03-31,,
908,3.2%,WYNN,Wynn Resorts Limited,-0.0,CONSUMER CYCLICAL,11B,102.4,152M,32.5,6.5%,3.1%,39.2%,15.9%,0.0,2.4%,low_ps,False,0,good,2026-03-31,,
909,3.1%,FRPT,Freshpet Inc,-0.0,CONSUMER DEFENSIVE,4B,67.4,89M,27.1,1.0%,3.7%,38.6%,7.6%,0.0,7.8%,high_fcf_yield,False,1,partial,2026-03-31,,
910,3.0%,REGN,Regeneron Pharmaceuticals Inc,-0.0,HEALTHCARE,76B,707.1,547M,16.9,5.4%,5.9%,85.4%,24.9%,0.0,11.1%,high_earnings_yield,False,0,good,2026-03-31,,
911,2.9%,TKO,"TKO Group Holdings, Inc.",-0.0,COMMUNICATION SERVICES,36B,186.1,252M,185.4,3.2%,0.5%,49.6%,20.3%,0.1,1.3%,low_ps,False,0,good,2026-03-31,,
912,2.8%,NI,NiSource Inc,-0.0,UTILITIES,23B,48.3,288M,25.0,-1.8%,4.0%,53.0%,27.6%,0.5,2.5%,high_fcf_yield,False,0,good,2026-03-31,,
913,2.7%,LQDT,Liquidity Services Inc,-0.0,CONSUMER CYCLICAL,1B,36.2,6M,39.3,6.0%,2.5%,44.8%,7.9%,0.1,8.1%,high_fcf_yield,False,1,partial,2026-03-01,,
914,2.6%,SNPS,Synopsys Inc,-0.0,TECHNOLOGY,84B,516.5,833M,75.8,2.7%,1.3%,75.1%,10.8%,0.0,2.3%,low_ps,False,1,partial,2026-04-01,,
915,2.5%,MOD,Modine Manufacturing Company,-0.0,CONSUMER CYCLICAL,14B,273.0,224M,147.4,0.1%,0.7%,23.8%,11.2%,0.4,3.9%,high_fcf_yield,False,0,good,2026-03-01,,
916,2.4%,DHR,Danaher Corporation,-0.0,HEALTHCARE,127B,178.9,978M,35.2,4.1%,2.8%,60.9%,20.9%,0.0,4.3%,high_div_yield,False,0,good,2026-03-31,,
917,2.3%,RBA,RB Global Inc.,-0.0,INDUSTRIALS,20B,104.3,120M,45.5,3.4%,2.2%,45.4%,18.5%,0.4,3.5%,high_div_yield,False,0,good,2026-03-31,,
918,2.2%,SGI,Somnigroup International Inc.,-0.0,CONSUMER CYCLICAL,15B,69.3,226M,38.4,4.3%,2.6%,42.8%,10.2%,0.6,3.3%,low_ps,False,0,good,2026-03-31,,
919,2.1%,CAVA,"CAVA Group, Inc.",-0.0,CONSUMER CYCLICAL,9B,79.4,247M,147.0,0.3%,0.7%,18.4%,6.7%,0.3,4.7%,low_ps,False,1,partial,2026-03-31,,
920,2.0%,RRC,Range Resources Corp,-0.0,ENERGY,10B,43.5,149M,15.6,3.7%,6.4%,35.3%,28.4%,0.0,8.9%,high_earnings_yield,False,0,good,2026-03-31,,
921,1.9%,LOPE,Grand Canyon Education Inc,-0.0,CONSUMER DEFENSIVE,5B,169.1,44M,21.0,5.3%,4.8%,52.8%,27.4%,0.0,21.8%,high_earnings_yield,False,1,partial,2026-03-31,,
922,1.8%,TSLA,Tesla Inc,-0.0,CONSUMER CYCLICAL,1.4T,381.6,25B,355.9,0.5%,0.3%,18.0%,4.6%,0.3,2.8%,low_ps,False,1,partial,2026-03-31,,
923,1.7%,AWR,American States Water Company,-0.0,UTILITIES,3B,75.3,32M,22.6,-0.2%,4.4%,63.4%,30.9%,0.1,4.8%,high_fcf_yield,False,0,good,2026-03-31,,
924,1.6%,AEE,Ameren Corp,-0.0,UTILITIES,32B,113.7,188M,21.7,-2.5%,4.6%,38.1%,23.0%,0.8,3.0%,high_fcf_yield,False,0,good,2026-03-31,,
925,1.5%,CNP,CenterPoint Energy Inc,-0.0,UTILITIES,29B,43.6,226M,27.3,-8.3%,3.7%,28.7%,22.5%,1.5,2.2%,high_fcf_yield,False,0,good,2026-03-31,,
926,1.4%,SLB,Schlumberger NV,-0.0,ENERGY,86B,56.9,779M,25.7,5.6%,3.9%,18.2%,15.3%,0.5,6.1%,low_ps,False,0,good,2026-03-31,,
927,1.3%,H,Hyatt Hotels Corporation,-0.1,CONSUMER CYCLICAL,16B,167.6,148M,30.3,0.7%,-0.3%,23.8%,12.9%,0.1,-0.4%,high_fcf_yield,False,0,good,2026-03-31,,
928,1.2%,CELH,Celsius Holdings Inc,-0.1,CONSUMER DEFENSIVE,8B,32.3,296M,77.7,3.9%,1.3%,50.4%,8.8%,0.0,2.1%,low_evebitda,False,1,partial,2026-03-31,,
929,1.1%,AXON,Axon Enterprise Inc.,-0.1,INDUSTRIALS,33B,401.8,459M,265.3,0.2%,0.4%,59.7%,0.0%,0.6,1.8%,low_ps,False,1,partial,2026-03-31,,
930,1.0%,HSY,Hershey Co,-0.1,CONSUMER DEFENSIVE,38B,185.7,376M,43.0,3.8%,2.3%,33.3%,12.1%,0.8,6.4%,low_ps,False,0,good,2026-03-31,,
931,0.9%,ROL,Rollins Inc,-0.1,CONSUMER CYCLICAL,27B,55.7,151M,51.3,2.4%,2.0%,51.9%,19.3%,0.5,16.8%,low_ps,False,0,good,2026-03-31,,
932,0.8%,CHD,Church & Dwight Company Inc,-0.1,CONSUMER DEFENSIVE,23B,97.1,193M,31.4,4.7%,3.2%,44.7%,17.4%,0.0,8.3%,high_div_yield,False,0,good,2026-03-31,,
933,0.7%,AVAV,AeroVironment Inc,-0.1,INDUSTRIALS,8B,168.3,225M,259.4,-2.9%,-2.7%,21.8%,-6.1%,0.1,-4.1%,high_fcf_yield,False,1,partial,2026-04-01,,
934,0.6%,LGND,Ligand Pharmaceuticals Incorporated,-0.1,HEALTHCARE,4B,221.4,50M,35.4,1.1%,2.8%,97.5%,17.6%,0.0,8.0%,low_ps,False,0,good,2026-03-31,,
935,0.5%,ORA,Ormat Technologies Inc,-0.2,UTILITIES,7B,114.9,106M,57.5,-4.0%,1.7%,27.6%,13.9%,1.8,2.0%,high_fcf_yield,False,0,good,2026-03-31,,
936,0.4%,FTAI,FTAI Aviation Ltd.,-0.5,INDUSTRIALS,26B,249.7,405M,51.9,-5.8%,1.9%,35.3%,30.7%,0.0,11.5%,high_fcf_yield,False,0,good,2026-03-31,,
937,0.3%,COCO,Vita Coco Company Inc,-0.6,CONSUMER DEFENSIVE,4B,66.0,98M,56.0,1.0%,1.8%,36.3%,13.5%,0.0,15.5%,high_fcf_yield,False,1,partial,2026-03-31,,
938,0.2%,KO,The Coca-Cola Company,-0.7,CONSUMER DEFENSIVE,340B,78.8,1B,25.9,1.6%,3.9%,61.6%,28.7%,0.4,12.5%,low_ps,False,0,good,2026-03-31,,
939,0.1%,NVDA,NVIDIA Corporation,-0.7,TECHNOLOGY,5.3T,215.2,31B,43.8,1.8%,2.3%,71.1%,60.4%,0.0,58.1%,low_ps,False,0,good,2026-05-01,,
