rank,percentile,ticker,company_name,score,sector,market_cap,price,liquidity,pe_ratio,fcf_yield,earnings_yield,ttm_gross_margin,ttm_operating_margin,debt_to_ebitda,roa,top_factor,value_trap,missing_factor_count,data_quality,feature_available_date,weight_pct,alloc_pct
1,100.0%,WINA,Winmark Corporation,2.9,CONSUMER CYCLICAL,1B,380.5,19M,33.9,3.2%,3.0%,96.4%,63.4%,0.0,167.4%,low_ps,False,0,good,2026-03-31,3.9%,2.0%
2,99.9%,LVS,Las Vegas Sands Corp,2.1,CONSUMER CYCLICAL,36B,54.3,289M,22.4,5.1%,4.5%,28.2%,23.7%,0.5,7.4%,low_ps,False,0,good,2026-03-31,4.0%,2.0%
3,99.8%,LOW,Lowe's Companies Inc,1.8,CONSUMER CYCLICAL,122B,218.0,629M,18.3,6.3%,5.5%,33.5%,11.8%,0.5,12.3%,low_ps,False,0,good,2026-05-01,6.1%,3.1%
4,99.7%,TGTX,TG Therapeutics Inc,1.7,HEALTHCARE,5B,33.8,90M,12.1,-0.5%,8.3%,83.6%,20.0%,0.0,42.1%,low_ps,False,1,partial,2026-03-31,4.0%,2.0%
5,99.5%,FTNT,Fortinet Inc,1.4,TECHNOLOGY,63B,84.3,609M,33.8,3.6%,3.0%,80.8%,30.6%,0.4,17.8%,low_ps,False,1,partial,2026-03-31,2.7%,1.3%
6,99.3%,KSS,Kohl's Corporation,1.3,CONSUMER CYCLICAL,1B,11.7,59M,5.0,69.9%,20.1%,40.6%,3.3%,0.1,2.0%,high_fcf_yield,False,0,good,2026-05-01,1.9%,1.0%
7,99.2%,CCL,Carnival Corporation,1.2,CONSUMER CYCLICAL,35B,24.9,746M,11.2,8.6%,8.9%,37.5%,16.9%,0.4,6.0%,high_earnings_yield,False,0,good,2026-04-29,3.8%,1.9%
8,99.1%,DXC,DXC Technology Co,1.1,TECHNOLOGY,2B,9.3,57M,3.7,65.4%,27.1%,19.7%,5.4%,0.6,3.2%,high_fcf_yield,False,0,good,2026-03-01,5.0%,2.5%
9,99.0%,COKE,Coca-Cola Consolidated Inc.,1.0,CONSUMER DEFENSIVE,2B,205.1,108M,3.5,31.1%,28.6%,39.4%,13.2%,0.2,12.3%,high_fcf_yield,False,0,good,2026-03-31,3.3%,1.7%
10,98.9%,DAVE,Dave Inc,0.8,TECHNOLOGY,4B,272.0,129M,20.0,7.3%,5.0%,84.0%,8.0%,0.8,40.2%,low_ps,False,1,partial,2026-03-31,1.9%,0.9%
11,98.7%,BBWI,Bath & Body Works Inc.,0.8,CONSUMER CYCLICAL,4B,16.2,110M,5.5,24.4%,18.3%,43.7%,15.4%,0.5,12.8%,high_fcf_yield,False,0,good,2026-05-01,3.5%,1.7%
12,98.6%,MAR,Marriott International Inc,0.8,CONSUMER CYCLICAL,97B,361.7,491M,37.5,2.7%,2.7%,21.3%,15.8%,0.5,9.4%,high_div_yield,False,0,good,2026-03-31,,
13,98.5%,HALO,Halozyme Therapeutics Inc,0.8,HEALTHCARE,8B,67.4,95M,25.0,8.1%,4.0%,81.9%,58.4%,1.6,12.5%,high_fcf_yield,False,1,partial,2026-03-31,4.4%,2.2%
14,98.4%,YELP,Yelp Inc,0.8,COMMUNICATION SERVICES,1B,21.8,30M,8.9,25.0%,11.3%,90.3%,12.6%,0.0,15.2%,high_fcf_yield,False,1,partial,2026-03-31,4.2%,2.1%
15,98.3%,GFI,Gold Fields Ltd ADR,0.7,BASIC MATERIALS,36B,40.5,128M,7.5,10.6%,13.3%,52.5%,48.3%,0.1,31.7%,high_earnings_yield,False,0,good,2026-03-31,2.7%,1.4%
16,98.2%,VRSN,VeriSign Inc,0.7,TECHNOLOGY,25B,268.7,232M,29.9,4.3%,3.3%,88.2%,67.7%,0.0,62.3%,low_ps,False,0,good,2026-03-31,5.8%,2.9%
17,98.1%,MTD,Mettler-Toledo International Inc,0.7,HEALTHCARE,22B,1074.8,205M,25.1,3.9%,4.0%,57.5%,27.8%,0.1,23.4%,low_ps,False,1,partial,2026-03-31,5.4%,2.7%
18,98.0%,IT,Gartner Inc,0.6,TECHNOLOGY,10B,148.5,240M,14.2,11.3%,7.0%,67.7%,15.8%,0.1,9.0%,high_fcf_yield,False,1,partial,2026-03-31,4.0%,2.0%
19,97.9%,RNG,Ringcentral Inc,0.6,TECHNOLOGY,4B,40.7,85M,81.6,15.8%,1.2%,71.2%,5.0%,3.2,2.9%,high_fcf_yield,False,0,good,2026-03-31,3.1%,1.6%
20,97.8%,PARR,Par Pacific Holdings Inc,0.6,ENERGY,3B,65.7,90M,8.8,9.9%,11.3%,18.1%,7.2%,0.4,9.1%,high_earnings_yield,False,1,partial,2026-03-31,2.7%,1.3%
21,97.7%,CALM,Cal-Maine Foods Inc,0.6,CONSUMER DEFENSIVE,4B,77.6,51M,5.3,19.6%,18.9%,33.8%,25.1%,0.0,22.1%,high_fcf_yield,False,0,good,2026-04-29,5.5%,2.7%
22,97.6%,PRG,PROG Holdings Inc,0.6,INDUSTRIALS,1B,35.8,18M,10.0,22.2%,10.0%,84.9%,8.8%,-0.0,9.1%,high_fcf_yield,False,0,good,2026-03-31,3.8%,1.9%
23,97.5%,CHTR,Charter Communications Inc,0.6,COMMUNICATION SERVICES,21B,165.2,737M,4.2,21.1%,23.8%,44.9%,24.3%,0.2,3.2%,high_earnings_yield,False,1,partial,2026-03-31,3.3%,1.7%
24,97.4%,CMCSA,Comcast Corp,0.6,COMMUNICATION SERVICES,98B,27.0,926M,4.9,22.4%,20.2%,60.1%,16.7%,0.3,7.3%,high_fcf_yield,False,0,good,2026-03-31,5.6%,2.8%
25,97.3%,BHP,BHP Group Limited,0.5,BASIC MATERIALS,214B,84.0,183M,9.9,9.8%,10.1%,82.7%,41.0%,0.1,18.7%,high_earnings_yield,False,0,good,2026-03-01,5.7%,2.9%
26,97.2%,APA,APA Corporation,0.5,ENERGY,14B,40.2,271M,9.9,12.5%,10.1%,38.1%,30.9%,0.1,7.5%,high_fcf_yield,False,0,good,2026-03-31,3.6%,1.8%
27,97.1%,GCT,GigaCloud Technology Inc Class A Ordinary Shares,0.5,TECHNOLOGY,1B,37.3,35M,10.0,13.3%,10.0%,23.3%,11.2%,0.6,11.4%,high_fcf_yield,False,1,partial,2026-03-31,,
28,97.0%,AGX,Argan Inc,0.5,INDUSTRIALS,9B,664.8,187M,68.4,4.4%,1.5%,20.5%,14.3%,0.0,11.6%,low_ps,False,0,good,2026-05-01,,
29,96.9%,TPC,Tutor Perini Corporation,0.5,INDUSTRIALS,5B,92.9,45M,62.1,11.4%,1.6%,11.7%,4.2%,0.1,1.6%,high_fcf_yield,False,0,good,2026-03-31,,
30,96.8%,GDDY,Godaddy Inc,0.5,TECHNOLOGY,12B,86.8,187M,13.3,13.5%,7.5%,61.6%,22.9%,0.0,10.9%,high_fcf_yield,False,1,partial,2026-03-31,,
31,96.7%,MU,Micron Technology Inc,0.5,TECHNOLOGY,777B,681.5,27B,32.2,1.5%,3.1%,58.4%,48.5%,0.0,23.8%,low_ps,False,0,good,2026-04-29,,
32,96.5%,KGC,Kinross Gold Corporation,0.5,BASIC MATERIALS,37B,30.2,250M,15.2,7.0%,6.6%,49.3%,43.8%,0.0,19.4%,high_earnings_yield,False,0,good,2026-03-31,,
33,96.4%,TNL,Travel + Leisure Co,0.5,CONSUMER CYCLICAL,4B,64.7,72M,18.1,19.5%,5.5%,41.3%,15.3%,1.4,3.4%,high_fcf_yield,False,0,good,2026-03-31,,
34,96.3%,RSI,Rush Street Interactive Inc,0.5,CONSUMER CYCLICAL,3B,28.1,62M,90.1,4.9%,1.1%,34.6%,7.7%,0.0,5.1%,low_ps,False,1,partial,2026-03-31,,
35,96.2%,IAG,IAMGold Corporation,0.4,BASIC MATERIALS,10B,16.9,129M,14.9,8.2%,6.7%,42.1%,38.4%,0.0,10.6%,high_fcf_yield,False,0,good,2026-03-31,,
36,96.1%,NCLH,Norwegian Cruise Line Holdings Ltd,0.4,CONSUMER CYCLICAL,8B,18.2,420M,20.0,-13.8%,5.0%,42.6%,15.9%,0.7,1.9%,high_fcf_yield,False,1,partial,2026-03-31,,
37,96.0%,DPZ,Domino's Pizza Inc Common Stock,0.4,CONSUMER CYCLICAL,11B,339.4,382M,19.1,5.9%,5.2%,40.0%,19.3%,0.1,33.4%,low_ps,False,0,good,2026-03-31,,
38,95.9%,SBH,Sally Beauty Holdings Inc,0.4,CONSUMER CYCLICAL,1B,11.8,20M,6.6,18.2%,15.1%,51.7%,8.2%,0.4,6.3%,high_fcf_yield,False,1,partial,2026-03-01,,
39,95.8%,LEG,Leggett & Platt Incorporated,0.4,CONSUMER CYCLICAL,1B,9.3,33M,5.6,21.4%,17.9%,18.2%,5.9%,0.1,6.7%,high_fcf_yield,False,0,good,2026-03-31,,
40,95.7%,SLGN,Silgan Holdings Inc,0.4,CONSUMER CYCLICAL,4B,40.5,31M,13.7,22.8%,7.3%,16.9%,9.8%,1.4,3.3%,high_fcf_yield,False,0,good,2026-03-31,,
41,95.6%,THC,Tenet Healthcare Corporation,0.4,HEALTHCARE,16B,177.1,337M,11.0,16.3%,9.1%,49.2%,16.5%,0.0,4.7%,high_fcf_yield,False,1,partial,2026-03-31,,
42,95.5%,AU,AngloGold Ashanti plc,0.4,BASIC MATERIALS,48B,93.5,234M,18.0,6.5%,5.5%,48.3%,43.3%,0.0,17.5%,high_fcf_yield,False,0,good,2026-03-31,,
43,95.4%,WDC,Western Digital Corporation,0.4,TECHNOLOGY,163B,434.5,4B,42.9,1.4%,2.3%,42.7%,29.8%,1.0,24.4%,low_ps,False,0,good,2026-03-01,,
44,95.3%,MANH,Manhattan Associates Inc,0.4,TECHNOLOGY,8B,137.9,109M,37.6,4.5%,2.7%,55.9%,25.9%,0.0,26.2%,low_ps,False,1,partial,2026-03-31,,
45,95.2%,M,Macy’s Inc,0.4,CONSUMER CYCLICAL,5B,18.5,95M,8.0,20.6%,12.5%,36.5%,4.6%,0.0,4.0%,high_fcf_yield,False,0,good,2026-05-01,,
46,95.1%,HRB,H&R Block Inc,0.4,CONSUMER CYCLICAL,4B,31.7,94M,6.7,12.8%,14.9%,54.7%,25.2%,0.2,20.9%,high_earnings_yield,False,0,good,2026-03-01,,
47,95.0%,CDE,Coeur Mining Inc,0.4,BASIC MATERIALS,12B,18.0,367M,20.0,5.7%,5.0%,50.6%,35.0%,0.0,12.5%,high_earnings_yield,False,1,partial,2026-03-31,,
48,94.9%,DVN,Devon Energy Corporation,0.4,ENERGY,32B,51.4,717M,12.1,9.5%,8.3%,22.7%,19.8%,0.3,8.4%,high_fcf_yield,False,0,good,2026-03-31,,
49,94.8%,TEN,Tsakos Energy Navigation Limited,0.4,ENERGY,1B,42.9,12M,8.0,15.7%,12.6%,35.3%,30.5%,0.9,4.1%,high_fcf_yield,False,0,good,2026-03-31,,
50,94.7%,TMDX,TransMedics Group Inc,0.4,HEALTHCARE,4B,100.8,144M,19.2,3.7%,5.2%,59.9%,17.9%,0.2,17.8%,high_earnings_yield,False,1,partial,2026-03-31,,
51,94.6%,CF,CF Industries Holdings Inc,0.4,BASIC MATERIALS,19B,124.2,379M,13.2,9.4%,7.6%,41.3%,36.6%,0.0,10.3%,high_fcf_yield,False,0,good,2026-03-31,,
52,94.5%,ANF,Abercrombie & Fitch Company,0.4,CONSUMER CYCLICAL,3B,71.9,94M,6.6,11.2%,15.0%,58.6%,13.4%,0.3,14.3%,high_earnings_yield,False,0,good,2026-05-01,,
53,94.4%,ARIS,Aris Mining Corporation,0.4,BASIC MATERIALS,4B,17.9,22M,46.2,2.1%,2.2%,47.7%,39.6%,0.3,3.1%,high_fcf_yield,False,0,good,2026-03-31,,
54,94.3%,BKE,Buckle Inc,0.3,CONSUMER CYCLICAL,2B,48.1,18M,11.7,8.4%,8.6%,49.0%,20.1%,0.3,21.2%,high_earnings_yield,False,0,good,2026-05-01,,
55,94.2%,BKNG,Booking Holdings Inc,0.3,CONSUMER CYCLICAL,134B,168.4,1B,24.7,6.8%,4.0%,100.0%,34.5%,0.4,18.5%,high_div_yield,False,0,good,2026-03-31,,
56,94.1%,ADBE,Adobe Systems Incorporated,0.3,TECHNOLOGY,114B,255.6,1B,15.8,9.1%,6.3%,89.1%,36.6%,0.2,24.3%,high_fcf_yield,False,1,partial,2026-04-29,,
57,94.0%,HCA,HCA Holdings Inc,0.3,HEALTHCARE,98B,434.4,573M,14.5,7.8%,6.9%,41.5%,15.8%,0.6,11.2%,high_fcf_yield,False,0,good,2026-03-31,,
58,93.9%,ERO,Ero Copper Corp,0.3,BASIC MATERIALS,3B,25.9,33M,10.2,3.9%,9.8%,43.9%,34.3%,0.2,13.8%,high_earnings_yield,False,1,partial,2026-03-31,,
59,93.8%,AZZ,AZZ Incorporated,0.3,INDUSTRIALS,4B,143.0,30M,13.6,7.5%,7.4%,23.9%,16.0%,0.0,14.3%,high_earnings_yield,False,0,good,2026-04-29,,
60,93.7%,RCL,Royal Caribbean Cruises Ltd,0.3,CONSUMER CYCLICAL,71B,263.8,740M,16.7,1.7%,6.0%,46.8%,27.4%,0.9,10.3%,high_earnings_yield,False,0,good,2026-03-31,,
61,93.6%,EAT,Brinker International Inc,0.3,CONSUMER CYCLICAL,7B,152.2,208M,14.9,6.7%,6.7%,46.3%,10.3%,0.2,16.5%,low_ps,False,0,good,2026-03-01,,
62,93.5%,MTCH,Match Group Inc,0.3,COMMUNICATION SERVICES,10B,37.4,142M,16.0,10.4%,6.2%,72.8%,25.0%,0.8,13.8%,high_fcf_yield,False,0,good,2026-03-31,,
63,93.4%,CAH,Cardinal Health Inc,0.3,HEALTHCARE,46B,192.9,474M,27.3,12.1%,3.7%,3.6%,1.0%,0.4,2.9%,high_fcf_yield,False,0,good,2026-03-01,,
64,93.3%,SIG,Signet Jewelers Ltd,0.3,CONSUMER CYCLICAL,3B,73.9,65M,10.3,17.3%,9.7%,39.6%,7.7%,0.4,4.9%,high_fcf_yield,False,0,good,2026-05-01,,
65,93.2%,MO,Altria Group,0.3,CONSUMER DEFENSIVE,122B,72.7,682M,17.5,7.5%,5.7%,69.6%,47.4%,0.3,19.8%,high_fcf_yield,False,0,good,2026-03-31,,
66,93.1%,HCSG,Healthcare Services Group Inc,0.3,HEALTHCARE,2B,21.4,18M,25.8,9.1%,3.9%,13.3%,3.0%,0.1,7.3%,high_fcf_yield,False,0,good,2026-03-31,,
67,93.0%,PEGA,Pegasystems Inc,0.3,TECHNOLOGY,7B,36.5,94M,16.6,7.5%,6.0%,75.9%,15.1%,0.0,24.1%,high_fcf_yield,False,0,good,2026-03-31,,
68,92.9%,GIII,G-III Apparel Group Ltd,0.3,CONSUMER CYCLICAL,1B,29.0,13M,18.2,21.5%,5.5%,38.4%,5.3%,0.4,2.6%,high_fcf_yield,False,0,good,2026-05-01,,
69,92.9%,MD,Mednax Inc,0.3,HEALTHCARE,2B,22.5,19M,11.3,13.5%,8.8%,25.5%,11.2%,0.2,7.4%,high_fcf_yield,False,1,partial,2026-03-31,,
70,92.8%,KNSA,Kiniksa Pharmaceuticals Ltd,0.3,HEALTHCARE,4B,53.8,46M,75.1,3.1%,1.3%,54.6%,11.4%,0.0,7.7%,low_ps,False,1,partial,2026-03-31,,
71,92.7%,TDC,Teradata Corp,0.3,TECHNOLOGY,3B,26.4,71M,19.6,11.2%,5.1%,59.5%,12.4%,0.4,7.3%,high_fcf_yield,False,0,good,2026-03-31,,
72,92.6%,MYRG,MYR Group Inc,0.3,INDUSTRIALS,6B,404.8,135M,53.6,3.7%,1.9%,11.5%,4.4%,0.1,7.2%,low_ps,False,1,partial,2026-03-31,,
73,92.5%,FIX,Comfort Systems USA Inc,0.3,INDUSTRIALS,65B,1840.2,841M,63.4,1.6%,1.6%,24.1%,14.4%,0.0,15.9%,low_ps,False,0,good,2026-03-31,,
74,92.4%,MTDR,Matador Resources Company,0.3,ENERGY,8B,63.0,99M,10.2,3.1%,9.8%,88.8%,33.2%,0.0,6.4%,high_earnings_yield,False,0,good,2026-03-31,,
75,92.3%,QLYS,Qualys Inc,0.3,TECHNOLOGY,3B,86.9,79M,15.6,9.8%,6.4%,82.8%,33.2%,0.0,18.1%,high_fcf_yield,False,1,partial,2026-03-31,,
76,92.2%,GM,General Motors Company,0.3,CONSUMER CYCLICAL,71B,76.9,523M,26.2,15.7%,3.8%,6.3%,1.6%,4.1,1.0%,high_fcf_yield,False,0,good,2026-03-31,,
77,92.1%,WYNN,Wynn Resorts Limited,0.3,CONSUMER CYCLICAL,10B,95.5,144M,30.3,7.0%,3.3%,39.2%,15.9%,0.0,2.4%,low_ps,False,0,good,2026-03-31,,
78,92.0%,SMG,Scotts Miracle-Gro Company,0.3,BASIC MATERIALS,4B,62.7,63M,41.3,9.7%,2.4%,31.0%,11.7%,1.2,3.0%,high_fcf_yield,False,0,good,2026-03-01,,
79,91.9%,DLX,Deluxe Corporation,0.3,INDUSTRIALS,1B,31.1,13M,16.9,12.2%,5.9%,53.0%,11.1%,0.1,3.0%,high_fcf_yield,False,0,good,2026-03-31,,
80,91.8%,DELL,Dell Technologies Inc,0.3,TECHNOLOGY,160B,238.0,1B,26.9,5.4%,3.7%,20.1%,7.2%,1.7,5.9%,low_ps,False,0,good,2026-05-01,,
81,91.7%,HPQ,HP Inc,0.3,TECHNOLOGY,19B,20.9,321M,7.8,14.8%,12.9%,20.1%,5.7%,0.4,6.0%,high_fcf_yield,False,0,good,2026-04-01,,
82,91.6%,SAM,Boston Beer Company Inc,0.3,CONSUMER DEFENSIVE,2B,237.0,60M,22.9,8.7%,4.4%,45.6%,6.9%,0.0,9.1%,high_fcf_yield,False,1,partial,2026-03-31,,
83,91.5%,MTN,Vail Resorts Inc,0.3,CONSUMER CYCLICAL,4B,123.7,108M,19.3,6.4%,5.2%,59.1%,26.4%,0.2,4.1%,low_ps,False,0,good,2026-04-01,,
84,91.4%,TPR,Tapestry Inc,0.3,CONSUMER CYCLICAL,27B,131.2,324M,52.3,6.2%,1.9%,76.0%,9.5%,0.4,8.0%,high_fcf_yield,False,0,good,2026-03-01,,
85,91.3%,UPBD,Upbound Group Inc.,0.3,TECHNOLOGY,1B,19.8,16M,15.8,17.9%,6.3%,44.8%,4.8%,0.1,2.2%,high_fcf_yield,False,0,good,2026-03-31,,
86,91.2%,SM,SM Energy Co,0.3,ENERGY,4B,31.0,124M,5.5,-6.8%,18.2%,31.9%,26.1%,0.2,7.0%,high_earnings_yield,False,0,good,2026-03-31,,
87,91.1%,CRUS,Cirrus Logic Inc,0.3,TECHNOLOGY,9B,163.1,117M,21.1,7.2%,4.7%,52.9%,23.1%,0.0,16.4%,high_fcf_yield,False,1,partial,2026-03-01,,
88,91.0%,CBT,Cabot Corporation,0.3,BASIC MATERIALS,4B,77.0,30M,12.9,10.0%,7.7%,25.4%,16.5%,0.7,8.3%,high_fcf_yield,False,0,good,2026-03-01,,
89,90.9%,UAL,United Airlines Holdings Inc,0.3,INDUSTRIALS,29B,90.0,635M,8.8,8.7%,11.4%,64.1%,8.0%,1.3,4.4%,high_earnings_yield,False,0,good,2026-03-31,,
90,90.8%,EXEL,Exelixis Inc,0.3,HEALTHCARE,12B,44.5,134M,15.2,7.2%,6.6%,96.4%,37.6%,0.0,27.5%,high_earnings_yield,False,1,partial,2026-03-31,,
91,90.7%,SKYW,SkyWest Inc,0.3,INDUSTRIALS,3B,82.1,37M,7.8,8.6%,12.8%,33.5%,15.2%,1.1,5.8%,high_earnings_yield,False,0,good,2026-03-31,,
92,90.6%,PBI,Pitney Bowes Inc,0.3,INDUSTRIALS,2B,15.5,67M,16.8,13.5%,5.9%,54.1%,20.4%,0.2,4.6%,high_fcf_yield,False,0,good,2026-03-31,,
93,90.5%,CGAU,Centerra Gold Inc,0.3,BASIC MATERIALS,4B,17.4,31M,6.1,2.6%,16.5%,30.8%,37.7%,0.0,20.0%,high_earnings_yield,False,0,good,2026-03-31,,
94,90.4%,DAL,Delta Air Lines Inc,0.3,INDUSTRIALS,44B,68.0,528M,8.9,8.7%,11.3%,24.5%,9.2%,0.5,6.2%,high_earnings_yield,False,0,good,2026-03-31,,
95,90.3%,ADM,Archer-Daniels-Midland Company,0.3,CONSUMER DEFENSIVE,36B,74.5,310M,33.4,11.7%,3.0%,5.8%,1.3%,0.7,3.1%,high_fcf_yield,False,0,good,2026-03-31,,
96,90.2%,BAH,Booz Allen Hamilton Holding,0.3,INDUSTRIALS,9B,74.9,108M,11.0,10.1%,9.1%,52.7%,9.2%,0.2,11.9%,high_fcf_yield,False,0,good,2026-03-01,,
97,90.1%,STRL,Sterling Construction Company Inc,0.3,INDUSTRIALS,16B,515.6,470M,55.2,2.3%,1.8%,22.7%,16.3%,0.1,11.0%,low_ps,False,1,partial,2026-03-31,,
98,90.0%,TDW,Tidewater Inc,0.3,ENERGY,4B,89.3,76M,13.2,8.0%,7.6%,29.8%,21.1%,0.0,14.0%,high_earnings_yield,False,0,good,2026-03-31,,
99,89.9%,SAH,Sonic Automotive Inc,0.3,CONSUMER CYCLICAL,3B,78.8,21M,22.6,15.9%,4.4%,14.6%,3.6%,7.6,2.0%,high_fcf_yield,False,0,good,2026-03-31,,
100,89.8%,GBX,Greenbrier Companies Inc,0.3,INDUSTRIALS,2B,48.0,18M,10.4,14.7%,9.6%,16.0%,8.3%,0.2,3.4%,high_fcf_yield,False,0,good,2026-04-29,,
101,89.7%,BWA,BorgWarner Inc,0.3,CONSUMER CYCLICAL,12B,57.0,144M,42.8,9.8%,2.3%,18.7%,9.5%,0.0,2.0%,high_fcf_yield,False,0,good,2026-03-31,,
102,89.6%,ZD,Ziff Davis Inc,0.3,COMMUNICATION SERVICES,2B,41.2,25M,32.7,18.6%,3.1%,77.8%,13.2%,0.9,1.3%,high_fcf_yield,False,0,good,2026-03-31,,
103,89.5%,GNTX,Gentex Corporation,0.3,CONSUMER CYCLICAL,5B,23.1,57M,12.9,9.3%,7.8%,34.2%,18.8%,0.0,13.1%,high_fcf_yield,False,0,good,2026-03-31,,
104,89.4%,GAP,"The Gap, Inc.",0.3,CONSUMER CYCLICAL,8B,20.7,141M,9.8,12.3%,10.3%,40.8%,7.3%,0.4,6.5%,high_fcf_yield,False,0,good,2026-05-01,,
105,89.3%,DECK,Deckers Outdoor Corporation,0.2,CONSUMER CYCLICAL,14B,94.6,178M,13.4,6.7%,7.5%,57.5%,23.8%,0.1,25.4%,high_earnings_yield,False,1,partial,2026-03-01,,
106,89.2%,UI,Ubiquiti Networks Inc,0.2,TECHNOLOGY,37B,604.0,108M,41.2,1.9%,2.4%,45.4%,35.1%,0.1,55.3%,low_ps,False,0,good,2026-03-01,,
107,89.1%,FLO,Flowers Foods Inc,0.2,CONSUMER DEFENSIVE,2B,7.3,62M,18.5,21.2%,5.4%,48.1%,6.0%,2.5,2.0%,high_fcf_yield,False,0,good,2026-03-31,,
108,89.0%,HOG,Harley-Davidson Inc,0.2,CONSUMER CYCLICAL,3B,23.9,77M,7.8,15.7%,12.8%,26.8%,8.7%,4.5,4.2%,high_fcf_yield,False,0,good,2026-03-31,,
109,88.9%,DG,Dollar General Corporation,0.2,CONSUMER DEFENSIVE,24B,106.2,330M,15.5,13.1%,6.4%,30.7%,5.2%,0.5,4.9%,high_fcf_yield,False,0,good,2026-05-01,,
110,88.8%,TMHC,Taylor Morn Home,0.2,CONSUMER CYCLICAL,6B,60.7,72M,7.5,13.5%,13.3%,23.2%,14.1%,0.1,8.0%,high_fcf_yield,False,1,partial,2026-03-31,,
111,88.7%,STX,Seagate Technology PLC,0.2,TECHNOLOGY,154B,673.6,3B,78.3,1.1%,1.3%,38.6%,25.4%,0.7,22.6%,low_ps,False,0,good,2026-03-01,,
112,88.6%,ALKS,Alkermes Plc,0.2,HEALTHCARE,6B,33.7,64M,23.2,8.6%,4.3%,86.7%,17.2%,0.0,9.6%,high_fcf_yield,False,1,partial,2026-03-31,,
113,88.5%,SON,Sonoco Products Company,0.2,CONSUMER CYCLICAL,5B,49.4,88M,4.8,8.0%,20.7%,20.9%,8.4%,0.7,9.2%,high_earnings_yield,False,0,good,2026-03-31,,
114,88.4%,EXPE,Expedia Group Inc.,0.2,CONSUMER CYCLICAL,26B,215.0,407M,20.2,11.1%,4.9%,88.6%,12.9%,1.2,5.3%,high_fcf_yield,False,0,good,2026-03-31,,
115,88.3%,QCOM,Qualcomm Incorporated,0.2,TECHNOLOGY,193B,179.6,5B,35.9,6.7%,2.8%,55.1%,27.1%,0.0,10.1%,high_fcf_yield,False,0,good,2026-03-01,,
116,88.2%,META,Meta Platforms Inc.,0.2,COMMUNICATION SERVICES,1.6T,611.9,10B,26.0,2.9%,3.9%,82.0%,41.4%,0.0,16.5%,low_ps,False,0,good,2026-03-31,,
117,88.1%,DVA,DaVita HealthCare Partners Inc,0.2,HEALTHCARE,11B,155.1,164M,14.3,12.3%,7.0%,30.9%,14.9%,0.2,4.3%,high_fcf_yield,False,1,partial,2026-03-31,,
118,88.0%,STNG,Scorpio Tankers Inc,0.2,ENERGY,4B,81.9,89M,11.8,10.4%,8.5%,46.2%,33.0%,0.0,8.8%,high_fcf_yield,False,0,good,2026-03-31,,
119,87.9%,NEM,Newmont Goldcorp Corp,0.2,BASIC MATERIALS,121B,111.1,865M,17.0,4.9%,5.9%,49.8%,46.9%,0.0,12.4%,high_earnings_yield,False,0,good,2026-03-31,,
120,87.8%,KBH,KB Home,0.2,CONSUMER CYCLICAL,3B,45.6,53M,8.2,17.1%,12.1%,17.9%,7.3%,1.1,5.3%,high_fcf_yield,False,0,good,2026-04-29,,
121,87.7%,PPC,Pilgrims Pride Corp,0.2,CONSUMER DEFENSIVE,8B,33.1,48M,7.3,8.4%,13.7%,12.7%,8.7%,0.0,10.5%,high_earnings_yield,False,0,good,2026-03-31,,
122,87.6%,CL,Colgate-Palmolive Company,0.2,CONSUMER DEFENSIVE,69B,85.4,455M,32.2,5.3%,3.1%,60.1%,21.3%,0.6,13.0%,high_fcf_yield,False,0,good,2026-03-31,,
123,87.5%,MAS,Masco Corporation,0.2,INDUSTRIALS,15B,71.8,254M,18.0,6.0%,5.6%,35.4%,16.6%,0.0,15.6%,low_ps,False,0,good,2026-03-31,,
124,87.4%,T,AT&T Inc.,0.2,COMMUNICATION SERVICES,184B,26.1,924M,8.4,10.6%,11.9%,46.8%,18.8%,0.3,5.2%,high_earnings_yield,False,0,good,2026-03-31,,
125,87.3%,FTI,TechnipFMC PLC,0.2,ENERGY,31B,75.6,294M,32.1,4.7%,3.1%,21.8%,13.8%,0.1,9.5%,high_div_yield,False,0,good,2026-03-31,,
126,87.2%,RELY,Remitly Global Inc,0.2,TECHNOLOGY,5B,21.9,98M,69.9,6.1%,1.4%,59.4%,4.8%,0.1,4.7%,high_fcf_yield,False,1,partial,2026-03-31,,
127,87.1%,UHS,Universal Health Services Inc,0.2,HEALTHCARE,10B,168.3,167M,7.0,8.0%,14.3%,90.4%,11.5%,0.6,9.3%,high_earnings_yield,False,0,good,2026-03-31,,
128,86.9%,TTMI,TTM Technologies Inc,0.2,TECHNOLOGY,17B,158.2,367M,95.5,-0.0%,1.0%,20.3%,9.0%,0.0,4.6%,high_fcf_yield,False,1,partial,2026-03-31,,
129,86.8%,APP,Applovin Corp,0.2,COMMUNICATION SERVICES,151B,446.4,2B,45.4,2.6%,2.2%,86.5%,68.5%,0.0,45.9%,low_ps,False,1,partial,2026-03-31,,
130,86.7%,R,Ryder System Inc,0.2,INDUSTRIALS,10B,253.8,106M,20.1,4.6%,5.0%,19.9%,8.6%,0.6,3.1%,low_ps,False,0,good,2026-03-31,,
131,86.6%,MGM,MGM Resorts International,0.2,CONSUMER CYCLICAL,10B,38.9,176M,48.9,16.2%,2.0%,44.4%,5.7%,0.0,0.5%,high_fcf_yield,False,0,good,2026-03-31,,
132,86.5%,LAUR,Laureate Education Inc,0.2,CONSUMER DEFENSIVE,4B,30.1,41M,15.2,6.1%,6.6%,28.3%,25.3%,0.3,12.8%,high_earnings_yield,False,0,good,2026-03-31,,
133,86.4%,PACS,"PACS Group, Inc.",0.2,HEALTHCARE,6B,36.8,25M,30.1,5.8%,3.3%,18.4%,5.9%,0.4,3.4%,low_ps,False,1,partial,2026-03-31,,
134,86.3%,ZTS,Zoetis Inc,0.2,HEALTHCARE,33B,77.7,640M,12.3,7.0%,8.1%,70.5%,38.0%,0.0,17.3%,high_earnings_yield,False,0,good,2026-03-31,,
135,86.2%,ALV,Autoliv Inc,0.2,CONSUMER CYCLICAL,9B,115.9,94M,11.8,8.2%,8.4%,19.2%,10.2%,0.6,8.5%,high_earnings_yield,False,0,good,2026-03-31,,
136,86.1%,INCY,Incyte Corporation,0.2,HEALTHCARE,20B,95.3,134M,15.3,6.9%,6.5%,91.8%,26.4%,0.0,18.5%,high_earnings_yield,False,1,partial,2026-03-31,,
137,86.0%,ABG,Asbury Automotive Group Inc,0.2,CONSUMER CYCLICAL,4B,203.7,71M,11.0,15.2%,9.1%,16.9%,5.4%,5.2,3.0%,high_fcf_yield,False,0,good,2026-03-31,,
138,85.9%,G,Genpact Limited,0.2,TECHNOLOGY,5B,31.4,107M,9.8,13.5%,10.2%,36.0%,14.8%,0.9,9.5%,high_fcf_yield,False,0,good,2026-03-31,,
139,85.8%,CENTA,Central Garden & Pet Company A,0.2,CONSUMER DEFENSIVE,2B,33.6,10M,13.4,13.7%,7.5%,32.1%,7.7%,0.2,4.3%,high_fcf_yield,False,1,partial,2026-03-01,,
140,85.7%,TOL,Toll Brothers Inc,0.2,CONSUMER CYCLICAL,12B,127.0,136M,8.9,11.9%,11.3%,25.3%,15.3%,0.1,9.6%,high_fcf_yield,False,0,good,2026-04-01,,
141,85.6%,LCII,LCI Industries,0.2,CONSUMER CYCLICAL,3B,119.2,39M,12.5,9.6%,8.0%,24.5%,7.9%,0.1,7.2%,high_fcf_yield,False,0,good,2026-03-31,,
142,85.5%,BMY,Bristol-Myers Squibb Company,0.2,HEALTHCARE,124B,60.6,605M,17.5,10.4%,5.7%,67.6%,26.3%,0.3,7.8%,high_fcf_yield,False,0,good,2026-03-31,,
143,85.4%,MCRI,Monarch Casino & Resort Inc,0.2,CONSUMER CYCLICAL,2B,118.7,20M,21.3,5.9%,4.7%,53.0%,23.4%,0.0,14.2%,high_fcf_yield,False,0,good,2026-03-31,,
144,85.3%,KMX,CarMax Inc,0.2,CONSUMER CYCLICAL,6B,39.3,105M,23.5,21.4%,4.3%,10.8%,0.8%,2.0,0.9%,high_fcf_yield,False,1,partial,2026-04-29,,
145,85.2%,PRGS,Progress Software Corporation,0.2,TECHNOLOGY,1B,29.2,22M,14.7,20.7%,6.8%,78.7%,17.2%,2.2,3.5%,high_fcf_yield,False,0,good,2026-04-29,,
146,85.1%,RUSHA,Rush Enterprises A Inc,0.2,CONSUMER CYCLICAL,6B,74.0,31M,22.4,3.6%,4.5%,18.7%,5.3%,2.9,6.0%,low_ps,False,0,good,2026-03-31,,
147,85.0%,CROX,Crocs Inc,0.2,CONSUMER CYCLICAL,5B,102.0,118M,25.7,12.7%,-1.6%,58.3%,22.0%,0.1,-1.9%,high_fcf_yield,False,1,partial,2026-03-31,,
148,84.9%,ACN,Accenture plc,0.2,TECHNOLOGY,112B,177.6,962M,14.6,11.2%,6.9%,32.0%,14.8%,0.1,11.5%,high_fcf_yield,False,0,good,2026-04-29,,
149,84.8%,HL,Hecla Mining Company,0.2,BASIC MATERIALS,12B,18.0,234M,37.8,2.6%,2.6%,43.7%,36.8%,0.0,8.5%,low_ps,False,0,good,2026-03-31,,
150,84.7%,CHRD,Chord Energy Corp,0.2,ENERGY,8B,145.6,112M,185.9,8.6%,0.5%,17.7%,4.0%,0.0,0.3%,high_fcf_yield,False,0,good,2026-03-31,,
151,84.6%,INVX,"Innovex International, Inc",0.2,ENERGY,2B,27.8,12M,23.0,8.1%,4.4%,27.9%,10.3%,0.1,6.6%,high_fcf_yield,False,1,partial,2026-03-31,,
152,84.5%,PRDO,Perdoceo Education Corp,0.2,CONSUMER DEFENSIVE,2B,34.7,20M,13.8,9.9%,7.3%,71.7%,23.2%,0.0,12.6%,high_fcf_yield,False,0,good,2026-03-31,,
153,84.4%,BLKB,Blackbaud Inc,0.2,TECHNOLOGY,2B,37.2,24M,15.0,14.1%,6.7%,58.8%,16.9%,0.2,4.8%,high_fcf_yield,False,0,good,2026-03-31,,
154,84.3%,JBHT,JB Hunt Transport Services Inc,0.2,INDUSTRIALS,24B,251.1,221M,40.0,4.0%,2.5%,13.3%,7.2%,0.9,7.3%,low_ps,False,0,good,2026-03-31,,
155,84.2%,OVV,Ovintiv Inc,0.2,ENERGY,16B,60.0,227M,12.6,1.6%,8.0%,47.1%,12.6%,0.5,6.1%,high_earnings_yield,False,0,good,2026-03-31,,
156,84.1%,EXE,Expand Energy Corporation,0.2,ENERGY,25B,102.2,295M,13.5,6.9%,7.4%,50.1%,19.2%,0.0,6.4%,high_earnings_yield,False,0,good,2026-03-31,,
157,84.0%,EOG,EOG Resources Inc,0.2,ENERGY,75B,140.6,505M,15.1,4.7%,6.6%,68.1%,35.1%,0.0,9.6%,high_earnings_yield,False,0,good,2026-03-31,,
158,83.9%,BBY,Best Buy Co. Inc,0.2,CONSUMER CYCLICAL,12B,57.9,197M,11.5,10.2%,8.7%,22.5%,3.3%,0.3,7.3%,high_fcf_yield,False,0,good,2026-05-01,,
159,83.8%,LRCX,Lam Research Corp,0.2,TECHNOLOGY,324B,257.9,3B,52.2,1.9%,1.9%,49.8%,33.8%,0.2,29.0%,low_ps,False,0,good,2026-03-01,,
160,83.6%,CIEN,Ciena Corp,0.2,TECHNOLOGY,76B,524.5,1B,333.9,0.8%,0.3%,40.6%,8.2%,0.1,3.9%,low_ps,False,1,partial,2026-04-01,,
161,83.5%,WSM,Williams-Sonoma Inc,0.2,CONSUMER CYCLICAL,20B,169.2,200M,18.8,5.2%,5.3%,46.2%,18.1%,0.1,20.1%,high_earnings_yield,False,0,good,2026-05-01,,
162,83.4%,NOV,NOV Inc.,0.2,ENERGY,7B,20.5,100M,51.4,11.8%,1.9%,20.2%,6.5%,0.2,1.3%,high_fcf_yield,False,0,good,2026-03-31,,
163,83.3%,CNX,CNX Resources Corp,0.2,ENERGY,6B,38.9,66M,9.5,8.9%,10.5%,53.1%,43.2%,0.3,7.0%,high_earnings_yield,False,0,good,2026-03-31,,
164,83.2%,VC,Visteon Corp,0.2,CONSUMER CYCLICAL,3B,111.7,80M,15.4,8.5%,6.5%,14.1%,8.8%,0.1,5.9%,high_fcf_yield,False,0,good,2026-03-31,,
165,83.1%,MZTI,The Marzetti Company,0.2,CONSUMER DEFENSIVE,4B,130.3,49M,19.8,6.1%,5.0%,24.1%,11.6%,0.0,13.5%,low_ps,False,0,good,2026-03-01,,
166,83.0%,LOPE,Grand Canyon Education Inc,0.2,CONSUMER DEFENSIVE,5B,169.1,44M,21.0,5.3%,4.8%,52.8%,27.4%,0.0,21.8%,high_earnings_yield,False,1,partial,2026-03-31,,
167,82.9%,CTSH,Cognizant Technology Solutions Corp Class A,0.2,TECHNOLOGY,25B,52.9,422M,11.3,10.3%,8.8%,33.1%,16.1%,0.1,10.8%,high_fcf_yield,False,0,good,2026-03-31,,
168,82.8%,DLTR,Dollar Tree Inc,0.2,CONSUMER DEFENSIVE,18B,91.2,339M,14.2,7.7%,7.0%,36.4%,8.2%,0.5,9.5%,high_fcf_yield,False,1,partial,2026-05-01,,
169,82.7%,TTC,Toro Co,0.2,INDUSTRIALS,9B,89.5,57M,26.6,7.5%,3.8%,33.1%,9.3%,0.0,8.9%,high_fcf_yield,False,0,good,2026-04-01,,
170,82.6%,MLI,Mueller Industries Inc,0.2,INDUSTRIALS,15B,135.4,88M,19.6,4.6%,5.1%,27.4%,21.4%,0.0,25.4%,high_earnings_yield,False,0,good,2026-03-31,,
171,82.5%,SWKS,Skyworks Solutions Inc,0.2,TECHNOLOGY,11B,70.2,313M,26.8,10.3%,3.7%,41.1%,10.7%,1.1,5.0%,high_fcf_yield,False,0,good,2026-03-01,,
172,82.4%,BCO,Brinks Company,0.2,INDUSTRIALS,5B,106.8,44M,23.3,9.4%,4.3%,25.8%,11.1%,1.0,2.7%,high_fcf_yield,False,0,good,2026-03-31,,
173,82.3%,MCK,McKesson Corporation,0.2,HEALTHCARE,95B,776.0,929M,21.9,10.4%,4.6%,3.4%,1.3%,0.4,5.2%,high_fcf_yield,False,0,good,2026-03-01,,
174,82.2%,CCK,Crown Holdings Inc,0.2,CONSUMER CYCLICAL,11B,98.3,118M,15.0,9.9%,6.7%,18.3%,13.2%,0.6,5.2%,high_fcf_yield,False,0,good,2026-03-31,,
175,82.1%,B,Barrick Mining Corporation,0.2,BASIC MATERIALS,68B,40.6,493M,13.7,5.5%,7.3%,51.3%,47.8%,0.0,9.7%,high_earnings_yield,False,0,good,2026-03-31,,
176,82.0%,VZ,Verizon Communications Inc,0.2,COMMUNICATION SERVICES,202B,48.0,1B,11.8,9.8%,8.5%,55.7%,21.2%,0.9,4.2%,high_fcf_yield,False,0,good,2026-03-31,,
177,81.9%,AMKR,Amkor Technology Inc,0.2,TECHNOLOGY,17B,69.8,393M,46.2,1.1%,2.2%,14.0%,7.0%,0.3,4.6%,high_fcf_yield,False,0,good,2026-03-31,,
178,81.8%,GFF,Griffon Corporation,0.2,INDUSTRIALS,4B,82.8,36M,84.8,7.3%,1.2%,41.8%,8.2%,0.2,2.2%,high_fcf_yield,False,0,good,2026-03-01,,
179,81.7%,PRKS,United Parks & Resorts Inc,0.2,CONSUMER CYCLICAL,2B,36.2,34M,11.5,8.4%,8.7%,92.3%,22.0%,0.1,6.4%,high_earnings_yield,False,0,good,2026-03-31,,
180,81.6%,NEU,NewMarket Corporation,0.2,BASIC MATERIALS,6B,675.6,74M,15.2,7.7%,6.6%,31.5%,20.0%,0.0,12.0%,high_fcf_yield,False,0,good,2026-03-31,,
181,81.5%,SAIC,Science Applications International Corporation Common Stock,0.2,TECHNOLOGY,4B,96.0,45M,12.2,13.1%,8.2%,12.0%,7.1%,0.1,6.7%,high_fcf_yield,False,0,good,2026-05-01,,
182,81.4%,WEN,The Wendy’s Co,0.2,CONSUMER CYCLICAL,1B,7.8,68M,9.0,16.2%,11.1%,27.2%,15.4%,0.3,3.3%,high_fcf_yield,False,0,good,2026-03-31,,
183,81.3%,MPC,Marathon Petroleum Corp,0.2,ENERGY,73B,248.3,510M,18.1,6.5%,5.5%,7.5%,4.3%,0.4,4.7%,low_ps,False,0,good,2026-03-31,,
184,81.1%,ULTA,Ulta Beauty Inc,0.2,CONSUMER CYCLICAL,22B,479.9,354M,18.7,4.6%,5.3%,39.1%,12.5%,0.2,16.5%,low_ps,False,0,good,2026-05-01,,
185,81.0%,OII,Oceaneering International Inc,0.2,ENERGY,4B,37.5,42M,10.7,5.6%,9.4%,20.4%,10.9%,0.0,13.3%,high_earnings_yield,False,0,good,2026-03-31,,
186,80.9%,TRIP,TripAdvisor Inc,0.2,CONSUMER CYCLICAL,1B,9.5,32M,27.5,14.8%,3.6%,85.3%,4.2%,3.1,1.5%,high_fcf_yield,False,0,good,2026-03-31,,
187,80.8%,PPG,PPG Industries Inc,0.2,BASIC MATERIALS,24B,108.5,196M,15.4,4.8%,6.5%,40.5%,12.7%,0.6,19.8%,high_earnings_yield,False,0,good,2026-03-31,,
188,80.7%,LDOS,Leidos Holdings Inc,0.2,TECHNOLOGY,19B,149.2,165M,13.1,8.5%,7.6%,17.7%,12.3%,0.1,10.8%,high_fcf_yield,False,0,good,2026-03-31,,
189,80.6%,AAPL,Apple Inc,0.2,TECHNOLOGY,4.0T,271.4,13B,34.0,3.1%,2.9%,47.3%,32.4%,0.2,31.1%,low_ps,False,0,good,2026-03-01,,
190,80.5%,FDP,Fresh Del Monte Produce Inc,0.2,CONSUMER DEFENSIVE,2B,41.9,12M,28.9,11.5%,3.5%,8.8%,3.8%,0.3,2.0%,high_fcf_yield,False,0,good,2026-03-31,,
191,80.4%,PTCT,PTC Therapeutics Inc,0.2,HEALTHCARE,6B,70.2,97M,8.5,12.1%,11.8%,91.0%,49.5%,1.0,23.4%,high_fcf_yield,False,1,partial,2026-03-31,,
192,80.3%,LQDT,Liquidity Services Inc,0.2,CONSUMER CYCLICAL,1B,33.9,6M,36.8,6.4%,2.7%,44.8%,7.9%,0.1,8.1%,high_fcf_yield,False,1,partial,2026-03-01,,
193,80.2%,VLO,Valero Energy Corporation,0.2,ENERGY,75B,252.6,738M,32.1,6.5%,3.1%,5.4%,2.6%,0.4,4.0%,low_ps,False,0,good,2026-03-31,,
194,80.1%,AEM,Agnico Eagle Mines Limited,0.2,BASIC MATERIALS,94B,188.2,465M,21.2,4.7%,4.7%,57.3%,52.9%,0.0,12.9%,low_ps,False,0,good,2026-03-31,,
195,80.0%,PRIM,Primoris Services Corporation,0.2,INDUSTRIALS,10B,181.2,258M,36.1,3.4%,2.8%,10.7%,5.4%,0.5,6.2%,low_ps,False,0,good,2026-03-31,,
196,79.9%,CHRW,CH Robinson Worldwide Inc,0.2,INDUSTRIALS,22B,181.8,366M,37.5,4.1%,2.7%,8.4%,4.9%,0.1,11.6%,low_ps,False,0,good,2026-03-31,,
197,79.8%,PM,Philip Morris International Inc,0.2,CONSUMER DEFENSIVE,258B,165.1,802M,22.7,4.1%,4.4%,67.1%,36.7%,0.4,16.4%,low_ps,False,0,good,2026-03-31,,
198,79.7%,PLAB,Photronics Inc,0.2,TECHNOLOGY,3B,47.5,39M,20.3,2.4%,4.9%,35.1%,24.5%,0.0,7.2%,high_earnings_yield,False,1,partial,2026-04-01,,
199,79.6%,AR,Antero Resources Corp,0.2,ENERGY,12B,39.3,176M,19.3,10.7%,5.2%,22.1%,16.5%,0.3,4.4%,high_fcf_yield,False,1,partial,2026-03-31,,
200,79.5%,LMT,Lockheed Martin Corporation,0.2,INDUSTRIALS,120B,518.0,922M,23.9,5.8%,4.2%,10.2%,10.3%,0.3,8.4%,low_ps,False,0,good,2026-03-31,,
201,79.4%,FSLR,First Solar Inc,0.2,TECHNOLOGY,22B,201.9,495M,14.2,5.5%,7.0%,40.9%,32.5%,0.2,11.5%,high_earnings_yield,False,1,partial,2026-03-31,,
202,79.3%,EXPD,"Expeditors International of Washington, Inc.",0.2,INDUSTRIALS,20B,147.9,160M,24.5,4.8%,4.1%,14.9%,9.5%,0.1,16.6%,low_ps,False,0,good,2026-03-31,,
203,79.2%,INVA,Innoviva Inc,0.2,HEALTHCARE,2B,23.0,14M,7.2,10.0%,13.9%,78.9%,-4.0%,0.0,16.6%,high_earnings_yield,False,0,good,2026-03-31,,
204,79.1%,AOS,Smith AO Corporation,0.1,INDUSTRIALS,9B,61.8,109M,15.8,6.3%,6.3%,38.8%,19.0%,0.1,17.4%,high_earnings_yield,False,0,good,2026-03-31,,
205,79.0%,NTAP,NetApp Inc,0.1,TECHNOLOGY,24B,120.6,238M,19.9,6.7%,5.0%,70.5%,22.2%,0.0,12.2%,high_fcf_yield,False,0,good,2026-04-01,,
206,78.9%,CSL,Carlisle Companies Incorporated,0.1,INDUSTRIALS,15B,355.3,164M,19.7,6.6%,5.1%,35.7%,20.0%,0.0,11.8%,high_fcf_yield,False,0,good,2026-03-31,,
207,78.8%,CLX,The Clorox Company,0.1,CONSUMER DEFENSIVE,12B,96.4,357M,15.6,6.6%,6.4%,44.0%,15.2%,0.5,13.5%,high_earnings_yield,False,0,good,2026-03-01,,
208,78.7%,DAR,Darling Ingredients Inc,0.1,CONSUMER DEFENSIVE,10B,64.2,161M,164.7,6.6%,0.6%,15.7%,6.4%,0.2,0.6%,low_ps,False,1,partial,2026-03-31,,
209,78.6%,NYT,New York Times Company,0.1,COMMUNICATION SERVICES,13B,79.0,173M,37.6,4.3%,2.7%,51.1%,15.4%,0.0,11.5%,high_div_yield,False,0,good,2026-03-31,,
210,78.6%,LULU,Lululemon Athletica Inc.,0.1,CONSUMER CYCLICAL,14B,120.3,479M,9.1,6.4%,11.0%,56.6%,19.8%,0.1,18.7%,high_earnings_yield,False,1,partial,2026-05-01,,
211,78.5%,LEA,Lear Corporation,0.1,CONSUMER CYCLICAL,7B,127.1,81M,15.0,8.0%,6.7%,7.3%,4.4%,0.1,2.9%,low_ps,False,0,good,2026-03-31,,
212,78.4%,HAE,Haemonetics Corporation,0.1,HEALTHCARE,3B,57.3,46M,15.1,11.6%,6.6%,58.5%,19.2%,1.6,7.0%,high_fcf_yield,False,1,partial,2026-03-01,,
213,78.3%,ENS,Enersys,0.1,INDUSTRIALS,8B,224.4,70M,27.0,5.2%,3.7%,29.7%,11.6%,0.1,7.7%,low_ps,False,0,good,2026-03-01,,
214,78.2%,EEFT,Euronet Worldwide Inc,0.1,TECHNOLOGY,3B,72.4,55M,11.0,12.1%,9.1%,41.3%,12.5%,3.0,4.8%,high_fcf_yield,False,1,partial,2026-03-31,,
215,78.1%,APTV,Aptiv PLC,0.1,CONSUMER CYCLICAL,13B,60.3,198M,78.1,11.9%,1.3%,19.1%,5.8%,0.1,0.7%,high_fcf_yield,False,0,good,2026-03-31,,
216,78.0%,CHE,Chemed Corp,0.1,HEALTHCARE,6B,425.0,114M,21.9,5.6%,4.6%,31.1%,13.4%,0.1,16.2%,low_ps,False,0,good,2026-03-31,,
217,77.9%,ROCK,Gibraltar Industries Inc,0.1,INDUSTRIALS,1B,35.5,14M,10.9,11.4%,9.2%,26.9%,10.8%,0.1,7.0%,high_fcf_yield,False,0,good,2026-03-31,,
218,77.8%,WMS,Advanced Drainage Systems Inc,0.1,INDUSTRIALS,11B,135.3,113M,22.5,5.4%,4.4%,38.2%,22.8%,0.1,11.4%,high_fcf_yield,False,0,good,2026-03-01,,
219,77.7%,GVA,Granite Construction Incorporated,0.1,INDUSTRIALS,6B,137.1,84M,30.9,5.5%,3.2%,16.1%,6.1%,1.6,4.8%,low_ps,False,0,good,2026-03-31,,
220,77.6%,OPLN,"OPENLANE, Inc.",0.1,CONSUMER CYCLICAL,3B,31.4,31M,19.2,9.7%,5.2%,46.2%,10.2%,2.8,3.8%,high_fcf_yield,False,0,good,2026-03-31,,
221,77.5%,PAAS,Pan American Silver Corp.,0.1,BASIC MATERIALS,22B,52.3,307M,22.4,4.9%,4.5%,38.6%,32.7%,0.0,10.1%,low_ps,False,0,good,2026-03-31,,
222,77.4%,EHC,Encompass Health Corp,0.1,HEALTHCARE,10B,100.0,109M,17.8,4.4%,5.6%,57.8%,17.7%,0.1,8.0%,low_ps,False,0,good,2026-03-31,,
223,77.3%,OMC,Omnicom Group Inc,0.1,COMMUNICATION SERVICES,16B,76.7,342M,13.0,17.7%,-0.3%,17.3%,14.0%,4.1,-0.1%,high_fcf_yield,False,0,good,2026-03-31,,
224,77.2%,KR,Kroger Company,0.1,CONSUMER DEFENSIVE,43B,68.3,310M,42.4,8.2%,2.4%,21.0%,3.2%,0.4,2.0%,low_ps,False,0,good,2026-05-01,,
225,77.1%,JKHY,Jack Henry & Associates Inc,0.1,TECHNOLOGY,11B,153.8,167M,21.8,5.9%,4.6%,43.8%,25.9%,0.0,16.6%,high_fcf_yield,False,0,good,2026-03-01,,
226,77.0%,AGCO,AGCO Corporation,0.1,INDUSTRIALS,9B,121.0,89M,12.1,8.4%,8.3%,24.9%,6.9%,0.2,6.1%,high_earnings_yield,False,0,good,2026-03-31,,
227,76.9%,TEL,TE Connectivity Ltd,0.1,TECHNOLOGY,62B,211.7,669M,30.3,5.0%,3.3%,34.9%,18.8%,0.4,8.1%,high_fcf_yield,False,0,good,2026-03-01,,
228,76.8%,FIZZ,National Beverage Corp,0.1,CONSUMER DEFENSIVE,3B,35.2,8M,17.5,5.0%,5.7%,38.1%,20.5%,0.1,23.7%,high_earnings_yield,False,0,good,2026-04-01,,
229,76.7%,PCRX,"Pacira BioSciences, Inc.",0.1,HEALTHCARE,1B,25.5,15M,148.3,13.1%,0.7%,79.4%,2.8%,0.1,0.6%,high_fcf_yield,False,1,partial,2026-03-31,,
230,76.6%,MUSA,Murphy USA Inc,0.1,CONSUMER CYCLICAL,11B,588.0,187M,23.4,3.4%,4.3%,5.0%,3.8%,0.0,10.0%,low_ps,False,0,good,2026-03-31,,
231,76.5%,ECG,Everus Construction Group Inc,0.1,INDUSTRIALS,8B,147.4,103M,37.4,1.2%,2.7%,12.1%,7.1%,0.2,11.7%,high_fcf_yield,False,1,partial,2026-03-31,,
232,76.4%,OXY,Occidental Petroleum Corporation,0.1,ENERGY,61B,60.6,731M,26.4,6.8%,3.8%,32.1%,16.4%,0.3,2.6%,high_fcf_yield,False,0,good,2026-03-31,,
233,76.3%,EXTR,Extreme Networks Inc,0.1,TECHNOLOGY,3B,22.1,72M,322.8,4.1%,0.3%,61.3%,2.7%,0.8,0.8%,low_pe,False,1,partial,2026-03-01,,
234,76.2%,NOG,Northern Oil & Gas Inc,0.1,ENERGY,3B,27.2,68M,69.0,-10.9%,1.4%,32.2%,29.1%,0.0,0.7%,high_fcf_yield,False,0,good,2026-03-31,,
235,76.1%,VRT,Vertiv Holdings Co,0.1,INDUSTRIALS,129B,328.5,2B,96.6,1.5%,1.0%,34.8%,18.2%,0.0,10.9%,low_ps,False,0,good,2026-03-31,,
236,76.0%,ITRI,Itron Inc,0.1,TECHNOLOGY,4B,83.8,93M,12.7,10.0%,7.9%,37.7%,13.3%,2.2,8.1%,high_fcf_yield,False,1,partial,2026-03-31,,
237,75.9%,TEX,Terex Corporation,0.1,INDUSTRIALS,4B,62.2,74M,18.7,7.8%,5.4%,19.4%,8.8%,0.1,3.6%,low_ps,False,0,good,2026-03-31,,
238,75.8%,EPAM,EPAM Systems Inc,0.1,TECHNOLOGY,5B,100.4,200M,14.4,11.3%,6.9%,28.3%,9.7%,0.1,7.7%,high_fcf_yield,False,1,partial,2026-03-31,,
239,75.7%,HII,Huntington Ingalls Industries Inc,0.1,INDUSTRIALS,14B,364.3,199M,23.7,5.1%,4.2%,12.7%,5.1%,0.0,4.7%,low_ps,False,0,good,2026-03-31,,
240,75.6%,RH,RH,0.1,CONSUMER CYCLICAL,2B,120.7,108M,19.1,10.5%,5.2%,44.1%,11.4%,0.4,2.6%,high_fcf_yield,False,1,partial,2026-05-01,,
241,75.5%,PATK,Patrick Industries Inc,0.1,CONSUMER CYCLICAL,3B,93.0,61M,24.8,7.4%,4.0%,23.1%,7.0%,0.2,4.4%,low_ps,False,0,good,2026-03-31,,
242,75.4%,FOX,Fox Corp Class B,0.1,COMMUNICATION SERVICES,26B,59.0,49M,13.8,8.9%,7.3%,33.1%,19.0%,0.0,8.8%,high_fcf_yield,False,0,good,2026-03-01,,
243,75.3%,REX,REX American Resources Corporation,0.1,BASIC MATERIALS,2B,50.3,7M,20.0,3.0%,5.0%,14.4%,9.4%,0.1,10.4%,high_earnings_yield,False,1,partial,2026-05-01,,
244,75.2%,FICO,Fair Isaac Corporation,0.1,TECHNOLOGY,24B,1025.0,439M,37.0,3.0%,2.7%,82.9%,47.5%,0.8,35.5%,low_ps,False,0,good,2026-03-01,,
245,75.1%,WWW,Wolverine World Wide Inc,0.1,CONSUMER CYCLICAL,1B,15.3,17M,13.1,10.0%,7.7%,47.3%,8.0%,1.0,5.6%,high_fcf_yield,False,0,good,2026-03-31,,
246,75.0%,LZB,La-Z-Boy Incorporated,0.1,CONSUMER CYCLICAL,1B,34.5,14M,17.1,11.0%,5.8%,43.5%,5.5%,0.4,4.0%,high_fcf_yield,False,0,good,2026-04-01,,
247,74.9%,EQT,EQT Corporation,0.1,ENERGY,37B,59.9,462M,18.4,7.6%,5.4%,48.9%,34.7%,0.2,4.9%,high_fcf_yield,False,0,good,2026-03-31,,
248,74.8%,AMN,AMN Healthcare Services Inc,0.1,HEALTHCARE,1B,28.9,24M,18.3,21.1%,-8.7%,25.7%,-3.5%,0.1,-4.6%,high_fcf_yield,False,1,partial,2026-03-31,,
249,74.7%,FIVE,Five Below Inc,0.1,CONSUMER CYCLICAL,12B,218.4,229M,33.9,3.4%,3.0%,35.0%,9.6%,0.5,6.5%,low_ps,False,1,partial,2026-05-01,,
250,74.6%,INGR,Ingredion Incorporated,0.1,CONSUMER DEFENSIVE,7B,111.7,82M,9.9,5.9%,10.1%,25.3%,14.1%,0.1,9.2%,high_earnings_yield,False,0,good,2026-03-31,,
251,74.5%,CVLT,CommVault Systems Inc,0.1,TECHNOLOGY,4B,98.9,79M,49.2,4.2%,2.0%,81.4%,7.3%,0.1,4.3%,high_earnings_yield,False,1,partial,2026-03-01,,
252,74.4%,EXLS,ExlService Holdings Inc,0.1,TECHNOLOGY,5B,31.9,76M,19.9,6.0%,5.0%,38.4%,15.0%,0.1,14.7%,low_ps,False,1,partial,2026-03-31,,
253,74.3%,DY,Dycom Industries Inc,0.1,INDUSTRIALS,12B,419.7,175M,43.9,3.3%,2.3%,20.6%,12.5%,0.1,4.7%,low_ps,False,1,partial,2026-05-01,,
254,74.2%,STRA,Strategic Education Inc,0.1,CONSUMER DEFENSIVE,2B,78.4,26M,13.7,8.9%,7.3%,49.0%,14.0%,0.1,6.2%,high_fcf_yield,False,0,good,2026-03-31,,
255,74.1%,AA,Alcoa Corp,0.1,BASIC MATERIALS,17B,63.8,239M,14.8,3.3%,6.8%,13.5%,7.6%,0.0,7.1%,high_earnings_yield,False,0,good,2026-03-31,,
256,74.0%,RMD,ResMed Inc,0.1,HEALTHCARE,31B,213.8,301M,21.2,5.7%,4.7%,61.0%,33.8%,0.3,17.5%,low_ps,False,0,good,2026-03-01,,
257,73.9%,CLS,Celestica Inc.,0.1,TECHNOLOGY,47B,409.6,970M,56.8,1.0%,1.8%,11.6%,7.6%,0.1,11.6%,high_fcf_yield,False,1,partial,2026-03-31,,
258,73.8%,KBR,KBR Inc,0.1,INDUSTRIALS,5B,37.5,65M,11.5,10.1%,8.7%,14.7%,9.3%,0.2,6.3%,high_fcf_yield,False,0,good,2026-03-31,,
259,73.7%,BLDR,Builders FirstSource Inc,0.1,INDUSTRIALS,9B,79.1,227M,20.0,9.8%,5.0%,30.4%,5.2%,0.1,3.9%,high_fcf_yield,False,1,partial,2026-03-31,,
260,73.6%,DINO,HF Sinclair Corp,0.1,ENERGY,12B,67.2,174M,21.0,3.3%,4.8%,8.2%,3.4%,0.1,3.5%,low_ps,False,0,good,2026-03-31,,
261,73.5%,HAL,Halliburton Company,0.1,ENERGY,35B,42.3,501M,27.7,4.7%,3.6%,15.7%,10.2%,0.1,5.1%,low_ps,False,0,good,2026-03-31,,
262,73.4%,DXCM,DexCom Inc,0.1,HEALTHCARE,23B,59.5,381M,28.0,4.6%,3.6%,60.4%,19.6%,0.0,13.2%,low_ps,False,1,partial,2026-03-31,,
263,73.3%,COP,ConocoPhillips,0.1,ENERGY,160B,125.8,1B,20.1,2.1%,5.0%,24.6%,19.6%,0.1,6.6%,high_earnings_yield,False,0,good,2026-03-31,,
264,73.2%,VTOL,Bristow Group Inc,0.1,ENERGY,1B,49.1,13M,11.4,3.8%,8.7%,26.1%,10.6%,0.6,5.6%,high_earnings_yield,False,0,good,2026-03-31,,
265,73.1%,SFM,Sprouts Farmers Market LLC,0.1,CONSUMER DEFENSIVE,8B,81.8,190M,14.9,6.0%,6.7%,37.1%,7.9%,0.2,12.6%,low_ps,False,1,partial,2026-03-31,,
266,73.0%,JBL,Jabil Circuit Inc,0.1,TECHNOLOGY,36B,338.7,435M,45.1,3.5%,2.2%,9.0%,4.3%,0.6,3.9%,low_ps,False,0,good,2026-04-29,,
267,72.9%,ABM,ABM Industries Incorporated,0.1,INDUSTRIALS,2B,40.2,15M,15.5,13.4%,6.5%,11.5%,3.7%,0.2,3.0%,high_fcf_yield,False,0,good,2026-04-01,,
268,72.8%,FISV,"Fiserv, Inc. Common Stock",0.1,TECHNOLOGY,34B,62.6,376M,9.6,12.9%,10.4%,59.4%,26.9%,0.2,4.3%,high_fcf_yield,False,1,partial,2026-03-31,,
269,72.7%,NVR,NVR Inc,0.1,CONSUMER CYCLICAL,18B,6315.9,142M,13.8,5.9%,7.2%,22.8%,16.5%,0.0,22.9%,high_earnings_yield,False,1,partial,2026-03-31,,
270,72.6%,ATI,Allegheny Technologies Incorporated,0.1,INDUSTRIALS,22B,155.5,299M,55.4,1.5%,1.8%,22.0%,14.1%,0.1,7.9%,high_fcf_yield,False,0,good,2026-03-31,,
271,72.5%,TMUS,T-Mobile US Inc,0.1,COMMUNICATION SERVICES,215B,195.5,1B,19.6,8.4%,5.1%,54.8%,21.2%,0.5,5.0%,high_fcf_yield,False,0,good,2026-03-31,,
272,72.4%,NVS,Novartis AG ADR,0.1,HEALTHCARE,283B,147.8,203M,20.3,5.5%,4.9%,75.7%,31.3%,0.5,12.1%,high_earnings_yield,False,0,good,2026-03-31,,
273,72.3%,AG,First Majestic Silver Corp,0.1,BASIC MATERIALS,10B,19.7,248M,55.6,3.6%,1.8%,35.5%,29.0%,0.0,3.7%,low_ps,False,0,good,2026-03-31,,
274,72.2%,NXT,Nextracker Inc. Class A Common Stock,0.1,TECHNOLOGY,21B,134.5,220M,35.0,2.8%,2.9%,32.4%,20.5%,0.0,15.6%,low_ps,False,1,partial,2026-03-01,,
275,72.1%,ANAB,AnaptysBio Inc,0.1,HEALTHCARE,2B,58.7,44M,66.9,1.1%,-0.7%,99.0%,20.4%,0.0,-3.6%,low_ps,False,1,partial,2026-03-31,,
276,72.0%,IRDM,Iridium Communications Inc,0.1,COMMUNICATION SERVICES,4B,39.1,97M,36.4,7.2%,2.7%,55.0%,27.1%,0.0,4.5%,high_fcf_yield,False,0,good,2026-03-31,,
277,71.9%,MAT,Mattel Inc,0.1,CONSUMER CYCLICAL,5B,15.1,74M,11.4,9.1%,8.8%,48.8%,10.6%,1.5,6.0%,high_earnings_yield,False,0,good,2026-03-31,,
278,71.8%,UTHR,United Therapeutics Corporation,0.1,HEALTHCARE,27B,571.4,234M,20.2,3.9%,4.9%,87.9%,46.9%,0.4,16.9%,low_ps,False,1,partial,2026-03-31,,
279,71.7%,ROST,Ross Stores Inc,0.1,CONSUMER CYCLICAL,69B,211.1,479M,32.2,3.2%,3.1%,27.9%,11.9%,0.5,13.8%,low_ps,False,0,good,2026-05-01,,
280,71.6%,IDXX,IDEXX Laboratories Inc,0.1,HEALTHCARE,45B,560.8,354M,42.7,2.3%,2.3%,61.8%,31.6%,0.6,31.6%,low_ps,False,1,partial,2026-03-31,,
281,71.5%,PHM,PulteGroup Inc,0.1,CONSUMER CYCLICAL,24B,122.4,230M,10.7,7.4%,9.4%,26.8%,17.3%,0.2,12.3%,high_earnings_yield,False,0,good,2026-03-31,,
282,71.4%,CI,Cigna Corp,0.1,HEALTHCARE,77B,290.6,486M,12.9,10.9%,7.8%,9.5%,3.3%,0.1,3.8%,high_fcf_yield,False,0,good,2026-03-31,,
283,71.3%,FOXA,Fox Corp Class A,0.1,COMMUNICATION SERVICES,29B,65.9,171M,15.4,8.0%,6.5%,33.1%,19.0%,0.0,8.8%,high_fcf_yield,False,0,good,2026-03-01,,
284,71.2%,ANIP,ANI Pharmaceuticals Inc,0.1,HEALTHCARE,2B,79.3,27M,22.5,7.5%,4.4%,69.1%,12.6%,0.2,5.3%,high_fcf_yield,False,1,partial,2026-03-31,,
285,71.1%,PAHC,Phibro Animal Health Corporation,0.1,HEALTHCARE,2B,53.2,18M,23.7,2.2%,4.2%,31.9%,11.6%,0.2,6.6%,low_ps,False,0,good,2026-03-01,,
286,71.0%,MUR,Murphy Oil Corporation,0.1,ENERGY,6B,41.8,65M,57.9,3.3%,1.7%,71.9%,11.1%,0.2,1.1%,low_ps,False,0,good,2026-03-31,,
287,70.9%,BR,Broadridge Financial Solutions Inc,0.1,TECHNOLOGY,18B,154.0,207M,16.9,7.5%,5.9%,31.2%,17.3%,0.6,12.4%,high_fcf_yield,False,0,good,2026-03-01,,
288,70.8%,YUM,Yum! Brands Inc,0.1,CONSUMER CYCLICAL,45B,159.7,284M,28.6,3.7%,3.5%,46.2%,31.3%,0.0,19.0%,low_ps,False,0,good,2026-03-31,,
289,70.7%,NSSC,NAPCO Security Technologies Inc,0.1,INDUSTRIALS,2B,46.8,16M,35.2,3.2%,2.8%,56.2%,26.9%,0.1,22.3%,low_ps,False,0,good,2026-03-01,,
290,70.6%,IDCC,InterDigital Inc,0.1,TECHNOLOGY,10B,296.6,113M,25.7,5.1%,3.9%,87.6%,55.3%,1.6,19.7%,low_ps,False,0,good,2026-03-31,,
291,70.5%,ALLE,Allegion PLC,0.1,INDUSTRIALS,12B,137.5,163M,18.5,5.9%,5.4%,45.2%,21.1%,0.0,12.3%,high_earnings_yield,False,0,good,2026-03-31,,
292,70.4%,DHI,DR Horton Inc,0.1,CONSUMER CYCLICAL,44B,153.4,379M,13.3,7.8%,7.5%,23.3%,12.3%,0.4,9.6%,high_earnings_yield,False,0,good,2026-03-01,,
293,70.3%,UNFI,United Natural Foods Inc,0.1,CONSUMER DEFENSIVE,3B,50.8,28M,35.6,12.4%,-2.5%,13.3%,0.3%,0.4,-1.1%,high_fcf_yield,False,1,partial,2026-04-01,,
294,70.2%,KNX,Knight Transportation Inc,0.1,INDUSTRIALS,11B,64.9,243M,160.5,8.3%,0.6%,28.3%,3.4%,0.3,0.6%,high_fcf_yield,False,0,good,2026-03-31,,
295,70.1%,RRC,Range Resources Corp,0.1,ENERGY,10B,43.5,139M,15.6,3.7%,6.4%,35.3%,28.4%,0.0,8.9%,high_earnings_yield,False,0,good,2026-03-31,,
296,70.0%,ILMN,Illumina Inc,0.1,HEALTHCARE,20B,126.7,205M,23.0,4.8%,4.4%,67.1%,20.6%,0.9,12.8%,high_earnings_yield,False,1,partial,2026-03-31,,
297,69.9%,HNI,HNI Corp,0.1,CONSUMER CYCLICAL,2B,36.5,24M,31.8,12.2%,3.1%,40.9%,8.1%,0.5,1.1%,high_fcf_yield,False,0,good,2026-03-31,,
298,69.8%,F,Ford Motor Company,0.1,CONSUMER CYCLICAL,49B,12.1,587M,11.9,25.4%,-16.6%,6.5%,0.7%,15.7,-2.8%,high_fcf_yield,False,0,good,2026-03-31,,
299,69.7%,UFPI,Ufp Industries Inc,0.1,BASIC MATERIALS,5B,89.5,45M,17.5,5.4%,5.7%,16.8%,5.8%,0.0,7.3%,low_ps,False,0,good,2026-03-31,,
300,69.6%,GOOG,Alphabet Inc Class C,0.1,COMMUNICATION SERVICES,4.7T,381.9,7B,35.4,1.6%,2.8%,59.7%,32.0%,0.0,22.2%,low_ps,False,0,good,2026-03-31,,
301,69.5%,HSY,Hershey Co,0.1,CONSUMER DEFENSIVE,38B,185.7,357M,43.0,3.8%,2.3%,33.3%,12.1%,0.8,6.4%,low_ps,False,0,good,2026-03-31,,
302,69.4%,CNMD,CONMED Corporation,0.1,HEALTHCARE,1B,36.7,17M,23.9,13.4%,4.2%,53.0%,10.5%,0.0,2.0%,high_fcf_yield,False,0,good,2026-03-31,,
303,69.3%,GOOGL,Alphabet Inc Class A,0.1,COMMUNICATION SERVICES,4.7T,384.8,11B,35.6,1.6%,2.8%,59.7%,32.0%,0.0,22.2%,low_ps,False,0,good,2026-03-31,,
304,69.2%,TILE,Interface Inc,0.1,CONSUMER CYCLICAL,2B,28.5,16M,14.5,7.2%,6.9%,38.7%,11.8%,0.2,6.6%,high_earnings_yield,False,0,good,2026-03-31,,
305,69.1%,POWL,Powell Industries Inc,0.1,INDUSTRIALS,10B,277.3,214M,54.1,1.6%,1.8%,30.2%,20.2%,0.0,17.1%,low_ps,False,0,good,2026-03-01,,
306,69.0%,LKQ,LKQ Corporation,0.1,CONSUMER CYCLICAL,8B,31.6,99M,13.3,10.5%,7.5%,38.0%,7.8%,0.2,4.0%,high_fcf_yield,False,0,good,2026-03-31,,
307,68.9%,MHK,Mohawk Industries Inc,0.1,CONSUMER CYCLICAL,7B,105.6,110M,17.6,9.5%,5.7%,24.3%,4.8%,0.6,2.7%,high_fcf_yield,False,1,partial,2026-03-31,,
308,68.8%,ST,Sensata Technologies Holding NV,0.1,TECHNOLOGY,6B,41.6,105M,195.3,8.0%,0.5%,27.4%,14.2%,0.0,0.5%,high_fcf_yield,False,0,good,2026-03-31,,
309,68.7%,RES,RPC Inc,0.1,ENERGY,2B,7.1,17M,48.7,3.4%,2.1%,14.3%,3.5%,0.2,2.2%,low_ps,False,0,good,2026-03-31,,
310,68.6%,MATX,Matson Inc,0.1,INDUSTRIALS,5B,174.1,44M,12.0,3.6%,8.4%,22.8%,14.0%,0.3,9.3%,high_earnings_yield,False,0,good,2026-03-31,,
311,68.5%,TGT,Target Corporation,0.1,CONSUMER DEFENSIVE,56B,123.4,605M,15.2,5.2%,6.6%,27.9%,4.9%,0.6,6.2%,low_ps,False,0,good,2026-05-01,,
312,68.4%,EME,EMCOR Group Inc,0.1,INDUSTRIALS,40B,891.7,343M,31.6,3.0%,3.2%,19.6%,9.8%,0.1,13.2%,low_ps,False,0,good,2026-03-31,,
313,68.3%,RHI,Robert Half International Inc,0.1,INDUSTRIALS,3B,26.6,72M,20.0,10.0%,5.0%,36.8%,1.4%,0.5,4.7%,high_fcf_yield,False,0,good,2026-03-31,,
314,68.2%,NBIX,Neurocrine Biosciences Inc,0.1,HEALTHCARE,14B,131.7,178M,28.4,5.5%,3.5%,98.2%,21.6%,0.1,10.3%,high_fcf_yield,False,1,partial,2026-03-31,,
315,68.1%,GPI,Group 1 Automotive Inc,0.1,CONSUMER CYCLICAL,4B,356.9,55M,13.2,9.0%,7.6%,15.5%,4.2%,4.1,3.1%,high_fcf_yield,False,0,good,2026-03-31,,
316,68.0%,NXST,Nexstar Broadcasting Group Inc,0.1,COMMUNICATION SERVICES,6B,196.5,63M,56.2,12.1%,1.8%,47.1%,17.5%,0.2,1.0%,high_fcf_yield,False,0,good,2026-03-31,,
317,67.9%,EA,Electronic Arts Inc,0.1,COMMUNICATION SERVICES,51B,202.4,340M,75.3,4.5%,1.3%,78.0%,13.9%,0.6,5.1%,low_ps,False,0,good,2026-03-01,,
318,67.8%,PZZA,Papa John's International Inc,0.1,CONSUMER CYCLICAL,1B,33.0,37M,35.7,5.6%,2.8%,23.6%,4.0%,0.2,3.3%,low_ps,False,0,good,2026-03-31,,
319,67.7%,UBER,Uber Technologies Inc,0.1,TECHNOLOGY,155B,74.6,1B,15.4,6.3%,6.5%,39.8%,10.7%,0.0,16.3%,high_earnings_yield,False,1,partial,2026-03-31,,
320,67.6%,BVN,Compania de Minas Buenaventura SAA ADR,0.1,BASIC MATERIALS,8B,32.6,50M,10.6,1.3%,9.5%,49.2%,36.3%,0.0,13.0%,high_earnings_yield,False,0,good,2026-03-31,,
321,67.5%,KMB,Kimberly-Clark Corporation,0.1,CONSUMER DEFENSIVE,33B,98.4,448M,16.2,4.8%,6.2%,35.6%,14.5%,0.4,11.7%,high_earnings_yield,False,0,good,2026-03-31,,
322,67.4%,DAN,Dana Inc,0.1,CONSUMER CYCLICAL,5B,33.3,35M,86.4,6.4%,-0.7%,7.7%,-1.7%,2.7,-0.4%,low_ps,False,0,good,2026-03-31,,
323,67.3%,PKG,Packaging Corp of America,0.1,CONSUMER CYCLICAL,19B,213.4,193M,24.6,3.8%,4.1%,21.0%,13.6%,0.1,7.1%,low_ps,False,0,good,2026-03-31,,
324,67.2%,DHT,DHT Holdings Inc,0.1,ENERGY,3B,18.5,55M,14.1,-1.1%,7.1%,38.3%,45.1%,0.2,13.2%,high_fcf_yield,False,0,good,2026-03-31,,
325,67.1%,NTCT,NetScout Systems Inc,0.1,TECHNOLOGY,3B,38.9,18M,29.1,9.9%,3.4%,79.2%,12.8%,0.1,4.1%,high_fcf_yield,False,1,partial,2026-03-01,,
326,67.0%,BC,Brunswick Corporation,0.1,CONSUMER CYCLICAL,5B,79.5,57M,104.6,7.5%,-2.6%,23.8%,5.4%,1.0,-2.6%,high_earnings_yield,False,0,good,2026-03-31,,
327,66.9%,TSCO,Tractor Supply Company,0.1,CONSUMER CYCLICAL,19B,35.1,496M,16.9,4.0%,5.9%,33.2%,9.5%,0.2,10.0%,low_ps,False,0,good,2026-03-31,,
328,66.8%,DGX,Quest Diagnostics Incorporated,0.1,HEALTHCARE,22B,194.2,209M,21.9,6.2%,4.6%,33.2%,14.1%,0.7,6.1%,low_ps,False,0,good,2026-03-31,,
329,66.7%,EVTC,Evertec Inc,0.1,TECHNOLOGY,2B,29.5,13M,13.1,7.3%,7.7%,49.7%,20.0%,0.2,6.3%,high_earnings_yield,False,0,good,2026-03-31,,
330,66.6%,CNK,Cinemark Holdings Inc,0.1,COMMUNICATION SERVICES,3B,29.5,60M,24.6,5.2%,4.1%,40.7%,11.0%,0.5,3.1%,low_ps,False,0,good,2026-03-31,,
331,66.5%,KFY,Korn Ferry,0.1,INDUSTRIALS,3B,65.7,25M,12.9,8.3%,7.8%,88.2%,13.1%,0.1,6.8%,high_fcf_yield,False,0,good,2026-04-01,,
332,66.4%,RL,Ralph Lauren Corp Class A,0.1,CONSUMER CYCLICAL,20B,325.9,189M,22.1,3.4%,4.5%,69.6%,15.0%,0.2,11.8%,low_ps,False,0,good,2026-03-01,,
333,66.3%,WLY,John Wiley & Sons,0.1,COMMUNICATION SERVICES,2B,41.7,15M,14.2,8.7%,7.0%,71.0%,16.3%,0.1,6.0%,high_fcf_yield,False,0,good,2026-04-01,,
334,66.2%,CENX,Century Aluminum Company,0.1,BASIC MATERIALS,6B,54.9,79M,137.4,1.5%,0.7%,10.4%,6.6%,0.9,1.8%,high_fcf_yield,False,1,partial,2026-03-31,,
335,66.1%,WBD,Warner Bros Discovery Inc,0.1,COMMUNICATION SERVICES,67B,27.1,433M,92.7,4.6%,1.1%,40.3%,2.5%,0.0,0.7%,high_div_yield,False,0,good,2026-03-31,,
336,66.0%,DGII,Digi International Inc,0.1,TECHNOLOGY,2B,56.0,17M,50.8,5.1%,2.0%,63.0%,13.2%,0.0,4.6%,high_fcf_yield,False,1,partial,2026-03-01,,
337,65.9%,SLB,Schlumberger NV,0.1,ENERGY,86B,56.9,753M,25.7,5.6%,3.9%,18.2%,15.3%,0.5,6.1%,low_ps,False,0,good,2026-03-31,,
338,65.8%,LECO,Lincoln Electric Holdings Inc,0.1,INDUSTRIALS,15B,265.0,100M,28.2,3.6%,3.6%,36.3%,16.9%,0.4,13.8%,high_div_yield,False,0,good,2026-03-31,,
339,65.7%,XOM,Exxon Mobil Corp,0.1,ENERGY,646B,154.3,3B,22.4,3.7%,4.5%,21.7%,10.5%,0.3,6.4%,low_ps,False,0,good,2026-03-31,,
340,65.6%,PVH,PVH Corp,0.1,CONSUMER CYCLICAL,4B,91.4,88M,173.1,12.3%,0.6%,57.5%,7.3%,0.5,0.2%,high_fcf_yield,False,0,good,2026-04-29,,
341,65.5%,NOW,ServiceNow Inc,0.1,TECHNOLOGY,92B,88.3,3B,52.5,5.0%,1.9%,77.5%,13.7%,0.0,6.7%,low_ps,False,1,partial,2026-03-31,,
342,65.4%,LPG,Dorian LPG Ltd,0.1,ENERGY,2B,41.9,18M,14.8,7.4%,6.8%,50.1%,35.0%,1.1,6.8%,high_fcf_yield,False,0,good,2026-03-01,,
343,65.3%,ALG,Alamo Group Inc,0.1,INDUSTRIALS,2B,173.4,33M,20.2,7.0%,4.9%,24.8%,9.5%,0.1,6.5%,low_ps,False,0,good,2026-03-31,,
344,65.2%,CSGS,CSG Systems International Inc,0.1,TECHNOLOGY,2B,80.4,23M,41.6,6.1%,2.4%,48.3%,13.6%,0.0,3.6%,low_ps,False,0,good,2026-03-31,,
345,65.1%,VRSK,Verisk Analytics Inc,0.1,INDUSTRIALS,25B,184.5,359M,27.5,4.8%,3.6%,67.3%,44.6%,1.8,14.7%,low_ps,False,0,good,2026-03-31,,
346,65.0%,URBN,Urban Outfitters Inc,0.1,CONSUMER CYCLICAL,6B,69.6,79M,13.7,5.5%,7.3%,36.0%,9.9%,0.4,9.3%,high_earnings_yield,False,1,partial,2026-05-01,,
347,64.9%,FDX,FedEx Corporation,0.1,INDUSTRIALS,90B,369.7,609M,20.0,4.9%,5.0%,24.4%,6.5%,0.5,4.7%,low_ps,False,0,good,2026-04-29,,
348,64.8%,TXRH,Texas Roadhouse Inc,0.1,CONSUMER CYCLICAL,12B,177.1,199M,28.9,2.9%,3.5%,15.0%,8.2%,1.4,11.4%,low_ps,False,0,good,2026-03-31,,
349,64.7%,NFG,National Fuel Gas Company,0.1,ENERGY,8B,84.4,77M,12.3,2.5%,8.1%,51.5%,42.3%,0.9,7.1%,high_earnings_yield,False,0,good,2026-03-01,,
350,64.6%,GRBK,Green Brick Partners Inc,0.1,CONSUMER CYCLICAL,3B,67.4,13M,9.4,7.1%,10.7%,30.5%,19.5%,0.1,12.3%,high_earnings_yield,False,1,partial,2026-03-31,,
351,64.5%,UPS,United Parcel Service Inc,0.1,INDUSTRIALS,92B,108.8,654M,16.6,5.2%,6.0%,18.2%,9.0%,0.2,7.6%,low_ps,False,0,good,2026-03-31,,
352,64.4%,CPB,Campbell’s Co,0.1,CONSUMER DEFENSIVE,6B,20.3,142M,11.1,10.9%,9.0%,29.3%,12.1%,0.6,3.6%,high_fcf_yield,False,0,good,2026-04-01,,
353,64.3%,FLEX,Flex Ltd,0.1,TECHNOLOGY,34B,91.5,709M,40.2,3.4%,2.5%,9.1%,4.9%,0.8,4.1%,high_div_yield,False,0,good,2026-03-01,,
354,64.3%,PEP,PepsiCo Inc,0.1,CONSUMER DEFENSIVE,217B,158.5,883M,28.3,4.7%,3.5%,54.0%,12.9%,1.0,7.1%,low_ps,False,0,good,2026-03-31,,
355,64.2%,QRVO,Qorvo Inc,0.1,TECHNOLOGY,9B,94.2,105M,25.6,6.8%,3.9%,44.4%,10.9%,0.0,5.5%,high_fcf_yield,False,1,partial,2026-03-01,,
356,64.1%,GPN,Global Payments Inc,0.1,INDUSTRIALS,17B,72.0,229M,12.3,11.8%,8.1%,69.4%,23.5%,1.4,2.6%,high_fcf_yield,False,0,good,2026-03-31,,
357,64.0%,ORLY,O’Reilly Automotive Inc,0.1,CONSUMER CYCLICAL,84B,99.4,510M,33.0,1.9%,3.0%,51.6%,19.5%,0.1,15.3%,high_fcf_yield,False,1,partial,2026-03-31,,
358,63.9%,SANM,Sanmina Corporation,0.1,TECHNOLOGY,12B,217.8,237M,52.3,4.3%,1.9%,8.5%,4.1%,0.8,2.3%,low_ps,False,1,partial,2026-03-01,,
359,63.8%,MKSI,MKS Instruments Inc,0.1,TECHNOLOGY,20B,283.8,405M,68.4,2.5%,1.5%,45.2%,13.7%,0.1,3.4%,high_div_yield,False,0,good,2026-03-31,,
360,63.7%,CMG,Chipotle Mexican Grill Inc,0.1,CONSUMER CYCLICAL,44B,34.0,605M,28.8,3.3%,3.5%,25.4%,16.9%,0.1,17.1%,low_pe,False,1,partial,2026-03-31,,
361,63.6%,CNH,CNH Industrial N.V.,0.1,INDUSTRIALS,13B,10.7,159M,26.1,10.7%,3.8%,31.6%,15.6%,2.9,1.2%,high_fcf_yield,False,0,good,2026-03-31,,
362,63.5%,OTIS,Otis Worldwide Corp,0.1,INDUSTRIALS,30B,77.9,333M,21.9,4.8%,4.6%,30.3%,14.8%,0.9,13.0%,low_ps,False,0,good,2026-03-31,,
363,63.4%,EIX,Edison International,0.1,UTILITIES,27B,69.5,202M,5.8,-2.7%,17.2%,31.3%,27.1%,1.0,4.9%,high_earnings_yield,False,0,good,2026-03-31,,
364,63.3%,CVCO,Cavco Industries Inc,0.1,CONSUMER CYCLICAL,4B,458.1,63M,19.8,5.6%,5.0%,23.4%,9.8%,0.0,12.5%,low_ps,False,1,partial,2026-03-01,,
365,63.2%,NHC,National HealthCare Corporation,0.1,HEALTHCARE,3B,196.3,20M,25.8,4.8%,3.9%,46.4%,8.1%,0.2,7.9%,low_ps,False,0,good,2026-03-31,,
366,63.1%,URI,United Rentals Inc,0.1,INDUSTRIALS,61B,959.8,573M,24.5,1.1%,4.1%,35.4%,24.7%,0.5,8.4%,high_fcf_yield,False,0,good,2026-03-31,,
367,63.0%,OGN,Organon & Co,0.1,HEALTHCARE,3B,13.2,222M,18.6,11.6%,5.4%,53.6%,20.0%,0.1,1.5%,high_fcf_yield,False,0,good,2026-03-31,,
368,62.9%,LNN,Lindsay Corporation,0.1,INDUSTRIALS,1B,108.1,19M,19.5,6.3%,5.1%,30.0%,10.6%,0.0,7.0%,low_ps,False,0,good,2026-04-29,,
369,62.8%,SKY,Skyline Corporation,0.1,CONSUMER CYCLICAL,4B,65.6,40M,17.4,7.0%,5.7%,26.3%,9.8%,0.6,10.1%,low_ps,False,0,good,2026-03-01,,
370,62.7%,GGG,Graco Inc,0.1,INDUSTRIALS,13B,80.3,117M,25.9,4.7%,3.9%,52.5%,27.3%,0.1,15.9%,low_ps,False,0,good,2026-03-31,,
371,62.6%,SFL,SFL Corporation Ltd,0.1,INDUSTRIALS,2B,12.5,13M,27.6,13.2%,-1.6%,33.2%,23.7%,3.0,-0.7%,high_fcf_yield,False,0,good,2026-03-31,,
372,62.5%,SYY,Sysco Corporation,0.1,CONSUMER DEFENSIVE,36B,74.7,321M,20.0,5.4%,5.0%,18.5%,3.7%,0.6,6.6%,low_ps,False,0,good,2026-03-01,,
373,62.4%,AYI,Acuity Brands Inc,0.1,INDUSTRIALS,9B,282.6,90M,20.6,6.3%,4.8%,48.7%,13.4%,0.0,9.4%,low_ps,False,0,good,2026-04-29,,
374,62.3%,TJX,The TJX Companies Inc,0.1,CONSUMER CYCLICAL,169B,150.2,737M,30.8,2.9%,3.3%,31.1%,12.0%,0.4,15.4%,low_ps,False,0,good,2026-05-01,,
375,62.2%,CAKE,The Cheesecake Factory,0.1,CONSUMER CYCLICAL,3B,62.9,83M,20.5,5.1%,4.9%,78.3%,5.0%,1.1,4.6%,low_ps,False,0,good,2026-03-31,,
376,62.1%,ECO,Okeanis Eco Tankers Corp.,0.1,INDUSTRIALS,2B,55.8,21M,15.3,3.5%,6.5%,49.4%,41.5%,0.9,10.2%,high_earnings_yield,False,0,good,2026-03-31,,
377,62.0%,GIS,General Mills Inc,0.1,CONSUMER DEFENSIVE,18B,33.5,300M,8.2,9.1%,12.2%,33.0%,19.1%,2.0,6.8%,high_earnings_yield,False,0,good,2026-04-29,,
378,61.9%,PBH,Prestige Brand Holdings Inc,0.1,HEALTHCARE,2B,46.6,34M,12.0,11.9%,8.3%,56.4%,29.2%,0.0,5.3%,high_fcf_yield,False,1,partial,2026-03-01,,
379,61.8%,SNX,Synnex Corporation,0.1,TECHNOLOGY,18B,227.9,152M,18.5,6.8%,5.4%,6.8%,2.6%,1.2,2.8%,low_ps,False,0,good,2026-04-29,,
380,61.7%,IPAR,Inter Parfums Inc,0.1,CONSUMER DEFENSIVE,3B,91.2,22M,17.4,5.8%,5.8%,63.6%,18.2%,0.5,10.6%,high_earnings_yield,False,0,good,2026-03-31,,
381,61.6%,STZ,Constellation Brands Inc Class A,0.1,CONSUMER DEFENSIVE,27B,156.6,265M,16.1,6.6%,6.2%,51.7%,31.3%,0.6,7.7%,high_earnings_yield,False,0,good,2026-04-29,,
382,61.5%,AXTA,Axalta Coating Systems Ltd,0.1,BASIC MATERIALS,6B,28.4,60M,16.1,7.4%,6.2%,32.5%,14.8%,0.1,5.0%,high_fcf_yield,False,1,partial,2026-03-31,,
383,61.4%,CVX,Chevron Corp,0.1,ENERGY,384B,193.3,2B,31.2,4.2%,3.2%,30.4%,9.0%,0.1,3.8%,low_ps,False,0,good,2026-03-31,,
384,61.3%,BMI,Badger Meter Inc,0.1,TECHNOLOGY,4B,120.9,99M,25.1,4.8%,4.0%,41.7%,20.0%,0.0,14.5%,high_div_yield,False,0,good,2026-03-31,,
385,61.2%,SPSC,SPS Commerce Inc,0.1,TECHNOLOGY,2B,56.1,29M,22.5,7.2%,4.4%,67.9%,15.7%,0.0,8.0%,high_fcf_yield,False,1,partial,2026-03-31,,
386,61.1%,ARCB,ArcBest Corp,0.1,INDUSTRIALS,3B,127.4,41M,47.4,4.5%,2.1%,5.4%,2.3%,0.8,2.5%,low_ps,False,0,good,2026-03-31,,
387,61.0%,SCCO,Southern Copper Corporation,0.1,BASIC MATERIALS,141B,171.7,240M,32.5,2.4%,3.1%,56.7%,52.2%,0.0,20.3%,low_ps,False,0,good,2026-03-31,,
388,60.9%,CMC,Commercial Metals Company,0.1,INDUSTRIALS,8B,70.1,61M,15.5,5.0%,6.4%,17.7%,8.4%,0.1,5.3%,low_ps,False,0,good,2026-04-29,,
389,60.8%,TTEK,Tetra Tech Inc,0.1,INDUSTRIALS,8B,32.3,102M,24.0,5.9%,4.2%,20.0%,10.8%,0.1,8.3%,low_ps,False,0,good,2026-03-01,,
390,60.7%,JAZZ,Jazz Pharmaceuticals PLC,0.1,HEALTHCARE,13B,203.0,210M,14.5,9.1%,-2.7%,88.2%,5.3%,14.8,-3.1%,high_fcf_yield,False,1,partial,2026-03-31,,
391,60.6%,AROC,Archrock Inc,0.1,ENERGY,7B,38.8,59M,21.0,1.8%,4.8%,61.2%,38.0%,0.0,7.4%,high_fcf_yield,False,0,good,2026-03-31,,
392,60.5%,IQV,IQVIA Holdings Inc,0.1,HEALTHCARE,27B,158.4,297M,19.8,7.0%,5.1%,26.3%,14.0%,1.1,4.5%,high_fcf_yield,False,1,partial,2026-03-31,,
393,60.4%,CACI,CACI International Inc,0.1,TECHNOLOGY,12B,519.5,176M,22.2,5.4%,4.5%,9.2%,9.2%,0.1,5.8%,low_ps,False,1,partial,2026-03-01,,
394,60.3%,GWW,WW Grainger Inc,0.0,INDUSTRIALS,60B,1265.0,323M,35.1,2.2%,2.8%,39.1%,13.9%,0.1,19.0%,high_fcf_yield,False,0,good,2026-03-31,,
395,60.2%,DRI,Darden Restaurants Inc,0.0,CONSUMER CYCLICAL,23B,193.8,187M,20.5,5.3%,4.9%,44.0%,11.6%,0.3,8.6%,low_ps,False,0,good,2026-04-29,,
396,60.1%,AWI,Armstrong World Industries Inc,0.0,INDUSTRIALS,7B,170.4,76M,23.8,3.5%,4.2%,40.6%,26.6%,0.1,16.0%,high_div_yield,False,0,good,2026-03-31,,
397,60.0%,EGO,Eldorado Gold Corp,0.0,BASIC MATERIALS,6B,31.1,134M,12.2,-3.0%,8.2%,46.4%,40.0%,0.1,7.6%,high_fcf_yield,False,0,good,2026-03-31,,
398,59.9%,CTS,CTS Corporation,0.0,TECHNOLOGY,2B,57.1,16M,25.4,5.2%,3.9%,38.3%,15.4%,0.2,8.5%,high_div_yield,False,0,good,2026-03-31,,
399,59.8%,BDC,Belden Inc,0.0,TECHNOLOGY,4B,112.5,63M,18.7,4.9%,5.4%,36.5%,12.1%,0.0,6.7%,low_ps,False,0,good,2026-03-31,,
400,59.7%,EPAC,Enerpac Tool Group Corp,0.0,INDUSTRIALS,2B,33.9,13M,20.9,6.2%,4.8%,48.6%,20.5%,0.1,10.8%,high_fcf_yield,False,0,good,2026-04-29,,
401,59.6%,CASY,Caseys General Stores Inc,0.0,CONSUMER CYCLICAL,32B,855.9,308M,49.0,2.1%,2.0%,23.9%,6.3%,0.1,7.6%,low_ps,False,0,good,2026-04-01,,
402,59.5%,VMI,Valmont Industries Inc,0.0,INDUSTRIALS,10B,508.0,109M,30.8,3.2%,3.3%,30.2%,10.3%,0.0,9.6%,low_ps,False,0,good,2026-03-31,,
403,59.4%,PSX,Phillips 66,0.0,ENERGY,72B,179.2,424M,16.4,3.8%,6.1%,4.9%,2.5%,0.3,6.0%,low_ps,False,0,good,2026-03-31,,
404,59.3%,UFPT,UFP Technologies Inc,0.0,HEALTHCARE,1B,191.6,51M,21.9,5.3%,4.6%,28.3%,15.3%,0.3,10.3%,low_ps,False,1,partial,2026-03-31,,
405,59.2%,CHDN,Churchill Downs Incorporated,0.0,CONSUMER CYCLICAL,7B,101.0,105M,18.5,6.3%,5.4%,33.6%,23.4%,0.1,5.1%,high_fcf_yield,False,0,good,2026-03-31,,
406,59.1%,BIIB,Biogen Inc,0.0,HEALTHCARE,28B,189.3,203M,21.7,7.3%,4.6%,70.5%,19.1%,0.0,4.4%,high_fcf_yield,False,1,partial,2026-03-31,,
407,59.0%,SEM,Select Medical Holdings,0.0,HEALTHCARE,2B,16.4,23M,13.9,5.8%,7.2%,10.9%,6.2%,0.5,2.5%,low_ps,False,0,good,2026-03-31,,
408,58.9%,AIT,Applied Industrial Technologies,0.0,INDUSTRIALS,12B,305.8,82M,28.8,3.9%,3.5%,30.0%,11.2%,0.0,12.8%,low_ps,False,0,good,2026-03-01,,
409,58.8%,ADEA,ADEIA CORP,0.0,TECHNOLOGY,4B,31.9,58M,32.4,4.1%,3.1%,86.9%,45.4%,0.2,10.7%,low_ps,False,0,good,2026-03-31,,
410,58.7%,TKR,Timken Company,0.0,INDUSTRIALS,8B,110.9,108M,27.0,5.2%,3.7%,28.7%,12.4%,0.1,4.3%,low_ps,False,0,good,2026-03-31,,
411,58.6%,MSA,MSA Safety,0.0,INDUSTRIALS,6B,166.4,44M,23.3,4.6%,4.3%,46.5%,21.4%,0.0,10.9%,high_earnings_yield,False,0,good,2026-03-31,,
412,58.5%,MMS,Maximus Inc,0.0,INDUSTRIALS,3B,59.7,54M,8.8,6.7%,11.3%,23.5%,10.8%,0.2,8.8%,high_earnings_yield,False,0,good,2026-03-01,,
413,58.4%,KEX,Kirby Corporation,0.0,INDUSTRIALS,8B,146.6,98M,25.9,5.1%,3.9%,25.8%,12.5%,0.1,5.0%,low_ps,False,1,partial,2026-03-31,,
414,58.3%,COR,Cencora Inc.,0.0,HEALTHCARE,60B,308.0,597M,37.0,6.0%,2.7%,3.3%,1.2%,0.2,2.1%,low_ps,False,0,good,2026-03-01,,
415,58.2%,EXP,Eagle Materials Inc,0.0,BASIC MATERIALS,6B,196.6,80M,14.8,3.6%,6.7%,28.3%,24.6%,0.0,11.2%,high_earnings_yield,False,0,good,2026-03-01,,
416,58.1%,XPO,XPO Logistics Inc,0.0,INDUSTRIALS,26B,220.1,268M,82.9,1.2%,1.2%,12.0%,8.8%,0.2,3.9%,high_fcf_yield,False,1,partial,2026-03-31,,
417,58.0%,MRK,Merck & Company Inc,0.0,HEALTHCARE,270B,109.2,974M,14.8,4.6%,6.8%,74.2%,41.1%,0.2,13.3%,high_earnings_yield,False,0,good,2026-03-31,,
418,57.9%,ALB,Albemarle Corp,0.0,BASIC MATERIALS,23B,196.7,390M,31.6,3.0%,-2.2%,13.1%,1.7%,0.2,-3.1%,high_earnings_yield,False,0,good,2026-03-31,,
419,57.8%,TRGP,Targa Resources Inc,0.0,ENERGY,59B,274.7,313M,32.0,1.0%,3.1%,26.5%,20.1%,0.3,7.3%,high_fcf_yield,False,0,good,2026-03-31,,
420,57.7%,RRX,Regal Beloit Corporation,0.0,INDUSTRIALS,13B,188.2,263M,45.0,7.1%,2.2%,37.6%,11.6%,0.1,2.0%,high_fcf_yield,False,0,good,2026-03-31,,
421,57.6%,FLS,Flowserve Corporation,0.0,INDUSTRIALS,9B,73.6,228M,27.4,4.6%,3.7%,34.6%,12.2%,0.2,6.1%,low_ps,False,0,good,2026-03-31,,
422,57.5%,ALGT,Allegiant Travel Company,0.0,INDUSTRIALS,1B,75.6,45M,16.5,5.4%,-3.2%,29.5%,2.1%,0.8,-1.1%,high_earnings_yield,False,0,good,2026-03-31,,
423,57.4%,ENSG,The Ensign Group Inc,0.0,HEALTHCARE,11B,186.7,96M,32.3,3.3%,3.1%,13.7%,8.4%,0.2,6.3%,low_ps,False,0,good,2026-03-31,,
424,57.3%,FANG,Diamondback Energy Inc,0.0,ENERGY,58B,205.6,501M,34.9,2.3%,2.9%,35.1%,32.8%,0.2,2.3%,high_fcf_yield,False,0,good,2026-03-31,,
425,57.2%,HLT,Hilton Worldwide Holdings Inc,0.0,CONSUMER CYCLICAL,75B,324.1,549M,51.6,2.6%,1.9%,41.1%,22.4%,0.1,8.7%,low_ps,False,0,good,2026-03-31,,
426,57.1%,GILD,Gilead Sciences Inc,0.0,HEALTHCARE,163B,129.7,821M,19.1,5.8%,5.2%,80.8%,37.4%,0.2,14.4%,high_earnings_yield,False,0,good,2026-03-31,,
427,57.0%,OSW,OneSpaWorld Holdings Ltd,0.0,CONSUMER CYCLICAL,3B,24.7,21M,35.2,2.7%,2.8%,13.9%,9.1%,0.0,10.1%,low_ps,False,0,good,2026-03-31,,
428,56.9%,SSD,Simpson Manufacturing Company Inc,0.0,BASIC MATERIALS,8B,190.7,64M,22.9,3.7%,4.4%,45.9%,19.6%,0.1,11.2%,high_div_yield,False,0,good,2026-03-31,,
429,56.8%,AVY,Avery Dennison Corp,0.0,CONSUMER CYCLICAL,13B,163.9,108M,18.3,5.6%,5.5%,28.8%,12.5%,0.8,7.8%,low_ps,False,0,good,2026-03-31,,
430,56.7%,CPRX,Catalyst Pharmaceuticals Inc,0.0,HEALTHCARE,4B,31.2,95M,18.5,5.2%,5.4%,85.2%,43.8%,0.0,19.4%,low_ps,False,1,partial,2026-03-31,,
431,56.6%,DIOD,Diodes Incorporated,0.0,TECHNOLOGY,4B,94.8,73M,66.2,3.1%,1.5%,31.2%,2.4%,0.3,2.7%,low_ps,False,1,partial,2026-03-31,,
432,56.5%,HD,The Home Depot Inc,0.0,CONSUMER CYCLICAL,299B,299.8,1B,21.1,4.2%,4.7%,33.3%,12.7%,0.8,13.5%,low_ps,False,0,good,2026-05-01,,
433,56.4%,CXT,Crane NXT Co,0.0,INDUSTRIALS,3B,44.7,30M,17.9,7.7%,5.6%,42.5%,15.3%,0.8,4.7%,high_fcf_yield,False,0,good,2026-03-31,,
434,56.3%,KMT,Kennametal Inc,0.0,INDUSTRIALS,3B,38.7,55M,27.1,3.3%,3.7%,31.1%,8.3%,0.1,4.2%,low_ps,False,0,good,2026-03-01,,
435,56.2%,RAMP,Liveramp Holdings Inc,0.0,TECHNOLOGY,2B,37.8,50M,35.3,7.0%,2.8%,70.4%,7.1%,0.1,5.4%,high_fcf_yield,False,1,partial,2026-03-01,,
436,56.1%,POST,Post Holdings Inc,0.0,CONSUMER DEFENSIVE,5B,99.6,84M,16.9,8.1%,5.9%,26.3%,10.4%,0.0,2.5%,high_fcf_yield,False,0,good,2026-03-01,,
437,56.0%,LH,Laboratory Corporation of America Holdings,0.0,HEALTHCARE,21B,256.8,196M,24.3,5.7%,4.1%,28.2%,10.7%,0.6,4.8%,low_ps,False,0,good,2026-03-31,,
438,55.9%,FAST,Fastenal Company,0.0,INDUSTRIALS,52B,44.9,272M,41.1,2.0%,2.4%,45.0%,20.2%,0.1,24.9%,low_ps,False,0,good,2026-03-31,,
439,55.8%,ODFL,Old Dominion Freight Line Inc,0.0,INDUSTRIALS,44B,212.4,446M,43.4,2.1%,2.3%,32.2%,24.8%,0.0,18.3%,low_ps,False,0,good,2026-03-31,,
440,55.7%,MTZ,MasTec Inc,0.0,INDUSTRIALS,31B,394.1,403M,77.8,0.7%,1.3%,11.8%,5.3%,0.4,3.9%,high_fcf_yield,False,1,partial,2026-03-31,,
441,55.6%,ITW,Illinois Tool Works Inc,0.0,INDUSTRIALS,75B,258.0,370M,24.3,3.6%,4.1%,44.0%,26.3%,1.0,19.0%,high_earnings_yield,False,0,good,2026-03-31,,
442,55.5%,JJSF,J & J Snack Foods Corp,0.0,CONSUMER DEFENSIVE,2B,88.3,22M,27.2,5.0%,3.7%,30.1%,5.4%,0.1,4.7%,low_ps,False,0,good,2026-03-01,,
443,55.4%,PCAR,PACCAR Inc,0.0,INDUSTRIALS,63B,118.8,354M,26.4,4.8%,3.8%,16.2%,10.4%,1.2,5.4%,low_ps,False,0,good,2026-03-31,,
444,55.3%,CMI,Cummins Inc,0.0,INDUSTRIALS,93B,671.0,586M,32.8,2.6%,3.1%,25.3%,11.9%,0.3,8.4%,low_ps,False,0,good,2026-03-31,,
445,55.2%,LFUS,Littelfuse Inc,0.0,TECHNOLOGY,10B,404.2,148M,74.0,3.6%,-0.7%,38.0%,1.6%,0.8,-1.8%,high_earnings_yield,False,0,good,2026-03-31,,
446,55.1%,FBIN,Fortune Brands Innovations Inc.,0.0,INDUSTRIALS,4B,33.7,101M,13.6,9.1%,7.4%,44.5%,11.6%,1.4,4.6%,high_fcf_yield,False,0,good,2026-03-31,,
447,55.0%,PRLB,Proto Labs Inc,0.0,INDUSTRIALS,2B,64.8,12M,74.1,4.0%,1.3%,44.5%,4.9%,0.0,2.8%,low_ps,False,1,partial,2026-03-31,,
448,54.9%,NTR,Nutrien Ltd,0.0,BASIC MATERIALS,35B,71.6,201M,15.2,5.7%,6.6%,31.1%,13.4%,0.5,4.3%,low_ps,False,0,good,2026-03-31,,
449,54.8%,COLM,Columbia Sportswear Company,0.0,CONSUMER CYCLICAL,3B,60.9,40M,18.8,6.5%,5.3%,50.2%,6.0%,0.3,6.1%,low_ps,False,0,good,2026-03-31,,
450,54.7%,ADSK,Autodesk Inc,0.0,TECHNOLOGY,52B,243.5,427M,46.4,4.6%,2.2%,92.0%,23.4%,0.0,9.0%,low_ps,False,1,partial,2026-05-01,,
451,54.6%,CLH,Clean Harbors Inc,0.0,INDUSTRIALS,17B,312.7,177M,42.4,2.7%,2.4%,29.5%,11.2%,0.1,5.1%,high_div_yield,False,0,good,2026-03-31,,
452,54.5%,TSEM,Tower Semiconductor Ltd,0.0,TECHNOLOGY,28B,248.1,547M,128.5,-0.2%,0.8%,23.2%,12.4%,0.1,6.6%,low_ps,False,1,partial,2026-03-31,,
453,54.4%,SHOO,Steven Madden Ltd,0.0,CONSUMER CYCLICAL,3B,37.6,43M,60.4,4.4%,1.7%,41.4%,3.2%,0.6,2.3%,low_ps,False,0,good,2026-03-31,,
454,54.3%,WTS,Watts Water Technologies Inc,0.0,INDUSTRIALS,10B,300.2,92M,29.5,3.5%,3.4%,49.5%,18.5%,0.0,11.8%,high_div_yield,False,0,good,2026-03-31,,
455,54.2%,NOC,Northrop Grumman Corporation,0.0,INDUSTRIALS,83B,579.5,525M,19.7,4.0%,5.1%,19.8%,10.2%,0.1,8.1%,low_ps,False,0,good,2026-03-31,,
456,54.1%,HSIC,Henry Schein Inc,0.0,HEALTHCARE,9B,74.6,122M,21.8,6.5%,4.6%,29.1%,5.8%,1.7,3.5%,low_ps,False,1,partial,2026-03-31,,
457,54.0%,LSTR,Landstar System Inc,0.0,INDUSTRIALS,6B,184.1,86M,54.5,3.4%,1.8%,16.3%,3.2%,0.4,7.0%,low_ps,False,0,good,2026-03-31,,
458,53.9%,GEN,Gen Digital Inc.,0.0,TECHNOLOGY,15B,24.3,159M,24.6,10.2%,4.1%,77.7%,36.9%,0.2,3.8%,high_fcf_yield,False,0,good,2026-03-01,,
459,53.8%,MSFT,Microsoft Corporation,0.0,TECHNOLOGY,3.0T,407.8,15B,25.5,2.5%,3.9%,68.6%,46.7%,0.1,17.9%,low_ps,False,0,good,2026-03-01,,
460,53.7%,APH,Amphenol Corporation,0.0,TECHNOLOGY,190B,147.3,1B,44.5,2.3%,2.2%,36.9%,25.9%,0.3,11.8%,low_ps,False,0,good,2026-03-31,,
461,53.6%,PNR,Pentair PLC,0.0,INDUSTRIALS,13B,80.7,182M,20.2,5.6%,4.9%,40.5%,20.5%,0.0,9.5%,high_earnings_yield,False,0,good,2026-03-31,,
462,53.5%,AMAT,Applied Materials Inc,0.0,TECHNOLOGY,330B,413.6,3B,42.2,1.9%,2.4%,48.7%,29.1%,0.0,20.8%,low_ps,False,0,good,2026-04-01,,
463,53.4%,PODD,Insulet Corporation,0.0,HEALTHCARE,12B,172.1,274M,48.9,3.1%,2.0%,71.6%,17.5%,0.1,7.7%,high_fcf_yield,False,1,partial,2026-03-31,,
464,53.3%,AEIS,Advanced Energy Industries Inc,0.0,INDUSTRIALS,16B,383.9,306M,109.2,0.8%,0.9%,38.2%,9.8%,5.0,5.8%,low_ps,False,0,good,2026-03-31,,
465,53.2%,OC,Owens Corning Inc,0.0,INDUSTRIALS,10B,123.3,148M,31.5,6.2%,-5.3%,28.3%,8.8%,1.1,-4.0%,high_earnings_yield,False,0,good,2026-03-31,,
466,53.1%,PAG,Penske Automotive Group Inc,0.0,CONSUMER CYCLICAL,11B,171.5,54M,12.1,5.2%,8.3%,16.4%,4.0%,5.3,5.1%,high_earnings_yield,False,0,good,2026-03-31,,
467,53.0%,INTU,Intuit Inc,0.0,TECHNOLOGY,113B,403.2,1B,26.1,6.0%,3.8%,81.2%,27.1%,0.2,12.7%,high_fcf_yield,False,0,good,2026-04-01,,
468,52.9%,FELE,Franklin Electric Co Inc,0.0,INDUSTRIALS,4B,99.9,34M,30.4,4.3%,3.3%,35.5%,12.8%,0.2,7.6%,low_ps,False,0,good,2026-03-31,,
469,52.8%,EFX,Equifax Inc,0.0,INDUSTRIALS,21B,173.9,336M,31.8,5.4%,3.1%,44.6%,18.0%,1.1,5.6%,high_fcf_yield,False,0,good,2026-03-31,,
470,52.7%,AMZN,Amazon.com Inc,0.0,CONSUMER CYCLICAL,2.9T,265.1,12B,37.1,0.3%,2.7%,50.3%,11.2%,0.0,9.5%,high_fcf_yield,False,0,good,2026-03-31,,
471,52.6%,TTD,Trade Desk Inc,0.0,COMMUNICATION SERVICES,11B,22.3,460M,24.0,7.4%,4.2%,78.6%,20.3%,0.1,7.2%,high_fcf_yield,False,1,partial,2026-03-31,,
472,52.5%,SW,Smurfit WestRock plc,0.0,CONSUMER CYCLICAL,21B,38.4,216M,29.6,5.8%,3.4%,19.4%,7.1%,0.1,1.5%,low_ps,False,0,good,2026-03-31,,
473,52.4%,CRM,Salesforce.com Inc,0.0,TECHNOLOGY,169B,179.5,2B,22.6,8.5%,4.4%,77.7%,21.5%,0.7,6.6%,high_fcf_yield,False,0,good,2026-05-01,,
474,52.3%,OPCH,Option Care Health Inc,0.0,HEALTHCARE,3B,20.3,95M,15.5,6.3%,6.5%,18.1%,6.0%,0.0,6.0%,low_ps,False,1,partial,2026-03-31,,
475,52.2%,ZBH,Zimmer Biomet Holdings Inc,0.0,HEALTHCARE,16B,82.4,246M,22.9,8.0%,4.4%,69.7%,15.0%,0.5,3.1%,high_fcf_yield,False,0,good,2026-03-31,,
476,52.1%,LHX,L3Harris Technologies Inc,0.0,INDUSTRIALS,60B,320.6,526M,37.6,4.4%,2.7%,24.1%,9.9%,0.2,3.9%,low_ps,False,0,good,2026-03-31,,
477,52.0%,WDAY,Workday Inc,0.0,TECHNOLOGY,34B,128.9,608M,49.0,8.2%,2.0%,75.7%,8.9%,0.1,3.8%,high_fcf_yield,False,1,partial,2026-05-01,,
478,51.9%,CAT,Caterpillar Inc,0.0,INDUSTRIALS,415B,890.1,2B,46.7,1.8%,2.1%,32.3%,16.6%,1.7,9.0%,low_ps,False,0,good,2026-03-31,,
479,51.8%,GMED,Globus Medical,0.0,HEALTHCARE,11B,78.9,123M,20.3,5.3%,4.9%,67.4%,16.3%,0.0,10.1%,high_earnings_yield,False,1,partial,2026-03-31,,
480,51.7%,HLX,Helix Energy Solutions Group Inc,0.0,ENERGY,2B,10.3,24M,49.4,7.9%,2.0%,12.3%,5.0%,0.3,1.1%,high_fcf_yield,False,1,partial,2026-03-31,,
481,51.6%,BMRN,Biomarin Pharmaceutical Inc,0.0,HEALTHCARE,11B,53.9,105M,30.5,6.8%,3.3%,77.1%,16.6%,0.0,4.6%,high_fcf_yield,False,1,partial,2026-03-31,,
482,51.5%,APG,Api Group Corp,0.0,INDUSTRIALS,20B,45.7,144M,65.9,3.3%,1.5%,29.2%,6.1%,0.1,3.4%,low_ps,False,1,partial,2026-03-31,,
483,51.4%,FIS,Fidelity National Information Services Inc,0.0,TECHNOLOGY,22B,43.4,270M,58.7,12.5%,1.7%,38.1%,17.5%,2.2,1.1%,high_fcf_yield,False,0,good,2026-03-31,,
484,51.3%,J,Jacobs Solutions Inc.,0.0,INDUSTRIALS,15B,129.4,161M,35.3,5.7%,2.8%,24.4%,7.3%,0.1,3.8%,low_ps,False,0,good,2026-03-01,,
485,51.2%,WOR,Worthington Industries Inc,0.0,INDUSTRIALS,3B,54.3,8M,23.9,5.7%,4.2%,27.7%,6.0%,0.1,6.1%,low_ps,False,0,good,2026-04-29,,
486,51.1%,REGN,Regeneron Pharmaceuticals Inc,0.0,HEALTHCARE,76B,707.1,663M,16.9,5.4%,5.9%,85.4%,24.9%,0.0,11.1%,high_earnings_yield,False,0,good,2026-03-31,,
487,51.0%,BKR,Baker Hughes Co,0.0,ENERGY,69B,69.4,577M,26.7,3.7%,3.7%,23.6%,12.8%,0.4,6.3%,low_ps,False,0,good,2026-03-31,,
488,50.9%,SNA,Snap-On Inc,0.0,INDUSTRIALS,20B,383.4,166M,19.9,5.0%,5.0%,51.7%,25.8%,0.0,12.1%,high_earnings_yield,False,0,good,2026-03-31,,
489,50.8%,CRS,Carpenter Technology Corporation,0.0,INDUSTRIALS,22B,428.2,290M,49.5,1.5%,2.0%,28.9%,20.3%,0.0,12.4%,low_ps,False,0,good,2026-03-01,,
490,50.7%,DOCN,DigitalOcean Holdings Inc,0.0,TECHNOLOGY,11B,96.4,524M,41.6,0.3%,2.4%,59.9%,17.4%,1.9,14.1%,low_ps,False,1,partial,2026-03-31,,
491,50.6%,TREX,Trex Company Inc,0.0,INDUSTRIALS,4B,38.2,83M,21.1,-2.9%,4.7%,39.2%,22.0%,0.9,12.8%,high_fcf_yield,False,1,partial,2026-03-31,,
492,50.5%,BALL,Ball Corporation,0.0,CONSUMER CYCLICAL,16B,61.1,177M,17.9,4.8%,5.6%,14.8%,9.6%,0.0,4.7%,low_ps,False,0,good,2026-03-31,,
493,50.4%,HAS,Hasbro Inc,0.0,CONSUMER CYCLICAL,13B,93.7,172M,24.1,6.2%,-2.4%,70.3%,22.5%,4.4,-5.8%,high_earnings_yield,False,0,good,2026-03-31,,
494,50.3%,NRG,NRG Energy Inc.,0.0,UTILITIES,32B,155.1,403M,37.3,2.4%,2.7%,21.8%,6.0%,0.0,3.0%,low_ps,False,0,good,2026-03-31,,
495,50.2%,ABBV,AbbVie Inc,0.0,HEALTHCARE,375B,211.3,1B,88.7,4.7%,1.1%,70.2%,26.7%,1.0,3.2%,low_ps,False,0,good,2026-03-31,,
496,50.1%,GD,General Dynamics Corporation,0.0,INDUSTRIALS,94B,344.3,517M,22.4,4.2%,4.5%,15.1%,10.2%,0.4,7.4%,low_ps,False,0,good,2026-03-31,,
497,50.0%,ATEN,A10 Network,0.0,TECHNOLOGY,2B,26.7,29M,47.5,3.2%,2.1%,79.3%,16.2%,0.1,6.7%,low_ps,False,0,good,2026-03-31,,
498,50.0%,LPX,Louisiana-Pacific Corporation,0.0,INDUSTRIALS,5B,72.2,115M,34.6,1.8%,2.9%,21.8%,8.3%,0.0,5.6%,low_ps,False,0,good,2026-03-31,,
499,48.3%,HLIT,Harmonic Inc,-0.0,TECHNOLOGY,1B,12.5,16M,24.2,6.9%,-3.1%,53.9%,5.4%,0.3,-6.0%,high_earnings_yield,False,1,partial,2026-03-31,,
500,48.2%,BOOT,Boot Barn Holdings Inc,-0.0,CONSUMER CYCLICAL,4B,141.1,96M,19.8,2.1%,5.1%,38.3%,13.4%,0.2,9.1%,low_ps,False,1,partial,2026-03-01,,
501,48.1%,MWA,Mueller Water Products,-0.0,INDUSTRIALS,4B,27.9,35M,22.0,4.0%,4.5%,37.0%,18.9%,0.0,10.8%,high_earnings_yield,False,0,good,2026-03-01,,
502,48.0%,OKE,ONEOK Inc,-0.0,ENERGY,58B,91.4,361M,17.0,4.2%,5.9%,21.5%,20.7%,0.5,5.1%,low_ps,False,0,good,2026-03-31,,
503,47.9%,SAIA,Saia Inc,-0.0,INDUSTRIALS,12B,448.8,192M,47.2,0.2%,2.1%,19.9%,10.9%,0.0,7.3%,high_fcf_yield,False,1,partial,2026-03-31,,
504,47.8%,PWR,Quanta Services Inc,-0.0,INDUSTRIALS,111B,727.8,880M,107.6,1.5%,0.9%,13.0%,5.8%,0.7,4.1%,high_fcf_yield,False,0,good,2026-03-31,,
505,47.7%,MSM,MSC Industrial Direct Company Inc,-0.0,INDUSTRIALS,6B,104.7,66M,28.3,3.7%,3.5%,40.8%,8.4%,1.6,8.4%,low_ps,False,0,good,2026-04-29,,
506,47.6%,TXT,Textron Inc,-0.0,INDUSTRIALS,17B,96.0,135M,18.4,4.6%,5.4%,16.9%,8.4%,0.0,5.1%,low_ps,False,0,good,2026-03-31,,
507,47.5%,CVI,CVR Energy Inc,-0.0,ENERGY,3B,33.1,31M,123.4,-1.5%,0.8%,4.4%,2.3%,0.1,0.7%,high_fcf_yield,False,0,good,2026-03-31,,
508,47.4%,KLAC,KLA Corporation,-0.0,TECHNOLOGY,231B,1750.3,2B,50.6,1.9%,2.0%,61.9%,42.4%,0.0,27.3%,low_ps,False,0,good,2026-03-01,,
509,47.3%,DCI,Donaldson Company Inc,-0.0,INDUSTRIALS,10B,82.5,49M,25.7,3.6%,3.9%,34.4%,13.4%,0.0,12.4%,low_ps,False,0,good,2026-04-01,,
510,47.2%,GLW,Corning Incorporated,-0.0,TECHNOLOGY,142B,164.2,2B,88.8,1.0%,1.1%,35.9%,14.7%,0.5,5.2%,low_ps,False,0,good,2026-03-31,,
511,47.1%,SCHL,Scholastic Corporation,-0.0,COMMUNICATION SERVICES,1B,40.4,23M,16.6,2.1%,6.0%,52.3%,1.9%,0.4,3.5%,low_ps,False,0,good,2026-04-29,,
512,47.0%,DLB,Dolby Laboratories,-0.0,INDUSTRIALS,6B,64.1,43M,25.5,6.2%,3.9%,87.9%,18.8%,0.0,7.5%,high_fcf_yield,False,0,good,2026-03-01,,
513,46.9%,KN,Knowles Cor,-0.0,TECHNOLOGY,3B,31.2,35M,61.9,3.0%,1.6%,41.3%,13.2%,0.0,4.2%,high_earnings_yield,False,1,partial,2026-03-31,,
514,46.8%,LII,Lennox International Inc,-0.0,INDUSTRIALS,19B,534.9,246M,23.8,3.4%,4.2%,33.0%,19.5%,0.5,19.3%,high_div_yield,False,0,good,2026-03-31,,
515,46.7%,PSMT,PriceSmart Inc,-0.0,CONSUMER DEFENSIVE,5B,162.9,38M,32.2,1.7%,3.1%,17.6%,4.5%,0.3,6.3%,low_ps,False,0,good,2026-04-29,,
516,46.6%,CDW,CDW Corp,-0.0,TECHNOLOGY,18B,136.9,255M,16.6,6.1%,6.0%,21.7%,7.4%,1.2,6.7%,low_ps,False,0,good,2026-03-31,,
517,46.5%,WM,Waste Management Inc,-0.0,INDUSTRIALS,94B,232.6,464M,34.7,3.0%,2.9%,29.1%,18.3%,0.2,5.9%,high_div_yield,False,0,good,2026-03-31,,
518,46.4%,VLTO,Veralto Corporation,-0.0,INDUSTRIALS,22B,88.2,179M,23.4,4.6%,4.3%,59.9%,23.2%,1.0,12.2%,high_div_yield,False,0,good,2026-03-31,,
519,46.3%,HUBB,Hubbell Inc,-0.0,INDUSTRIALS,27B,508.2,323M,30.3,3.2%,3.3%,35.5%,20.9%,0.4,10.9%,high_div_yield,False,0,good,2026-03-31,,
520,46.2%,CRI,Carter’s Inc,-0.0,CONSUMER CYCLICAL,1B,36.1,45M,14.0,5.4%,7.2%,45.4%,5.0%,0.7,3.6%,low_ps,False,0,good,2026-03-31,,
521,46.1%,FCX,Freeport-McMoran Copper & Gold Inc,-0.0,BASIC MATERIALS,83B,57.8,984M,38.0,1.4%,2.6%,27.0%,24.4%,0.1,3.8%,high_fcf_yield,False,0,good,2026-03-31,,
522,46.0%,ADUS,Addus HomeCare Corporation,-0.0,HEALTHCARE,2B,96.9,27M,18.7,5.8%,5.4%,32.5%,9.7%,0.1,6.7%,low_ps,False,1,partial,2026-03-31,,
523,45.9%,WMT,Walmart Inc.,-0.0,CONSUMER DEFENSIVE,1.1T,133.3,2B,48.8,1.4%,2.1%,24.9%,4.2%,0.5,7.7%,low_ps,False,0,good,2026-05-01,,
524,45.8%,EMN,Eastman Chemical Company,-0.0,BASIC MATERIALS,8B,73.1,90M,17.7,5.0%,5.6%,21.1%,10.7%,0.9,3.2%,low_ps,False,0,good,2026-03-31,,
525,45.7%,HWKN,Hawkins Inc,-0.0,BASIC MATERIALS,3B,155.7,29M,39.4,2.7%,2.5%,22.9%,11.5%,0.1,8.4%,high_div_yield,False,0,good,2026-03-01,,
526,45.6%,BWXT,BWX Technologies Inc,-0.0,INDUSTRIALS,20B,216.4,223M,60.4,1.5%,1.7%,22.9%,11.3%,0.0,7.7%,high_fcf_yield,False,0,good,2026-03-31,,
527,45.5%,QTWO,Q2 Holdings,-0.0,TECHNOLOGY,3B,50.8,56M,66.0,5.1%,1.5%,54.1%,5.2%,6.3,4.1%,high_fcf_yield,False,1,partial,2026-03-31,,
528,45.4%,CRL,Charles River Laboratories,-0.0,HEALTHCARE,7B,149.9,153M,585.8,7.1%,-2.0%,32.9%,10.7%,0.1,-2.0%,low_pe,False,1,partial,2026-03-31,,
529,45.3%,CHD,Church & Dwight Company Inc,-0.0,CONSUMER DEFENSIVE,23B,97.1,196M,31.4,4.7%,3.2%,44.7%,17.4%,0.0,8.3%,high_div_yield,False,0,good,2026-03-31,,
530,45.2%,SQM,Sociedad Quimica y Minera de Chile SA ADR B,-0.0,BASIC MATERIALS,24B,82.7,103M,40.0,1.9%,2.5%,29.6%,23.9%,0.7,4.1%,high_fcf_yield,False,0,good,2026-03-31,,
531,45.1%,TER,Teradyne Inc,-0.0,TECHNOLOGY,54B,343.5,1B,97.7,0.8%,1.0%,58.3%,20.9%,0.5,13.3%,low_ps,False,0,good,2026-03-31,,
532,45.0%,PG,Procter & Gamble Company,-0.0,CONSUMER DEFENSIVE,355B,147.1,1B,21.6,4.2%,4.6%,50.7%,23.6%,0.9,12.9%,high_earnings_yield,False,0,good,2026-03-01,,
533,44.9%,DKS,Dick’s Sporting Goods Inc,-0.0,CONSUMER CYCLICAL,19B,210.4,198M,22.5,2.8%,4.4%,32.9%,7.5%,0.7,4.9%,low_ps,False,0,good,2026-05-01,,
534,44.8%,ACM,Aecom Technology Corporation,-0.0,INDUSTRIALS,10B,71.5,97M,20.3,6.5%,4.9%,7.7%,6.4%,0.2,3.9%,low_ps,False,0,good,2026-03-01,,
535,44.7%,ZWS,Zurn Elkay Water Solutions Corporation,-0.0,INDUSTRIALS,9B,52.0,64M,44.5,3.6%,2.2%,43.4%,16.8%,0.0,7.4%,high_div_yield,False,0,good,2026-03-31,,
536,44.6%,PAYC,"Paycom Software, Inc.",-0.0,TECHNOLOGY,6B,126.8,127M,14.3,6.3%,7.0%,80.8%,27.6%,0.0,6.0%,high_earnings_yield,False,0,good,2026-03-31,,
537,44.5%,CTVA,Corteva Inc,-0.0,BASIC MATERIALS,55B,81.0,271M,49.9,5.2%,2.0%,46.4%,14.8%,0.6,2.6%,high_fcf_yield,False,0,good,2026-03-31,,
538,44.4%,ON,ON Semiconductor Corporation,-0.0,TECHNOLOGY,40B,100.8,1B,328.3,3.1%,0.3%,32.8%,2.3%,0.0,1.0%,low_pe,False,1,partial,2026-03-31,,
539,44.3%,PFE,Pfizer Inc,-0.0,HEALTHCARE,150B,26.3,989M,19.4,6.0%,5.2%,70.3%,24.7%,0.4,3.7%,high_fcf_yield,False,0,good,2026-03-31,,
540,44.2%,THO,Thor Industries Inc,-0.0,CONSUMER CYCLICAL,4B,73.8,45M,13.0,5.8%,7.7%,13.5%,3.3%,0.1,4.3%,low_ps,False,0,good,2026-04-01,,
541,44.1%,BIO,Bio-Rad Laboratories Inc,-0.0,HEALTHCARE,8B,280.1,122M,9.9,5.0%,10.1%,51.9%,8.9%,0.0,7.2%,high_earnings_yield,False,1,partial,2026-03-31,,
542,44.0%,AMGN,Amgen Inc,-0.0,HEALTHCARE,187B,346.2,910M,24.3,4.3%,4.1%,70.5%,28.0%,0.5,8.5%,high_earnings_yield,False,0,good,2026-03-31,,
543,43.9%,FFIV,F5 Networks Inc,-0.0,TECHNOLOGY,19B,323.9,277M,26.3,4.6%,3.8%,81.4%,24.7%,0.0,11.2%,low_ps,False,1,partial,2026-03-01,,
544,43.8%,AZO,AutoZone Inc,-0.0,CONSUMER CYCLICAL,58B,3365.7,890M,23.5,2.8%,4.2%,51.9%,18.1%,0.1,12.0%,low_ps,False,1,partial,2026-04-29,,
545,43.7%,DXPE,DXP Enterprises Inc,-0.0,INDUSTRIALS,2B,145.9,36M,26.9,2.3%,3.7%,31.5%,8.8%,0.2,5.3%,low_ps,False,1,partial,2026-03-31,,
546,43.6%,SBUX,Starbucks Corporation,-0.0,CONSUMER CYCLICAL,120B,105.3,786M,88.0,1.9%,1.1%,20.6%,9.0%,0.8,4.2%,high_fcf_yield,False,0,good,2026-03-01,,
547,43.5%,UGI,UGI Corporation,-0.0,UTILITIES,8B,34.5,70M,12.8,3.7%,7.8%,49.0%,14.6%,1.3,3.8%,high_earnings_yield,False,0,good,2026-03-01,,
548,43.4%,DIS,Walt Disney Company,-0.0,COMMUNICATION SERVICES,184B,103.8,923M,15.0,3.8%,6.7%,37.3%,14.2%,1.1,6.1%,high_earnings_yield,False,0,good,2026-03-01,,
549,43.3%,PTC,PTC Inc,-0.0,TECHNOLOGY,16B,136.3,207M,19.7,5.5%,5.1%,84.2%,38.0%,0.1,12.7%,high_earnings_yield,False,1,partial,2026-03-01,,
550,43.2%,ATR,AptarGroup Inc,-0.0,HEALTHCARE,8B,123.2,69M,21.2,3.6%,4.7%,29.6%,13.5%,0.9,7.5%,low_ps,False,0,good,2026-03-31,,
551,43.1%,RPM,RPM International Inc,-0.0,BASIC MATERIALS,12B,97.1,84M,18.6,4.6%,5.4%,41.4%,12.0%,0.0,8.4%,low_ps,False,0,good,2026-04-29,,
552,43.0%,LAD,Lithia Motors Inc,-0.0,CONSUMER CYCLICAL,7B,289.6,87M,8.3,3.2%,12.1%,15.2%,4.1%,4.5,3.3%,high_earnings_yield,False,0,good,2026-03-31,,
553,42.9%,HP,Helmerich and Payne Inc,-0.0,ENERGY,4B,40.4,49M,7.1,4.5%,-7.8%,13.3%,-0.5%,0.0,-4.9%,high_earnings_yield,False,0,good,2026-03-01,,
554,42.8%,LRN,Stride Inc,-0.0,CONSUMER DEFENSIVE,4B,97.2,78M,14.0,4.7%,7.2%,39.3%,16.0%,0.1,13.8%,high_earnings_yield,False,1,partial,2026-03-01,,
555,42.7%,MMSI,Merit Medical Systems Inc,-0.0,HEALTHCARE,4B,68.2,56M,31.8,5.1%,3.1%,48.7%,12.8%,0.0,4.8%,low_ps,False,1,partial,2026-03-31,,
556,42.6%,EQX,Equinox Gold Corp,-0.0,BASIC MATERIALS,9B,14.0,119M,39.0,-0.1%,2.6%,25.0%,23.8%,0.4,2.1%,high_fcf_yield,False,0,good,2026-03-31,,
557,42.5%,CVS,CVS Health Corp,-0.0,HEALTHCARE,107B,83.3,700M,60.3,7.3%,1.7%,13.8%,1.2%,1.0,0.7%,low_ps,False,0,good,2026-03-31,,
558,42.4%,ACIW,ACI Worldwide Inc,-0.0,TECHNOLOGY,5B,42.8,34M,20.2,6.5%,5.0%,49.0%,18.7%,0.2,7.3%,high_fcf_yield,False,1,partial,2026-03-31,,
559,42.3%,ROL,Rollins Inc,-0.0,CONSUMER CYCLICAL,27B,55.7,161M,51.3,2.4%,2.0%,51.9%,19.3%,0.5,16.8%,low_ps,False,0,good,2026-03-31,,
560,42.2%,PAYX,Paychex Inc,-0.0,TECHNOLOGY,34B,94.5,286M,20.8,6.3%,4.8%,73.9%,36.9%,0.3,9.3%,high_fcf_yield,False,0,good,2026-04-29,,
561,42.1%,GPK,Graphic Packaging Holding Company,-0.0,CONSUMER CYCLICAL,3B,9.5,76M,6.4,-2.9%,15.7%,18.7%,10.1%,0.8,3.8%,high_earnings_yield,False,0,good,2026-03-31,,
562,42.0%,KMI,Kinder Morgan Inc,-0.0,ENERGY,72B,32.6,390M,23.7,5.0%,4.2%,43.7%,28.4%,0.3,4.1%,high_earnings_yield,False,0,good,2026-03-31,,
563,41.9%,ALHC,Alignment Healthcare LLC,-0.0,HEALTHCARE,5B,22.5,90M,,1.9%,-0.0%,12.4%,0.4%,0.0,-0.1%,low_ps,False,2,partial,2026-03-31,,
564,41.8%,JNJ,Johnson & Johnson,-0.0,HEALTHCARE,562B,229.8,2B,21.0,3.5%,4.8%,67.9%,27.4%,0.4,13.5%,low_ps,False,0,good,2026-03-31,,
565,41.7%,CHH,Choice Hotels International Inc,-0.0,CONSUMER CYCLICAL,5B,99.1,73M,12.4,2.7%,8.1%,46.2%,28.4%,0.0,12.7%,high_earnings_yield,False,0,good,2026-03-31,,
566,41.6%,GHC,Graham Holdings Co,-0.0,CONSUMER DEFENSIVE,5B,1122.5,19M,16.8,5.5%,6.0%,27.6%,5.2%,1.0,3.5%,low_ps,False,0,good,2026-03-31,,
567,41.5%,COHR,Coherent Inc,-0.0,TECHNOLOGY,50B,319.7,2B,169.4,-0.2%,0.6%,36.4%,10.7%,0.2,1.9%,low_ps,False,1,partial,2026-03-01,,
568,41.4%,ZBRA,Zebra Technologies Corporation,-0.0,TECHNOLOGY,13B,260.1,189M,31.4,6.3%,3.2%,47.3%,14.5%,0.3,4.9%,high_fcf_yield,False,1,partial,2026-03-31,,
569,41.3%,FSS,Federal Signal Corporation,-0.0,INDUSTRIALS,8B,123.1,54M,30.7,3.0%,3.3%,28.5%,16.3%,0.0,10.3%,high_div_yield,False,0,good,2026-03-31,,
570,41.2%,IBM,International Business Machines,-0.0,TECHNOLOGY,217B,229.3,2B,20.5,5.1%,4.9%,58.8%,17.3%,0.8,7.0%,high_earnings_yield,False,0,good,2026-03-31,,
571,41.1%,CAG,ConAgra Foods Inc,-0.0,CONSUMER DEFENSIVE,7B,13.8,188M,9.3,12.7%,-0.7%,24.2%,12.3%,1.0,-0.2%,high_fcf_yield,False,0,good,2026-04-29,,
572,41.0%,GEV,GE Vernova LLC,-0.0,INDUSTRIALS,295B,1083.5,3B,60.3,1.3%,1.7%,19.9%,3.7%,0.0,7.8%,low_ps,False,0,good,2026-03-31,,
573,40.9%,OLN,Olin Corporation,-0.0,BASIC MATERIALS,3B,27.1,56M,53.3,8.0%,-1.4%,7.4%,0.2%,0.3,-0.6%,low_ps,False,0,good,2026-03-31,,
574,40.8%,HUBG,Hub Group Inc,-0.0,INDUSTRIALS,2B,38.2,28M,21.9,4.9%,4.6%,48.7%,3.8%,0.7,3.6%,low_ps,False,0,good,2025-11-29,,
575,40.7%,SHW,Sherwin-Williams Co,-0.0,BASIC MATERIALS,80B,321.6,591M,31.1,3.3%,3.2%,48.9%,16.1%,0.8,9.9%,high_div_yield,False,0,good,2026-03-31,,
576,40.6%,BRC,Brady Corporation,-0.0,INDUSTRIALS,4B,84.4,28M,19.7,4.2%,5.1%,50.9%,16.4%,0.1,11.2%,high_earnings_yield,False,0,good,2026-04-01,,
577,40.5%,WST,West Pharmaceutical Services Inc,-0.0,HEALTHCARE,22B,297.6,307M,43.6,2.2%,2.3%,35.9%,20.1%,0.0,11.6%,low_ps,False,0,good,2026-03-31,,
578,40.4%,WWD,Woodward Inc,-0.0,INDUSTRIALS,22B,363.0,335M,45.6,1.8%,2.2%,27.9%,14.6%,1.2,10.3%,high_fcf_yield,False,0,good,2026-03-01,,
579,40.3%,STLD,Steel Dynamics Inc,-0.0,BASIC MATERIALS,33B,228.7,280M,27.9,1.5%,3.6%,13.1%,8.1%,0.0,7.2%,low_ps,False,0,good,2026-03-31,,
580,40.2%,MHO,M/I Homes Inc,-0.0,CONSUMER CYCLICAL,3B,131.5,32M,8.7,3.6%,11.5%,23.0%,11.5%,0.5,8.4%,high_earnings_yield,False,0,good,2026-03-31,,
581,40.1%,KALU,Kaiser Aluminum Corporation,-0.0,BASIC MATERIALS,3B,170.4,54M,25.5,-0.9%,3.9%,10.4%,5.6%,0.0,4.4%,high_fcf_yield,False,0,good,2026-03-31,,
582,40.0%,GEHC,GE HealthCare Technologies Inc.,-0.0,HEALTHCARE,28B,60.8,417M,16.5,5.4%,6.0%,43.5%,13.3%,0.3,4.6%,low_ps,False,0,good,2026-03-31,,
583,39.9%,POR,Portland General Electric Co,-0.0,UTILITIES,6B,51.9,64M,18.8,-1.2%,5.3%,45.4%,16.8%,0.0,2.3%,high_fcf_yield,False,0,good,2026-03-31,,
584,39.8%,ITT,ITT Inc,-0.0,INDUSTRIALS,19B,214.3,152M,38.6,2.9%,2.6%,35.4%,17.4%,0.6,7.7%,high_div_yield,False,0,good,2026-03-31,,
585,39.7%,EBAY,eBay Inc,-0.0,CONSUMER CYCLICAL,47B,103.5,775M,23.3,3.0%,4.3%,71.5%,20.5%,0.5,11.5%,high_earnings_yield,False,0,good,2026-03-31,,
586,39.6%,MLKN,MillerKnoll Inc,-0.0,CONSUMER CYCLICAL,1B,14.7,12M,93.9,8.2%,1.1%,38.7%,5.6%,0.4,0.3%,low_ps,False,0,good,2026-04-29,,
587,39.5%,AAOI,Applied Opt,-0.0,TECHNOLOGY,13B,173.3,2B,20.5,-2.9%,-0.3%,30.0%,-12.0%,7.0,-3.3%,low_ps,False,1,partial,2026-03-31,,
588,39.4%,WDFC,WD-40 Company,-0.0,BASIC MATERIALS,3B,204.2,35M,34.5,3.0%,2.9%,55.7%,16.5%,0.3,16.9%,high_fcf_yield,False,0,good,2026-04-29,,
589,39.3%,NUE,Nucor Corp,-0.0,BASIC MATERIALS,52B,225.3,361M,29.6,-0.4%,3.4%,11.9%,8.2%,0.1,5.0%,high_fcf_yield,False,0,good,2026-03-31,,
590,39.2%,SGI,Somnigroup International Inc.,-0.0,CONSUMER CYCLICAL,13B,62.2,215M,34.5,4.8%,2.9%,42.8%,10.2%,0.6,3.3%,low_ps,False,0,good,2026-03-31,,
591,39.1%,EL,Estee Lauder Companies Inc,-0.0,CONSUMER DEFENSIVE,28B,76.7,284M,125.5,4.1%,-0.6%,74.4%,7.3%,0.3,-0.9%,high_earnings_yield,False,0,good,2026-03-01,,
592,39.0%,USPH,"U.S. Physical Therapy, Inc.",-0.0,HEALTHCARE,1B,71.2,15M,70.1,5.6%,1.4%,22.2%,13.4%,0.6,1.3%,low_ps,False,0,good,2026-03-31,,
593,38.9%,TT,Trane Technologies plc,-0.0,INDUSTRIALS,110B,492.5,626M,37.7,2.6%,2.7%,36.2%,18.6%,0.3,13.6%,high_fcf_yield,False,0,good,2026-03-31,,
594,38.8%,ACLS,Axcelis Technologies Inc,-0.0,TECHNOLOGY,5B,146.2,127M,39.3,2.3%,2.5%,44.9%,14.2%,0.0,8.8%,high_fcf_yield,False,1,partial,2026-03-31,,
595,38.7%,ABT,Abbott Laboratories,-0.0,HEALTHCARE,159B,90.8,1B,24.3,4.7%,4.1%,55.5%,18.2%,0.5,7.5%,high_earnings_yield,False,0,good,2026-03-31,,
596,38.6%,BHE,Benchmark Electronics Inc,-0.0,TECHNOLOGY,3B,82.0,40M,119.8,2.9%,0.8%,10.0%,4.0%,0.0,1.2%,low_ps,False,0,good,2026-03-31,,
597,38.5%,FUL,H B Fuller Company,-0.0,BASIC MATERIALS,3B,58.2,27M,20.2,4.5%,4.9%,32.0%,11.3%,0.0,3.1%,low_ps,False,0,good,2026-04-29,,
598,38.4%,SCI,Service Corporation International,-0.0,CONSUMER CYCLICAL,11B,81.0,117M,20.9,5.3%,4.8%,26.5%,22.8%,0.1,2.9%,low_ps,False,0,good,2026-03-31,,
599,38.3%,EXPO,Exponent Inc,-0.0,INDUSTRIALS,3B,66.9,30M,31.6,3.6%,3.2%,40.1%,20.6%,0.0,13.1%,low_ps,False,0,good,2026-03-31,,
600,38.2%,UNP,Union Pacific Corporation,-0.0,INDUSTRIALS,160B,269.5,822M,22.4,3.4%,4.5%,45.7%,40.1%,0.2,10.2%,low_ps,False,0,good,2026-03-31,,
601,38.1%,BF-B,Brown-Forman Corporation,-0.0,CONSUMER DEFENSIVE,12B,26.2,115M,15.4,5.9%,6.5%,59.5%,28.4%,1.1,9.7%,high_earnings_yield,False,0,good,2026-04-01,,
602,38.0%,SWK,Stanley Black & Decker Inc,-0.0,INDUSTRIALS,12B,78.2,179M,29.6,5.8%,3.4%,29.9%,8.0%,1.7,1.9%,low_ps,False,0,good,2026-03-31,,
603,37.9%,DOV,Dover Corporation,-0.0,INDUSTRIALS,31B,226.4,216M,28.1,3.6%,3.6%,39.8%,17.0%,0.8,8.2%,high_div_yield,False,0,good,2026-03-31,,
604,37.8%,OI,O-I Glass Inc,-0.0,CONSUMER CYCLICAL,1B,9.1,29M,5.4,12.1%,-9.3%,17.2%,9.5%,0.4,-1.4%,high_earnings_yield,False,0,good,2026-03-31,,
605,37.7%,MSI,Motorola Solutions Inc,-0.0,TECHNOLOGY,69B,410.3,458M,32.0,3.7%,3.1%,50.2%,25.1%,0.5,11.1%,low_ps,False,0,good,2026-03-31,,
606,37.6%,ROK,Rockwell Automation Inc,-0.1,INDUSTRIALS,46B,408.9,344M,46.8,2.7%,2.1%,50.2%,18.2%,1.1,8.8%,low_ps,False,0,good,2026-03-01,,
607,37.5%,PH,Parker-Hannifin Corporation,-0.1,INDUSTRIALS,116B,907.4,715M,32.8,2.9%,3.0%,37.3%,21.0%,0.9,11.6%,low_ps,False,0,good,2026-03-01,,
608,37.4%,KAI,Kadant Inc,-0.1,INDUSTRIALS,3B,293.1,63M,33.9,4.5%,2.9%,45.2%,14.9%,0.0,6.0%,high_div_yield,False,0,good,2026-03-31,,
609,37.3%,NWSA,News Corp A,-0.1,COMMUNICATION SERVICES,15B,26.3,111M,13.7,4.4%,7.3%,85.5%,12.1%,0.0,7.0%,high_earnings_yield,False,0,good,2026-03-01,,
610,37.2%,RTX,Raytheon Technologies Corp,-0.1,INDUSTRIALS,240B,176.1,1B,35.7,3.3%,2.8%,20.1%,10.0%,0.5,3.9%,low_ps,False,0,good,2026-03-31,,
611,37.1%,WEX,Wex Inc,-0.1,TECHNOLOGY,5B,150.3,111M,17.3,5.7%,5.8%,57.8%,25.0%,2.8,2.1%,high_earnings_yield,False,1,partial,2026-03-31,,
612,37.0%,TSN,Tyson Foods Inc,-0.1,CONSUMER DEFENSIVE,23B,64.1,191M,113.4,4.9%,0.9%,6.0%,1.7%,0.8,0.6%,low_ps,False,0,good,2026-03-01,,
613,36.9%,NVDA,NVIDIA Corporation,-0.1,TECHNOLOGY,5.4T,222.3,31B,45.2,1.8%,2.2%,71.1%,60.4%,0.0,58.1%,low_ps,False,0,good,2026-05-01,,
614,36.8%,XYZ,"Block, Inc",-0.1,TECHNOLOGY,42B,70.6,390M,32.4,5.7%,3.1%,42.8%,7.1%,1.4,3.3%,low_ps,False,1,partial,2026-03-31,,
615,36.7%,CXW,CoreCivic Inc,-0.1,INDUSTRIALS,2B,20.5,21M,18.3,2.5%,5.5%,23.5%,13.0%,0.1,3.6%,low_ps,False,0,good,2026-03-31,,
616,36.6%,FTV,Fortive Corp,-0.1,TECHNOLOGY,19B,59.8,198M,32.3,5.2%,3.1%,61.0%,17.7%,1.5,4.9%,high_div_yield,False,0,good,2026-03-31,,
617,36.5%,CTAS,Cintas Corporation,-0.1,INDUSTRIALS,71B,174.5,340M,36.6,2.5%,2.7%,50.4%,23.0%,0.2,18.9%,low_ps,False,0,good,2026-04-29,,
618,36.4%,AVNT,Avient Corp,-0.1,BASIC MATERIALS,3B,33.5,21M,37.6,6.3%,2.7%,31.7%,6.4%,0.0,1.4%,low_ps,False,0,good,2026-03-31,,
619,36.3%,GEF,Greif Bros Corporation,-0.1,CONSUMER CYCLICAL,4B,62.9,14M,3.8,-4.8%,26.7%,22.7%,4.1%,1.2,17.1%,high_earnings_yield,False,0,good,2026-04-01,,
620,36.2%,MKC,McCormick & Company Incorporated,-0.1,CONSUMER DEFENSIVE,13B,46.7,173M,7.7,5.1%,13.1%,37.9%,15.5%,2.1,10.1%,high_earnings_yield,False,0,good,2026-04-29,,
621,36.1%,HON,Honeywell International Inc,-0.1,INDUSTRIALS,137B,214.3,918M,28.9,3.9%,3.5%,36.9%,17.5%,1.6,6.4%,low_pe,False,0,good,2026-03-31,,
622,36.0%,IOSP,Innospec Inc,-0.1,BASIC MATERIALS,2B,79.1,16M,16.8,4.5%,5.9%,27.7%,8.7%,0.1,6.4%,low_ps,False,0,good,2026-03-31,,
623,35.9%,NDSN,Nordson Corporation,-0.1,INDUSTRIALS,16B,276.8,94M,29.7,4.2%,3.4%,55.2%,25.9%,0.1,8.8%,low_ps,False,0,good,2026-04-01,,
624,35.8%,STE,STERIS plc,-0.1,HEALTHCARE,21B,212.9,154M,29.7,4.4%,3.4%,44.1%,17.2%,0.0,6.7%,high_div_yield,False,0,good,2026-03-01,,
625,35.7%,ALGN,Align Technology Inc,-0.1,HEALTHCARE,13B,176.0,195M,30.7,3.2%,3.3%,67.3%,13.6%,0.0,6.6%,low_ps,False,1,partial,2026-03-31,,
626,35.7%,VCYT,Veracyte Inc,-0.1,HEALTHCARE,3B,32.9,37M,40.3,4.7%,2.5%,70.6%,9.0%,0.0,4.7%,low_ps,False,1,partial,2026-03-31,,
627,35.6%,RMBS,Rambus Inc,-0.1,TECHNOLOGY,13B,115.1,383M,54.8,2.6%,1.8%,76.0%,36.8%,0.0,15.1%,low_ps,False,1,partial,2026-03-31,,
628,35.5%,HQY,HealthEquity Inc,-0.1,HEALTHCARE,7B,83.0,70M,33.8,5.6%,3.0%,69.5%,24.6%,0.0,6.3%,high_fcf_yield,False,1,partial,2026-05-01,,
629,35.4%,BCPC,Balchem Corporation,-0.1,BASIC MATERIALS,5B,161.6,36M,34.2,3.3%,2.9%,35.7%,20.9%,0.0,9.1%,high_div_yield,False,0,good,2026-03-31,,
630,35.3%,RS,Reliance Steel & Aluminum Co,-0.1,BASIC MATERIALS,19B,362.5,123M,25.5,2.7%,3.9%,27.3%,7.2%,0.1,7.1%,low_ps,False,0,good,2026-03-31,,
631,35.2%,BDX,Becton Dickinson and Company,-0.1,HEALTHCARE,40B,142.4,502M,22.7,6.6%,4.4%,45.8%,12.4%,1.0,3.2%,low_ps,False,0,good,2026-03-01,,
632,35.1%,WHR,Whirlpool Corporation,-0.1,CONSUMER CYCLICAL,3B,56.1,166M,10.5,2.8%,9.5%,15.2%,4.7%,1.6,2.0%,high_earnings_yield,False,0,good,2026-03-31,,
633,35.0%,SPXC,SPX Corp,-0.1,INDUSTRIALS,11B,218.9,115M,45.1,2.2%,2.2%,36.7%,16.9%,0.0,6.8%,high_div_yield,False,0,good,2026-03-31,,
634,34.9%,HXL,Hexcel Corporation,-0.1,INDUSTRIALS,7B,93.7,110M,65.7,2.2%,1.5%,23.0%,9.1%,0.0,4.0%,high_fcf_yield,False,0,good,2026-03-31,,
635,34.8%,ASTE,Astec Industries Inc,-0.1,INDUSTRIALS,1B,65.0,14M,38.5,1.3%,2.6%,26.8%,4.7%,0.2,2.8%,low_ps,False,0,good,2026-03-31,,
636,34.7%,POOL,Pool Corporation,-0.1,INDUSTRIALS,8B,213.3,201M,19.1,4.0%,5.2%,29.7%,11.0%,0.2,11.2%,low_ps,False,0,good,2026-03-31,,
637,34.6%,VMC,Vulcan Materials Company,-0.1,BASIC MATERIALS,40B,301.7,290M,36.8,2.9%,2.7%,27.3%,20.1%,0.0,6.5%,high_div_yield,False,0,good,2026-03-31,,
638,34.5%,HROW,Harrow Health Inc,-0.1,HEALTHCARE,1B,30.9,21M,36.3,3.8%,-0.5%,75.1%,11.2%,0.0,-1.3%,high_earnings_yield,False,1,partial,2026-03-31,,
639,34.4%,WAB,Westinghouse Air Brake Technologies Corp,-0.1,INDUSTRIALS,46B,269.9,254M,39.4,3.2%,2.5%,33.4%,16.2%,1.1,5.3%,high_div_yield,False,0,good,2026-03-31,,
640,34.3%,WSO,Watsco Inc,-0.1,INDUSTRIALS,17B,437.8,198M,33.4,3.2%,3.0%,28.4%,9.9%,0.2,11.2%,low_ps,False,0,good,2026-03-31,,
641,34.2%,VST,Vistra Corp.,-0.1,UTILITIES,46B,136.8,754M,49.2,1.4%,2.0%,15.9%,5.8%,1.7,2.3%,high_fcf_yield,False,0,good,2026-03-31,,
642,34.1%,ECL,Ecolab Inc,-0.1,BASIC MATERIALS,74B,260.6,383M,35.6,2.6%,2.8%,44.5%,17.7%,0.5,8.4%,high_fcf_yield,False,0,good,2026-03-31,,
643,34.0%,MDT,Medtronic PLC,-0.1,HEALTHCARE,100B,77.3,790M,21.6,5.4%,4.6%,61.9%,17.9%,0.0,5.0%,low_ps,False,0,good,2026-04-01,,
644,33.9%,AKAM,Akamai Technologies Inc,-0.1,TECHNOLOGY,23B,150.8,705M,50.0,3.1%,2.0%,57.9%,14.8%,0.2,3.9%,low_ps,False,1,partial,2026-03-31,,
645,33.8%,ESE,ESCO Technologies Inc,-0.1,TECHNOLOGY,8B,291.7,106M,24.8,3.0%,4.0%,41.6%,15.8%,0.1,12.7%,low_ps,False,0,good,2026-03-01,,
646,33.7%,ROG,Rogers Corporation,-0.1,TECHNOLOGY,2B,135.8,40M,71.4,2.0%,-2.5%,31.0%,-4.6%,0.0,-4.3%,high_earnings_yield,False,1,partial,2026-03-31,,
647,33.6%,UNF,Unifirst Corporation,-0.1,INDUSTRIALS,5B,265.8,52M,35.7,1.9%,2.8%,36.7%,6.8%,0.1,4.8%,low_ps,False,0,good,2026-04-29,,
648,33.5%,FORM,FormFactor Inc,-0.1,TECHNOLOGY,11B,135.9,293M,198.6,0.1%,0.5%,39.7%,8.3%,0.1,4.4%,low_ps,False,1,partial,2026-03-31,,
649,33.4%,ANDE,The Andersons Inc,-0.1,CONSUMER DEFENSIVE,3B,78.5,26M,28.1,-2.1%,3.6%,6.0%,0.5%,2.1,2.6%,high_fcf_yield,False,0,good,2026-03-31,,
650,33.3%,CSX,CSX Corporation,-0.1,INDUSTRIALS,85B,45.4,536M,29.3,1.1%,3.4%,33.2%,32.1%,0.2,6.6%,high_fcf_yield,False,0,good,2026-03-31,,
651,33.2%,RSG,Republic Services Inc,-0.1,INDUSTRIALS,66B,214.5,372M,31.0,3.6%,3.2%,30.3%,20.0%,0.2,6.2%,high_div_yield,False,0,good,2026-03-31,,
652,33.1%,GNRC,Generac Holdings Inc,-0.1,INDUSTRIALS,15B,259.2,228M,96.2,1.9%,1.0%,38.3%,6.9%,0.3,2.9%,high_div_yield,False,0,good,2026-03-31,,
653,33.0%,AVT,Avnet Inc,-0.1,TECHNOLOGY,7B,82.5,122M,33.0,3.2%,3.0%,10.6%,2.6%,1.3,1.6%,low_ps,False,0,good,2026-03-01,,
654,32.9%,ARWR,Arrowhead Pharmaceuticals Inc,-0.1,HEALTHCARE,10B,73.9,129M,49.2,3.2%,2.0%,97.7%,27.6%,0.2,12.6%,low_ps,False,1,partial,2026-03-01,,
655,32.8%,HE,Hawaiian Electric Industries Inc,-0.1,UTILITIES,2B,13.4,27M,18.4,2.2%,5.4%,7.6%,7.6%,0.4,1.4%,low_ps,False,0,good,2026-03-31,,
656,32.7%,AIN,Albany International Corporation,-0.1,CONSUMER CYCLICAL,2B,58.0,14M,26.1,5.0%,-3.5%,20.6%,-2.1%,0.0,-3.3%,high_earnings_yield,False,0,good,2026-03-31,,
657,32.6%,MTX,Minerals Technologies Inc,-0.1,BASIC MATERIALS,2B,71.9,16M,844.5,3.9%,-0.8%,25.0%,13.6%,0.1,-0.5%,low_pe,False,0,good,2026-03-31,,
658,32.5%,MTRN,Materion Corporation,-0.1,BASIC MATERIALS,4B,183.8,53M,51.6,0.5%,1.9%,16.7%,6.4%,0.3,4.2%,high_fcf_yield,False,0,good,2026-03-31,,
659,32.4%,HPE,Hewlett Packard Enterprise Co,-0.1,TECHNOLOGY,45B,33.0,414M,566.4,3.7%,-0.3%,30.7%,5.8%,4.1,-0.2%,low_pe,False,0,good,2026-04-01,,
660,32.3%,ASTH,Astrana Health Inc,-0.1,HEALTHCARE,2B,39.0,17M,85.8,5.6%,1.2%,9.7%,2.5%,0.8,1.0%,low_ps,False,1,partial,2026-03-31,,
661,32.2%,NVT,nVent Electric PLC,-0.1,INDUSTRIALS,23B,142.9,386M,33.0,1.6%,3.0%,37.7%,15.8%,0.1,10.4%,high_fcf_yield,False,0,good,2026-03-31,,
662,32.1%,IEX,IDEX Corporation,-0.1,INDUSTRIALS,16B,217.8,146M,33.5,3.8%,3.0%,44.5%,20.9%,0.0,7.0%,high_div_yield,False,0,good,2026-03-31,,
663,32.0%,FN,Fabrinet,-0.1,TECHNOLOGY,25B,683.5,571M,66.2,0.4%,1.5%,12.0%,9.7%,0.0,11.4%,high_fcf_yield,False,1,partial,2026-03-01,,
664,31.9%,CHEF,The Chefs Warehouse Inc,-0.1,CONSUMER DEFENSIVE,4B,77.6,39M,49.4,2.5%,2.0%,24.2%,3.7%,0.4,3.6%,low_ps,False,1,partial,2026-03-31,,
665,31.8%,AGI,Alamos Gold Inc,-0.1,BASIC MATERIALS,17B,39.9,150M,19.0,1.6%,5.3%,54.3%,44.5%,0.0,14.0%,low_ps,False,0,good,2026-03-31,,
666,31.7%,SEI,"Solaris Energy Infrastructure, Inc.",-0.1,ENERGY,4B,73.8,189M,121.2,-12.0%,0.8%,32.3%,22.0%,0.1,1.4%,high_fcf_yield,False,0,good,2026-03-31,,
667,31.6%,BURL,Burlington Stores Inc,-0.1,CONSUMER CYCLICAL,19B,290.4,171M,30.5,-5.1%,3.3%,41.9%,8.9%,0.4,6.2%,high_fcf_yield,False,1,partial,2026-05-01,,
668,31.5%,HRL,Hormel Foods Corporation,-0.1,CONSUMER DEFENSIVE,11B,20.4,96M,22.9,5.1%,4.4%,15.5%,6.0%,0.0,3.7%,low_ps,False,0,good,2026-04-01,,
669,31.4%,CNXN,PC Connection Inc,-0.1,TECHNOLOGY,2B,63.7,5M,19.2,3.6%,5.2%,18.8%,3.6%,0.0,6.2%,low_ps,False,0,good,2026-03-31,,
670,31.3%,NSC,Norfolk Southern Corporation,-0.1,INDUSTRIALS,71B,314.5,344M,24.6,2.0%,4.1%,42.4%,32.9%,0.2,6.4%,high_fcf_yield,False,0,good,2026-03-31,,
671,31.2%,KVUE,Kenvue Inc.,-0.1,CONSUMER DEFENSIVE,33B,17.2,304M,22.5,5.2%,4.5%,58.1%,17.9%,1.0,5.4%,low_ps,False,0,good,2026-03-31,,
672,31.1%,MOG-A,Moog Inc,-0.1,INDUSTRIALS,10B,301.3,80M,37.4,1.1%,2.7%,27.3%,10.8%,0.0,5.7%,high_fcf_yield,False,0,good,2026-03-01,,
673,31.0%,OSIS,OSI Systems Inc,-0.1,TECHNOLOGY,5B,286.9,90M,32.6,2.4%,3.1%,33.0%,12.3%,0.0,6.1%,low_ps,False,1,partial,2026-03-01,,
674,30.9%,LYV,Live Nation Entertainment Inc,-0.1,COMMUNICATION SERVICES,37B,157.9,429M,74.0,0.9%,1.4%,45.4%,5.4%,0.7,2.2%,low_ps,False,1,partial,2026-03-31,,
675,30.8%,AIR,AAR Corp,-0.1,INDUSTRIALS,4B,103.8,43M,23.1,1.3%,4.3%,19.0%,8.6%,0.0,5.1%,low_ps,False,0,good,2026-04-29,,
676,30.7%,DASH,"DoorDash, Inc. Class A Common Stock",-0.1,CONSUMER CYCLICAL,75B,168.7,831M,79.8,2.4%,1.3%,50.9%,5.3%,0.1,4.8%,high_fcf_yield,False,1,partial,2026-03-31,,
677,30.6%,PLXS,Plexus Corp,-0.1,TECHNOLOGY,7B,250.6,93M,38.8,1.1%,2.6%,10.0%,5.1%,0.5,5.5%,low_ps,False,1,partial,2026-03-01,,
678,30.5%,MLM,Martin Marietta Materials Inc,-0.1,BASIC MATERIALS,37B,619.1,305M,32.9,2.6%,3.0%,30.0%,23.3%,0.0,6.1%,low_ps,False,0,good,2026-03-31,,
679,30.4%,NPO,Enpro Industries,-0.1,INDUSTRIALS,6B,291.6,73M,151.9,2.6%,0.7%,42.6%,14.1%,0.0,1.5%,high_earnings_yield,False,0,good,2026-03-31,,
680,30.3%,BCC,Boise Cascad Llc,-0.1,BASIC MATERIALS,3B,79.3,30M,22.8,0.4%,4.4%,15.1%,2.9%,0.0,4.1%,low_ps,False,0,good,2026-03-31,,
681,30.2%,CALX,Calix Inc,-0.1,TECHNOLOGY,3B,43.6,55M,159.8,4.0%,0.6%,56.8%,2.1%,0.1,1.7%,low_evebitda,False,1,partial,2026-03-31,,
682,30.1%,OTTR,Otter Tail Corporation,-0.1,INDUSTRIALS,4B,88.1,26M,12.5,-1.1%,8.0%,39.1%,27.1%,0.6,7.1%,high_fcf_yield,False,0,good,2026-03-31,,
683,30.0%,ES,Eversource Energy,-0.1,UTILITIES,26B,68.1,146M,15.1,-0.2%,6.6%,47.8%,22.1%,1.1,2.7%,high_fcf_yield,False,0,good,2026-03-31,,
684,29.9%,STM,STMicroelectronics NV ADR,-0.1,TECHNOLOGY,55B,55.1,684M,336.6,0.1%,0.3%,33.8%,2.6%,0.3,0.7%,high_fcf_yield,False,0,good,2026-03-31,,
685,29.8%,KWR,Quaker Chemical Corporation,-0.1,BASIC MATERIALS,2B,135.9,24M,21.1,4.8%,-0.1%,34.2%,3.4%,0.5,-0.1%,low_ps,False,0,good,2026-03-31,,
686,29.7%,OMCL,Omnicell Inc,-0.1,HEALTHCARE,2B,41.4,29M,927.4,4.4%,0.1%,42.5%,0.5%,0.1,0.1%,low_pe,False,1,partial,2026-03-31,,
687,29.6%,MDLZ,Mondelez International Inc,-0.1,CONSUMER DEFENSIVE,79B,61.4,460M,32.4,4.1%,3.1%,28.4%,9.3%,1.6,3.4%,low_ps,False,0,good,2026-03-31,,
688,29.5%,GRMN,Garmin Ltd,-0.1,TECHNOLOGY,49B,251.1,191M,29.2,2.8%,3.4%,58.7%,25.9%,0.0,15.1%,low_ps,False,0,good,2026-03-31,,
689,29.4%,UCTT,Ultra Clean Holdings Inc,-0.1,TECHNOLOGY,4B,78.2,94M,36.2,0.4%,-5.1%,15.7%,-5.2%,8.0,-10.5%,low_evebitda,False,1,partial,2026-03-31,,
690,29.3%,UNH,UnitedHealth Group Incorporated,-0.1,HEALTHCARE,337B,370.5,3B,28.0,4.8%,3.6%,18.5%,4.2%,0.5,3.9%,low_ps,False,0,good,2026-03-31,,
691,29.2%,AMCR,Amcor PLC,-0.1,CONSUMER CYCLICAL,18B,38.0,170M,25.2,3.7%,4.0%,19.2%,6.6%,0.5,1.9%,low_ps,False,0,good,2026-03-01,,
692,29.1%,ELV,Elevance Health Inc,-0.1,HEALTHCARE,83B,376.4,632M,14.7,3.8%,6.8%,25.6%,4.1%,0.3,4.7%,low_ps,False,0,good,2026-03-31,,
693,29.0%,UVV,Universal Corporation,-0.1,CONSUMER DEFENSIVE,1B,54.5,10M,16.1,3.8%,6.2%,18.2%,7.8%,3.3,2.8%,low_ps,False,0,good,2026-03-01,,
694,28.9%,MOD,Modine Manufacturing Company,-0.1,CONSUMER CYCLICAL,13B,247.1,246M,133.4,0.1%,0.7%,23.8%,11.2%,0.4,3.9%,high_fcf_yield,False,0,good,2026-03-01,,
695,28.8%,VIAV,Viavi Solutions Inc,-0.1,TECHNOLOGY,13B,52.4,334M,437.6,0.6%,-0.3%,55.7%,7.5%,0.7,-1.5%,high_div_yield,False,0,good,2026-03-01,,
696,28.7%,ARMK,Aramark Holdings,-0.1,INDUSTRIALS,14B,52.9,125M,44.5,1.8%,2.2%,7.0%,4.2%,0.1,2.3%,low_ps,False,0,good,2026-03-01,,
697,28.6%,CPRT,Copart Inc,-0.1,INDUSTRIALS,33B,33.4,251M,21.0,4.3%,4.8%,45.3%,36.5%,0.0,14.7%,low_ps,False,1,partial,2026-04-01,,
698,28.5%,BSX,Boston Scientific Corp,-0.1,HEALTHCARE,86B,57.6,1B,29.8,4.2%,3.4%,69.0%,19.8%,0.1,6.6%,low_pe,False,1,partial,2026-03-31,,
699,28.4%,SYK,Stryker Corporation,-0.1,HEALTHCARE,122B,315.1,804M,37.5,3.5%,2.7%,63.5%,22.4%,2.8,6.8%,high_div_yield,False,0,good,2026-03-31,,
700,28.3%,TDY,Teledyne Technologies Incorporated,-0.1,TECHNOLOGY,30B,645.9,215M,33.8,3.6%,3.0%,39.2%,18.8%,0.6,5.9%,low_ps,False,1,partial,2026-03-31,,
701,28.2%,KLIC,Kulicke and Soffa Industries Inc,-0.1,TECHNOLOGY,5B,85.5,80M,17138.8,1.7%,-1.4%,42.1%,-10.3%,0.2,-5.8%,low_pe,False,0,good,2026-03-01,,
702,28.1%,JBTM,JBTMarel Corp,-0.1,INDUSTRIALS,6B,118.1,75M,63.5,3.8%,-0.8%,35.1%,5.0%,2.7,-0.6%,high_earnings_yield,False,0,good,2026-03-31,,
703,28.0%,NXPI,NXP Semiconductors NV,-0.1,TECHNOLOGY,74B,293.6,1B,36.8,3.1%,2.7%,54.6%,26.4%,0.6,7.6%,low_ps,False,0,good,2026-03-31,,
704,27.9%,ROP,Roper Technologies Inc,-0.1,TECHNOLOGY,38B,354.8,419M,25.0,6.5%,4.0%,69.2%,28.3%,0.4,4.4%,high_fcf_yield,False,0,good,2026-03-31,,
705,27.8%,DD,Dupont De Nemours Inc,-0.1,BASIC MATERIALS,19B,45.7,177M,16.2,4.1%,-4.1%,33.2%,16.2%,0.1,-3.6%,high_div_yield,False,0,good,2026-03-31,,
706,27.7%,ADP,Automatic Data Processing Inc,-0.1,TECHNOLOGY,85B,211.9,645M,20.1,5.4%,5.0%,48.4%,18.8%,0.0,5.0%,high_earnings_yield,False,0,good,2026-03-01,,
707,27.6%,CGNX,Cognex Corporation,-0.1,TECHNOLOGY,10B,55.5,153M,83.5,2.5%,1.2%,66.9%,16.3%,0.1,5.7%,low_ps,False,0,good,2026-03-31,,
708,27.5%,CW,Curtiss-Wright Corporation,-0.1,INDUSTRIALS,26B,710.3,160M,54.4,2.1%,1.8%,37.2%,18.2%,0.5,9.3%,low_ps,False,0,good,2026-03-31,,
709,27.4%,CRK,Comstock Resources Inc,-0.1,ENERGY,5B,17.4,42M,12.8,-8.9%,7.8%,48.1%,19.8%,0.0,5.6%,high_fcf_yield,False,0,good,2026-03-31,,
710,27.3%,LIN,Linde plc Ordinary Shares,-0.1,BASIC MATERIALS,234B,501.1,998M,33.7,2.2%,3.0%,43.3%,26.3%,1.0,8.0%,low_ps,False,0,good,2026-03-31,,
711,27.2%,SMTC,Semtech Corporation,-0.1,TECHNOLOGY,12B,132.4,280M,249.7,1.3%,-0.3%,51.6%,12.1%,0.1,-2.9%,low_ps,False,1,partial,2026-05-01,,
712,27.1%,EMR,Emerson Electric Company,-0.1,INDUSTRIALS,79B,140.4,403M,34.2,3.3%,2.9%,52.8%,19.9%,2.3,5.5%,high_div_yield,False,0,good,2026-03-01,,
713,27.0%,XYL,Xylem Inc,-0.1,INDUSTRIALS,29B,118.2,286M,30.0,3.2%,3.3%,38.5%,13.5%,0.6,5.4%,low_ps,False,0,good,2026-03-31,,
714,26.9%,CEG,Constellation Energy Corp,-0.1,UTILITIES,82B,262.0,857M,35.5,1.6%,2.8%,17.6%,11.8%,0.6,4.1%,high_fcf_yield,False,0,good,2026-03-31,,
715,26.8%,PRSU,"Pursuit Attractions and Hospitality, Inc.",-0.1,CONSUMER CYCLICAL,1B,42.1,8M,51.8,-0.1%,1.9%,59.4%,14.6%,0.0,2.3%,high_fcf_yield,False,0,good,2026-03-31,,
716,26.7%,MASI,Masimo Corporation,-0.1,HEALTHCARE,9B,178.4,151M,120.8,2.1%,-1.6%,61.9%,20.3%,0.1,-8.9%,high_earnings_yield,False,0,good,2026-03-31,,
717,26.6%,PCTY,Paylocity Holdng,-0.1,TECHNOLOGY,6B,113.0,88M,26.1,7.1%,3.8%,69.0%,20.1%,0.0,3.4%,high_fcf_yield,False,1,partial,2026-03-01,,
718,26.5%,IR,Ingersoll Rand Inc,-0.1,INDUSTRIALS,31B,79.9,288M,53.8,3.9%,1.9%,38.5%,18.5%,0.0,3.2%,high_div_yield,False,0,good,2026-03-31,,
719,26.4%,RBA,RB Global Inc.,-0.1,INDUSTRIALS,20B,104.3,121M,45.5,3.4%,2.2%,45.4%,18.5%,0.4,3.5%,high_div_yield,False,0,good,2026-03-31,,
720,26.3%,A,Agilent Technologies Inc,-0.1,HEALTHCARE,32B,112.1,238M,24.7,3.1%,4.1%,52.2%,20.6%,0.3,10.1%,high_div_yield,False,0,good,2026-04-01,,
721,26.2%,NFLX,Netflix Inc,-0.1,COMMUNICATION SERVICES,402B,93.6,3B,36.6,2.4%,2.7%,48.5%,29.5%,0.1,19.8%,low_ps,False,1,partial,2026-03-31,,
722,26.1%,ESI,Element Solutions Inc,-0.1,BASIC MATERIALS,10B,42.6,147M,54.4,2.2%,1.8%,42.0%,13.4%,0.0,3.7%,high_fcf_yield,False,0,good,2026-03-31,,
723,26.0%,CARR,Carrier Global Corp,-0.1,INDUSTRIALS,56B,66.9,426M,37.8,3.7%,2.6%,25.9%,9.9%,0.3,4.0%,low_ps,False,0,good,2026-03-31,,
724,25.9%,MTH,Meritage Corporation,-0.1,CONSUMER CYCLICAL,5B,67.3,68M,10.0,2.0%,10.0%,19.7%,9.2%,0.1,5.9%,high_earnings_yield,False,0,good,2026-03-31,,
725,25.8%,ITGR,Integer Holdings Corp,-0.1,HEALTHCARE,3B,88.5,55M,29.7,3.2%,3.4%,23.2%,11.3%,0.1,3.0%,low_ps,False,1,partial,2026-03-31,,
726,25.7%,ETN,Eaton Corporation PLC,-0.1,INDUSTRIALS,168B,431.8,1B,41.1,2.3%,2.4%,37.6%,19.1%,0.4,9.9%,low_ps,False,0,good,2026-03-31,,
727,25.6%,CPAY,Corpay Inc,-0.1,TECHNOLOGY,24B,348.5,171M,22.3,5.4%,4.5%,74.0%,42.9%,2.9,4.1%,high_fcf_yield,False,1,partial,2026-03-31,,
728,25.5%,CWST,Casella Waste Systems Inc,-0.1,INDUSTRIALS,5B,79.2,76M,639.8,1.7%,0.2%,21.4%,4.9%,0.2,0.2%,low_pe,False,1,partial,2026-03-31,,
729,25.4%,BKV,BKV Corporation,-0.1,ENERGY,3B,28.8,26M,17.1,-2.5%,5.9%,54.2%,8.2%,0.0,5.5%,high_fcf_yield,False,1,partial,2026-03-31,,
730,25.3%,NWS,News Corp B,-0.1,COMMUNICATION SERVICES,17B,30.2,37M,38.7,3.8%,2.6%,55.0%,15.2%,0.1,2.8%,low_ps,False,0,good,2026-03-01,,
731,25.2%,LUMN,Lumen Technologies Inc,-0.1,COMMUNICATION SERVICES,9B,8.8,121M,1.6,4.2%,-19.7%,46.5%,-6.5%,0.3,-5.1%,high_earnings_yield,False,0,good,2026-03-31,,
732,25.1%,AME,Ametek Inc,-0.1,INDUSTRIALS,55B,235.5,295M,36.8,3.1%,2.7%,36.3%,26.0%,1.2,9.2%,low_ps,False,0,good,2026-03-31,,
733,25.0%,TDS,Telephone and Data Systems Inc,-0.1,COMMUNICATION SERVICES,5B,41.4,34M,70.5,3.0%,-0.1%,49.4%,0.5%,0.0,-0.1%,high_div_yield,False,0,good,2026-03-31,,
734,24.9%,TMO,Thermo Fisher Scientific Inc,-0.1,HEALTHCARE,179B,479.0,1B,26.6,3.5%,3.8%,39.5%,18.0%,0.6,6.1%,high_div_yield,False,0,good,2026-03-31,,
735,24.8%,TKO,"TKO Group Holdings, Inc.",-0.1,COMMUNICATION SERVICES,36B,186.1,242M,185.4,3.2%,0.5%,49.6%,20.3%,0.1,1.3%,low_ps,False,0,good,2026-03-31,,
736,24.7%,RDDT,"Reddit, Inc.",-0.1,COMMUNICATION SERVICES,30B,147.2,837M,56.3,2.3%,1.8%,91.2%,20.1%,0.0,16.4%,low_ps,False,1,partial,2026-03-31,,
737,24.6%,VECO,Veeco Instruments Inc,-0.1,TECHNOLOGY,3B,49.9,101M,85.1,1.8%,1.2%,40.0%,5.4%,0.1,2.7%,high_fcf_yield,False,1,partial,2026-03-31,,
738,24.5%,SXI,Standex International Corporation,-0.1,INDUSTRIALS,3B,272.6,54M,61.0,1.6%,1.6%,40.0%,15.1%,0.1,3.5%,high_fcf_yield,False,0,good,2026-03-01,,
739,24.4%,CZR,Caesars Entertainment Corporation,-0.1,CONSUMER CYCLICAL,6B,27.8,96M,11.3,9.2%,-8.9%,43.9%,17.8%,0.1,-1.6%,high_earnings_yield,False,1,partial,2026-03-31,,
740,24.3%,AMTM,Amentum Holdings Inc.,-0.1,INDUSTRIALS,6B,23.3,44M,58.0,4.8%,1.7%,10.4%,3.4%,0.1,0.9%,low_ps,False,1,partial,2026-03-31,,
741,24.2%,OGE,OGE Energy Corporation,-0.1,UTILITIES,10B,48.8,74M,21.5,-2.1%,4.7%,49.6%,24.5%,0.4,3.3%,high_fcf_yield,False,0,good,2026-03-31,,
742,24.1%,LMAT,LeMaitre Vascular Inc,-0.1,HEALTHCARE,3B,109.8,23M,43.8,2.9%,2.3%,71.5%,27.2%,0.0,9.4%,low_ps,False,0,good,2026-03-31,,
743,24.0%,TNC,Tennant Company,-0.1,INDUSTRIALS,1B,83.0,27M,33.8,2.9%,3.0%,40.2%,6.1%,0.0,3.5%,low_ps,False,0,good,2026-03-31,,
744,23.9%,LB,LandBridge Company LLC,-0.1,ENERGY,2B,68.7,21M,64.0,5.6%,1.6%,92.1%,31.4%,0.0,2.2%,low_ps,False,0,good,2026-03-31,,
745,23.8%,WCC,WESCO International Inc,-0.1,INDUSTRIALS,17B,349.1,223M,27.0,0.1%,3.7%,20.4%,5.3%,0.2,3.9%,low_ps,False,0,good,2026-03-31,,
746,23.7%,WMB,Williams Companies Inc,-0.1,ENERGY,93B,76.3,476M,35.6,1.0%,2.8%,57.2%,36.8%,0.6,4.5%,low_ps,False,0,good,2026-03-31,,
747,23.6%,DHR,Danaher Corporation,-0.1,HEALTHCARE,127B,178.9,984M,35.2,4.1%,2.8%,60.9%,20.9%,0.0,4.3%,high_div_yield,False,0,good,2026-03-31,,
748,23.5%,ZYME,Zymeworks Inc. Common Stock,-0.1,HEALTHCARE,2B,24.4,16M,3.7,-1.9%,-4.4%,98.4%,-87.3%,0.0,-23.4%,low_ps,False,1,partial,2026-03-31,,
749,23.4%,KEYS,Keysight Technologies Inc,-0.1,TECHNOLOGY,59B,340.5,469M,61.5,2.2%,1.6%,61.9%,16.0%,0.0,8.3%,low_ps,False,1,partial,2026-04-01,,
750,23.3%,CECO,CECO Environmental Corp.,-0.1,INDUSTRIALS,3B,74.1,67M,54.5,-0.2%,1.8%,34.3%,13.8%,0.0,5.6%,high_fcf_yield,False,0,good,2026-03-31,,
751,23.2%,BKH,Black Hills Corporation,-0.1,UTILITIES,6B,75.3,62M,19.5,-2.6%,5.1%,38.5%,23.3%,0.0,2.7%,high_fcf_yield,False,0,good,2026-03-31,,
752,23.1%,PEG,Public Service Enterprise Group Inc,-0.1,UTILITIES,41B,81.7,202M,19.3,0.7%,5.2%,35.0%,24.5%,1.0,3.7%,high_fcf_yield,False,0,good,2026-03-31,,
753,23.0%,DE,Deere & Company,-0.1,INDUSTRIALS,153B,564.5,537M,31.8,2.3%,3.1%,35.6%,18.5%,3.6,4.7%,high_fcf_yield,False,0,good,2026-04-01,,
754,22.9%,AVNS,Avanos Medical Inc,-0.1,HEALTHCARE,1B,24.6,30M,44.7,3.8%,-5.9%,49.8%,-8.8%,0.4,-6.3%,high_earnings_yield,False,1,partial,2026-03-31,,
755,22.8%,OGS,One Gas Inc,-0.1,UTILITIES,6B,89.2,42M,21.3,-2.3%,4.7%,58.8%,18.8%,2.6,2.8%,high_fcf_yield,False,0,good,2026-03-31,,
756,22.7%,TYL,Tyler Technologies Inc,-0.1,TECHNOLOGY,15B,341.1,184M,46.7,4.3%,2.1%,44.7%,15.3%,2.3,5.6%,low_ps,False,1,partial,2026-03-31,,
757,22.6%,FCN,FTI Consulting Inc,-0.1,INDUSTRIALS,6B,179.3,80M,21.1,2.3%,4.7%,32.1%,10.3%,0.0,7.8%,low_ps,False,1,partial,2026-03-31,,
758,22.5%,RVTY,Revvity Inc.,-0.1,HEALTHCARE,10B,86.6,138M,40.1,5.3%,2.5%,50.2%,13.0%,1.5,2.0%,high_div_yield,False,0,good,2026-03-31,,
759,22.4%,AWR,American States Water Company,-0.1,UTILITIES,3B,75.3,27M,22.6,-0.2%,4.4%,63.4%,30.9%,0.1,4.8%,high_fcf_yield,False,0,good,2026-03-31,,
760,22.3%,DNOW,Now Inc,-0.1,INDUSTRIALS,2B,13.0,42M,19.2,5.5%,-3.1%,17.0%,-0.2%,0.1,-1.9%,high_earnings_yield,False,1,partial,2026-03-31,,
761,22.2%,SOLV,Solventum Corp.,-0.1,HEALTHCARE,12B,67.4,94M,7.6,-0.1%,13.2%,53.5%,26.2%,0.2,10.9%,high_earnings_yield,False,1,partial,2026-03-31,,
762,22.1%,NI,NiSource Inc,-0.1,UTILITIES,23B,48.3,267M,25.0,-1.8%,4.0%,53.0%,27.6%,0.5,2.5%,high_fcf_yield,False,0,good,2026-03-31,,
763,22.0%,MNST,Monster Beverage Corp,-0.1,CONSUMER DEFENSIVE,88B,88.5,414M,45.9,2.2%,2.2%,55.8%,29.2%,0.0,19.1%,low_ps,False,1,partial,2026-03-31,,
764,21.9%,KDP,Keurig Dr Pepper Inc,-0.1,CONSUMER DEFENSIVE,40B,29.4,344M,19.3,3.8%,5.2%,54.2%,22.0%,1.5,3.7%,high_earnings_yield,False,0,good,2026-03-31,,
765,21.8%,SCL,Stepan Company,-0.1,BASIC MATERIALS,1B,50.0,8M,24.4,-2.7%,4.1%,11.6%,3.0%,2.7,2.0%,high_fcf_yield,False,0,good,2026-03-31,,
766,21.7%,AEP,American Electric Power Co Inc,-0.1,UTILITIES,74B,136.1,450M,20.8,-2.0%,4.8%,31.8%,24.3%,1.1,3.1%,high_fcf_yield,False,0,good,2026-03-31,,
767,21.6%,JCI,Johnson Controls International PLC,-0.1,INDUSTRIALS,90B,146.0,456M,26.4,1.5%,3.8%,36.5%,13.2%,0.4,8.9%,high_fcf_yield,False,0,good,2026-03-01,,
768,21.5%,GPC,Genuine Parts Co,-0.1,CONSUMER CYCLICAL,15B,107.2,171M,224.4,2.8%,0.4%,36.1%,4.7%,3.5,0.3%,low_ps,False,0,good,2026-03-31,,
769,21.4%,GE,GE Aerospace,-0.1,INDUSTRIALS,304B,289.9,2B,35.0,2.4%,2.9%,36.9%,20.2%,0.3,6.7%,low_ps,False,0,good,2026-03-31,,
770,21.4%,MMM,3M Company,-0.1,INDUSTRIALS,78B,146.5,628M,24.0,1.8%,4.2%,39.6%,18.9%,0.6,8.6%,high_fcf_yield,False,0,good,2026-03-31,,
771,21.3%,CVNA,Carvana Co,-0.1,CONSUMER CYCLICAL,59B,79.2,306M,41.7,1.5%,2.4%,20.2%,9.3%,0.5,10.7%,high_fcf_yield,False,1,partial,2026-03-31,,
772,21.2%,EW,Edwards Lifesciences Corp,-0.1,HEALTHCARE,48B,83.5,437M,45.3,2.8%,2.2%,78.1%,26.7%,0.0,7.8%,low_ps,False,1,partial,2026-03-31,,
773,21.1%,OLED,Universal Display,-0.1,TECHNOLOGY,4B,87.1,114M,17.0,3.8%,5.9%,73.4%,38.5%,0.0,12.3%,high_earnings_yield,False,0,good,2026-03-31,,
774,21.0%,DTE,DTE Energy Company,-0.1,UTILITIES,32B,151.7,246M,21.6,-3.2%,4.6%,37.6%,14.4%,1.0,2.7%,high_fcf_yield,False,0,good,2026-03-31,,
775,20.9%,DORM,Dorman Products Inc,-0.1,CONSUMER CYCLICAL,3B,112.5,29M,16.8,2.2%,6.0%,41.9%,16.7%,0.2,8.2%,low_ps,False,0,good,2026-03-31,,
776,20.8%,VSH,Vishay Intertechnology Inc,-0.1,TECHNOLOGY,5B,37.0,124M,26.2,-1.8%,-0.2%,19.4%,1.9%,0.1,-0.2%,high_fcf_yield,False,0,good,2026-03-31,,
777,20.7%,MRTN,Marten Transport Ltd,-0.1,INDUSTRIALS,1B,15.1,14M,70.5,-4.2%,1.4%,5.7%,1.2%,0.0,1.8%,high_fcf_yield,False,0,good,2026-03-31,,
778,20.6%,GME,GameStop Corp.,-0.1,CONSUMER CYCLICAL,12B,21.9,242M,28.8,5.0%,3.5%,33.0%,6.7%,0.3,4.0%,high_div_yield,False,0,good,2026-05-01,,
779,20.5%,ENTG,Entegris Inc,-0.1,TECHNOLOGY,22B,141.4,493M,91.9,1.6%,1.1%,43.0%,28.9%,0.0,2.8%,low_ps,False,0,good,2026-03-31,,
780,20.4%,COO,"The Cooper Companies, Inc",-0.1,HEALTHCARE,12B,60.9,143M,30.5,4.0%,3.3%,64.2%,17.2%,1.3,3.2%,high_div_yield,False,0,good,2026-04-01,,
781,20.3%,CALY,Callaway Golf Company,-0.1,CONSUMER CYCLICAL,3B,14.9,42M,84.2,-1.9%,-1.9%,60.3%,4.2%,4.6,-0.8%,high_fcf_yield,False,0,good,2026-03-31,,
782,20.2%,AEE,Ameren Corp,-0.1,UTILITIES,32B,113.7,196M,21.7,-2.5%,4.6%,38.1%,23.0%,0.8,3.0%,high_fcf_yield,False,0,good,2026-03-31,,
783,20.1%,IBP,Installed Building Products Inc,-0.1,CONSUMER CYCLICAL,6B,215.4,118M,21.9,-0.4%,4.6%,34.0%,13.0%,0.2,12.8%,high_fcf_yield,False,0,good,2026-03-31,,
784,20.0%,MOS,The Mosaic Company,-0.1,BASIC MATERIALS,6B,21.4,181M,5.2,-8.5%,19.4%,16.5%,9.9%,0.6,5.0%,high_earnings_yield,False,0,good,2026-03-31,,
785,19.9%,NJR,NewJersey Resources Corporation,-0.1,UTILITIES,6B,56.3,32M,17.5,-3.8%,5.7%,26.1%,22.3%,1.4,4.1%,high_fcf_yield,False,0,good,2026-03-01,,
786,19.8%,MRCY,Mercury Systems Inc,-0.1,INDUSTRIALS,5B,78.9,49M,721.6,2.1%,-0.6%,28.2%,-1.4%,0.9,-1.2%,low_pe,False,1,partial,2026-03-01,,
787,19.7%,INDV,Indivior PLC Ordinary Shares,-0.2,HEALTHCARE,5B,36.8,88M,22.7,-1.8%,4.4%,82.1%,29.0%,0.2,17.4%,high_fcf_yield,False,0,good,2026-03-31,,
788,19.6%,ARW,Arrow Electronics Inc,-0.2,TECHNOLOGY,11B,207.9,157M,18.8,-0.5%,5.3%,11.1%,2.8%,0.0,2.0%,high_fcf_yield,False,1,partial,2026-03-31,,
789,19.5%,TXN,Texas Instruments Incorporated,-0.2,TECHNOLOGY,256B,279.7,3B,51.1,1.0%,2.0%,57.0%,34.1%,0.1,14.5%,low_ps,False,0,good,2026-03-31,,
790,19.4%,VIST,Vista Oil Gas ADR,-0.2,ENERGY,8B,74.3,96M,11.0,-10.3%,9.1%,47.4%,30.3%,0.5,10.1%,high_fcf_yield,False,1,partial,2026-03-31,,
791,19.3%,NEE,Nextera Energy Inc,-0.2,UTILITIES,204B,97.9,1B,29.9,1.6%,3.3%,62.8%,30.1%,0.8,3.2%,low_ps,False,0,good,2026-03-31,,
792,19.2%,FRPT,Freshpet Inc,-0.2,CONSUMER DEFENSIVE,4B,67.4,87M,27.1,1.0%,3.7%,38.6%,7.6%,0.0,7.8%,high_fcf_yield,False,1,partial,2026-03-31,,
793,19.1%,SXT,Sensient Technologies Corporation,-0.2,BASIC MATERIALS,5B,113.6,67M,36.1,0.8%,2.8%,33.5%,12.8%,0.0,6.0%,high_fcf_yield,False,0,good,2026-03-31,,
794,19.0%,AN,AutoNation Inc,-0.2,CONSUMER CYCLICAL,7B,212.4,83M,11.4,-2.7%,8.8%,17.7%,4.5%,5.4,4.5%,high_fcf_yield,False,1,partial,2026-03-31,,
795,18.9%,EXC,Exelon Corporation,-0.2,UTILITIES,47B,46.0,384M,17.0,-4.8%,5.9%,27.9%,21.2%,0.6,2.4%,high_fcf_yield,False,0,good,2026-03-31,,
796,18.8%,LUV,Southwest Airlines Company,-0.2,INDUSTRIALS,19B,37.9,289M,43.3,-4.4%,2.3%,17.4%,1.5%,0.4,1.5%,high_fcf_yield,False,0,good,2026-03-31,,
797,18.7%,GTLS,Chart Industries Inc,-0.2,INDUSTRIALS,10B,207.2,201M,235.9,2.1%,0.4%,32.6%,8.5%,0.0,0.4%,low_ps,False,1,partial,2026-03-31,,
798,18.6%,CNR,"Core Natural Resources, Inc.",-0.2,ENERGY,4B,83.9,67M,197.2,0.5%,-3.6%,-0.0%,-5.1%,0.2,-2.5%,high_earnings_yield,False,0,good,2026-03-31,,
799,18.5%,Q,"Qnity Electronics, Inc",-0.2,TECHNOLOGY,31B,149.0,243M,45.1,3.2%,2.2%,42.9%,21.3%,0.1,4.9%,low_ps,False,0,good,2026-03-31,,
800,18.4%,AGYS,Agilysys Inc,-0.2,TECHNOLOGY,2B,70.2,30M,65.6,3.0%,1.5%,60.9%,10.6%,0.1,6.4%,low_ps,False,0,good,2026-03-01,,
801,18.3%,CSCO,Cisco Systems Inc,-0.2,TECHNOLOGY,474B,118.9,2B,42.8,2.6%,2.3%,64.8%,22.7%,1.0,9.0%,low_ps,False,0,good,2026-04-01,,
802,18.2%,VTRS,Viatris Inc,-0.2,HEALTHCARE,19B,16.5,215M,234.2,9.4%,-18.1%,35.1%,-18.6%,0.0,-9.5%,high_earnings_yield,False,0,good,2026-03-31,,
803,18.1%,VRTX,Vertex Pharmaceuticals Inc,-0.2,HEALTHCARE,110B,427.4,472M,27.7,2.9%,3.6%,86.3%,35.5%,0.0,15.1%,low_ps,False,1,partial,2026-03-31,,
804,18.0%,BG,Bunge Limited,-0.2,CONSUMER DEFENSIVE,25B,127.1,191M,30.4,-4.6%,3.3%,4.5%,1.5%,6.4,1.8%,high_fcf_yield,False,0,good,2026-03-31,,
805,17.9%,CE,Celanese Corporation,-0.2,BASIC MATERIALS,7B,67.8,134M,5.1,10.8%,-15.6%,20.1%,-7.8%,8.5,-5.3%,high_earnings_yield,False,0,good,2026-03-31,,
806,17.8%,MGEE,MGE Energy Inc,-0.2,UTILITIES,3B,80.2,26M,21.6,-2.7%,4.6%,97.3%,22.9%,0.8,4.3%,high_fcf_yield,False,0,good,2026-03-31,,
807,17.7%,FE,FirstEnergy Corporation,-0.2,UTILITIES,27B,47.0,306M,26.7,-7.0%,3.7%,54.8%,18.8%,0.5,1.8%,high_fcf_yield,False,0,good,2026-03-31,,
808,17.6%,DUK,Duke Energy Corporation,-0.2,UTILITIES,101B,129.6,400M,20.3,-4.6%,4.9%,54.0%,26.6%,1.2,2.5%,high_fcf_yield,False,0,good,2026-03-31,,
809,17.5%,NWE,NorthWestern Corporation,-0.2,UTILITIES,4B,72.3,29M,24.6,-2.9%,4.1%,62.3%,20.2%,0.6,2.1%,high_fcf_yield,False,0,good,2026-03-31,,
810,17.4%,WEC,WEC Energy Group Inc,-0.2,UTILITIES,39B,117.9,223M,24.8,-2.7%,4.0%,50.5%,24.2%,1.7,3.0%,high_fcf_yield,False,0,good,2026-03-31,,
811,17.3%,PCG,PG&E Corp,-0.2,UTILITIES,37B,16.6,364M,13.5,-8.4%,7.4%,29.2%,19.2%,0.7,1.9%,high_fcf_yield,False,0,good,2026-03-31,,
812,17.2%,ETR,Entergy Corporation,-0.2,UTILITIES,54B,117.3,471M,30.6,-5.1%,3.3%,38.8%,24.1%,1.0,2.5%,high_fcf_yield,False,0,good,2026-03-31,,
813,17.1%,SO,Southern Company,-0.2,UTILITIES,107B,96.7,521M,24.6,-3.1%,4.1%,43.5%,24.6%,0.5,2.8%,high_fcf_yield,False,0,good,2026-03-31,,
814,17.0%,AEO,American Eagle Outfitters Inc,-0.2,CONSUMER CYCLICAL,3B,14.9,70M,13.6,-6.0%,7.4%,33.0%,6.0%,0.6,4.7%,high_fcf_yield,False,0,good,2026-05-01,,
815,16.9%,SR,Spire Inc,-0.2,UTILITIES,5B,91.2,33M,18.9,-5.0%,5.3%,41.4%,21.4%,2.1,2.4%,high_fcf_yield,False,0,good,2026-03-01,,
816,16.8%,LYB,LyondellBasell Industries NV,-0.2,BASIC MATERIALS,24B,74.6,441M,55.7,-2.5%,-3.1%,9.0%,-1.1%,1.7,-2.2%,high_fcf_yield,False,0,good,2026-03-31,,
817,16.7%,NVRI,Enviri Corporation,-0.2,INDUSTRIALS,2B,19.3,17M,64.5,-2.5%,-10.9%,19.2%,1.0%,0.6,-6.3%,high_earnings_yield,False,0,good,2026-03-31,,
818,16.6%,SLAB,Silicon Laboratories Inc,-0.2,TECHNOLOGY,7B,217.7,99M,57.9,0.9%,-0.9%,58.2%,-9.0%,2.9,-5.1%,low_ps,False,1,partial,2026-03-31,,
819,16.5%,TECH,Bio-Techne Corp,-0.2,HEALTHCARE,9B,55.3,164M,107.0,2.6%,0.9%,65.2%,9.6%,0.1,3.2%,low_ps,False,0,good,2026-03-01,,
820,16.4%,SUPN,Supernus Pharmaceuticals Inc,-0.2,HEALTHCARE,3B,48.0,38M,48.3,1.7%,-1.4%,89.6%,-6.2%,0.2,-2.7%,high_earnings_yield,False,1,partial,2026-03-31,,
821,16.3%,SYNA,Synaptics Incorporated,-0.2,TECHNOLOGY,5B,119.2,111M,14.7,3.1%,-1.3%,43.1%,-7.8%,0.5,-2.4%,high_earnings_yield,False,1,partial,2026-03-01,,
822,16.2%,SMCI,Super Micro Computer Inc,-0.2,TECHNOLOGY,18B,27.4,1B,21.1,2.4%,4.7%,8.0%,3.7%,0.4,3.1%,low_ps,False,1,partial,2026-03-01,,
823,16.1%,SJM,The J. M. Smucker Company,-0.2,CONSUMER DEFENSIVE,11B,103.6,174M,23.0,8.8%,-11.4%,32.7%,3.4%,2.9,-7.7%,high_earnings_yield,False,0,good,2026-04-01,,
824,16.0%,TDG,Transdigm Group Incorporated,-0.2,INDUSTRIALS,68B,1160.0,503M,34.3,2.8%,2.9%,59.0%,46.5%,0.4,8.3%,low_ps,False,0,good,2026-03-01,,
825,15.9%,HUM,Humana Inc,-0.2,HEALTHCARE,29B,236.4,465M,24.0,1.3%,4.2%,14.5%,1.1%,0.1,2.4%,low_ps,False,0,good,2026-03-31,,
826,15.8%,ED,Consolidated Edison Inc,-0.2,UTILITIES,39B,106.5,227M,19.2,-3.5%,5.2%,62.0%,17.3%,0.7,2.7%,high_fcf_yield,False,0,good,2026-03-31,,
827,15.7%,WERN,Werner Enterprises Inc,-0.2,INDUSTRIALS,2B,36.9,40M,82.7,-3.1%,-0.7%,9.7%,1.9%,0.1,-0.5%,high_fcf_yield,False,0,good,2026-03-31,,
828,15.6%,WAT,Waters Corporation,-0.2,HEALTHCARE,25B,309.2,388M,39.5,2.1%,2.5%,58.9%,26.6%,0.4,12.6%,low_ps,False,1,partial,2026-03-31,,
829,15.5%,CELH,Celsius Holdings Inc,-0.2,CONSUMER DEFENSIVE,8B,29.3,291M,70.5,4.2%,1.4%,50.4%,8.8%,0.0,2.1%,low_evebitda,False,1,partial,2026-03-31,,
830,15.4%,ICUI,ICU Medical Inc,-0.2,HEALTHCARE,3B,123.1,34M,4234.2,2.9%,0.0%,36.8%,2.8%,0.2,0.0%,low_pe,False,1,partial,2026-03-31,,
831,15.3%,NKE,Nike Inc,-0.2,CONSUMER CYCLICAL,63B,42.6,825M,28.0,1.7%,3.6%,40.8%,6.0%,0.7,6.1%,low_ps,False,0,good,2026-04-29,,
832,15.2%,OSK,Oshkosh Corporation,-0.2,INDUSTRIALS,58B,121.9,94M,89.9,1.0%,1.1%,17.5%,9.0%,0.1,6.4%,high_fcf_yield,False,0,good,2026-03-31,,
833,15.1%,AORT,Artivion Inc,-0.2,HEALTHCARE,1B,23.8,20M,121.0,-0.1%,0.8%,63.6%,6.9%,0.1,1.1%,high_fcf_yield,False,0,good,2026-03-31,,
834,15.0%,COCO,Vita Coco Company Inc,-0.2,CONSUMER DEFENSIVE,4B,66.0,106M,56.0,1.0%,1.8%,36.3%,13.5%,0.0,15.5%,high_fcf_yield,False,1,partial,2026-03-31,,
835,14.9%,HWM,Howmet Aerospace Inc,-0.2,INDUSTRIALS,104B,257.0,646M,68.7,1.2%,1.5%,30.7%,25.8%,0.2,13.5%,low_ps,False,0,good,2026-03-31,,
836,14.8%,LEN,Lennar Corporation,-0.2,CONSUMER CYCLICAL,20B,83.8,219M,11.5,0.1%,8.7%,16.8%,6.6%,0.2,5.4%,high_earnings_yield,False,0,good,2026-04-29,,
837,14.7%,PNW,Pinnacle West Capital Corp,-0.2,UTILITIES,13B,102.8,124M,20.6,-6.4%,4.8%,34.9%,21.7%,1.4,1.9%,high_fcf_yield,False,0,good,2026-03-31,,
838,14.5%,MOH,Molina Healthcare Inc,-0.2,HEALTHCARE,10B,194.6,252M,21.0,-6.4%,4.8%,9.0%,1.7%,0.0,3.0%,high_fcf_yield,False,1,partial,2026-03-31,,
839,14.4%,IPGP,IPG Photonics Corporation,-0.2,TECHNOLOGY,5B,118.9,75M,164.1,-0.1%,0.6%,38.0%,1.3%,0.0,1.3%,high_fcf_yield,False,0,good,2026-03-31,,
840,14.3%,NSIT,Insight Enterprises Inc,-0.2,TECHNOLOGY,3B,90.6,45M,14.2,0.9%,7.0%,21.8%,5.2%,1.0,2.2%,low_ps,False,1,partial,2026-03-31,,
841,14.2%,POWI,Power Integrations Inc,-0.2,TECHNOLOGY,4B,67.6,101M,171.0,2.3%,0.6%,54.5%,5.8%,0.1,2.9%,low_ps,False,0,good,2026-03-31,,
842,14.1%,EVRG,"Evergy, Inc.",-0.2,UTILITIES,19B,82.0,161M,22.6,-3.9%,4.4%,32.3%,25.2%,1.6,2.4%,high_fcf_yield,False,0,good,2026-03-31,,
843,14.0%,VICR,Vicor Corporation,-0.2,TECHNOLOGY,13B,269.3,254M,107.3,0.9%,0.9%,57.3%,18.1%,0.0,15.1%,low_ps,False,0,good,2026-03-31,,
844,13.9%,H,Hyatt Hotels Corporation,-0.2,CONSUMER CYCLICAL,16B,167.6,148M,30.3,0.7%,-0.3%,23.8%,12.9%,0.1,-0.4%,high_fcf_yield,False,0,good,2026-03-31,,
845,13.8%,ENPH,Enphase Energy Inc,-0.2,TECHNOLOGY,4B,33.0,322M,25.1,2.2%,4.0%,46.6%,10.7%,4.4,4.9%,high_fcf_yield,False,1,partial,2026-03-31,,
846,13.7%,EPC,Edgewell Personal Care Co,-0.2,CONSUMER DEFENSIVE,1B,22.6,16M,41.4,3.5%,-3.6%,41.3%,3.5%,0.4,-1.0%,high_earnings_yield,False,0,good,2026-03-01,,
847,13.6%,SWX,Southwest Gas Holdings Inc,-0.2,UTILITIES,7B,94.0,44M,15.5,-8.8%,6.4%,27.9%,15.3%,0.2,4.2%,high_fcf_yield,False,0,good,2026-03-31,,
848,13.5%,CORT,Corcept Therapeutics Incorporated,-0.2,HEALTHCARE,6B,46.5,57M,55.9,2.5%,1.8%,98.3%,5.9%,0.0,11.9%,low_evebitda,False,1,partial,2026-03-31,,
849,13.4%,RDNT,RadNet Inc,-0.2,HEALTHCARE,4B,54.2,43M,1395.0,-4.4%,-0.5%,11.2%,3.0%,0.4,-0.5%,low_pe,False,1,partial,2026-03-31,,
850,13.3%,IFF,International Flavors & Fragrances Inc,-0.2,BASIC MATERIALS,18B,70.2,130M,80.7,1.4%,-1.9%,34.9%,-2.9%,3.2,-1.4%,high_earnings_yield,False,0,good,2026-03-31,,
851,13.2%,INTC,Intel Corporation,-0.2,TECHNOLOGY,480B,94.5,15B,1118.6,-1.0%,-0.1%,34.8%,-4.2%,0.3,-0.1%,low_pe,False,0,good,2026-03-31,,
852,13.1%,NWN,Northwest Natural Gas Co,-0.2,UTILITIES,2B,53.0,12M,19.2,-9.1%,5.2%,39.3%,26.2%,1.4,1.8%,high_fcf_yield,False,0,good,2026-03-31,,
853,13.0%,MDU,MDU Resources Group Inc,-0.2,UTILITIES,5B,22.5,33M,24.4,-6.8%,4.1%,29.9%,15.5%,0.6,2.5%,high_fcf_yield,False,0,good,2026-03-31,,
854,12.9%,TRMB,Trimble Inc,-0.2,TECHNOLOGY,16B,67.3,132M,37.6,0.8%,2.7%,68.3%,16.9%,0.0,4.6%,high_fcf_yield,False,1,partial,2026-03-31,,
855,12.8%,AVA,Avista Corporation,-0.2,UTILITIES,3B,41.1,22M,17.5,-8.5%,5.7%,54.6%,18.0%,1.2,2.2%,high_fcf_yield,False,0,good,2026-03-31,,
856,12.7%,KO,The Coca-Cola Company,-0.2,CONSUMER DEFENSIVE,340B,78.8,1B,25.9,1.6%,3.9%,61.6%,28.7%,0.4,12.5%,low_ps,False,0,good,2026-03-31,,
857,12.6%,IAC,IAC Inc.,-0.2,COMMUNICATION SERVICES,3B,44.6,61M,10.4,1.3%,-3.0%,64.9%,4.6%,0.3,-1.5%,high_div_yield,False,0,good,2026-03-31,,
858,12.5%,CAVA,"CAVA Group, Inc.",-0.2,CONSUMER CYCLICAL,9B,79.9,252M,147.9,0.3%,0.7%,18.4%,6.7%,0.3,4.7%,low_ps,False,1,partial,2026-03-31,,
859,12.4%,VG,"Venture Global, Inc.",-0.2,ENERGY,37B,14.2,250M,15.2,-18.2%,6.6%,49.3%,36.6%,0.3,4.6%,high_fcf_yield,False,0,good,2026-03-31,,
860,12.3%,VSEC,VSE Corporation,-0.2,INDUSTRIALS,5B,171.7,101M,194.6,0.1%,0.5%,11.9%,10.7%,0.2,1.2%,high_fcf_yield,False,0,good,2026-03-31,,
861,12.2%,RBC,RBC Bearings Incorporated,-0.2,INDUSTRIALS,17B,551.1,130M,64.9,1.9%,1.5%,42.1%,22.8%,1.1,5.2%,low_ps,False,0,good,2026-03-01,,
862,12.1%,BRKR,Bruker Corporation,-0.2,HEALTHCARE,6B,36.7,89M,74.1,0.8%,-0.2%,45.9%,5.5%,0.2,-0.1%,high_fcf_yield,False,0,good,2026-03-31,,
863,12.0%,KHC,Kraft Heinz Co,-0.2,CONSUMER DEFENSIVE,27B,22.7,327M,11.8,13.6%,-21.7%,33.3%,-18.7%,0.5,-7.1%,high_earnings_yield,False,0,good,2026-03-31,,
864,11.9%,CDNS,Cadence Design Systems Inc,-0.2,TECHNOLOGY,90B,329.6,869M,81.4,1.8%,1.2%,86.4%,31.1%,0.4,10.9%,low_ps,False,1,partial,2026-03-31,,
865,11.8%,ATO,Atmos Energy Corporation,-0.2,UTILITIES,30B,190.0,179M,24.4,-5.3%,4.1%,52.3%,33.2%,0.0,4.2%,high_fcf_yield,False,0,good,2026-03-01,,
866,11.7%,ANET,Arista Networks,-0.2,TECHNOLOGY,220B,172.7,2B,62.7,1.9%,1.6%,64.1%,42.8%,0.0,18.1%,low_ps,False,1,partial,2026-03-31,,
867,11.6%,ASH,Ashland Global Holdings Inc,-0.2,BASIC MATERIALS,2B,53.3,53M,16.5,11.8%,-28.2%,25.2%,5.0%,0.0,-15.3%,high_earnings_yield,False,0,good,2026-03-01,,
868,11.5%,ORA,Ormat Technologies Inc,-0.2,UTILITIES,7B,114.9,103M,57.5,-4.0%,1.7%,27.6%,13.9%,1.8,2.0%,high_fcf_yield,False,0,good,2026-03-31,,
869,11.4%,ALK,Alaska Air Group Inc,-0.2,INDUSTRIALS,4B,39.1,163M,44.7,-7.6%,2.2%,59.7%,2.1%,1.3,0.5%,high_fcf_yield,False,0,good,2026-03-31,,
870,11.3%,AWK,American Water Works,-0.2,UTILITIES,25B,128.4,226M,22.5,-4.3%,4.4%,43.3%,36.6%,2.2,3.0%,high_fcf_yield,False,0,good,2026-03-31,,
871,11.2%,PPL,PPL Corporation,-0.2,UTILITIES,26B,34.9,345M,22.4,-5.3%,4.5%,39.1%,23.6%,0.7,2.6%,high_fcf_yield,False,0,good,2026-03-31,,
872,11.1%,AAL,American Airlines Group,-0.2,INDUSTRIALS,8B,11.7,657M,69.8,-8.8%,1.4%,19.2%,2.7%,2.4,0.2%,high_fcf_yield,False,0,good,2026-03-31,,
873,11.0%,IDA,IDACORP Inc,-0.2,UTILITIES,8B,146.8,74M,25.6,-7.0%,3.9%,20.1%,19.8%,0.3,3.1%,high_fcf_yield,False,0,good,2026-03-31,,
874,10.9%,LLY,Eli Lilly and Company,-0.3,HEALTHCARE,837B,934.6,3B,40.6,1.1%,2.5%,83.8%,45.6%,0.1,18.3%,low_ps,False,0,good,2026-03-31,,
875,10.8%,CPRI,Capri Holdings Ltd,-0.3,CONSUMER CYCLICAL,2B,17.5,49M,168.6,11.9%,-23.8%,61.4%,-1.8%,1.5,-15.1%,high_earnings_yield,False,1,partial,2026-03-01,,
876,10.7%,TAP,Molson Coors Brewing Co Class B,-0.3,CONSUMER DEFENSIVE,8B,42.7,144M,8.2,13.2%,-26.4%,37.6%,-21.0%,0.1,-9.4%,high_earnings_yield,False,0,good,2026-03-31,,
877,10.6%,PSKY,Paramount Skydance Corporation Class B Common Stock,-0.3,COMMUNICATION SERVICES,11B,10.2,105M,13.1,4.3%,-5.4%,33.8%,-18.2%,0.4,-1.4%,high_earnings_yield,False,0,good,2026-03-31,,
878,10.5%,WTRG,Essential Utilities Inc,-0.3,UTILITIES,11B,37.2,81M,17.1,-4.3%,5.8%,53.5%,37.2%,0.3,3.1%,high_fcf_yield,False,0,good,2026-03-31,,
879,10.4%,TXNM,"TXNM Energy, Inc.",-0.3,UTILITIES,6B,59.1,88M,36.2,-11.1%,2.8%,38.1%,20.3%,0.5,3.5%,high_fcf_yield,False,0,good,2026-03-31,,
880,10.3%,CNP,CenterPoint Energy Inc,-0.3,UTILITIES,29B,43.6,227M,27.3,-8.3%,3.7%,28.7%,22.5%,1.5,2.2%,high_fcf_yield,False,0,good,2026-03-31,,
881,10.2%,CNC,Centene Corp,-0.3,HEALTHCARE,27B,53.7,364M,8.5,16.2%,-25.1%,12.2%,-3.9%,0.0,-8.6%,high_earnings_yield,False,1,partial,2026-03-31,,
882,10.1%,CWT,California Water Service Group,-0.3,UTILITIES,3B,42.2,26M,19.7,-8.5%,5.1%,50.3%,16.3%,0.8,2.3%,high_fcf_yield,False,0,good,2026-03-31,,
883,10.0%,HTLD,Heartland Express Inc,-0.3,INDUSTRIALS,1B,13.4,7M,52.4,-6.5%,-5.1%,-0.9%,-7.7%,0.1,-4.4%,high_fcf_yield,False,0,good,2026-03-31,,
884,9.9%,TVTX,Travere Therapeutics Inc,-0.3,HEALTHCARE,4B,42.1,102M,6.9,0.7%,-0.7%,97.9%,-12.8%,0.3,-4.2%,low_evebitda,False,1,partial,2026-03-31,,
885,9.8%,ACAD,ACADIA Pharmaceuticals Inc,-0.3,HEALTHCARE,4B,22.4,36M,9.9,-2.4%,10.1%,91.7%,9.8%,0.1,25.0%,high_earnings_yield,False,1,partial,2026-03-31,,
886,9.7%,VCEL,Vericel Corp Ord,-0.3,HEALTHCARE,2B,34.9,23M,107.2,0.4%,0.9%,74.4%,4.0%,0.5,3.4%,high_fcf_yield,False,1,partial,2026-03-31,,
887,9.6%,GEO,Geo Group Inc,-0.3,INDUSTRIALS,3B,22.8,38M,12.0,-4.1%,8.3%,60.5%,9.8%,0.0,6.6%,high_fcf_yield,False,0,good,2026-03-31,,
888,9.5%,APD,Air Products and Chemicals Inc,-0.3,BASIC MATERIALS,67B,300.1,298M,34.4,-4.2%,-0.5%,31.6%,-6.4%,0.3,-0.8%,high_fcf_yield,False,0,good,2026-03-01,,
889,9.4%,ORCL,Oracle Corporation,-0.3,TECHNOLOGY,544B,186.6,5B,33.5,-4.5%,3.0%,66.4%,30.8%,0.8,6.6%,high_fcf_yield,False,0,good,2026-04-29,,
890,9.3%,AMD,Advanced Micro Devices Inc,-0.3,TECHNOLOGY,585B,354.5,17B,134.9,1.2%,0.7%,49.5%,10.7%,0.2,5.6%,low_ps,False,1,partial,2026-03-31,,
891,9.2%,BA,The Boeing Company,-0.3,INDUSTRIALS,187B,229.0,1B,83.9,-1.7%,1.2%,4.8%,-6.0%,2.3,1.3%,high_fcf_yield,False,0,good,2026-03-31,,
892,9.1%,GWRE,Guidewire Software Inc,-0.3,TECHNOLOGY,12B,137.1,169M,62.5,2.6%,1.6%,63.8%,6.8%,0.1,7.0%,low_ps,False,1,partial,2026-04-01,,
893,9.0%,AZTA,Azenta Inc,-0.3,HEALTHCARE,1B,24.6,30M,43.9,2.7%,-5.1%,45.3%,-1.3%,0.1,-2.8%,high_earnings_yield,False,0,good,2026-03-01,,
894,8.9%,TFPM,Triple Flag Precious Metals Corp,-0.3,BASIC MATERIALS,7B,31.7,19M,27.2,1.5%,3.7%,72.4%,59.4%,0.0,11.4%,low_ps,False,0,good,2026-03-31,,
895,8.8%,TSLA,Tesla Inc,-0.3,CONSUMER CYCLICAL,1.4T,381.6,23B,355.9,0.5%,0.3%,18.0%,4.6%,0.3,2.8%,low_ps,False,1,partial,2026-03-31,,
896,8.7%,TRN,Trinity Industries Inc,-0.3,INDUSTRIALS,3B,32.6,22M,10.6,-16.3%,9.5%,26.7%,16.7%,0.0,3.0%,high_fcf_yield,False,0,good,2026-03-31,,
897,8.6%,PDFS,PDF Solutions Inc,-0.3,TECHNOLOGY,2B,43.6,31M,1343.5,-0.5%,-0.0%,72.8%,2.7%,0.4,-0.2%,low_pe,False,1,partial,2026-03-31,,
898,8.5%,PLUS,ePlus inc,-0.3,TECHNOLOGY,2B,82.4,14M,16.3,-3.0%,6.1%,25.6%,6.9%,1.3,7.3%,high_fcf_yield,False,0,good,2026-03-01,,
899,8.4%,CPK,Chesapeake Utilities Corporation,-0.3,UTILITIES,3B,126.1,15M,24.1,-10.0%,4.2%,48.9%,26.4%,1.7,3.1%,high_fcf_yield,False,0,good,2026-03-31,,
900,8.3%,GATX,GATX Corporation,-0.3,INDUSTRIALS,6B,171.3,39M,18.3,-11.2%,5.5%,48.6%,30.7%,3.6,1.8%,high_fcf_yield,False,0,good,2026-03-31,,
901,8.2%,WGS,GeneDx Holdings Corp.,-0.3,HEALTHCARE,2B,62.9,87M,1029.0,0.8%,-1.1%,68.5%,-2.9%,2.0,-3.7%,low_evebitda,False,1,partial,2026-03-31,,
902,8.1%,SNPS,Synopsys Inc,-0.3,TECHNOLOGY,81B,498.4,832M,73.2,2.8%,1.4%,75.1%,10.8%,0.0,2.3%,low_ps,False,1,partial,2026-04-01,,
903,8.0%,BAX,Baxter International Inc,-0.3,HEALTHCARE,9B,17.6,143M,161.4,3.6%,-10.6%,30.1%,-2.7%,0.1,-4.8%,high_earnings_yield,False,0,good,2026-03-31,,
904,7.9%,ISRG,Intuitive Surgical Inc,-0.3,HEALTHCARE,165B,457.6,1B,57.6,1.5%,1.7%,66.0%,29.3%,0.0,13.8%,low_ps,False,1,partial,2026-03-31,,
905,7.8%,MRVL,Marvell Technology Group Ltd,-0.3,TECHNOLOGY,145B,168.9,4B,54.2,1.0%,1.8%,50.1%,16.3%,0.2,12.0%,low_ps,False,0,good,2026-05-01,,
906,7.7%,NOVT,Novanta Inc,-0.3,TECHNOLOGY,6B,151.3,56M,108.7,0.8%,0.9%,44.4%,11.9%,0.5,3.0%,high_fcf_yield,False,1,partial,2026-03-31,,
907,7.6%,CRDO,Credo Technology Group Holding Ltd,-0.3,TECHNOLOGY,29B,156.3,1B,85.8,1.0%,1.2%,67.8%,30.2%,0.0,16.7%,low_ps,False,1,partial,2026-04-01,,
908,7.5%,RGEN,Repligen Corporation,-0.3,HEALTHCARE,7B,118.3,158M,137.1,1.4%,0.7%,50.9%,7.6%,0.1,1.7%,low_ps,False,1,partial,2026-03-31,,
909,7.4%,NPK,National Presto Industries Inc,-0.3,INDUSTRIALS,1B,143.8,13M,31.0,-3.5%,3.2%,15.9%,8.0%,1.0,6.6%,high_fcf_yield,False,0,good,2026-03-31,,
910,7.3%,MCHP,Microchip Technology Inc,-0.3,TECHNOLOGY,51B,92.8,1B,75.8,1.6%,-0.2%,51.6%,4.1%,0.0,-0.7%,low_ps,False,0,good,2026-03-01,,
911,7.2%,ADMA,ADMA Biologics Inc,-0.3,HEALTHCARE,3B,10.2,69M,17.1,1.1%,5.9%,57.4%,37.5%,0.0,23.5%,high_fcf_yield,False,1,partial,2026-03-31,,
912,7.1%,ADI,Analog Devices Inc,-0.3,TECHNOLOGY,209B,418.6,1B,77.0,2.2%,1.3%,62.8%,29.2%,0.5,5.6%,low_ps,False,0,good,2026-04-01,,
913,7.1%,D,Dominion Energy Inc,-0.3,UTILITIES,57B,64.5,480M,18.9,-12.8%,5.3%,49.0%,26.7%,1.3,2.6%,high_fcf_yield,False,0,good,2026-03-31,,
914,7.0%,KTOS,Kratos Defense & Security Solutions,-0.3,INDUSTRIALS,11B,63.0,234M,514.1,-1.2%,0.2%,22.1%,2.1%,0.2,0.9%,high_fcf_yield,False,1,partial,2026-03-31,,
915,6.9%,KRYS,Krystal Biotech Inc,-0.3,HEALTHCARE,8B,262.3,86M,39.1,2.4%,2.6%,92.6%,41.5%,0.0,15.4%,low_ps,False,1,partial,2026-03-31,,
916,6.8%,AAP,Advance Auto Parts Inc,-0.3,CONSUMER CYCLICAL,3B,50.6,80M,69.9,-9.7%,1.4%,43.4%,1.9%,1.4,0.4%,high_fcf_yield,False,0,good,2026-03-31,,
917,6.7%,NVMI,Nova Ltd,-0.4,TECHNOLOGY,16B,486.8,176M,63.5,1.3%,1.6%,57.4%,28.8%,0.0,11.0%,low_ps,False,1,partial,2026-03-31,,
918,6.6%,PBF,PBF Energy Inc,-0.4,ENERGY,5B,43.4,142M,4.0,-15.0%,-3.0%,-1.9%,-0.2%,1.8,-1.2%,high_fcf_yield,False,0,good,2026-03-31,,
919,6.5%,WLK,Westlake Chemical Corporation,-0.4,BASIC MATERIALS,15B,115.3,125M,25.7,-3.6%,-10.2%,2.6%,-14.1%,3.1,-7.6%,high_earnings_yield,False,0,good,2026-03-31,,
920,6.4%,MPWR,Monolithic Power Systems Inc,-0.4,TECHNOLOGY,79B,1614.4,1B,129.1,0.8%,0.8%,55.2%,26.1%,0.0,14.7%,low_ps,False,0,good,2026-03-31,,
921,6.3%,MXL,MaxLinear Inc,-0.4,TECHNOLOGY,6B,70.8,537M,19.1,0.1%,-2.2%,56.5%,-21.8%,1.0,-17.2%,low_ps,False,1,partial,2026-03-31,,
922,6.2%,SRE,Sempra Energy,-0.4,UTILITIES,59B,90.2,318M,32.1,-10.3%,3.1%,29.3%,23.9%,2.0,1.7%,high_fcf_yield,False,0,good,2026-03-31,,
923,6.1%,TFX,Teleflex Incorporated,-0.4,HEALTHCARE,6B,130.4,132M,28.5,4.3%,-15.7%,53.3%,9.7%,1.8,-13.0%,high_earnings_yield,False,0,good,2026-03-31,,
924,6.0%,PANW,Palo Alto Networks Inc,-0.4,TECHNOLOGY,177B,247.6,1B,137.7,2.0%,0.7%,73.5%,14.4%,0.0,5.1%,low_ps,False,1,partial,2026-04-01,,
925,5.9%,RGLD,Royal Gold Inc,-0.4,BASIC MATERIALS,20B,233.4,192M,42.6,-2.3%,2.4%,72.6%,64.6%,0.0,4.9%,low_ps,False,0,good,2026-03-31,,
926,5.8%,WPM,Wheaton Precious Metals Corp,-0.4,BASIC MATERIALS,59B,129.5,307M,39.8,1.0%,2.5%,75.1%,68.6%,0.0,16.2%,low_ps,False,0,good,2026-03-31,,
927,5.7%,AMSC,American Superconductor Corporation,-0.4,INDUSTRIALS,2B,50.2,76M,17.3,0.7%,5.8%,30.6%,4.9%,0.2,18.1%,low_ps,False,1,partial,2026-03-01,,
928,5.6%,AOSL,Alpha and Omega Semiconductor Ltd,-0.4,TECHNOLOGY,1B,43.4,58M,57.1,-3.2%,-8.0%,22.5%,-5.9%,0.5,-10.3%,high_earnings_yield,False,1,partial,2026-03-01,,
929,5.5%,FLR,Fluor Corporation,-0.4,INDUSTRIALS,8B,44.3,146M,2.7,-5.6%,-0.7%,-0.8%,-2.4%,0.0,-0.6%,high_fcf_yield,False,0,good,2026-03-31,,
930,5.4%,IP,International Paper,-0.4,CONSUMER CYCLICAL,16B,30.4,266M,60.9,-1.0%,-21.7%,29.5%,-11.3%,0.9,-9.3%,high_earnings_yield,False,0,good,2026-03-31,,
931,5.3%,VAC,Marriot Vacations Worldwide,-0.4,CONSUMER CYCLICAL,3B,72.0,36M,13.0,-1.2%,-12.3%,33.9%,11.8%,0.5,-3.2%,high_earnings_yield,False,0,good,2026-03-31,,
932,5.2%,VFC,VF Corporation,-0.4,CONSUMER CYCLICAL,7B,16.9,136M,30.0,-9.9%,3.3%,53.8%,4.6%,1.2,2.1%,high_fcf_yield,False,0,good,2026-03-01,,
933,5.1%,AES,The AES Corporation,-0.4,UTILITIES,4B,14.3,166M,4.2,-43.4%,24.0%,18.1%,15.0%,1.9,1.7%,high_fcf_yield,False,0,good,2026-03-31,,
934,5.0%,DOW,Dow Inc,-0.4,BASIC MATERIALS,29B,40.5,474M,53.9,-8.9%,-9.0%,6.2%,-1.8%,0.8,-4.5%,high_fcf_yield,False,0,good,2026-03-31,,
935,4.9%,TPL,Texas Pacific Land Corporation,-0.4,ENERGY,31B,443.7,149M,63.6,1.6%,1.6%,66.0%,74.2%,0.0,29.7%,low_ps,False,0,good,2026-03-31,,
936,4.8%,LGND,Ligand Pharmaceuticals Incorporated,-0.4,HEALTHCARE,4B,207.9,47M,33.2,1.2%,3.0%,97.5%,17.6%,0.0,8.0%,low_ps,False,0,good,2026-03-31,,
937,4.7%,XRAY,Dentsply Sirona Inc,-0.4,HEALTHCARE,2B,11.8,59M,18.7,4.4%,-25.5%,50.0%,6.8%,5.0,-11.0%,high_earnings_yield,False,0,good,2026-03-31,,
938,4.6%,HTO,H2O America,-0.4,UTILITIES,2B,56.2,34M,21.1,-19.9%,4.7%,54.6%,22.2%,0.7,2.0%,high_fcf_yield,False,0,good,2026-03-31,,
939,4.5%,LNT,Alliant Energy Corp,-0.4,UTILITIES,19B,73.4,183M,23.5,-18.1%,4.3%,40.1%,23.5%,1.2,3.1%,high_fcf_yield,False,0,good,2026-03-31,,
940,4.4%,CIFR,Cipher Mining Inc,-0.5,TECHNOLOGY,7B,17.7,509M,95.2,-8.5%,-2.8%,20.2%,-67.2%,0.1,-3.2%,low_ps,False,1,partial,2026-03-31,,
941,4.3%,TTWO,Take-Two Interactive Software Inc,-0.5,COMMUNICATION SERVICES,44B,242.2,339M,122.2,1.1%,-8.9%,56.0%,-5.1%,2.1,-39.6%,high_earnings_yield,False,0,good,2026-03-01,,
942,4.2%,AXON,Axon Enterprise Inc.,-0.5,INDUSTRIALS,33B,401.8,451M,265.3,0.2%,0.4%,59.7%,0.0%,0.6,1.8%,low_ps,False,1,partial,2026-03-31,,
943,4.1%,LSCC,Lattice Semiconductor Corporation,-0.5,TECHNOLOGY,17B,122.3,331M,5526.8,0.8%,0.0%,66.5%,2.4%,0.1,0.3%,low_pe,False,1,partial,2026-03-31,,
944,4.0%,WKC,World Kinect Corporation,-0.5,ENERGY,1B,27.0,26M,79.6,16.2%,-43.8%,1.4%,0.7%,0.6,-10.5%,high_earnings_yield,False,0,good,2026-03-31,,
945,3.9%,AVAV,AeroVironment Inc,-0.5,INDUSTRIALS,8B,161.5,209M,259.4,-3.1%,-2.8%,21.8%,-6.1%,0.1,-4.1%,high_fcf_yield,False,1,partial,2026-04-01,,
946,3.8%,LGIH,LGI Homes,-0.5,CONSUMER CYCLICAL,1B,49.0,21M,15.7,-12.4%,6.4%,20.7%,4.7%,0.0,1.8%,high_fcf_yield,False,1,partial,2026-03-31,,
947,3.7%,AVGO,Broadcom Inc,-0.5,TECHNOLOGY,2.1T,420.7,8B,82.3,1.4%,1.2%,67.1%,40.9%,0.1,14.7%,low_ps,False,0,good,2026-04-01,,
948,3.6%,AAON,AAON Inc,-0.5,INDUSTRIALS,11B,133.9,154M,103.5,-1.7%,1.0%,26.7%,10.1%,0.1,6.4%,high_fcf_yield,False,0,good,2026-03-31,,
949,3.5%,MAN,ManpowerGroup Inc,-0.5,INDUSTRIALS,1B,30.3,28M,16.9,-11.3%,-0.9%,16.7%,0.8%,4.9,-0.1%,high_fcf_yield,False,0,good,2026-03-31,,
950,3.4%,BLFS,BioLife Solutions Inc,-0.5,HEALTHCARE,1B,22.3,10M,170.0,1.2%,-1.1%,64.6%,-12.6%,2.6,-3.0%,low_ps,False,1,partial,2026-03-31,,
951,3.3%,NSP,Insperity Inc,-0.5,INDUSTRIALS,1B,35.6,27M,48.0,-23.0%,-0.5%,13.2%,-0.1%,0.4,-0.3%,high_fcf_yield,False,0,good,2026-03-31,,
952,3.2%,STAA,STAAR Surgical Company,-0.5,HEALTHCARE,2B,32.3,22M,40.0,-2.3%,-5.0%,75.6%,-33.3%,0.1,-17.4%,high_earnings_yield,False,1,partial,2026-03-31,,
953,3.1%,FNV,Franco-Nevada Corporation,-0.5,BASIC MATERIALS,43B,225.4,163M,38.9,-6.5%,2.6%,73.9%,74.2%,0.3,13.6%,low_ps,False,0,good,2026-03-31,,
954,3.0%,UAA,Under Armour Inc A,-0.5,CONSUMER CYCLICAL,2B,5.0,44M,19.4,-2.2%,-24.4%,46.6%,-2.5%,8.2,-11.2%,high_earnings_yield,False,1,partial,2026-03-01,,
955,2.9%,FTAI,FTAI Aviation Ltd.,-0.5,INDUSTRIALS,26B,249.7,411M,51.9,-5.8%,1.9%,35.3%,30.7%,0.0,11.5%,high_fcf_yield,False,0,good,2026-03-31,,
956,2.8%,KRMN,Karman Holdings Inc.,-0.5,INDUSTRIALS,9B,68.0,116M,518.0,-0.5%,0.2%,33.6%,15.5%,0.1,1.6%,low_ps,False,1,partial,2026-03-31,,
957,2.7%,NEOG,Neogen Corporation,-0.6,HEALTHCARE,2B,8.6,20M,2162.0,-0.3%,-32.7%,39.9%,-3.7%,0.0,-18.1%,high_earnings_yield,False,1,partial,2026-04-29,,
958,2.6%,MTSI,MACOM Technology Solutions Holdings Inc,-0.6,TECHNOLOGY,27B,356.2,422M,169.5,0.5%,0.6%,54.5%,15.2%,1.2,7.7%,low_ps,False,1,partial,2026-03-01,,
959,2.5%,XEL,Xcel Energy Inc,-0.6,UTILITIES,52B,83.0,386M,25.7,-21.1%,3.9%,24.3%,19.6%,0.7,2.5%,high_fcf_yield,False,0,good,2026-03-31,,
960,2.4%,SATS,EchoStar Corporation,-0.6,COMMUNICATION SERVICES,39B,136.4,631M,29.5,-3.7%,-59.3%,37.1%,-118.1%,0.9,-54.1%,high_earnings_yield,False,0,good,2026-03-31,,
961,2.3%,ALAB,"Astera Labs, Inc.",-0.7,TECHNOLOGY,35B,194.7,1B,161.0,0.8%,0.6%,75.7%,20.3%,0.0,14.3%,low_ps,False,1,partial,2026-03-31,,
962,2.2%,COHU,Cohu Inc,-0.7,TECHNOLOGY,2B,47.4,77M,50.8,0.5%,-3.3%,34.5%,-13.3%,6.0,-6.0%,low_evebitda,False,0,good,2026-03-31,,
963,2.1%,SITM,Sitime Corporation,-0.7,TECHNOLOGY,15B,562.1,319M,4563.7,0.2%,-0.3%,53.6%,-19.6%,0.1,-3.3%,low_pe,False,1,partial,2026-03-31,,
964,2.0%,DDOG,Datadog Inc,-0.8,TECHNOLOGY,76B,208.8,1B,706.9,1.3%,0.1%,79.9%,-1.3%,0.2,1.6%,low_ps,False,1,partial,2026-03-31,,
965,1.9%,FMC,FMC Corporation,-0.8,BASIC MATERIALS,2B,15.4,48M,18.9,-11.5%,-29.1%,37.0%,-54.4%,10.0,-23.1%,high_earnings_yield,False,0,good,2026-03-31,,
966,1.8%,PENN,Penn National Gaming Inc,-0.8,CONSUMER CYCLICAL,2B,17.5,76M,4.5,-7.2%,-36.1%,30.6%,-7.9%,15.8,-5.9%,high_div_yield,False,0,good,2026-03-31,,
967,1.7%,MRNA,Moderna Inc,-0.8,HEALTHCARE,18B,45.9,329M,24.0,-11.3%,-15.6%,14.1%,-158.2%,0.2,-22.9%,high_earnings_yield,False,1,partial,2026-03-31,,
968,1.6%,CCOI,Cogent Communications Group Inc,-0.9,COMMUNICATION SERVICES,1B,22.6,30M,82.4,-18.3%,-16.8%,32.1%,-10.6%,0.4,-5.9%,high_fcf_yield,False,0,good,2026-03-31,,
969,1.5%,CLF,Cleveland-Cliffs Inc,-0.9,BASIC MATERIALS,6B,10.2,201M,138.1,-17.8%,-25.6%,-4.5%,-8.2%,0.3,-7.4%,high_earnings_yield,False,0,good,2026-03-31,,
970,1.4%,MIDD,Middleby Corp,-0.9,INDUSTRIALS,7B,144.4,96M,14.8,8.1%,-4.1%,37.9%,-2.5%,9.0,-4.4%,low_evebitda,False,1,partial,2026-03-31,,
971,1.3%,SRPT,Sarepta Therapeutics Inc,-0.9,HEALTHCARE,3B,20.9,63M,25.8,-12.5%,-28.0%,61.8%,-31.8%,0.4,-21.3%,high_earnings_yield,False,1,partial,2026-03-31,,
972,1.2%,VNOM,Viper Energy Ut,-1.0,ENERGY,8B,49.4,73M,59.4,-62.5%,-2.2%,48.2%,45.3%,0.5,-1.4%,high_fcf_yield,False,0,good,2026-03-31,,
973,1.1%,ACHC,Acadia Healthcare Company Inc,-1.0,HEALTHCARE,2B,25.9,86M,19.7,-18.7%,-46.9%,60.6%,9.7%,0.2,-20.0%,high_earnings_yield,False,1,partial,2026-03-31,,
974,1.0%,ENOV,Enovis Corp,-1.1,HEALTHCARE,1B,25.2,26M,130.2,1.4%,-81.8%,59.8%,-52.6%,0.3,-30.9%,high_earnings_yield,False,0,good,2026-03-31,,
975,0.9%,CAR,Avis Budget Group Inc,-1.2,INDUSTRIALS,6B,180.7,2B,7.1,-71.7%,-13.9%,25.2%,10.9%,0.1,-2.8%,high_fcf_yield,False,0,good,2026-03-31,,
976,0.8%,PLTR,Palantir Technologies Inc.,-1.2,TECHNOLOGY,358B,139.1,6B,220.1,0.6%,0.5%,82.4%,31.6%,0.0,18.3%,low_ps,False,1,partial,2026-03-31,,
977,0.7%,PRGO,Perrigo Company PLC,-1.2,HEALTHCARE,2B,11.8,26M,20.3,8.8%,-86.8%,35.1%,5.9%,0.2,-16.7%,high_earnings_yield,False,0,good,2026-03-31,,
978,0.6%,ARM,Arm Holdings plc American Depositary Shares,-1.2,TECHNOLOGY,230B,215.1,3B,286.8,0.4%,0.3%,95.4%,18.6%,0.1,7.9%,low_ps,False,1,partial,2026-03-01,,
979,0.5%,FUN,Six Flags Entertainment Corporation,-1.3,CONSUMER CYCLICAL,2B,20.1,40M,89.6,-7.5%,-77.3%,57.7%,-43.7%,0.1,-20.2%,high_earnings_yield,False,0,good,2026-03-31,,
980,0.4%,GT,Goodyear Tire & Rubber Co,-1.3,CONSUMER CYCLICAL,2B,7.1,55M,4.9,-1.5%,-83.8%,18.4%,3.1%,1.4,-9.5%,high_earnings_yield,False,0,good,2026-03-31,,
981,0.3%,CRWD,Crowdstrike Holdings Inc,-2.3,TECHNOLOGY,160B,618.8,2B,683.2,0.8%,-0.1%,74.9%,-5.4%,0.2,-1.7%,low_evebitda,False,1,partial,2026-05-01,,
982,0.2%,BE,Bloom Energy Corp,-3.0,INDUSTRIALS,91B,283.4,3B,2687.6,0.1%,-0.1%,30.9%,5.5%,4.1,-2.0%,low_evebitda,False,1,partial,2026-03-31,,
983,0.1%,CYTK,Cytokinetics Inc,-3.2,HEALTHCARE,8B,64.0,252M,390.3,-6.8%,-10.0%,-22.3%,-695.4%,2.2,-55.1%,low_ps,False,1,partial,2026-03-31,,
