portfolio,date,net_return,gross_return,tc_cost,turnover,n_stocks
top_pct_20,2005-04-30,-0.09749749821300924,-0.09649749821300924,0.001,1.0,1
top_pct_20,2005-05-31,-0.007120253164557,-0.007120253164557,0.0,0.0,1
top_pct_20,2005-06-30,0.08764940239043817,0.08764940239043817,0.0,0.0,1
top_pct_20,2005-07-31,0.0849816849816849,0.0849816849816849,0.0,0.0,1
top_pct_20,2005-08-31,0.05705604321404456,0.05705604321404456,0.0,0.0,1
top_pct_20,2005-09-30,0.10178169643271806,0.10178169643271806,0.0,0.0,1
top_pct_20,2005-10-31,-0.09157401989467517,-0.09157401989467517,0.0,0.0,1
top_pct_20,2005-11-30,0.03607085346215788,0.03607085346215788,0.0,0.0,1
top_pct_20,2005-12-31,0.03885607709045691,0.03885607709045691,0.0,0.0,1
top_pct_20,2006-01-31,0.18043087971274696,0.18043087971274696,0.0,0.0,1
top_pct_20,2006-02-28,-0.08517110266159689,-0.08517110266159689,0.0,0.0,1
top_pct_20,2006-03-31,0.11483038653748223,0.11483038653748223,0.0,0.0,1
top_pct_20,2006-04-30,0.037190086144545886,0.03769008614454589,0.0005,0.5,2
top_pct_20,2006-05-31,-0.09892286499472762,-0.09858953166139428,0.00033333333333333343,0.33333333333333337,3
top_pct_20,2006-06-30,-0.004690964375852035,-0.003890964375852035,0.0008,0.8,5
top_pct_20,2006-07-31,-0.03714429075000081,-0.036699846305556366,0.00044444444444444447,0.4444444444444444,9
top_pct_20,2006-08-31,0.018741851547285283,0.018941851547285282,0.00019999999999999996,0.19999999999999996,10
top_pct_20,2006-09-30,0.056576194545344106,0.05684892181807138,0.00027272727272727274,0.2727272727272727,11
top_pct_20,2006-10-31,0.06118448987063309,0.06182448987063309,0.00064,0.64,25
top_pct_20,2006-11-30,0.016538946851453077,0.016882696851453077,0.00034375000000000003,0.34375,32
top_pct_20,2006-12-31,-0.000527364591516757,-0.0003508940032814628,0.00017647058823529416,0.17647058823529416,32
top_pct_20,2007-01-31,0.03862596678636727,0.039370152832878896,0.000744186046511628,0.7441860465116279,86
top_pct_20,2007-02-28,-0.001421558531311517,-0.0013761039858569716,4.545454545454542e-05,0.045454545454545414,87
top_pct_20,2007-03-31,0.02029973182817036,0.020344176272614804,4.44444444444444e-05,0.0444444444444444,90
top_pct_20,2007-04-30,0.04278947498780126,0.04294164890084474,0.00015217391304347827,0.15217391304347827,91
top_pct_20,2007-05-31,0.055203087964877995,0.055279174921399735,7.608695652173914e-05,0.07608695652173914,92
top_pct_20,2007-06-30,-0.009034991542333332,-0.008805824875666664,0.0002291666666666666,0.22916666666666663,95
top_pct_20,2007-07-31,-0.025365420339161688,-0.025283787686100463,8.163265306122448e-05,0.08163265306122447,97
top_pct_20,2007-08-31,0.004980478853991016,0.005011406689042562,3.0927835051546395e-05,0.030927835051546393,96
top_pct_20,2007-09-30,0.03645130778634949,0.03655334860267602,0.00010204081632653062,0.10204081632653061,95
top_pct_20,2007-10-31,0.023406507160100835,0.023438086107469256,3.157894736842104e-05,0.03157894736842104,95
top_pct_20,2007-11-30,-0.05045659853692829,-0.05037412431012417,8.247422680412375e-05,0.08247422680412375,94
top_pct_20,2007-12-31,0.0024283716915484235,0.00257270158845564,0.00014432989690721655,0.14432989690721654,96
top_pct_20,2008-01-31,-0.04197436283000682,-0.041880612830006825,9.375e-05,0.09375,92
top_pct_20,2008-02-29,0.009223762166730499,0.009339551640414709,0.00011578947368421056,0.11578947368421055,94
top_pct_20,2008-03-31,-0.005304337425049169,-0.005112848063347041,0.00019148936170212773,0.19148936170212771,92
top_pct_20,2008-04-30,0.052484593327849535,0.052559862145053836,7.526881720430112e-05,0.07526881720430112,91
top_pct_20,2008-05-31,0.03446529492944756,0.03462318966628967,0.00015789473684210532,0.1578947368421053,95
top_pct_20,2008-06-30,-0.04990466062889743,-0.049746765892055324,0.00015789473684210532,0.1578947368421053,85
top_pct_20,2008-07-31,-0.046874958585093565,-0.04675136307947559,0.0001235955056179775,0.1235955056179775,88
top_pct_20,2008-08-31,0.009583107086132595,0.009694218197243705,0.00011111111111111117,0.11111111111111116,90
top_pct_20,2008-09-30,-0.13258213614416073,-0.1324502680122926,0.00013186813186813186,0.13186813186813184,84
top_pct_20,2008-10-31,-0.20003866844280968,-0.19990073740832692,0.00013793103448275868,0.13793103448275867,74
top_pct_20,2008-11-30,-0.08123669427615969,-0.081044386583852,0.0001923076923076923,0.1923076923076923,72
top_pct_20,2008-12-31,0.04187098030567253,0.04205153586122809,0.0001805555555555556,0.18055555555555558,72
top_pct_20,2009-01-31,-0.06551976414723368,-0.06537502730512841,0.00014473684210526317,0.14473684210526316,71
top_pct_20,2009-02-28,-0.09449716299870792,-0.0943860518875968,0.00011111111111111117,0.11111111111111116,69
top_pct_20,2009-03-31,0.10545152597647912,0.1055284490534022,7.692307692307687e-05,0.07692307692307687,63
top_pct_20,2009-04-30,0.09659723434976601,0.09692117801173784,0.000323943661971831,0.323943661971831,70
top_pct_20,2009-05-31,0.05004178273246724,0.050249574940259445,0.00020779220779220778,0.20779220779220775,76
top_pct_20,2009-06-30,0.019790364706472916,0.02003395445006266,0.00024358974358974363,0.2435897435897436,75
top_pct_20,2009-07-31,0.0676113220767337,0.06775234771775934,0.0001410256410256411,0.14102564102564108,77
top_pct_20,2009-08-31,0.023084727550658504,0.023195838661769615,0.00011111111111111117,0.11111111111111116,80
top_pct_20,2009-09-30,0.05344107352893798,0.053660585724059934,0.0002195121951219512,0.2195121951219512,82
top_pct_20,2009-10-31,-0.028927208405675156,-0.028774267229204568,0.00015294117647058825,0.15294117647058825,83
top_pct_20,2009-11-30,0.062155877067050294,0.06229002340851371,0.00013414634146341464,0.13414634146341464,81
top_pct_20,2009-12-31,0.03674065125149721,0.03697874648959245,0.00023809523809523815,0.23809523809523814,83
top_pct_20,2010-01-31,-0.0429503761257416,-0.04275497382689103,0.0001954022988505747,0.1954022988505747,84
top_pct_20,2010-02-28,0.03796846334755747,0.03804985869639468,8.139534883720934e-05,0.08139534883720934,85
top_pct_20,2010-03-31,0.07764501696961637,0.07775737652017817,0.00011235955056179781,0.1123595505617978,88
top_pct_20,2010-04-30,0.02966642800336317,0.029941153278088443,0.0002747252747252747,0.27472527472527475,91
top_pct_20,2010-05-31,-0.060115556788685715,-0.06003045040570699,8.510638297872342e-05,0.08510638297872342,92
top_pct_20,2010-06-30,-0.061605373665205604,-0.06143333065445292,0.00017204301075268813,0.17204301075268813,88
top_pct_20,2010-07-31,0.07447790652139935,0.07454457318806602,6.666666666666666e-05,0.06666666666666665,89
top_pct_20,2010-08-31,-0.06661464766651029,-0.06654871360057622,6.593406593406593e-05,0.06593406593406592,88
top_pct_20,2010-09-30,0.12027286378340449,0.12044331832885903,0.00017045454545454541,0.17045454545454541,87
top_pct_20,2010-10-31,0.056018065610772334,0.05612795572066245,0.00010989010989010994,0.10989010989010994,89
top_pct_20,2010-11-30,0.024781514707891156,0.024878288901439543,9.677419354838712e-05,0.09677419354838712,93
top_pct_20,2010-12-31,0.06127671186962063,0.061474628536287296,0.00019791666666666663,0.19791666666666663,96
top_pct_20,2011-01-31,0.011680747993711296,0.011809460864998424,0.00012871287128712872,0.12871287128712872,100
top_pct_20,2011-02-28,0.04652536851823879,0.04659467544893186,6.930693069306926e-05,0.06930693069306926,101
top_pct_20,2011-03-31,0.021784534424169347,0.021897741971339157,0.00011320754716981131,0.1132075471698113,106
top_pct_20,2011-04-30,0.029821450049159662,0.030045749114580224,0.00022429906542056078,0.22429906542056077,106
top_pct_20,2011-05-31,-0.015410702896503852,-0.015345282335756188,6.542056074766356e-05,0.06542056074766356,107
top_pct_20,2011-06-30,-0.005233880899825179,-0.005065656600759759,0.0001682242990654206,0.16822429906542058,107
top_pct_20,2011-07-31,-0.014048533562858562,-0.013955075618933329,9.345794392523365e-05,0.09345794392523366,105
top_pct_20,2011-08-31,-0.048546426614592776,-0.04848982284100787,5.6603773584905654e-05,0.05660377358490565,101
top_pct_20,2011-09-30,-0.09122194707563618,-0.09106956612325523,0.0001523809523809524,0.1523809523809524,99
top_pct_20,2011-10-31,0.14631950251440098,0.14639950251440098,7.999999999999997e-05,0.07999999999999996,98
top_pct_20,2011-11-30,-0.0025587923189816517,-0.0023984149604910857,0.00016037735849056602,0.160377358490566,103
top_pct_20,2011-12-31,0.0029304294249745916,0.003074660194205361,0.00014423076923076927,0.14423076923076927,103
top_pct_20,2012-01-31,0.07899018534388716,0.07906565704200037,7.547169811320754e-05,0.07547169811320753,105
top_pct_20,2012-02-29,0.04859850624121992,0.04869942367241258,0.00010091743119266051,0.1009174311926605,107
top_pct_20,2012-03-31,0.026375701710784755,0.026559187949316866,0.00018348623853211012,0.1834862385321101,108
top_pct_20,2012-04-30,0.01427057151447791,0.01435238969629609,8.181818181818179e-05,0.08181818181818179,109
top_pct_20,2012-05-31,-0.054368277032701924,-0.05428494369936859,8.333333333333337e-05,0.08333333333333337,106
top_pct_20,2012-06-30,0.023344342746313935,0.02351865467291944,0.00017431192660550456,0.17431192660550454,107
top_pct_20,2012-07-31,0.01638488577649536,0.01648488577649536,9.999999999999998e-05,0.09999999999999998,108
top_pct_20,2012-08-31,0.02378929760048803,0.023853517783974265,6.422018348623848e-05,0.06422018348623848,105
top_pct_20,2012-09-30,0.019451253808684225,0.01961792047535089,0.00016666666666666663,0.16666666666666663,107
top_pct_20,2012-10-31,-0.013443462763190004,-0.013351719643923949,9.174311926605506e-05,0.09174311926605505,106
top_pct_20,2012-11-30,0.011608323130740467,0.011736763497712945,0.00012844036697247707,0.12844036697247707,108
top_pct_20,2012-12-31,0.018474539460023073,0.018639677074701974,0.0001651376146788991,0.1651376146788991,108
top_pct_20,2013-01-31,0.06647281610903934,0.06660674468046791,0.0001339285714285714,0.1339285714285714,110
top_pct_20,2013-02-28,0.01470826921049092,0.014846200244973679,0.00013793103448275868,0.13793103448275867,116
top_pct_20,2013-03-31,0.049411194428772946,0.04950521152279004,9.401709401709401e-05,0.09401709401709402,116
top_pct_20,2013-04-30,0.009215357808039984,0.00946112051990439,0.0002457627118644068,0.2457627118644068,115
top_pct_20,2013-05-31,0.019362312211233995,0.01945632930525109,9.401709401709401e-05,0.09401709401709402,114
top_pct_20,2013-06-30,-0.013758156953725367,-0.013583156953725367,0.00017500000000000005,0.17500000000000004,118
top_pct_20,2013-07-31,0.059183486853837536,0.05932398272160613,0.00014049586776859502,0.14049586776859502,120
top_pct_20,2013-08-31,-0.03111285139271321,-0.031039680661005892,7.317073170731703e-05,0.07317073170731703,118
top_pct_20,2013-09-30,0.05321474882598799,0.05337177361937642,0.0001570247933884298,0.15702479338842978,120
top_pct_20,2013-10-31,0.04361880306967592,0.04375701445178974,0.00013821138211382112,0.1382113821138211,119
top_pct_20,2013-11-30,0.033268652017098714,0.03337101422182313,0.0001023622047244095,0.10236220472440949,125
top_pct_20,2013-12-31,0.029279064446882407,0.029490001946882408,0.0002109375,0.2109375,126
top_pct_20,2014-01-31,-0.02744305534282082,-0.027312286112051592,0.00013076923076923075,0.13076923076923075,129
top_pct_20,2014-02-28,0.06485903147335598,0.0649267006462883,6.766917293233088e-05,0.06766917293233088,132
top_pct_20,2014-03-31,0.008414208628170293,0.00850244392228794,8.823529411764708e-05,0.08823529411764708,133
top_pct_20,2014-04-30,-0.004373429160468573,-0.004188243975283388,0.00018518518518518523,0.18518518518518523,134
top_pct_20,2014-05-31,0.023978628954241046,0.02405270302831512,7.407407407407407e-05,0.07407407407407407,133
top_pct_20,2014-06-30,0.025518339352905952,0.02572422170584713,0.00020588235294117656,0.20588235294117652,135
top_pct_20,2014-07-31,-0.024486643326786173,-0.02444252567972735,4.4117647058823485e-05,0.044117647058823484,136
top_pct_20,2014-08-31,0.053299563350830255,0.053350658241341206,5.109489051094895e-05,0.051094890510948954,133
top_pct_20,2014-09-30,-0.02815564126676038,-0.02792429798317829,0.0002313432835820896,0.23134328358208955,133
top_pct_20,2014-10-31,0.023763614692328378,0.023860629617701513,9.701492537313428e-05,0.09701492537313428,133
top_pct_20,2014-11-30,0.031631245256056505,0.031710955400984044,7.971014492753626e-05,0.07971014492753625,137
top_pct_20,2014-12-31,-0.0012346160656445807,-0.0010594335838927558,0.00017518248175182484,0.17518248175182483,135
top_pct_20,2015-01-31,-0.016265716002558037,-0.01618000171684375,8.571428571428575e-05,0.08571428571428574,139
top_pct_20,2015-02-28,0.06754989916802959,0.06765479427292469,0.0001048951048951049,0.1048951048951049,143
top_pct_20,2015-03-31,-0.0051254579988342245,-0.005028906274696293,9.6551724137931e-05,0.096551724137931,144
top_pct_20,2015-04-30,-0.010434172705152895,-0.010269789143509058,0.00016438356164383562,0.1643835616438356,145
top_pct_20,2015-05-31,0.023936926486819443,0.0240807621032578,0.00014383561643835618,0.14383561643835618,144
top_pct_20,2015-06-30,-0.013754967944914735,-0.013604283013407886,0.00015068493150684938,0.15068493150684936,144
top_pct_20,2015-07-31,0.01505577964788226,0.015117423483498699,6.164383561643838e-05,0.06164383561643838,146
top_pct_20,2015-08-31,-0.05517764821208671,-0.05508921283793705,8.843537414965985e-05,0.08843537414965985,145
top_pct_20,2015-09-30,-0.022662569901244867,-0.022544514345689312,0.00011805555555555559,0.11805555555555558,143
top_pct_20,2015-10-31,0.05627826395386473,0.056335001542517214,5.673758865248224e-05,0.05673758865248224,139
top_pct_20,2015-11-30,0.006657794137957596,0.006790661270824729,0.00013286713286713293,0.13286713286713292,143
top_pct_20,2015-12-31,-0.03154196415476886,-0.031369550361665416,0.0001724137931034483,0.1724137931034483,145
top_pct_20,2016-01-31,-0.0555351308293758,-0.05543023572448069,0.0001048951048951049,0.1048951048951049,140
top_pct_20,2016-02-29,0.028355293267871822,0.028440399650850545,8.510638297872342e-05,0.08510638297872342,137
top_pct_20,2016-03-31,0.07030816359738888,0.07050674515767257,0.0001985815602836879,0.1985815602836879,141
top_pct_20,2016-04-30,-0.016385495565713167,-0.016226874876057996,0.0001586206896551724,0.1586206896551724,143
top_pct_20,2016-05-31,0.01275440284432884,0.012870841200493224,0.00011643835616438359,0.11643835616438358,145
top_pct_20,2016-06-30,0.014746544945714684,0.014938325767632493,0.0001917808219178082,0.1917808219178082,145
top_pct_20,2016-07-31,0.04562412010118925,0.04573976635969265,0.00011564625850340138,0.11564625850340138,146
top_pct_20,2016-08-31,0.0016956382295026267,0.0018156382295026268,0.00012,0.12,146
top_pct_20,2016-09-30,-0.0028930147393262167,-0.0027376093339208114,0.00015540540540540538,0.15540540540540537,145
top_pct_20,2016-10-31,-0.018259088547610235,-0.018111437540898827,0.00014765100671140942,0.1476510067114094,149
top_pct_20,2016-11-30,0.07440266436064391,0.07449170545653432,8.904109589041099e-05,0.08904109589041098,146
top_pct_20,2016-12-31,0.004690863635597597,0.004892162336896298,0.00020129870129870133,0.2012987012987013,154
top_pct_20,2017-01-31,0.03230610045208348,0.032440715836698865,0.00013461538461538458,0.13461538461538458,154
top_pct_20,2017-02-28,0.02161866892408749,0.021689636666022975,7.096774193548383e-05,0.07096774193548383,154
top_pct_20,2017-03-31,0.0010180868179090914,0.001089515389337663,7.142857142857141e-05,0.0714285714285714,153
top_pct_20,2017-04-30,0.009919788202176117,0.010169788202176117,0.00025,0.25,153
top_pct_20,2017-05-31,0.01073768473898391,0.01080819755949673,7.05128205128205e-05,0.07051282051282048,155
top_pct_20,2017-06-30,0.005986453115355495,0.006146709525611906,0.00016025641025641026,0.16025641025641024,154
top_pct_20,2017-07-31,0.01739630373897704,0.017499529545428653,0.00010322580645161296,0.10322580645161294,153
top_pct_20,2017-08-31,-0.0038759664529302755,-0.00379209548518834,8.387096774193548e-05,0.08387096774193548,155
top_pct_20,2017-09-30,0.051502566879631825,0.05170128482834977,0.00019871794871794869,0.19871794871794868,156
top_pct_20,2017-10-31,0.030325647624683084,0.030426913447467892,0.00010126582278481012,0.10126582278481011,155
top_pct_20,2017-11-30,0.038426455642406175,0.03849651933667369,7.006369426751591e-05,0.07006369426751591,155
top_pct_20,2017-12-31,0.012720052816310154,0.012901302816310155,0.00018125000000000004,0.18125000000000002,158
top_pct_20,2018-01-31,0.06239503063392596,0.06252546541653466,0.0001304347826086957,0.13043478260869568,160
top_pct_20,2018-02-28,-0.03437462247724574,-0.03430629949587928,6.832298136645965e-05,0.06832298136645965,160
top_pct_20,2018-03-31,-0.007225393839871486,-0.007151319765797411,7.407407407407407e-05,0.07407407407407407,161
top_pct_20,2018-04-30,-0.005655195048456989,-0.005417390170408209,0.00023780487804878048,0.23780487804878048,164
top_pct_20,2018-05-31,0.04422402546835768,0.044316618060950275,9.259259259259256e-05,0.09259259259259256,162
top_pct_20,2018-06-30,0.006816175299445996,0.00696251676286063,0.00014634146341463417,0.14634146341463417,163
top_pct_20,2018-07-31,0.026422382463664355,0.02651876800583303,9.638554216867468e-05,0.09638554216867468,166
top_pct_20,2018-08-31,0.048843841033233616,0.04891656830596089,7.272727272727276e-05,0.07272727272727275,163
top_pct_20,2018-09-30,-0.00460791132374755,-0.004440246653088867,0.00016766467065868263,0.16766467065868262,166
top_pct_20,2018-10-31,-0.0950438417611475,-0.09495348031536437,9.036144578313255e-05,0.09036144578313254,161
top_pct_20,2018-11-30,0.012240536707910895,0.012301886401162428,6.134969325153372e-05,0.06134969325153372,161
top_pct_20,2018-12-31,-0.09332900029849901,-0.09315722115739472,0.0001717791411042945,0.17177914110429449,160
top_pct_20,2019-01-31,0.0990931652868884,0.09918012180862754,8.69565217391305e-05,0.08695652173913049,161
top_pct_20,2019-02-28,0.03953604172738004,0.039615310020062966,7.926829268292679e-05,0.07926829268292679,160
top_pct_20,2019-03-31,0.002264380904962001,0.002319258953742489,5.4878048780487854e-05,0.054878048780487854,163
top_pct_20,2019-04-30,0.03341164728985536,0.03360558668379475,0.00019393939393939398,0.19393939393939397,164
top_pct_20,2019-05-31,-0.07910218383805148,-0.0790112747471424,9.090909090909094e-05,0.09090909090909094,163
top_pct_20,2019-06-30,0.08282704087891378,0.08299882002001807,0.0001717791411042945,0.17177914110429449,162
top_pct_20,2019-07-31,0.027242670333416517,0.027398358956171008,0.00015568862275449103,0.15568862275449102,166
top_pct_20,2019-08-31,-0.02746584254556881,-0.027371167989355794,9.467455621301779e-05,0.09467455621301779,168
top_pct_20,2019-09-30,0.009552737741028624,0.009696450315878924,0.00014371257485029944,0.14371257485029942,165
top_pct_20,2019-10-31,0.025046432592808726,0.02518252726736494,0.00013609467455621304,0.13609467455621305,167
top_pct_20,2019-11-30,0.04495679476618861,0.04503417571856956,7.738095238095233e-05,0.07738095238095233,167
top_pct_20,2019-12-31,0.027794188614123506,0.028001289205839483,0.00020710059171597629,0.20710059171597628,169
top_pct_20,2020-01-31,-0.01988236692142643,-0.019766087851658988,0.00011627906976744185,0.11627906976744184,171
top_pct_20,2020-02-29,-0.08218255426142873,-0.08207144315031761,0.00011111111111111117,0.11111111111111116,164
top_pct_20,2020-03-31,-0.15732397150503338,-0.15710373340979528,0.00022023809523809526,0.22023809523809523,155
top_pct_20,2020-04-30,0.18562991209939847,0.18581462547519464,0.0001847133757961783,0.1847133757961783,157
top_pct_20,2020-05-31,0.08059516627078715,0.08085736139273837,0.00026219512195121953,0.2621951219512195,163
top_pct_20,2020-06-30,0.03573039815118498,0.0359878831811251,0.0002574850299401198,0.2574850299401198,164
top_pct_20,2020-07-31,0.07889788811974018,0.07902288811974018,0.000125,0.125,167
top_pct_20,2020-08-31,0.04309491033929405,0.043172291291675005,7.738095238095233e-05,0.07738095238095233,166
top_pct_20,2020-09-30,-0.018614934883627633,-0.018419668611438282,0.00019526627218934911,0.1952662721893491,166
top_pct_20,2020-10-31,-0.011611422557744428,-0.011539566270319278,7.185628742514972e-05,0.07185628742514971,166
top_pct_20,2020-11-30,0.12280701346444914,0.1228668937039701,5.988023952095812e-05,0.05988023952095811,167
top_pct_20,2020-12-31,0.05408150208281386,0.05425491248743814,0.00017341040462427748,0.17341040462427748,173
top_pct_20,2021-01-31,0.032878798699039744,0.032957894744237486,7.909604519774017e-05,0.07909604519774016,176
top_pct_20,2021-02-28,0.037288202919145724,0.037344068840933435,5.586592178770955e-05,0.05586592178770955,178
top_pct_20,2021-03-31,0.07172368574478416,0.0718665428876413,0.00014285714285714292,0.1428571428571429,182
top_pct_20,2021-04-30,0.04468749647782533,0.04490911809944695,0.00022162162162162158,0.22162162162162158,183
top_pct_20,2021-05-31,0.02465131076846321,0.024771529347698183,0.00012021857923497271,0.1202185792349727,181
top_pct_20,2021-06-30,0.0019064397767184255,0.0020594452411992997,0.00015300546448087428,0.15300546448087426,183
top_pct_20,2021-07-31,0.020648315294836773,0.020729396375917853,8.108108108108104e-05,0.08108108108108103,184
top_pct_20,2021-08-31,0.01773185897473449,0.017759181379106075,2.732240437158473e-05,0.02732240437158473,178
top_pct_20,2021-09-30,-0.03281032111876444,-0.03266506972211639,0.00014525139664804465,0.14525139664804465,178
top_pct_20,2021-10-31,0.04441401771376304,0.044534896834642165,0.0001208791208791209,0.1208791208791209,181
top_pct_20,2021-11-30,-2.8330604356357542e-05,3.244287630662584e-05,6.077348066298338e-05,0.06077348066298338,180
top_pct_20,2021-12-31,0.05653989052700842,0.05677902096179103,0.00023913043478260865,0.23913043478260865,183
top_pct_20,2022-01-31,-0.06440501083742431,-0.06422122705364053,0.0001837837837837838,0.1837837837837838,183
top_pct_20,2022-02-28,0.02397466144618128,0.024039526311046146,6.486486486486487e-05,0.06486486486486487,185
top_pct_20,2022-03-31,0.019606766511392232,0.019682442187067908,7.567567567567568e-05,0.07567567567567568,183
top_pct_20,2022-04-30,-0.057433315399151585,-0.0572612723883989,0.00017204301075268813,0.17204301075268813,184
top_pct_20,2022-05-31,0.029204765871938376,0.029345306412478917,0.00014054054054054056,0.14054054054054055,185
top_pct_20,2022-06-30,-0.11893146611180871,-0.11878552016586277,0.0001459459459459459,0.1459459459459459,178
top_pct_20,2022-07-31,0.11626015024893506,0.11634302317711186,8.28729281767956e-05,0.08287292817679559,181
top_pct_20,2022-08-31,-0.02030174276845149,-0.02017674276845149,0.000125,0.125,183
top_pct_20,2022-09-30,-0.08678417373845602,-0.08664681110109339,0.00013736263736263734,0.13736263736263732,177
top_pct_20,2022-10-31,0.12371463792292951,0.12379241570070729,7.777777777777773e-05,0.07777777777777772,180
top_pct_20,2022-11-30,0.08162438109748789,0.08171133761922703,8.69565217391305e-05,0.08695652173913049,184
top_pct_20,2022-12-31,-0.054560396530237906,-0.05439910620765726,0.00016129032258064513,0.16129032258064513,185
top_pct_20,2023-01-31,0.08157649840206825,0.08165802014119869,8.152173913043482e-05,0.08152173913043481,184
top_pct_20,2023-02-28,-0.024888673967241932,-0.02482985043783017,5.882352941176472e-05,0.05882352941176472,184
top_pct_20,2023-03-31,0.0013176714305610533,0.0013875639036793328,6.989247311827962e-05,0.06989247311827962,184
top_pct_20,2023-04-30,-0.010841414285819308,-0.010671201519861862,0.00017021276595744684,0.17021276595744683,186
top_pct_20,2023-05-31,-0.01325547510105629,-0.013169453595679946,8.602150537634412e-05,0.08602150537634412,183
top_pct_20,2023-06-30,0.1134419088299562,0.11360319915253685,0.00016129032258064513,0.16129032258064513,185
top_pct_20,2023-07-31,0.06196210173628841,0.06207321284739952,0.00011111111111111117,0.11111111111111116,188
top_pct_20,2023-08-31,-0.013819097788872966,-0.013723859693634871,9.523809523809524e-05,0.09523809523809523,187
top_pct_20,2023-09-30,-0.04236644715022299,-0.04222888101265685,0.00013756613756613756,0.13756613756613756,187
top_pct_20,2023-10-31,-0.03713175460899404,-0.037051967374951485,7.978723404255317e-05,0.07978723404255317,186
top_pct_20,2023-11-30,0.0863507576494737,0.08639376840216187,4.3010752688172006e-05,0.043010752688172005,185
top_pct_20,2023-12-31,0.08351454385620342,0.08367497166369006,0.000160427807486631,0.160427807486631,186
top_pct_20,2024-01-31,0.0006791610848463135,0.000763371611162103,8.421052631578952e-05,0.08421052631578951,189
top_pct_20,2024-02-29,0.07998418259799454,0.08003205493842007,4.7872340425531906e-05,0.0478723404255319,188
top_pct_20,2024-03-31,0.05722174840868152,0.05737437998762889,0.00015263157894736845,0.15263157894736845,189
top_pct_20,2024-04-30,-0.05730642944623503,-0.057207983850380104,9.84455958549223e-05,0.0984455958549223,191
top_pct_20,2024-05-31,0.05418101543930009,0.05424417333403693,6.315789473684208e-05,0.06315789473684208,190
top_pct_20,2024-06-30,-0.017128429381177483,-0.016951346047844148,0.00017708333333333337,0.17708333333333337,190
top_pct_20,2024-07-31,0.06162212650935702,0.061720572105211945,9.84455958549223e-05,0.0984455958549223,193
top_pct_20,2024-08-31,-0.007548395268532681,-0.0074514564930224765,9.693877551020414e-05,0.09693877551020413,193
top_pct_20,2024-09-30,0.025877286076263124,0.025990106589083635,0.00011282051282051287,0.11282051282051286,194
top_pct_20,2024-10-31,-0.005767365096029507,-0.00566022223888665,0.0001071428571428571,0.1071428571428571,195
top_pct_20,2024-11-30,0.09020785896506378,0.09029922952343941,9.137055837563458e-05,0.09137055837563457,195
top_pct_20,2024-12-31,-0.06587702259245093,-0.06571621857235042,0.00016080402010050255,0.16080402010050254,197
top_pct_20,2025-01-31,0.028737435609667104,0.02884349621572771,0.00010606060606060608,0.10606060606060608,195
top_pct_20,2025-02-28,-0.04481018042658777,-0.04475992917030636,5.0251256281407036e-05,0.05025125628140703,197
top_pct_20,2025-03-31,-0.03501754999447283,-0.03496142754549324,5.612244897959184e-05,0.056122448979591844,194
top_pct_20,2025-04-30,-0.019211489524661444,-0.01899610490927683,0.00021538461538461544,0.2153846153846154,194
top_pct_20,2025-05-31,0.07404393544706529,0.07413671895221993,9.278350515463918e-05,0.09278350515463918,191
top_pct_20,2025-06-30,0.022751820857537686,0.02290566701138384,0.00015384615384615385,0.15384615384615385,195
top_pct_20,2025-07-31,0.020478346756065413,0.02055956503017709,8.121827411167515e-05,0.08121827411167515,196
top_pct_20,2025-08-31,0.062251502881570345,0.06231749272928608,6.598984771573602e-05,0.06598984771573602,197
top_pct_20,2025-09-30,0.01722824283439939,0.017413242834399392,0.00018500000000000005,0.18500000000000005,200
top_pct_20,2025-10-31,-0.018837830111810585,-0.018752830111810587,8.499999999999997e-05,0.08499999999999996,200
top_pct_20,2025-11-30,0.029138248637973155,0.029218248637973156,7.999999999999997e-05,0.07999999999999996,200
top_pct_20,2025-12-31,0.004708774937768943,0.00491275503727143,0.00020398009950248756,0.20398009950248752,201
top_pct_20,2026-01-31,0.05790288011711685,0.058002382604679034,9.950248756218905e-05,0.09950248756218905,201
top_pct_20,2026-02-28,0.05238063142972574,0.05244033292226305,5.970149253731339e-05,0.05970149253731338,200
top_pct_20,2026-03-31,-0.03686023035969673,-0.0367905786184032,6.965174129353236e-05,0.06965174129353235,200
top_pct_20,2026-04-30,0.08152650657818396,0.08175150657818396,0.00022500000000000002,0.22499999999999998,200
top_pct_20,2026-05-31,0.01410575206707842,0.01420476196806852,9.900990099009899e-05,0.09900990099009899,201
top_pct_10,2005-04-30,-0.09749749821300924,-0.09649749821300924,0.001,1.0,1
top_pct_10,2005-05-31,-0.007120253164557,-0.007120253164557,0.0,0.0,1
top_pct_10,2005-06-30,0.08764940239043817,0.08764940239043817,0.0,0.0,1
top_pct_10,2005-07-31,0.0849816849816849,0.0849816849816849,0.0,0.0,1
top_pct_10,2005-08-31,0.05705604321404456,0.05705604321404456,0.0,0.0,1
top_pct_10,2005-09-30,0.10178169643271806,0.10178169643271806,0.0,0.0,1
top_pct_10,2005-10-31,-0.09157401989467517,-0.09157401989467517,0.0,0.0,1
top_pct_10,2005-11-30,0.03607085346215788,0.03607085346215788,0.0,0.0,1
top_pct_10,2005-12-31,0.03885607709045691,0.03885607709045691,0.0,0.0,1
top_pct_10,2006-01-31,0.18043087971274696,0.18043087971274696,0.0,0.0,1
top_pct_10,2006-02-28,-0.08517110266159689,-0.08517110266159689,0.0,0.0,1
top_pct_10,2006-03-31,0.11483038653748223,0.11483038653748223,0.0,0.0,1
top_pct_10,2006-04-30,0.14328732747804263,0.14328732747804263,0.0,0.0,1
top_pct_10,2006-05-31,-0.016157882397751788,-0.015657882397751788,0.0005,0.5,2
top_pct_10,2006-06-30,-0.00408063566650015,-0.0034139689998334832,0.0006666666666666669,0.6666666666666667,3
top_pct_10,2006-07-31,-0.030348112157647857,-0.029948112157647856,0.0004,0.4,5
top_pct_10,2006-08-31,0.013752093014099008,0.013952093014099009,0.00019999999999999996,0.19999999999999996,5
top_pct_10,2006-09-30,0.06517830488554843,0.06551163821888177,0.00033333333333333343,0.33333333333333337,6
top_pct_10,2006-10-31,0.07744088728604157,0.07797934882450311,0.0005384615384615384,0.5384615384615384,13
top_pct_10,2006-11-30,0.02916630100925343,0.02941630100925343,0.00025,0.25,16
top_pct_10,2006-12-31,0.002544621939732163,0.0026622689985556927,0.00011764705882352944,0.11764705882352944,17
top_pct_10,2007-01-31,0.03751816894347314,0.03833212243184523,0.0008139534883720931,0.813953488372093,43
top_pct_10,2007-02-28,-0.013985860841369817,-0.013963133568642544,2.272727272727271e-05,0.022727272727272707,44
top_pct_10,2007-03-31,0.0248694291815799,0.02489165140380212,2.2222222222222254e-05,0.022222222222222254,45
top_pct_10,2007-04-30,0.03640014371571976,0.03655231762876324,0.00015217391304347827,0.15217391304347827,46
top_pct_10,2007-05-31,0.07504382960502086,0.07508730786589042,4.347826086956519e-05,0.04347826086956519,46
top_pct_10,2007-06-30,0.0056530227401030385,0.005965522740103039,0.0003125,0.3125,47
top_pct_10,2007-07-31,-0.015951773532660554,-0.015829324553068718,0.00012244897959183676,0.12244897959183676,48
top_pct_10,2007-08-31,-0.0002787249672410759,-0.00021750047744515758,6.122448979591832e-05,0.061224489795918324,48
top_pct_10,2007-09-30,0.041383458038600794,0.04150590701819263,0.00012244897959183676,0.12244897959183676,47
top_pct_10,2007-10-31,0.03462651703217456,0.03470985036550789,8.333333333333337e-05,0.08333333333333337,48
top_pct_10,2007-11-30,-0.0654581871921882,-0.06537655453912697,8.163265306122448e-05,0.08163265306122447,48
top_pct_10,2007-12-31,0.0016875159881608716,0.0018303731310180145,0.00014285714285714292,0.1428571428571429,48
top_pct_10,2008-01-31,-0.024109906463549314,-0.02402657313021598,8.333333333333337e-05,0.08333333333333337,44
top_pct_10,2008-02-29,0.03369674719670757,0.03386341386337424,0.00016666666666666663,0.16666666666666663,48
top_pct_10,2008-03-31,-0.02364934934616704,-0.02343658338872023,0.0002127659574468085,0.21276595744680848,45
top_pct_10,2008-04-30,0.04845124474462133,0.048536351127600054,8.510638297872342e-05,0.08510638297872342,45
top_pct_10,2008-05-31,0.03309263508520364,0.03321763508520364,0.000125,0.125,48
top_pct_10,2008-06-30,-0.046502830232305344,-0.04629449689897201,0.0002083333333333334,0.20833333333333337,39
top_pct_10,2008-07-31,-0.05352024886725944,-0.053298026645037216,0.00022222222222222223,0.2222222222222222,44
top_pct_10,2008-08-31,0.01704171752859271,0.01715282863970382,0.00011111111111111117,0.11111111111111116,45
top_pct_10,2008-09-30,-0.14005637793635267,-0.1397737692407005,0.00028260869565217394,0.28260869565217395,41
top_pct_10,2008-10-31,-0.20371596076654125,-0.20348868803926853,0.0002272727272727273,0.2272727272727273,36
top_pct_10,2008-11-30,-0.08930433136504083,-0.08904792110863058,0.0002564102564102564,0.2564102564102564,34
top_pct_10,2008-12-31,0.040198824891482875,0.040393269335927316,0.00019444444444444443,0.19444444444444442,36
top_pct_10,2009-01-31,-0.0643340931128178,-0.0641761983759757,0.00015789473684210532,0.1578947368421053,36
top_pct_10,2009-02-28,-0.10430555903049744,-0.10416667014160856,0.00013888888888888883,0.13888888888888884,34
top_pct_10,2009-03-31,0.11163465408907848,0.1117558662102906,0.00012121212121212122,0.12121212121212122,31
top_pct_10,2009-04-30,0.07784104826209354,0.07836882603987132,0.0005277777777777778,0.5277777777777778,36
top_pct_10,2009-05-31,0.03527863987402378,0.035432486027869935,0.00015384615384615385,0.15384615384615385,39
top_pct_10,2009-06-30,0.032292748370100884,0.03257479965215217,0.00028205128205128203,0.28205128205128205,36
top_pct_10,2009-07-31,0.06282648424747468,0.06308289450388493,0.0002564102564102564,0.2564102564102564,38
top_pct_10,2009-08-31,0.029217576507895488,0.02943708870301744,0.0002195121951219512,0.2195121951219512,41
top_pct_10,2009-09-30,0.04822466579174976,0.04849295847467659,0.0002682926829268293,0.2682926829268293,41
top_pct_10,2009-10-31,-0.03528561768784418,-0.03502980373435581,0.0002558139534883721,0.2558139534883721,42
top_pct_10,2009-11-30,0.07891778757829143,0.07911290952951094,0.00019512195121951215,0.19512195121951215,40
top_pct_10,2009-12-31,0.02771599234295667,0.027954087581051907,0.00023809523809523815,0.23809523809523814,42
top_pct_10,2010-01-31,-0.04613401815171146,-0.04590674542443873,0.0002272727272727273,0.2272727272727273,43
top_pct_10,2010-02-28,0.038886291844678664,0.0390258267283996,0.00013953488372093028,0.13953488372093026,43
top_pct_10,2010-03-31,0.08509951492079484,0.08523284825412818,0.0001333333333333333,0.1333333333333333,44
top_pct_10,2010-04-30,0.029489016591691647,0.029815103548213387,0.00032608695652173916,0.32608695652173914,46
top_pct_10,2010-05-31,-0.06457415935193798,-0.06448905296895927,8.510638297872342e-05,0.08510638297872342,47
top_pct_10,2010-06-30,-0.07363022576801842,-0.07348128959780566,0.00014893617021276596,0.14893617021276595,46
top_pct_10,2010-07-31,0.07581105110763145,0.07592216221874257,0.00011111111111111117,0.11111111111111116,45
top_pct_10,2010-08-31,-0.08067936438989393,-0.08061414699858958,6.521739130434778e-05,0.06521739130434778,43
top_pct_10,2010-09-30,0.13206397806108527,0.13224579624290345,0.00018181818181818178,0.18181818181818177,43
top_pct_10,2010-10-31,0.06157058043918082,0.061744493482659084,0.00017391304347826088,0.17391304347826086,45
top_pct_10,2010-11-30,0.018250140991099503,0.01837780056556759,0.00012765957446808507,0.12765957446808507,47
top_pct_10,2010-12-31,0.05878456417160876,0.05901373083827543,0.0002291666666666666,0.22916666666666663,48
top_pct_10,2011-01-31,0.018071490018948387,0.018228352764046427,0.00015686274509803922,0.1568627450980392,51
top_pct_10,2011-02-28,0.05317272786886305,0.053290374927686575,0.00011764705882352944,0.11764705882352944,51
top_pct_10,2011-03-31,0.027012083333133225,0.027181894653887942,0.00016981132075471694,0.16981132075471694,53
top_pct_10,2011-04-30,0.037369308110259326,0.03766560440655562,0.0002962962962962963,0.2962962962962963,54
top_pct_10,2011-05-31,-0.01505571099692569,-0.015000155441370134,5.5555555555555585e-05,0.05555555555555558,54
top_pct_10,2011-06-30,-0.015305585002505423,-0.015120399817320237,0.00018518518518518523,0.18518518518518523,54
top_pct_10,2011-07-31,0.006072696256249023,0.006202325885878652,0.00012962962962962966,0.12962962962962965,52
top_pct_10,2011-08-31,-0.04370997165307526,-0.043634499954962054,7.547169811320754e-05,0.07547169811320753,50
top_pct_10,2011-09-30,-0.11151454365922259,-0.11134473233846787,0.00016981132075471694,0.16981132075471694,50
top_pct_10,2011-10-31,0.1522175914639601,0.1522775914639601,6.0000000000000056e-05,0.06000000000000005,50
top_pct_10,2011-11-30,-0.008622845187971026,-0.008471901791744611,0.00015094339622641508,0.15094339622641506,50
top_pct_10,2011-12-31,0.008179917855436253,0.008391456316974714,0.0002115384615384616,0.21153846153846156,51
top_pct_10,2012-01-31,0.09700558167564653,0.09713765714734464,0.00013207547169811318,0.13207547169811318,53
top_pct_10,2012-02-29,0.06037559795051025,0.060539234314146616,0.00016363636363636369,0.1636363636363637,55
top_pct_10,2012-03-31,0.02991892318091804,0.030064377726372587,0.0001454545454545455,0.1454545454545455,54
top_pct_10,2012-04-30,0.02285084290819138,0.023014479271827742,0.00016363636363636369,0.1636363636363637,54
top_pct_10,2012-05-31,-0.0508732247646603,-0.050780632172067706,9.259259259259256e-05,0.09259259259259256,53
top_pct_10,2012-06-30,0.02812320110848726,0.028286837472123624,0.00016363636363636369,0.1636363636363637,55
top_pct_10,2012-07-31,0.018501320304451885,0.018610411213542795,0.00010909090909090913,0.10909090909090913,53
top_pct_10,2012-08-31,0.025228626717897114,0.025392263081533476,0.00016363636363636369,0.1636363636363637,52
top_pct_10,2012-09-30,0.017139129404679064,0.017324314589864248,0.00018518518518518523,0.18518518518518523,53
top_pct_10,2012-10-31,-0.0029168495135217477,-0.002735031331703566,0.00018181818181818178,0.18181818181818177,53
top_pct_10,2012-11-30,0.014642716249291523,0.014824534431109706,0.00018181818181818178,0.18181818181818177,54
top_pct_10,2012-12-31,0.025483827667451112,0.02570200948563293,0.00021818181818181818,0.21818181818181814,54
top_pct_10,2013-01-31,0.07522949595085208,0.07539021023656638,0.0001607142857142857,0.1607142857142857,54
top_pct_10,2013-02-28,0.01406711618050416,0.014205047214986919,0.00013793103448275868,0.13793103448275867,58
top_pct_10,2013-03-31,0.055886186103406,0.05598788101866024,0.00010169491525423725,0.10169491525423724,58
top_pct_10,2013-04-30,0.000980395854450569,0.0012176839900437894,0.00023728813559322038,0.23728813559322037,57
top_pct_10,2013-05-31,0.026421023628876737,0.02655661684921572,0.00013559322033898302,0.13559322033898302,57
top_pct_10,2013-06-30,-0.008577650954621204,-0.00834431762128787,0.0002333333333333333,0.23333333333333328,59
top_pct_10,2013-07-31,0.05887430347369443,0.05898905757205508,0.00011475409836065575,0.11475409836065575,60
top_pct_10,2013-08-31,-0.03105582620798843,-0.030991310078956173,6.451612903225812e-05,0.06451612903225812,58
top_pct_10,2013-09-30,0.054483057694708584,0.05472895933405285,0.00024590163934426235,0.24590163934426235,60
top_pct_10,2013-10-31,0.053130866899168114,0.053340544318522955,0.00020967741935483874,0.20967741935483875,61
top_pct_10,2013-11-30,0.035341814853387575,0.03543556485338757,9.375e-05,0.09375,63
top_pct_10,2013-12-31,0.038296197432456235,0.03853057243245624,0.00023437500000000002,0.234375,64
top_pct_10,2014-01-31,-0.03245515733017559,-0.03231669579171405,0.00013846153846153842,0.1384615384615384,64
top_pct_10,2014-02-28,0.06928546407990592,0.06936009094557756,7.462686567164179e-05,0.07462686567164178,66
top_pct_10,2014-03-31,0.013472935003259886,0.013575876179730474,0.00010294117647058821,0.1029411764705882,67
top_pct_10,2014-04-30,-0.0059177195665361315,-0.005697131331242014,0.00022058823529411768,0.22058823529411764,67
top_pct_10,2014-05-31,0.014646689678851407,0.014734924972969054,8.823529411764708e-05,0.08823529411764708,68
top_pct_10,2014-06-30,0.022956052461871466,0.02326487599128323,0.00030882352941176476,0.3088235294117647,67
top_pct_10,2014-07-31,-0.010161719645504521,-0.010058778469033932,0.00010294117647058821,0.1029411764705882,68
top_pct_10,2014-08-31,0.05604568000269112,0.05610365101718387,5.797101449275366e-05,0.05797101449275366,66
top_pct_10,2014-09-30,-0.0281206583736322,-0.027837076284079963,0.0002835820895522389,0.28358208955223885,66
top_pct_10,2014-10-31,0.023979135555179703,0.024128389286522986,0.00014925373134328358,0.14925373134328357,67
top_pct_10,2014-11-30,0.03004863951536088,0.0301500887907232,0.00010144927536231885,0.10144927536231885,68
top_pct_10,2014-12-31,-0.003498883756072935,-0.0032235214372323554,0.0002753623188405797,0.2753623188405797,68
top_pct_10,2015-01-31,-0.008106773591406418,-0.007963916448549276,0.00014285714285714292,0.1428571428571429,70
top_pct_10,2015-02-28,0.06687167795278542,0.06698278906389654,0.00011111111111111117,0.11111111111111116,72
top_pct_10,2015-03-31,-0.012748592681247862,-0.01263900364015197,0.00010958904109589041,0.1095890410958904,73
top_pct_10,2015-04-30,0.002374064187519984,0.0025795436395747782,0.00020547945205479456,0.20547945205479456,73
top_pct_10,2015-05-31,0.030238986467860038,0.030430767289777845,0.0001917808219178082,0.1917808219178082,73
top_pct_10,2015-06-30,-0.00658099837929353,-0.0063344230368277766,0.0002465753424657534,0.2465753424657534,72
top_pct_10,2015-07-31,0.014590213532781334,0.01471350120401421,0.00012328767123287676,0.12328767123287676,73
top_pct_10,2015-08-31,-0.05246193733478681,-0.0523538292266787,0.00010810810810810812,0.10810810810810811,72
top_pct_10,2015-09-30,-0.018515830411081534,-0.01833527485552598,0.0001805555555555556,0.18055555555555558,71
top_pct_10,2015-10-31,0.057685960832996735,0.05777046787525025,8.450704225352113e-05,0.08450704225352113,69
top_pct_10,2015-11-30,-5.62198692632031e-06,9.160023529590191e-05,9.722222222222222e-05,0.09722222222222221,72
top_pct_10,2015-12-31,-0.0309721840059288,-0.030794101814147976,0.00017808219178082197,0.17808219178082196,73
top_pct_10,2016-01-31,-0.051760110036553265,-0.051662887814331045,9.722222222222222e-05,0.09722222222222221,70
top_pct_10,2016-02-29,0.037086648665866924,0.03721340922924721,0.00012676056338028176,0.12676056338028174,70
top_pct_10,2016-03-31,0.06927455414535363,0.06954215977915645,0.0002676056338028169,0.2676056338028169,71
top_pct_10,2016-04-30,-0.019998219328142868,-0.019792739876088074,0.00020547945205479456,0.20547945205479456,71
top_pct_10,2016-05-31,0.013704119180606695,0.013786310961428613,8.219178082191781e-05,0.0821917808219178,73
top_pct_10,2016-06-30,0.017223302007477036,0.017497274610216763,0.000273972602739726,0.273972602739726,73
top_pct_10,2016-07-31,0.05087608225247312,0.050970676847067714,9.459459459459463e-05,0.09459459459459463,73
top_pct_10,2016-08-31,-0.00490448151533156,-0.004797814848664894,0.0001066666666666667,0.10666666666666669,72
top_pct_10,2016-09-30,-0.001510538774292197,-0.0012672955310489538,0.0002432432432432432,0.2432432432432432,73
top_pct_10,2016-10-31,-0.028440275298515644,-0.02830694196518231,0.0001333333333333333,0.1333333333333333,75
top_pct_10,2016-11-30,0.07082291831338666,0.07090511009420858,8.219178082191781e-05,0.0821917808219178,73
top_pct_10,2016-12-31,-0.0027086237996942664,-0.0025008315919020584,0.00020779220779220778,0.20779220779220775,77
top_pct_10,2017-01-31,0.03670800764949772,0.0368874948289849,0.00017948717948717952,0.17948717948717952,78
top_pct_10,2017-02-28,0.023270331248037398,0.023385715863422012,0.00011538461538461542,0.11538461538461542,78
top_pct_10,2017-03-31,0.005641216229845157,0.005732125320754248,9.090909090909094e-05,0.09090909090909094,76
top_pct_10,2017-04-30,-0.0009525733633965356,-0.0006577015685247408,0.00029487179487179484,0.2948717948717948,77
top_pct_10,2017-05-31,0.004464890951609108,0.004567455054173211,0.00010256410256410253,0.10256410256410253,77
top_pct_10,2017-06-30,0.004177490989965849,0.004408260220735079,0.00023076923076923076,0.23076923076923073,77
top_pct_10,2017-07-31,0.025886901188220495,0.025976644777964086,8.974358974358976e-05,0.08974358974358976,78
top_pct_10,2017-08-31,0.0022278297506293085,0.002330393853193411,0.00010256410256410253,0.10256410256410253,78
top_pct_10,2017-09-30,0.045731379354908744,0.045910866534395925,0.00017948717948717952,0.17948717948717952,78
top_pct_10,2017-10-31,0.029294433860460368,0.02940835791109328,0.00011392405063291145,0.11392405063291144,77
top_pct_10,2017-11-30,0.03825557886190524,0.03835684468469005,0.00010126582278481012,0.10126582278481011,78
top_pct_10,2017-12-31,0.000662178431033342,0.000862178431033342,0.00019999999999999996,0.19999999999999996,80
top_pct_10,2018-01-31,0.05821393908159975,0.058362087229747894,0.00014814814814814815,0.14814814814814814,80
top_pct_10,2018-02-28,-0.043300152170551276,-0.04321373241746486,8.64197530864198e-05,0.0864197530864198,80
top_pct_10,2018-03-31,-0.006861067980991453,-0.006786993906917379,7.407407407407407e-05,0.07407407407407407,81
top_pct_10,2018-04-30,0.0012912920946025397,0.00153519453362693,0.00024390243902439024,0.24390243902439024,82
top_pct_10,2018-05-31,0.04352008930453036,0.043668237452678504,0.00014814814814814815,0.14814814814814814,81
top_pct_10,2018-06-30,0.0012686580342070955,0.0014637799854266076,0.00019512195121951215,0.19512195121951215,81
top_pct_10,2018-07-31,0.016884762016183094,0.017029340329436107,0.00014457831325301207,0.14457831325301207,83
top_pct_10,2018-08-31,0.06056934530232744,0.06065368265172503,8.433734939759041e-05,0.08433734939759041,82
top_pct_10,2018-09-30,0.004069358270478042,0.004224120175239947,0.00015476190476190478,0.15476190476190477,84
top_pct_10,2018-10-31,-0.11343075068815883,-0.11333436514599016,9.638554216867468e-05,0.09638554216867468,82
top_pct_10,2018-11-30,0.0057343182760611466,0.005795293885817244,6.0975609756097615e-05,0.060975609756097615,80
top_pct_10,2018-12-31,-0.09122103918519585,-0.09102591723397634,0.00019512195121951215,0.19512195121951215,82
top_pct_10,2019-01-31,0.10692032209017946,0.1070684702383276,0.00014814814814814815,0.14814814814814814,81
top_pct_10,2019-02-28,0.0489514534339243,0.049049014409534054,9.756097560975608e-05,0.09756097560975607,81
top_pct_10,2019-03-31,0.008565855429529517,0.008639026161236834,7.317073170731703e-05,0.07317073170731703,81
top_pct_10,2019-04-30,0.03795313440440394,0.03823024283813888,0.00027710843373493976,0.27710843373493976,82
top_pct_10,2019-05-31,-0.07824819133144632,-0.07816385398204874,8.433734939759041e-05,0.08433734939759041,81
top_pct_10,2019-06-30,0.09055339786447097,0.09084608079130024,0.00029268292682926834,0.29268292682926833,82
top_pct_10,2019-07-31,0.03293318525087374,0.03315937572706422,0.00022619047619047618,0.22619047619047616,83
top_pct_10,2019-08-31,-0.02051234377639152,-0.02039469671756799,0.00011764705882352944,0.11764705882352944,85
top_pct_10,2019-09-30,-0.004026879835494687,-0.003848308406923258,0.0001785714285714286,0.1785714285714286,83
top_pct_10,2019-10-31,0.024098225260259797,0.024239401730848032,0.00014117647058823536,0.14117647058823535,84
top_pct_10,2019-11-30,0.04836234153479296,0.04842186534431677,5.952380952380954e-05,0.059523809523809534,83
top_pct_10,2019-12-31,0.030677322384044817,0.030936145913456583,0.0002588235294117647,0.2588235294117647,85
top_pct_10,2020-01-31,-0.020815057759836796,-0.020675522876115866,0.00013953488372093028,0.13953488372093026,86
top_pct_10,2020-02-29,-0.07977840637918586,-0.07967375521639516,0.00010465116279069764,0.10465116279069764,81
top_pct_10,2020-03-31,-0.14409361217963274,-0.1437959931320137,0.0002976190476190477,0.29761904761904767,78
top_pct_10,2020-04-30,0.17999099904757832,0.18023150537669225,0.00024050632911392402,0.240506329113924,79
top_pct_10,2020-05-31,0.08336359761104856,0.08360750005007295,0.00024390243902439024,0.24390243902439024,81
top_pct_10,2020-06-30,0.04326841448913611,0.0435541287748504,0.0002857142857142857,0.2857142857142857,83
top_pct_10,2020-07-31,0.08098977797617814,0.08110882559522575,0.00011904761904761907,0.11904761904761907,84
top_pct_10,2020-08-31,0.045056063144358546,0.04519892028721569,0.00014285714285714292,0.1428571428571429,84
top_pct_10,2020-09-30,-0.023994569149585334,-0.023676922090761804,0.0003176470588235294,0.3176470588235294,83
top_pct_10,2020-10-31,-0.016338218223410153,-0.016207265842457772,0.00013095238095238093,0.13095238095238093,84
top_pct_10,2020-11-30,0.13315399019758056,0.1332373235309139,8.333333333333337e-05,0.08333333333333337,84
top_pct_10,2020-12-31,0.06025105205043887,0.06046944285503657,0.00021839080459770113,0.2183908045977011,87
top_pct_10,2021-01-31,0.046087012311028644,0.04621060781664662,0.0001235955056179775,0.1235955056179775,89
top_pct_10,2021-02-28,0.03461064720943275,0.034677313876099417,6.666666666666666e-05,0.06666666666666665,90
top_pct_10,2021-03-31,0.06861084695192518,0.06876469310577134,0.00015384615384615385,0.15384615384615385,91
top_pct_10,2021-04-30,0.0470632238322994,0.047385804477460686,0.00032258064516129043,0.32258064516129037,92
top_pct_10,2021-05-31,0.029159066626165835,0.029322110104426705,0.00016304347826086952,0.1630434782608695,91
top_pct_10,2021-06-30,0.0066272425712536765,0.006844633875601503,0.0002173913043478261,0.21739130434782605,92
top_pct_10,2021-07-31,0.02455285300862613,0.024606616449486345,5.3763440860215006e-05,0.053763440860215006,93
top_pct_10,2021-08-31,0.019113631450430026,0.01913537058086481,2.1739130434782597e-05,0.021739130434782594,89
top_pct_10,2021-09-30,-0.021326930908403024,-0.021149153130625247,0.0001777777777777778,0.1777777777777778,89
top_pct_10,2021-10-31,0.04505902579933351,0.04527880601911373,0.0002197802197802198,0.21978021978021978,90
top_pct_10,2021-11-30,0.007102257156927365,0.007212147266817475,0.00010989010989010994,0.10989010989010994,90
top_pct_10,2021-12-31,0.05001181655346229,0.05031616437954925,0.00030434782608695655,0.30434782608695654,91
top_pct_10,2022-01-31,-0.06704709852080117,-0.06676752862832805,0.00027956989247311827,0.27956989247311825,93
top_pct_10,2022-02-28,0.02758449529538809,0.027638258736248304,5.3763440860215006e-05,0.053763440860215006,93
top_pct_10,2022-03-31,0.024440070531075938,0.02455835010096841,0.00011827956989247313,0.11827956989247312,92
top_pct_10,2022-04-30,-0.052839437224946294,-0.05263513614967748,0.00020430107526881724,0.20430107526881724,92
top_pct_10,2022-05-31,0.02595116912940613,0.026080201387470647,0.00012903225806451613,0.12903225806451613,93
top_pct_10,2022-06-30,-0.1367808554447014,-0.13661956512212076,0.00016129032258064513,0.16129032258064513,89
top_pct_10,2022-07-31,0.12426830244986695,0.12437819255975706,0.00010989010989010994,0.10989010989010994,91
top_pct_10,2022-08-31,-0.014269606741574972,-0.01417178065461845,9.782608695652173e-05,0.09782608695652173,91
top_pct_10,2022-09-30,-0.0919784820187743,-0.0917806798209721,0.00019780219780219779,0.19780219780219777,88
top_pct_10,2022-10-31,0.13631279614222874,0.13642390725333986,0.00011111111111111117,0.11111111111111116,90
top_pct_10,2022-11-30,0.06818933476798529,0.06827629128972443,8.69565217391305e-05,0.08695652173913049,92
top_pct_10,2022-12-31,-0.06288391488374367,-0.06272262456116302,0.00016129032258064513,0.16129032258064513,92
top_pct_10,2023-01-31,0.07975873523935864,0.07982395263066298,6.521739130434778e-05,0.06521739130434778,92
top_pct_10,2023-02-28,-0.026952103583093162,-0.02689891209373146,5.3191489361702154e-05,0.05319148936170215,92
top_pct_10,2023-03-31,-0.0010258886213151892,-0.0009506198041108881,7.526881720430112e-05,0.07526881720430112,92
top_pct_10,2023-04-30,0.00014495910896004333,0.00033644847066217106,0.00019148936170212773,0.19148936170212771,93
top_pct_10,2023-05-31,-0.019914611731079647,-0.01977482678484309,0.00013978494623655913,0.13978494623655913,90
top_pct_10,2023-06-30,0.1148420266475254,0.11504632772279422,0.00020430107526881724,0.20430107526881724,93
top_pct_10,2023-07-31,0.07876608019373753,0.07882923808847438,6.315789473684208e-05,0.06315789473684208,94
top_pct_10,2023-08-31,-0.004847998462810672,-0.00478484056807383,6.315789473684208e-05,0.06315789473684208,94
top_pct_10,2023-09-30,-0.037357309504253436,-0.037188888451621854,0.00016842105263157892,0.16842105263157892,95
top_pct_10,2023-10-31,-0.03409511546917524,-0.03402064738406886,7.446808510638303e-05,0.07446808510638303,93
top_pct_10,2023-11-30,0.0869369188770561,0.08699068231791632,5.3763440860215006e-05,0.053763440860215006,93
top_pct_10,2023-12-31,0.07950354124445742,0.07968439230828721,0.00018085106382978723,0.18085106382978722,93
top_pct_10,2024-01-31,0.01112628274071395,0.011189440635450791,6.315789473684208e-05,0.06315789473684208,94
top_pct_10,2024-02-29,0.08974773983492987,0.08981156962216391,6.382978723404254e-05,0.06382978723404253,94
top_pct_10,2024-03-31,0.06737418066180807,0.06758470697759755,0.0002105263157894737,0.21052631578947367,95
top_pct_10,2024-04-30,-0.04878879149160886,-0.04869600798645422,9.278350515463918e-05,0.09278350515463918,97
top_pct_10,2024-05-31,0.06126509155477848,0.06132824944951532,6.315789473684208e-05,0.06315789473684208,95
top_pct_10,2024-06-30,-0.004965256852062968,-0.004798590185396302,0.00016666666666666663,0.16666666666666663,95
top_pct_10,2024-07-31,0.04481272767871278,0.044936439018918965,0.00012371134020618558,0.12371134020618557,97
top_pct_10,2024-08-31,-0.005926307686111034,-0.00581406278815185,0.00011224489795918369,0.11224489795918369,97
top_pct_10,2024-09-30,0.037947305115660926,0.03812077450341603,0.00017346938775510202,0.173469387755102,97
top_pct_10,2024-10-31,0.004257840786312449,0.004421106092434898,0.00016326530612244895,0.16326530612244894,98
top_pct_10,2024-11-30,0.09963193753665046,0.09971274561745855,8.080808080808078e-05,0.08080808080808077,97
top_pct_10,2024-12-31,-0.05863638781484888,-0.05837638781484888,0.00026000000000000003,0.26,98
top_pct_10,2025-01-31,0.021971407851658836,0.022102720982971967,0.00013131313131313128,0.13131313131313127,98
top_pct_10,2025-02-28,-0.0428550936300488,-0.0428150936300488,4.000000000000004e-05,0.040000000000000036,98
top_pct_10,2025-03-31,-0.015640278432227272,-0.015517829452635435,0.00012244897959183676,0.12244897959183676,96
top_pct_10,2025-04-30,-0.015344753616086946,-0.015069243412005313,0.00027551020408163264,0.2755102040816326,97
top_pct_10,2025-05-31,0.07603277732070914,0.07617710721761635,0.00014432989690721655,0.14432989690721654,95
top_pct_10,2025-06-30,0.020370546512793925,0.020666464880140865,0.0002959183673469388,0.29591836734693877,98
top_pct_10,2025-07-31,0.020520907304770263,0.020702725486588445,0.00018181818181818178,0.18181818181818177,98
top_pct_10,2025-08-31,0.07185005750633626,0.07193086558714434,8.080808080808078e-05,0.08080808080808077,99
top_pct_10,2025-09-30,0.014508464951581403,0.014698464951581402,0.00018999999999999996,0.18999999999999995,100
top_pct_10,2025-10-31,-0.012223937548732425,-0.012103937548732424,0.00012,0.12,100
top_pct_10,2025-11-30,0.024859297852544104,0.024949297852544104,8.999999999999998e-05,0.08999999999999997,100
top_pct_10,2025-12-31,0.005209049872213206,0.005466475614787463,0.00025742574257425744,0.25742574257425743,101
top_pct_10,2026-01-31,0.04556713650005798,0.04572555234164214,0.00015841584158415845,0.15841584158415845,101
top_pct_10,2026-02-28,0.07099269702142258,0.07108180593231367,8.910891089108908e-05,0.08910891089108908,100
top_pct_10,2026-03-31,-0.02763852155018017,-0.027509808678893043,0.00012871287128712872,0.12871287128712872,101
top_pct_10,2026-04-30,0.09735965288820968,0.09766965288820968,0.00031000000000000005,0.31000000000000005,100
top_pct_10,2026-05-31,0.02247767912327128,0.022586590014360388,0.0001089108910891089,0.1089108910891089,101
top_n_50,2005-04-30,-0.09749749821300924,-0.09649749821300924,0.001,1.0,1
top_n_50,2005-05-31,-0.007120253164557,-0.007120253164557,0.0,0.0,1
top_n_50,2005-06-30,0.08764940239043817,0.08764940239043817,0.0,0.0,1
top_n_50,2005-07-31,0.01732123896661336,0.017821238966613362,0.0005,0.5,2
top_n_50,2005-08-31,0.06253945279013218,0.06253945279013218,0.0,0.0,2
top_n_50,2005-09-30,0.18483500179402035,0.18483500179402035,0.0,0.0,2
top_n_50,2005-10-31,-0.09155438778629144,-0.09155438778629144,0.0,0.0,2
top_n_50,2005-11-30,0.08432330551895773,0.08432330551895773,0.0,0.0,2
top_n_50,2005-12-31,0.10906014556863985,0.10906014556863985,0.0,0.0,2
top_n_50,2006-01-31,0.258961894762783,0.258961894762783,0.0,0.0,2
top_n_50,2006-02-28,-0.06973178327358481,-0.06973178327358481,0.0,0.0,2
top_n_50,2006-03-31,0.051792161329919706,0.051792161329919706,0.0,0.0,2
top_n_50,2006-04-30,0.018393384962941607,0.019193384962941606,0.0008,0.8,10
top_n_50,2006-05-31,-0.07306389439675874,-0.07283312516598951,0.00023076923076923076,0.23076923076923073,13
top_n_50,2006-06-30,-0.004502593951038813,-0.004121641570086432,0.00038095238095238096,0.38095238095238093,20
top_n_50,2006-07-31,-0.03938982577319114,-0.03885494205226091,0.0005348837209302326,0.5348837209302326,42
top_n_50,2006-08-31,0.03234093984692342,0.032483796989780565,0.00014285714285714292,0.1428571428571429,46
top_n_50,2006-09-30,0.044579682207738724,0.044739682207738725,0.00016000000000000004,0.16000000000000003,49
top_n_50,2006-10-31,0.04785721180641568,0.04827721180641568,0.00042,0.42000000000000004,50
top_n_50,2006-11-30,0.02272289051683972,0.02298289051683972,0.00026000000000000003,0.26,49
top_n_50,2006-12-31,-0.0030097311210300374,-0.0028897311210300375,0.00012,0.12,48
top_n_50,2007-01-31,0.037118470198665,0.037798470198665,0.0006799999999999999,0.6799999999999999,50
top_n_50,2007-02-28,-0.008594324021538969,-0.00857432402153897,2.000000000000002e-05,0.020000000000000018,50
top_n_50,2007-03-31,0.025427827059437202,0.0254478270594372,2.000000000000002e-05,0.020000000000000018,50
top_n_50,2007-04-30,0.035092494274002906,0.03523249427400291,0.00014000000000000001,0.14,50
top_n_50,2007-05-31,0.07036182488345978,0.07042182488345979,6.0000000000000056e-05,0.06000000000000005,50
top_n_50,2007-06-30,0.0018819948125429408,0.002181994812542941,0.0003000000000000001,0.30000000000000004,49
top_n_50,2007-07-31,-0.01594790462735409,-0.01586790462735409,7.999999999999997e-05,0.07999999999999996,49
top_n_50,2007-08-31,0.0002083402598940053,0.00024834025989400535,4.000000000000004e-05,0.040000000000000036,49
top_n_50,2007-09-30,0.04192529728046622,0.04204529728046622,0.00012,0.12,48
top_n_50,2007-10-31,0.036285183593078016,0.03636518359307801,7.999999999999997e-05,0.07999999999999996,50
top_n_50,2007-11-30,-0.06550137619208315,-0.06542137619208316,7.999999999999997e-05,0.07999999999999996,49
top_n_50,2007-12-31,0.003558666830110222,0.003698666830110222,0.00014000000000000001,0.14,49
top_n_50,2008-01-31,-0.02618262160663651,-0.026082621606636512,9.999999999999998e-05,0.09999999999999998,46
top_n_50,2008-02-29,0.026397690456646646,0.026537690456646647,0.00014000000000000001,0.14,50
top_n_50,2008-03-31,-0.021502791824652274,-0.021242791824652274,0.00026000000000000003,0.26,48
top_n_50,2008-04-30,0.05295967020758261,0.05301967020758261,6.0000000000000056e-05,0.06000000000000005,48
top_n_50,2008-05-31,0.03235094130142774,0.032430941301427735,7.999999999999997e-05,0.07999999999999996,50
top_n_50,2008-06-30,-0.04727203297790273,-0.04707203297790273,0.00019999999999999996,0.19999999999999996,41
top_n_50,2008-07-31,-0.04938456995232415,-0.049184569952324154,0.00019999999999999996,0.19999999999999996,49
top_n_50,2008-08-31,0.01563349086491845,0.01577349086491845,0.00014000000000000001,0.14,50
top_n_50,2008-09-30,-0.13609147673747155,-0.13585147673747155,0.00024,0.24,45
top_n_50,2008-10-31,-0.19585718037222757,-0.19561718037222758,0.00024,0.24,41
top_n_50,2008-11-30,-0.0841890459786046,-0.08388904597860461,0.0003000000000000001,0.30000000000000004,45
top_n_50,2008-12-31,0.0357580380473399,0.0360780380473399,0.0003199999999999999,0.31999999999999995,50
top_n_50,2009-01-31,-0.06130179337479369,-0.06116179337479369,0.00014000000000000001,0.14,46
top_n_50,2009-02-28,-0.08892105107766878,-0.08876105107766878,0.00016000000000000004,0.16000000000000003,48
top_n_50,2009-03-31,0.09741465386269514,0.09755465386269514,0.00014000000000000001,0.14,48
top_n_50,2009-04-30,0.09289435783500201,0.09321435783500201,0.0003199999999999999,0.31999999999999995,50
top_n_50,2009-05-31,0.04361193670958583,0.04375193670958583,0.00014000000000000001,0.14,50
top_n_50,2009-06-30,0.0209471557135332,0.0211671557135332,0.00021999999999999998,0.21999999999999997,47
top_n_50,2009-07-31,0.06055659634573887,0.06075659634573887,0.00019999999999999996,0.19999999999999996,49
top_n_50,2009-08-31,0.027765241532772985,0.027925241532772985,0.00016000000000000004,0.16000000000000003,50
top_n_50,2009-09-30,0.0476184889716659,0.0478984889716659,0.00028000000000000003,0.28,50
top_n_50,2009-10-31,-0.03891419510245851,-0.03873419510245851,0.00018000000000000007,0.18000000000000005,49
top_n_50,2009-11-30,0.07105633830204901,0.07123633830204901,0.00018000000000000007,0.18000000000000005,49
top_n_50,2009-12-31,0.03313834695301344,0.03339834695301344,0.00026000000000000003,0.26,50
top_n_50,2010-01-31,-0.046922160589563576,-0.046782160589563575,0.00014000000000000001,0.14,49
top_n_50,2010-02-28,0.047560439876040646,0.04764043987604064,7.999999999999997e-05,0.07999999999999996,50
top_n_50,2010-03-31,0.08138092702803772,0.08156092702803772,0.00018000000000000007,0.18000000000000005,49
top_n_50,2010-04-30,0.028884357222200858,0.02920435722220086,0.0003199999999999999,0.31999999999999995,50
top_n_50,2010-05-31,-0.06710051335193312,-0.06702051335193313,7.999999999999997e-05,0.07999999999999996,50
top_n_50,2010-06-30,-0.07210447961842519,-0.07198447961842519,0.00012,0.12,49
top_n_50,2010-07-31,0.07587510111935146,0.07593510111935146,6.0000000000000056e-05,0.06000000000000005,50
top_n_50,2010-08-31,-0.07710361642309757,-0.07704361642309757,6.0000000000000056e-05,0.06000000000000005,47
top_n_50,2010-09-30,0.1277661108850933,0.1279661108850933,0.00019999999999999996,0.19999999999999996,49
top_n_50,2010-10-31,0.05649396806833017,0.056653968068330174,0.00016000000000000004,0.16000000000000003,49
top_n_50,2010-11-30,0.0176593435888485,0.017759343588848498,9.999999999999998e-05,0.09999999999999998,50
top_n_50,2010-12-31,0.061509315405798126,0.061729315405798124,0.00021999999999999998,0.21999999999999997,50
top_n_50,2011-01-31,0.020414403414191835,0.020554403414191836,0.00014000000000000001,0.14,50
top_n_50,2011-02-28,0.05202349917136471,0.05212349917136471,9.999999999999998e-05,0.09999999999999998,50
top_n_50,2011-03-31,0.02997471642276695,0.03013471642276695,0.00016000000000000004,0.16000000000000003,50
top_n_50,2011-04-30,0.039378907429290594,0.039698907429290595,0.0003199999999999999,0.31999999999999995,50
top_n_50,2011-05-31,-0.01269810515951008,-0.01263810515951008,6.0000000000000056e-05,0.06000000000000005,50
top_n_50,2011-06-30,-0.013648893095271184,-0.013488893095271183,0.00016000000000000004,0.16000000000000003,50
top_n_50,2011-07-31,0.009080227501998718,0.009180227501998718,9.999999999999998e-05,0.09999999999999998,48
top_n_50,2011-08-31,-0.0417237010138024,-0.041623701013802396,9.999999999999998e-05,0.09999999999999998,47
top_n_50,2011-09-30,-0.10991206772920399,-0.109692067729204,0.00021999999999999998,0.21999999999999997,47
top_n_50,2011-10-31,0.15074608888534857,0.15084608888534856,9.999999999999998e-05,0.09999999999999998,50
top_n_50,2011-11-30,-0.007903691155170135,-0.007783691155170135,0.00012,0.12,47
top_n_50,2011-12-31,0.007826389348988487,0.008046389348988487,0.00021999999999999998,0.21999999999999997,50
top_n_50,2012-01-31,0.09862906793204185,0.09874906793204184,0.00012,0.12,50
top_n_50,2012-02-29,0.055682561788495656,0.05580256178849566,0.00012,0.12,50
top_n_50,2012-03-31,0.03372658047167765,0.03388658047167765,0.00016000000000000004,0.16000000000000003,49
top_n_50,2012-04-30,0.02402990661397903,0.024169906613979032,0.00014000000000000001,0.14,49
top_n_50,2012-05-31,-0.05134479828171112,-0.051244798281711114,9.999999999999998e-05,0.09999999999999998,49
top_n_50,2012-06-30,0.02842340911820427,0.02856340911820427,0.00014000000000000001,0.14,50
top_n_50,2012-07-31,0.015020450975844929,0.015120450975844928,9.999999999999998e-05,0.09999999999999998,48
top_n_50,2012-08-31,0.033314211900600264,0.033454211900600266,0.00014000000000000001,0.14,47
top_n_50,2012-09-30,0.017459877538659564,0.017679877538659565,0.00021999999999999998,0.21999999999999997,49
top_n_50,2012-10-31,-0.005750874237278328,-0.005590874237278327,0.00016000000000000004,0.16000000000000003,48
top_n_50,2012-11-30,0.019150533746746298,0.019310533746746298,0.00016000000000000004,0.16000000000000003,49
top_n_50,2012-12-31,0.021590943476622222,0.021810943476622224,0.00021999999999999998,0.21999999999999997,49
top_n_50,2013-01-31,0.07721760433578907,0.07735760433578907,0.00014000000000000001,0.14,48
top_n_50,2013-02-28,0.01688099240629977,0.01696099240629977,7.999999999999997e-05,0.07999999999999996,50
top_n_50,2013-03-31,0.058715705225606714,0.05877570522560671,6.0000000000000056e-05,0.06000000000000005,49
top_n_50,2013-04-30,0.0030968161156747077,0.0033968161156747076,0.0003000000000000001,0.30000000000000004,48
top_n_50,2013-05-31,0.023664012578421153,0.023744012578421153,7.999999999999997e-05,0.07999999999999996,48
top_n_50,2013-06-30,-0.014562459868269356,-0.014342459868269356,0.00021999999999999998,0.21999999999999997,49
top_n_50,2013-07-31,0.052413633438670774,0.05251363343867078,9.999999999999998e-05,0.09999999999999998,49
top_n_50,2013-08-31,-0.035057958230738026,-0.034917958230738025,0.00014000000000000001,0.14,46
top_n_50,2013-09-30,0.05584821059769201,0.05610821059769201,0.00026000000000000003,0.26,49
top_n_50,2013-10-31,0.05258088188450955,0.05280088188450955,0.00021999999999999998,0.21999999999999997,49
top_n_50,2013-11-30,0.038199831999056674,0.03827983199905667,7.999999999999997e-05,0.07999999999999996,50
top_n_50,2013-12-31,0.04453360091923713,0.04477360091923713,0.00024,0.24,50
top_n_50,2014-01-31,-0.022119653576375842,-0.021959653576375842,0.00016000000000000004,0.16000000000000003,49
top_n_50,2014-02-28,0.07074883869582972,0.07086883869582972,0.00012,0.12,49
top_n_50,2014-03-31,0.0047759476445765605,0.004915947644576561,0.00014000000000000001,0.14,49
top_n_50,2014-04-30,-0.006727210678491282,-0.006447210678491282,0.00028000000000000003,0.28,50
top_n_50,2014-05-31,0.019678503974211576,0.019738503974211577,6.0000000000000056e-05,0.06000000000000005,50
top_n_50,2014-06-30,0.019438320558820634,0.019798320558820633,0.00035999999999999997,0.36,49
top_n_50,2014-07-31,-0.01492454381659776,-0.01480454381659776,0.00012,0.12,50
top_n_50,2014-08-31,0.0659067568928537,0.0659867568928537,7.999999999999997e-05,0.07999999999999996,48
top_n_50,2014-09-30,-0.028976672693690014,-0.028636672693690014,0.00033999999999999997,0.33999999999999997,49
top_n_50,2014-10-31,0.02249354052301601,0.02263354052301601,0.00014000000000000001,0.14,50
top_n_50,2014-11-30,0.02735702311944753,0.02745702311944753,9.999999999999998e-05,0.09999999999999998,49
top_n_50,2014-12-31,-0.0008906034119571945,-0.0005706034119571945,0.0003199999999999999,0.31999999999999995,49
top_n_50,2015-01-31,-0.0004910474445904244,-0.0004110474445904244,7.999999999999997e-05,0.07999999999999996,50
top_n_50,2015-02-28,0.062217876003432274,0.062357876003432275,0.00014000000000000001,0.14,50
top_n_50,2015-03-31,-0.01325753494318966,-0.01317753494318966,7.999999999999997e-05,0.07999999999999996,50
top_n_50,2015-04-30,-0.0003883672600454301,-0.00020836726004543006,0.00018000000000000007,0.18000000000000005,50
top_n_50,2015-05-31,0.0367669797368686,0.0369469797368686,0.00018000000000000007,0.18000000000000005,50
top_n_50,2015-06-30,-0.0024901803805373935,-0.0021901803805373936,0.0003000000000000001,0.30000000000000004,49
top_n_50,2015-07-31,0.008032548879848394,0.008172548879848394,0.00014000000000000001,0.14,50
top_n_50,2015-08-31,-0.04376147242857939,-0.04366147242857939,9.999999999999998e-05,0.09999999999999998,49
top_n_50,2015-09-30,-0.015253489444339552,-0.015013489444339551,0.00024,0.24,49
top_n_50,2015-10-31,0.06504149475851849,0.06514149475851849,9.999999999999998e-05,0.09999999999999998,48
top_n_50,2015-11-30,-0.0010131387458637974,-0.0008731387458637973,0.00014000000000000001,0.14,50
top_n_50,2015-12-31,-0.024844091960810888,-0.02464409196081089,0.00019999999999999996,0.19999999999999996,50
top_n_50,2016-01-31,-0.06021756594089603,-0.060097565940896026,0.00012,0.12,49
top_n_50,2016-02-29,0.03560500364592676,0.03572500364592676,0.00012,0.12,49
top_n_50,2016-03-31,0.06693631522505471,0.0671963152250547,0.00026000000000000003,0.26,50
top_n_50,2016-04-30,-0.021531725236894426,-0.021351725236894426,0.00018000000000000007,0.18000000000000005,50
top_n_50,2016-05-31,0.010369384880496227,0.010469384880496226,9.999999999999998e-05,0.09999999999999998,50
top_n_50,2016-06-30,0.015054143114440652,0.015274143114440652,0.00021999999999999998,0.21999999999999997,50
top_n_50,2016-07-31,0.0517963657611765,0.0519163657611765,0.00012,0.12,50
top_n_50,2016-08-31,0.00035033141213292924,0.0005103314121329293,0.00016000000000000004,0.16000000000000003,47
top_n_50,2016-09-30,0.009033696562429416,0.009313696562429417,0.00028000000000000003,0.28,49
top_n_50,2016-10-31,-0.025184924785021403,-0.025084924785021404,9.999999999999998e-05,0.09999999999999998,50
top_n_50,2016-11-30,0.08019748563502975,0.08033748563502975,0.00014000000000000001,0.14,50
top_n_50,2016-12-31,0.0005667680417486822,0.0008267680417486823,0.00026000000000000003,0.26,50
top_n_50,2017-01-31,0.04172065123363601,0.04196065123363601,0.00024,0.24,50
top_n_50,2017-02-28,0.026703656812973646,0.026803656812973645,9.999999999999998e-05,0.09999999999999998,50
top_n_50,2017-03-31,0.008242584147612917,0.008322584147612918,7.999999999999997e-05,0.07999999999999996,49
top_n_50,2017-04-30,-0.004002057280415933,-0.0036620572804159338,0.00033999999999999997,0.33999999999999997,49
top_n_50,2017-05-31,0.004021921410210152,0.004161921410210152,0.00014000000000000001,0.14,50
top_n_50,2017-06-30,-0.002118996456179988,-0.0018389964561799882,0.00028000000000000003,0.28,49
top_n_50,2017-07-31,0.029406696276440235,0.029506696276440234,9.999999999999998e-05,0.09999999999999998,50
top_n_50,2017-08-31,0.01684390586775289,0.016883905867752888,4.000000000000004e-05,0.040000000000000036,50
top_n_50,2017-09-30,0.037573084334274316,0.037773084334274315,0.00019999999999999996,0.19999999999999996,50
top_n_50,2017-10-31,0.03526400728452543,0.03538400728452543,0.00012,0.12,48
top_n_50,2017-11-30,0.040135194936674966,0.04023519493667497,9.999999999999998e-05,0.09999999999999998,49
top_n_50,2017-12-31,0.0002900715721568828,0.0005300715721568828,0.00024,0.24,50
top_n_50,2018-01-31,0.06872646459563853,0.06888646459563852,0.00016000000000000004,0.16000000000000003,49
top_n_50,2018-02-28,-0.045894721538386384,-0.04577472153838638,0.00012,0.12,50
top_n_50,2018-03-31,-0.004281302505118294,-0.004241302505118294,4.000000000000004e-05,0.040000000000000036,50
top_n_50,2018-04-30,0.003273050077385405,0.0035330500773854048,0.00026000000000000003,0.26,50
top_n_50,2018-05-31,0.04764109304637092,0.047761093046370925,0.00012,0.12,50
top_n_50,2018-06-30,0.007822053064808656,0.008022053064808656,0.00019999999999999996,0.19999999999999996,49
top_n_50,2018-07-31,0.026541387366408823,0.026781387366408824,0.00024,0.24,50
top_n_50,2018-08-31,0.06628071373051236,0.06644071373051236,0.00016000000000000004,0.16000000000000003,49
top_n_50,2018-09-30,0.01467083300581478,0.01489083300581478,0.00021999999999999998,0.21999999999999997,50
top_n_50,2018-10-31,-0.0996226051469147,-0.0995226051469147,9.999999999999998e-05,0.09999999999999998,50
top_n_50,2018-11-30,0.008145332748671137,0.008265332748671137,0.00012,0.12,48
top_n_50,2018-12-31,-0.08465877792125384,-0.08445877792125384,0.00019999999999999996,0.19999999999999996,50
top_n_50,2019-01-31,0.10799360590413572,0.10809360590413572,9.999999999999998e-05,0.09999999999999998,50
top_n_50,2019-02-28,0.052542003407467765,0.05260200340746776,6.0000000000000056e-05,0.06000000000000005,49
top_n_50,2019-03-31,0.009948194395559013,0.010008194395559012,6.0000000000000056e-05,0.06000000000000005,49
top_n_50,2019-04-30,0.043089688307747676,0.04332968830774767,0.00024,0.24,50
top_n_50,2019-05-31,-0.07745167788406747,-0.07731167788406747,0.00014000000000000001,0.14,49
top_n_50,2019-06-30,0.08458448570720277,0.08488448570720276,0.0003000000000000001,0.30000000000000004,50
top_n_50,2019-07-31,0.044918091976825045,0.045098091976825044,0.00018000000000000007,0.18000000000000005,49
top_n_50,2019-08-31,-0.015366778683539705,-0.015226778683539706,0.00014000000000000001,0.14,50
top_n_50,2019-09-30,-0.014267061611796809,-0.014047061611796809,0.00021999999999999998,0.21999999999999997,49
top_n_50,2019-10-31,0.0353666732521235,0.0355466732521235,0.00018000000000000007,0.18000000000000005,50
top_n_50,2019-11-30,0.0457861026576549,0.045866102657654895,7.999999999999997e-05,0.07999999999999996,49
top_n_50,2019-12-31,0.03284989477882616,0.03312989477882616,0.00028000000000000003,0.28,50
top_n_50,2020-01-31,-0.005363081004660593,-0.005263081004660592,9.999999999999998e-05,0.09999999999999998,50
top_n_50,2020-02-29,-0.07588295156100815,-0.07576295156100815,0.00012,0.12,47
top_n_50,2020-03-31,-0.1282648578438698,-0.12800485784386978,0.00026000000000000003,0.26,46
top_n_50,2020-04-30,0.1875574216946334,0.1878574216946334,0.0003000000000000001,0.30000000000000004,50
top_n_50,2020-05-31,0.08898927188110606,0.08922927188110606,0.00024,0.24,49
top_n_50,2020-06-30,0.04128230229001632,0.04164230229001632,0.00035999999999999997,0.36,49
top_n_50,2020-07-31,0.07998890060743377,0.08018890060743378,0.00019999999999999996,0.19999999999999996,50
top_n_50,2020-08-31,0.05312740468229797,0.05320740468229797,7.999999999999997e-05,0.07999999999999996,50
top_n_50,2020-09-30,-0.01855241022354439,-0.018252410223544388,0.0003000000000000001,0.30000000000000004,49
top_n_50,2020-10-31,-0.008432897409252144,-0.008292897409252145,0.00014000000000000001,0.14,50
top_n_50,2020-11-30,0.13244920922394066,0.13254920922394064,9.999999999999998e-05,0.09999999999999998,50
top_n_50,2020-12-31,0.061943651842011754,0.062123651842011754,0.00018000000000000007,0.18000000000000005,50
top_n_50,2021-01-31,0.06230291709130618,0.06246291709130618,0.00016000000000000004,0.16000000000000003,50
top_n_50,2021-02-28,0.03926110348013998,0.03934110348013998,7.999999999999997e-05,0.07999999999999996,50
top_n_50,2021-03-31,0.07119987098968183,0.07135987098968183,0.00016000000000000004,0.16000000000000003,50
top_n_50,2021-04-30,0.05852835884744403,0.05884835884744403,0.0003199999999999999,0.31999999999999995,49
top_n_50,2021-05-31,0.05326950135032026,0.05342950135032026,0.00016000000000000004,0.16000000000000003,50
top_n_50,2021-06-30,0.02606892316432491,0.026268923164324907,0.00019999999999999996,0.19999999999999996,50
top_n_50,2021-07-31,0.02229758163464414,0.02235758163464414,6.0000000000000056e-05,0.06000000000000005,50
top_n_50,2021-08-31,0.030174567567038523,0.03021456756703852,4.000000000000004e-05,0.040000000000000036,48
top_n_50,2021-09-30,-0.028311596627813573,-0.028071596627813573,0.00024,0.24,50
top_n_50,2021-10-31,0.04477754652177055,0.044877546521770555,9.999999999999998e-05,0.09999999999999998,50
top_n_50,2021-11-30,0.022558933300497058,0.022638933300497058,7.999999999999997e-05,0.07999999999999996,49
top_n_50,2021-12-31,0.05299570369037736,0.05325570369037736,0.00026000000000000003,0.26,50
top_n_50,2022-01-31,-0.06445508351453665,-0.06419508351453665,0.00026000000000000003,0.26,50
top_n_50,2022-02-28,0.013740212599484243,0.013780212599484244,4.000000000000004e-05,0.040000000000000036,50
top_n_50,2022-03-31,0.021376925335040615,0.021456925335040615,7.999999999999997e-05,0.07999999999999996,49
top_n_50,2022-04-30,-0.05933967749545501,-0.059099677495455014,0.00024,0.24,50
top_n_50,2022-05-31,0.03533723866618745,0.03553723866618745,0.00019999999999999996,0.19999999999999996,50
top_n_50,2022-06-30,-0.15241845166393558,-0.15219845166393559,0.00021999999999999998,0.21999999999999997,47
top_n_50,2022-07-31,0.14323497356043477,0.14345497356043477,0.00021999999999999998,0.21999999999999997,50
top_n_50,2022-08-31,-0.005834303894675558,-0.005674303894675558,0.00016000000000000004,0.16000000000000003,49
top_n_50,2022-09-30,-0.09702523268927048,-0.09674523268927047,0.00028000000000000003,0.28,49
top_n_50,2022-10-31,0.14459638041516204,0.14465638041516204,6.0000000000000056e-05,0.06000000000000005,50
top_n_50,2022-11-30,0.06337999882746748,0.06343999882746748,6.0000000000000056e-05,0.06000000000000005,50
top_n_50,2022-12-31,-0.06565279256483464,-0.06545279256483463,0.00019999999999999996,0.19999999999999996,50
top_n_50,2023-01-31,0.049349514214984784,0.04940951421498478,6.0000000000000056e-05,0.06000000000000005,50
top_n_50,2023-02-28,-0.03365607239592021,-0.03363607239592021,2.000000000000002e-05,0.020000000000000018,49
top_n_50,2023-03-31,-0.007920723876120224,-0.007840723876120224,7.999999999999997e-05,0.07999999999999996,50
top_n_50,2023-04-30,-0.002778769170853549,-0.002638769170853549,0.00014000000000000001,0.14,49
top_n_50,2023-05-31,-0.04071902256251084,-0.040599022562510835,0.00012,0.12,49
top_n_50,2023-06-30,0.1254705198891428,0.12563051988914278,0.00016000000000000004,0.16000000000000003,50
top_n_50,2023-07-31,0.08032772823166295,0.08044772823166295,0.00012,0.12,50
top_n_50,2023-08-31,-0.01105788841302089,-0.01095788841302089,9.999999999999998e-05,0.09999999999999998,49
top_n_50,2023-09-30,-0.041006944423892924,-0.04076694442389293,0.00024,0.24,50
top_n_50,2023-10-31,-0.03913726975508583,-0.03901726975508583,0.00012,0.12,50
top_n_50,2023-11-30,0.11275362166999495,0.11281362166999495,6.0000000000000056e-05,0.06000000000000005,50
top_n_50,2023-12-31,0.08098968330426595,0.08124968330426595,0.00026000000000000003,0.26,50
top_n_50,2024-01-31,0.02351759949177266,0.02363759949177266,0.00012,0.12,49
top_n_50,2024-02-29,0.10158940705134113,0.10168940705134114,9.999999999999998e-05,0.09999999999999998,50
top_n_50,2024-03-31,0.07703142851379227,0.07731142851379227,0.00028000000000000003,0.28,50
top_n_50,2024-04-30,-0.04693011633718283,-0.046870116337182834,6.0000000000000056e-05,0.06000000000000005,50
top_n_50,2024-05-31,0.08971084439289592,0.08979084439289592,7.999999999999997e-05,0.07999999999999996,50
top_n_50,2024-06-30,0.008984205100101755,0.009304205100101754,0.0003199999999999999,0.31999999999999995,50
top_n_50,2024-07-31,0.03202766048028029,0.03214766048028029,0.00012,0.12,50
top_n_50,2024-08-31,-0.011527895880651272,-0.011427895880651273,9.999999999999998e-05,0.09999999999999998,49
top_n_50,2024-09-30,0.06739032945548247,0.06769032945548246,0.0003000000000000001,0.30000000000000004,50
top_n_50,2024-10-31,0.024771758767071713,0.024991758767071715,0.00021999999999999998,0.21999999999999997,50
top_n_50,2024-11-30,0.0978354740954543,0.0979554740954543,0.00012,0.12,48
top_n_50,2024-12-31,-0.05647890877182835,-0.05619890877182835,0.00028000000000000003,0.28,48
top_n_50,2025-01-31,0.03779195816060486,0.03797195816060486,0.00018000000000000007,0.18000000000000005,50
top_n_50,2025-02-28,-0.03707804330633264,-0.03699804330633264,7.999999999999997e-05,0.07999999999999996,49
top_n_50,2025-03-31,-0.01840525257089359,-0.01828525257089359,0.00012,0.12,49
top_n_50,2025-04-30,-0.002278395615009287,-0.001938395615009287,0.00033999999999999997,0.33999999999999997,49
top_n_50,2025-05-31,0.09034309785744835,0.09048309785744835,0.00014000000000000001,0.14,50
top_n_50,2025-06-30,0.016883328939866625,0.017123328939866626,0.00024,0.24,50
top_n_50,2025-07-31,0.021753169575751893,0.021933169575751893,0.00018000000000000007,0.18000000000000005,50
top_n_50,2025-08-31,0.07579346603167607,0.07587346603167607,7.999999999999997e-05,0.07999999999999996,50
top_n_50,2025-09-30,0.03240598330935594,0.032665983309355946,0.00026000000000000003,0.26,50
top_n_50,2025-10-31,-0.015318007909113843,-0.015178007909113844,0.00014000000000000001,0.14,50
top_n_50,2025-11-30,0.03161997585505829,0.031699975855058286,7.999999999999997e-05,0.07999999999999996,50
top_n_50,2025-12-31,-0.004796415400978127,-0.004476415400978127,0.0003199999999999999,0.31999999999999995,50
top_n_50,2026-01-31,0.047985354697469076,0.04814535469746908,0.00016000000000000004,0.16000000000000003,50
top_n_50,2026-02-28,0.06643336587533956,0.06657336587533956,0.00014000000000000001,0.14,49
top_n_50,2026-03-31,-0.043476026548200555,-0.04339602654820056,7.999999999999997e-05,0.07999999999999996,50
top_n_50,2026-04-30,0.10558053897797817,0.10588053897797817,0.0003000000000000001,0.30000000000000004,50
top_n_50,2026-05-31,0.015081101685484365,0.015181101685484364,9.999999999999998e-05,0.09999999999999998,50
top_n_25,2005-04-30,-0.09749749821300924,-0.09649749821300924,0.001,1.0,1
top_n_25,2005-05-31,-0.007120253164557,-0.007120253164557,0.0,0.0,1
top_n_25,2005-06-30,0.08764940239043817,0.08764940239043817,0.0,0.0,1
top_n_25,2005-07-31,0.01732123896661336,0.017821238966613362,0.0005,0.5,2
top_n_25,2005-08-31,0.06253945279013218,0.06253945279013218,0.0,0.0,2
top_n_25,2005-09-30,0.18483500179402035,0.18483500179402035,0.0,0.0,2
top_n_25,2005-10-31,-0.09155438778629144,-0.09155438778629144,0.0,0.0,2
top_n_25,2005-11-30,0.08432330551895773,0.08432330551895773,0.0,0.0,2
top_n_25,2005-12-31,0.10906014556863985,0.10906014556863985,0.0,0.0,2
top_n_25,2006-01-31,0.258961894762783,0.258961894762783,0.0,0.0,2
top_n_25,2006-02-28,-0.06973178327358481,-0.06973178327358481,0.0,0.0,2
top_n_25,2006-03-31,0.051792161329919706,0.051792161329919706,0.0,0.0,2
top_n_25,2006-04-30,0.018393384962941607,0.019193384962941606,0.0008,0.8,10
top_n_25,2006-05-31,-0.07306389439675874,-0.07283312516598951,0.00023076923076923076,0.23076923076923073,13
top_n_25,2006-06-30,-0.004502593951038813,-0.004121641570086432,0.00038095238095238096,0.38095238095238093,20
top_n_25,2006-07-31,-0.03536390744826531,-0.034763907448265303,0.0006000000000000001,0.6,25
top_n_25,2006-08-31,0.03094793359220286,0.03106793359220286,0.00012,0.12,23
top_n_25,2006-09-30,0.04734957489710828,0.04750957489710828,0.00016000000000000004,0.16000000000000003,24
top_n_25,2006-10-31,0.06138448987063309,0.06182448987063309,0.00043999999999999996,0.43999999999999995,25
top_n_25,2006-11-30,0.022544357315365655,0.022824357315365654,0.00028000000000000003,0.28,25
top_n_25,2006-12-31,0.0038279642755384732,0.003987964275538473,0.00016000000000000004,0.16000000000000003,24
top_n_25,2007-01-31,0.03521808540852896,0.035978085408528954,0.00076,0.76,25
top_n_25,2007-02-28,-0.003948347120676634,-0.003908347120676634,4.000000000000004e-05,0.040000000000000036,25
top_n_25,2007-03-31,0.039010628737493745,0.039010628737493745,0.0,0.0,25
top_n_25,2007-04-30,0.03947728957969815,0.03967728957969815,0.00019999999999999996,0.19999999999999996,25
top_n_25,2007-05-31,0.08554161384848018,0.08562161384848017,7.999999999999997e-05,0.07999999999999996,25
top_n_25,2007-06-30,-0.006637850093799451,-0.006397850093799451,0.00024,0.24,25
top_n_25,2007-07-31,-0.017751392959656012,-0.017711392959656014,4.000000000000004e-05,0.040000000000000036,24
top_n_25,2007-08-31,0.005519393211204467,0.0056393932112044675,0.00012,0.12,24
top_n_25,2007-09-30,0.03977648850943509,0.03997648850943509,0.00019999999999999996,0.19999999999999996,25
top_n_25,2007-10-31,0.03267940893217012,0.032759408932170116,7.999999999999997e-05,0.07999999999999996,25
top_n_25,2007-11-30,-0.07516879723474174,-0.07512879723474174,4.000000000000004e-05,0.040000000000000036,24
top_n_25,2007-12-31,0.003641720050764563,0.003801720050764563,0.00016000000000000004,0.16000000000000003,24
top_n_25,2008-01-31,-0.028574731980899947,-0.028414731980899947,0.00016000000000000004,0.16000000000000003,23
top_n_25,2008-02-29,0.06499394025266576,0.06515394025266576,0.00016000000000000004,0.16000000000000003,25
top_n_25,2008-03-31,-0.02454424522323374,-0.02422424522323374,0.0003199999999999999,0.31999999999999995,24
top_n_25,2008-04-30,0.06719686245407275,0.06731686245407274,0.00012,0.12,23
top_n_25,2008-05-31,0.04029881364186419,0.04045881364186419,0.00016000000000000004,0.16000000000000003,25
top_n_25,2008-06-30,-0.051342252205469556,-0.05114225220546956,0.00019999999999999996,0.19999999999999996,22
top_n_25,2008-07-31,-0.04880732737200649,-0.04864732737200649,0.00016000000000000004,0.16000000000000003,24
top_n_25,2008-08-31,-0.00011482591803701582,5.174081962984189e-06,0.00012,0.12,25
top_n_25,2008-09-30,-0.14142369687002068,-0.1411036968700207,0.0003199999999999999,0.31999999999999995,21
top_n_25,2008-10-31,-0.2206354877170931,-0.2203554877170931,0.00028000000000000003,0.28,21
top_n_25,2008-11-30,-0.0959325615830961,-0.0954525615830961,0.00048,0.48,23
top_n_25,2008-12-31,0.057213198712524185,0.057533198712524186,0.0003199999999999999,0.31999999999999995,25
top_n_25,2009-01-31,-0.05157413257114156,-0.05137413257114156,0.00019999999999999996,0.19999999999999996,24
top_n_25,2009-02-28,-0.08116144957043867,-0.08092144957043866,0.00024,0.24,24
top_n_25,2009-03-31,0.10756708575083512,0.10776708575083513,0.00019999999999999996,0.19999999999999996,23
top_n_25,2009-04-30,0.07063676432605907,0.07123676432605908,0.0006000000000000001,0.6,25
top_n_25,2009-05-31,0.04976093024871836,0.05000093024871836,0.00024,0.24,25
top_n_25,2009-06-30,0.03889588902012427,0.039375889020124274,0.00048,0.48,22
top_n_25,2009-07-31,0.06838639446730924,0.06862639446730924,0.00024,0.24,24
top_n_25,2009-08-31,0.028423610553983375,0.028743610553983376,0.0003199999999999999,0.31999999999999995,25
top_n_25,2009-09-30,0.04172106794653303,0.042041067946533034,0.0003199999999999999,0.31999999999999995,25
top_n_25,2009-10-31,-0.046653895158570054,-0.046293895158570054,0.00035999999999999997,0.36,24
top_n_25,2009-11-30,0.06007508194925728,0.06027508194925728,0.00019999999999999996,0.19999999999999996,25
top_n_25,2009-12-31,0.024339262091228605,0.024619262091228604,0.00028000000000000003,0.28,25
top_n_25,2010-01-31,-0.03879620590288843,-0.03863620590288843,0.00016000000000000004,0.16000000000000003,24
top_n_25,2010-02-28,0.014093259875704556,0.014253259875704557,0.00016000000000000004,0.16000000000000003,25
top_n_25,2010-03-31,0.08611877786042846,0.08627877786042845,0.00016000000000000004,0.16000000000000003,25
top_n_25,2010-04-30,0.04111754105962662,0.041477541059626616,0.00035999999999999997,0.36,25
top_n_25,2010-05-31,-0.08618807452711182,-0.08610807452711182,7.999999999999997e-05,0.07999999999999996,25
top_n_25,2010-06-30,-0.08140776218063775,-0.08124776218063776,0.00016000000000000004,0.16000000000000003,25
top_n_25,2010-07-31,0.069693736624775,0.069813736624775,0.00012,0.12,25
top_n_25,2010-08-31,-0.08896684992074541,-0.08884684992074542,0.00012,0.12,24
top_n_25,2010-09-30,0.1580117521990407,0.1582117521990407,0.00019999999999999996,0.19999999999999996,25
top_n_25,2010-10-31,0.07921147057074181,0.0793314705707418,0.00012,0.12,24
top_n_25,2010-11-30,0.021135943127547994,0.021335943127547993,0.00019999999999999996,0.19999999999999996,25
top_n_25,2010-12-31,0.05058467511701932,0.05078467511701932,0.00019999999999999996,0.19999999999999996,25
top_n_25,2011-01-31,0.018656534089278375,0.018856534089278374,0.00019999999999999996,0.19999999999999996,25
top_n_25,2011-02-28,0.060255054559888034,0.06033505455988803,7.999999999999997e-05,0.07999999999999996,25
top_n_25,2011-03-31,0.06578630208237973,0.06594630208237973,0.00016000000000000004,0.16000000000000003,25
top_n_25,2011-04-30,0.016999256441333304,0.017439256441333303,0.00043999999999999996,0.43999999999999995,25
top_n_25,2011-05-31,-0.012371622494485654,-0.012251622494485654,0.00012,0.12,25
top_n_25,2011-06-30,-0.010488037900087241,-0.01024803790008724,0.00024,0.24,25
top_n_25,2011-07-31,0.010872898911966035,0.011032898911966035,0.00016000000000000004,0.16000000000000003,23
top_n_25,2011-08-31,-0.026034367748552553,-0.025874367748552552,0.00016000000000000004,0.16000000000000003,23
top_n_25,2011-09-30,-0.14273528940641478,-0.14233528940641477,0.0004,0.4,23
top_n_25,2011-10-31,0.1740557043464163,0.1741357043464163,7.999999999999997e-05,0.07999999999999996,25
top_n_25,2011-11-30,-0.011438487277425068,-0.011198487277425067,0.00024,0.24,22
top_n_25,2011-12-31,0.000834324939094491,0.001154324939094491,0.0003199999999999999,0.31999999999999995,25
top_n_25,2012-01-31,0.11512923424242164,0.11520923424242163,7.999999999999997e-05,0.07999999999999996,25
top_n_25,2012-02-29,0.05958157300949392,0.05974157300949392,0.00016000000000000004,0.16000000000000003,25
top_n_25,2012-03-31,0.02045007868530119,0.02065007868530119,0.00019999999999999996,0.19999999999999996,24
top_n_25,2012-04-30,0.03588105604880617,0.03600105604880617,0.00012,0.12,24
top_n_25,2012-05-31,-0.08003855982071673,-0.07995855982071673,7.999999999999997e-05,0.07999999999999996,24
top_n_25,2012-06-30,0.029870315984690938,0.03011031598469094,0.00024,0.24,25
top_n_25,2012-07-31,0.025019517722972142,0.02513951772297214,0.00012,0.12,24
top_n_25,2012-08-31,0.025540386127078117,0.025740386127078116,0.00019999999999999996,0.19999999999999996,24
top_n_25,2012-09-30,0.012681375878015695,0.012961375878015696,0.00028000000000000003,0.28,25
top_n_25,2012-10-31,-0.01259178546439129,-0.01243178546439129,0.00016000000000000004,0.16000000000000003,23
top_n_25,2012-11-30,0.01707100401980956,0.01731100401980956,0.00024,0.24,25
top_n_25,2012-12-31,0.035226521620043014,0.03542652162004301,0.00019999999999999996,0.19999999999999996,25
top_n_25,2013-01-31,0.09395966911465009,0.09411966911465008,0.00016000000000000004,0.16000000000000003,25
top_n_25,2013-02-28,0.011517902697595433,0.011677902697595433,0.00016000000000000004,0.16000000000000003,25
top_n_25,2013-03-31,0.050217383260650006,0.050377383260650006,0.00016000000000000004,0.16000000000000003,24
top_n_25,2013-04-30,0.00019282547966584262,0.0007528254796658427,0.0005600000000000001,0.56,24
top_n_25,2013-05-31,0.032087470958891265,0.032287470958891264,0.00019999999999999996,0.19999999999999996,23
top_n_25,2013-06-30,-0.01100599610309985,-0.010685996103099851,0.0003199999999999999,0.31999999999999995,24
top_n_25,2013-07-31,0.030997377802775346,0.031197377802775345,0.00019999999999999996,0.19999999999999996,24
top_n_25,2013-08-31,-0.03503508055486611,-0.03495508055486611,7.999999999999997e-05,0.07999999999999996,23
top_n_25,2013-09-30,0.04976935852794386,0.050049358527943864,0.00028000000000000003,0.28,24
top_n_25,2013-10-31,0.031319378940314425,0.031479378940314426,0.00016000000000000004,0.16000000000000003,25
top_n_25,2013-11-30,0.04611352591898908,0.04619352591898908,7.999999999999997e-05,0.07999999999999996,25
top_n_25,2013-12-31,0.04803957112981145,0.04831957112981145,0.00028000000000000003,0.28,25
top_n_25,2014-01-31,-0.0189287514875457,-0.0187687514875457,0.00016000000000000004,0.16000000000000003,24
top_n_25,2014-02-28,0.07352030719278158,0.07368030719278157,0.00016000000000000004,0.16000000000000003,24
top_n_25,2014-03-31,0.00695687921053886,0.00711687921053886,0.00016000000000000004,0.16000000000000003,25
top_n_25,2014-04-30,-0.009429480862536498,-0.009109480862536498,0.0003199999999999999,0.31999999999999995,25
top_n_25,2014-05-31,0.025022675203741584,0.025142675203741582,0.00012,0.12,25
top_n_25,2014-06-30,0.026469170528653024,0.026789170528653025,0.0003199999999999999,0.31999999999999995,24
top_n_25,2014-07-31,-0.010770819457744026,-0.010610819457744025,0.00016000000000000004,0.16000000000000003,25
top_n_25,2014-08-31,0.07100144265698848,0.07104144265698847,4.000000000000004e-05,0.040000000000000036,24
top_n_25,2014-09-30,-0.01798288076190603,-0.017622880761906032,0.00035999999999999997,0.36,24
top_n_25,2014-10-31,0.05222682971200147,0.052426829712001466,0.00019999999999999996,0.19999999999999996,25
top_n_25,2014-11-30,0.03715873971276063,0.03731873971276063,0.00016000000000000004,0.16000000000000003,25
top_n_25,2014-12-31,0.0007253885475529849,0.001005388547552985,0.00028000000000000003,0.28,24
top_n_25,2015-01-31,0.01035668544349892,0.010396685443498921,4.000000000000004e-05,0.040000000000000036,25
top_n_25,2015-02-28,0.06400406558078826,0.06412406558078826,0.00012,0.12,25
top_n_25,2015-03-31,-0.004461269741236102,-0.004381269741236102,7.999999999999997e-05,0.07999999999999996,25
top_n_25,2015-04-30,0.0037268887610345924,0.004046888761034592,0.0003199999999999999,0.31999999999999995,25
top_n_25,2015-05-31,0.046582054267235606,0.046782054267235605,0.00019999999999999996,0.19999999999999996,25
top_n_25,2015-06-30,-0.008335680434318067,-0.008055680434318067,0.00028000000000000003,0.28,25
top_n_25,2015-07-31,-0.008379125330340385,-0.008179125330340384,0.00019999999999999996,0.19999999999999996,25
top_n_25,2015-08-31,-0.04100100102268096,-0.040841001022680956,0.00016000000000000004,0.16000000000000003,24
top_n_25,2015-09-30,-0.012688064038459948,-0.012328064038459948,0.00035999999999999997,0.36,24
top_n_25,2015-10-31,0.08321368935285452,0.08333368935285451,0.00012,0.12,24
top_n_25,2015-11-30,-0.0022313542283746686,-0.002151354228374669,7.999999999999997e-05,0.07999999999999996,25
top_n_25,2015-12-31,-0.01193505104200288,-0.01173505104200288,0.00019999999999999996,0.19999999999999996,25
top_n_25,2016-01-31,-0.040466145860165205,-0.040306145860165205,0.00016000000000000004,0.16000000000000003,24
top_n_25,2016-02-29,0.034569498346730995,0.034689498346731,0.00012,0.12,25
top_n_25,2016-03-31,0.060688363595736816,0.061048363595736815,0.00035999999999999997,0.36,25
top_n_25,2016-04-30,-0.003954448335051524,-0.0038344483350515237,0.00012,0.12,25
top_n_25,2016-05-31,0.016002531311552312,0.01612253131155231,0.00012,0.12,25
top_n_25,2016-06-30,0.005371562431069656,0.005611562431069656,0.00024,0.24,25
top_n_25,2016-07-31,0.051037620098434766,0.051197620098434767,0.00016000000000000004,0.16000000000000003,25
top_n_25,2016-08-31,-0.014702737460450477,-0.014422737460450476,0.00028000000000000003,0.28,23
top_n_25,2016-09-30,0.005067698384543423,0.005347698384543423,0.00028000000000000003,0.28,24
top_n_25,2016-10-31,-0.03574314554672577,-0.03558314554672577,0.00016000000000000004,0.16000000000000003,25
top_n_25,2016-11-30,0.06589295146443695,0.06597295146443695,7.999999999999997e-05,0.07999999999999996,25
top_n_25,2016-12-31,0.0028453807326583648,0.003085380732658365,0.00024,0.24,25
top_n_25,2017-01-31,0.06166452589731372,0.06178452589731372,0.00012,0.12,25
top_n_25,2017-02-28,0.04800675559151583,0.04812675559151583,0.00012,0.12,25
top_n_25,2017-03-31,-0.0021053942833099627,-0.0020653942833099626,4.000000000000004e-05,0.040000000000000036,25
top_n_25,2017-04-30,-0.0009866662246833793,-0.0006666662246833793,0.0003199999999999999,0.31999999999999995,24
top_n_25,2017-05-31,-0.0004370503946218117,-0.00035705039462181177,7.999999999999997e-05,0.07999999999999996,25
top_n_25,2017-06-30,0.003357977069410141,0.003717977069410141,0.00035999999999999997,0.36,25
top_n_25,2017-07-31,0.031122113511629964,0.031242113511629963,0.00012,0.12,25
top_n_25,2017-08-31,0.0007990344639096003,0.0007990344639096003,0.0,0.0,25
top_n_25,2017-09-30,0.021471010789815673,0.021671010789815672,0.00019999999999999996,0.19999999999999996,25
top_n_25,2017-10-31,0.015308099078137178,0.015428099078137178,0.00012,0.12,24
top_n_25,2017-11-30,0.0333076409414337,0.0334276409414337,0.00012,0.12,24
top_n_25,2017-12-31,0.006140152998473356,0.0065001529984733564,0.00035999999999999997,0.36,25
top_n_25,2018-01-31,0.05713088339951746,0.05729088339951746,0.00016000000000000004,0.16000000000000003,25
top_n_25,2018-02-28,-0.05141680157699866,-0.05129680157699866,0.00012,0.12,25
top_n_25,2018-03-31,-0.008218515782156061,-0.008138515782156061,7.999999999999997e-05,0.07999999999999996,25
top_n_25,2018-04-30,-0.000809592049753469,-0.000569592049753469,0.00024,0.24,25
top_n_25,2018-05-31,0.03583256592520737,0.035952565925207375,0.00012,0.12,25
top_n_25,2018-06-30,0.023778119557877384,0.023978119557877382,0.00019999999999999996,0.19999999999999996,25
top_n_25,2018-07-31,0.033220206089178625,0.033420206089178624,0.00019999999999999996,0.19999999999999996,25
top_n_25,2018-08-31,0.05291778740023723,0.053077787400237234,0.00016000000000000004,0.16000000000000003,25
top_n_25,2018-09-30,0.032269629461990745,0.03250962946199074,0.00024,0.24,25
top_n_25,2018-10-31,-0.12785706772476876,-0.12773706772476875,0.00012,0.12,25
top_n_25,2018-11-30,0.02188287172089787,0.02192287172089787,4.000000000000004e-05,0.040000000000000036,24
top_n_25,2018-12-31,-0.07426000152032941,-0.07390000152032941,0.00035999999999999997,0.36,25
top_n_25,2019-01-31,0.1038915480225818,0.10405154802258179,0.00016000000000000004,0.16000000000000003,25
top_n_25,2019-02-28,0.0726804022211654,0.0727604022211654,7.999999999999997e-05,0.07999999999999996,25
top_n_25,2019-03-31,0.010279360256135907,0.010319360256135907,4.000000000000004e-05,0.040000000000000036,25
top_n_25,2019-04-30,0.028418102156169307,0.028698102156169306,0.00028000000000000003,0.28,25
top_n_25,2019-05-31,-0.05230384122529768,-0.05218384122529768,0.00012,0.12,24
top_n_25,2019-06-30,0.0900171931597441,0.0903771931597441,0.00035999999999999997,0.36,25
top_n_25,2019-07-31,0.04938566450466628,0.04950566450466628,0.00012,0.12,24
top_n_25,2019-08-31,-0.022738886887975276,-0.022618886887975278,0.00012,0.12,25
top_n_25,2019-09-30,-0.010090453005220972,-0.009850453005220972,0.00024,0.24,24
top_n_25,2019-10-31,0.06147805060497955,0.061598050604979554,0.00012,0.12,25
top_n_25,2019-11-30,0.09619719357410454,0.09627719357410454,7.999999999999997e-05,0.07999999999999996,24
top_n_25,2019-12-31,0.028833163291655153,0.029153163291655154,0.0003199999999999999,0.31999999999999995,25
top_n_25,2020-01-31,-0.006515024275249597,-0.006435024275249597,7.999999999999997e-05,0.07999999999999996,25
top_n_25,2020-02-29,-0.0398388191506142,-0.0397188191506142,0.00012,0.12,22
top_n_25,2020-03-31,-0.11891025356750845,-0.11863025356750845,0.00028000000000000003,0.28,24
top_n_25,2020-04-30,0.19960233022997045,0.19984233022997044,0.00024,0.24,25
top_n_25,2020-05-31,0.11055275356013668,0.11075275356013668,0.00019999999999999996,0.19999999999999996,24
top_n_25,2020-06-30,0.03154229509200594,0.03178229509200594,0.00024,0.24,25
top_n_25,2020-07-31,0.08222827231568844,0.08230827231568844,7.999999999999997e-05,0.07999999999999996,25
top_n_25,2020-08-31,0.050458802556979064,0.050578802556979066,0.00012,0.12,25
top_n_25,2020-09-30,-0.02370123310897767,-0.02342123310897767,0.00028000000000000003,0.28,25
top_n_25,2020-10-31,0.0018438655089008638,0.002003865508900864,0.00016000000000000004,0.16000000000000003,25
top_n_25,2020-11-30,0.1619774229101375,0.16201742291013752,4.000000000000004e-05,0.040000000000000036,25
top_n_25,2020-12-31,0.054702930245426384,0.05494293024542638,0.00024,0.24,25
top_n_25,2021-01-31,0.052572476517108446,0.05273247651710845,0.00016000000000000004,0.16000000000000003,25
top_n_25,2021-02-28,0.027862589281204265,0.027982589281204263,0.00012,0.12,25
top_n_25,2021-03-31,0.06666860951729568,0.06694860951729568,0.00028000000000000003,0.28,25
top_n_25,2021-04-30,0.08375212858213527,0.08403212858213527,0.00028000000000000003,0.28,24
top_n_25,2021-05-31,0.03389194149196452,0.03409194149196452,0.00019999999999999996,0.19999999999999996,25
top_n_25,2021-06-30,0.04669373399855639,0.04701373399855639,0.0003199999999999999,0.31999999999999995,25
top_n_25,2021-07-31,0.019729171886233146,0.019849171886233145,0.00012,0.12,25
top_n_25,2021-08-31,0.027580631562667494,0.027660631562667494,7.999999999999997e-05,0.07999999999999996,25
top_n_25,2021-09-30,-0.025922560377853312,-0.025642560377853313,0.00028000000000000003,0.28,25
top_n_25,2021-10-31,0.04945968107730508,0.049659681077305076,0.00019999999999999996,0.19999999999999996,25
top_n_25,2021-11-30,0.014523016148641798,0.014523016148641798,0.0,0.0,24
top_n_25,2021-12-31,0.05174103168049947,0.05202103168049947,0.00028000000000000003,0.28,25
top_n_25,2022-01-31,-0.09260964601925396,-0.09236964601925396,0.00024,0.24,25
top_n_25,2022-02-28,0.005347387549218259,0.005387387549218259,4.000000000000004e-05,0.040000000000000036,25
top_n_25,2022-03-31,0.03442841896424395,0.03450841896424395,7.999999999999997e-05,0.07999999999999996,24
top_n_25,2022-04-30,-0.0681798968380082,-0.0678598968380082,0.0003199999999999999,0.31999999999999995,25
top_n_25,2022-05-31,0.05042589805048546,0.05062589805048546,0.00019999999999999996,0.19999999999999996,25
top_n_25,2022-06-30,-0.1428613474131305,-0.1425813474131305,0.00028000000000000003,0.28,24
top_n_25,2022-07-31,0.15835481290249284,0.15867481290249283,0.0003199999999999999,0.31999999999999995,25
top_n_25,2022-08-31,0.0011923502239664433,0.0013923502239664431,0.00019999999999999996,0.19999999999999996,25
top_n_25,2022-09-30,-0.07528757227805122,-0.07492757227805122,0.00035999999999999997,0.36,25
top_n_25,2022-10-31,0.1406913314924471,0.14081133149244712,0.00012,0.12,25
top_n_25,2022-11-30,0.08544242022893596,0.08556242022893595,0.00012,0.12,25
top_n_25,2022-12-31,-0.05186672395374443,-0.051586723953744425,0.00028000000000000003,0.28,25
top_n_25,2023-01-31,0.023179558849021814,0.023299558849021813,0.00012,0.12,25
top_n_25,2023-02-28,-0.015973654579330723,-0.015933654579330724,4.000000000000004e-05,0.040000000000000036,25
top_n_25,2023-03-31,-0.014009580001187093,-0.013929580001187093,7.999999999999997e-05,0.07999999999999996,25
top_n_25,2023-04-30,0.02015106125024298,0.02043106125024298,0.00028000000000000003,0.28,25
top_n_25,2023-05-31,-0.012238892991089658,-0.012078892991089657,0.00016000000000000004,0.16000000000000003,24
top_n_25,2023-06-30,0.10000056698309882,0.10028056698309883,0.00028000000000000003,0.28,25
top_n_25,2023-07-31,0.08099812219708112,0.08107812219708112,7.999999999999997e-05,0.07999999999999996,25
top_n_25,2023-08-31,-0.019713265120624185,-0.019593265120624186,0.00012,0.12,24
top_n_25,2023-09-30,-0.033874394934553395,-0.0336343949345534,0.00024,0.24,25
top_n_25,2023-10-31,-0.022705871170727986,-0.022545871170727986,0.00016000000000000004,0.16000000000000003,25
top_n_25,2023-11-30,0.0869466248895206,0.08706662488952059,0.00012,0.12,25
top_n_25,2023-12-31,0.0804805748907908,0.0807605748907908,0.00028000000000000003,0.28,25
top_n_25,2024-01-31,0.05592572172046024,0.05612572172046024,0.00019999999999999996,0.19999999999999996,24
top_n_25,2024-02-29,0.10372652599407599,0.10384652599407598,0.00012,0.12,25
top_n_25,2024-03-31,0.055696216103864306,0.0560962161038643,0.0004,0.4,25
top_n_25,2024-04-30,-0.034897532610557724,-0.03477753261055772,0.00012,0.12,25
top_n_25,2024-05-31,0.10702632779970238,0.10710632779970237,7.999999999999997e-05,0.07999999999999996,25
top_n_25,2024-06-30,0.030550999597654456,0.030790999597654457,0.00024,0.24,25
top_n_25,2024-07-31,0.011579048829127503,0.011779048829127503,0.00019999999999999996,0.19999999999999996,25
top_n_25,2024-08-31,0.008935033288095324,0.009055033288095324,0.00012,0.12,24
top_n_25,2024-09-30,0.057244799265251646,0.05752479926525165,0.00028000000000000003,0.28,25
top_n_25,2024-10-31,0.029269621819312835,0.029549621819312834,0.00028000000000000003,0.28,25
top_n_25,2024-11-30,0.11503597933481467,0.11511597933481467,7.999999999999997e-05,0.07999999999999996,23
top_n_25,2024-12-31,-0.043316770103830886,-0.04295677010383089,0.00035999999999999997,0.36,25
top_n_25,2025-01-31,0.028455699292138814,0.028655699292138813,0.00019999999999999996,0.19999999999999996,25
top_n_25,2025-02-28,-0.03944745693884707,-0.03940745693884707,4.000000000000004e-05,0.040000000000000036,24
top_n_25,2025-03-31,-0.03172308408109705,-0.03160308408109705,0.00012,0.12,25
top_n_25,2025-04-30,0.06279471546391069,0.06311471546391069,0.0003199999999999999,0.31999999999999995,25
top_n_25,2025-05-31,0.15220851120371442,0.15236851120371442,0.00016000000000000004,0.16000000000000003,25
top_n_25,2025-06-30,0.01752263151930309,0.01780263151930309,0.00028000000000000003,0.28,25
top_n_25,2025-07-31,0.0237715641620555,0.0240115641620555,0.00024,0.24,25
top_n_25,2025-08-31,0.09164690543798858,0.09172690543798857,7.999999999999997e-05,0.07999999999999996,25
top_n_25,2025-09-30,0.05679788770961423,0.056997887709614226,0.00019999999999999996,0.19999999999999996,25
top_n_25,2025-10-31,-0.05403150795223035,-0.05391150795223035,0.00012,0.12,25
top_n_25,2025-11-30,0.036245168464864426,0.03632516846486442,7.999999999999997e-05,0.07999999999999996,25
top_n_25,2025-12-31,-0.012069979985422035,-0.011789979985422035,0.00028000000000000003,0.28,25
top_n_25,2026-01-31,0.017648219195530713,0.017888219195530713,0.00024,0.24,25
top_n_25,2026-02-28,0.08080296409144336,0.08092296409144335,0.00012,0.12,24
top_n_25,2026-03-31,-0.045142961574221034,-0.044942961574221035,0.00019999999999999996,0.19999999999999996,25
top_n_25,2026-04-30,0.07353957249455977,0.07405957249455977,0.0005200000000000001,0.52,25
top_n_25,2026-05-31,0.005752806026130753,0.005952806026130753,0.00019999999999999996,0.19999999999999996,25
top_n_10,2005-04-30,-0.09749749821300924,-0.09649749821300924,0.001,1.0,1
top_n_10,2005-05-31,-0.007120253164557,-0.007120253164557,0.0,0.0,1
top_n_10,2005-06-30,0.08764940239043817,0.08764940239043817,0.0,0.0,1
top_n_10,2005-07-31,0.01732123896661336,0.017821238966613362,0.0005,0.5,2
top_n_10,2005-08-31,0.06253945279013218,0.06253945279013218,0.0,0.0,2
top_n_10,2005-09-30,0.18483500179402035,0.18483500179402035,0.0,0.0,2
top_n_10,2005-10-31,-0.09155438778629144,-0.09155438778629144,0.0,0.0,2
top_n_10,2005-11-30,0.08432330551895773,0.08432330551895773,0.0,0.0,2
top_n_10,2005-12-31,0.10906014556863985,0.10906014556863985,0.0,0.0,2
top_n_10,2006-01-31,0.258961894762783,0.258961894762783,0.0,0.0,2
top_n_10,2006-02-28,-0.06973178327358481,-0.06973178327358481,0.0,0.0,2
top_n_10,2006-03-31,0.051792161329919706,0.051792161329919706,0.0,0.0,2
top_n_10,2006-04-30,0.018393384962941607,0.019193384962941606,0.0008,0.8,10
top_n_10,2006-05-31,-0.06087254692876615,-0.060772546928766144,9.999999999999998e-05,0.09999999999999998,10
top_n_10,2006-06-30,-0.009241340663473019,-0.008741340663473018,0.0005,0.5,10
top_n_10,2006-07-31,-0.026752027495643704,-0.026452027495643703,0.0003000000000000001,0.30000000000000004,10
top_n_10,2006-08-31,0.018741851547285283,0.018941851547285282,0.00019999999999999996,0.19999999999999996,10
top_n_10,2006-09-30,0.05814354218299729,0.05834354218299729,0.00019999999999999996,0.19999999999999996,10
top_n_10,2006-10-31,0.08547358513242495,0.08597358513242495,0.0005,0.5,10
top_n_10,2006-11-30,0.013908202465552744,0.014108202465552744,0.00019999999999999996,0.19999999999999996,10
top_n_10,2006-12-31,0.011446146970500193,0.011546146970500193,9.999999999999998e-05,0.09999999999999998,10
top_n_10,2007-01-31,0.03480543532292956,0.03550543532292956,0.0007,0.7,10
top_n_10,2007-02-28,0.007890641541135423,0.007890641541135423,0.0,0.0,10
top_n_10,2007-03-31,0.02892685237286724,0.02892685237286724,0.0,0.0,10
top_n_10,2007-04-30,0.02372834662635079,0.024028346626350793,0.0003000000000000001,0.30000000000000004,10
top_n_10,2007-05-31,0.09451870411210965,0.09451870411210965,0.0,0.0,10
top_n_10,2007-06-30,0.011381298438759025,0.011781298438759025,0.0004,0.4,10
top_n_10,2007-07-31,-0.02165644916501931,-0.02155644916501931,9.999999999999998e-05,0.09999999999999998,9
top_n_10,2007-08-31,-0.005815146792095465,-0.005515146792095465,0.0003000000000000001,0.30000000000000004,9
top_n_10,2007-09-30,0.04801270647509366,0.04841270647509366,0.0004,0.4,10
top_n_10,2007-10-31,0.05026519669916064,0.05036519669916064,9.999999999999998e-05,0.09999999999999998,10
top_n_10,2007-11-30,-0.08739471395103053,-0.08729471395103053,9.999999999999998e-05,0.09999999999999998,10
top_n_10,2007-12-31,-0.008997407699675386,-0.008797407699675385,0.00019999999999999996,0.19999999999999996,10
top_n_10,2008-01-31,-0.06113811978006742,-0.061038119780067415,9.999999999999998e-05,0.09999999999999998,10
top_n_10,2008-02-29,0.054356205165848326,0.054556205165848325,0.00019999999999999996,0.19999999999999996,10
top_n_10,2008-03-31,-0.06535739736556563,-0.06515739736556563,0.00019999999999999996,0.19999999999999996,9
top_n_10,2008-04-30,0.04845984011519581,0.04855984011519581,9.999999999999998e-05,0.09999999999999998,9
top_n_10,2008-05-31,0.055444406770559895,0.055644406770559894,0.00019999999999999996,0.19999999999999996,10
top_n_10,2008-06-30,-0.005905764314105688,-0.005605764314105688,0.0003000000000000001,0.30000000000000004,10
top_n_10,2008-07-31,-0.0323491334073832,-0.0320491334073832,0.0003000000000000001,0.30000000000000004,9
top_n_10,2008-08-31,-0.02331879920747358,-0.023118799207473582,0.00019999999999999996,0.19999999999999996,10
top_n_10,2008-09-30,-0.15692673573075952,-0.1565267357307595,0.0004,0.4,9
top_n_10,2008-10-31,-0.20979973034124222,-0.2095997303412422,0.00019999999999999996,0.19999999999999996,8
top_n_10,2008-11-30,-0.09798752580597424,-0.09748752580597424,0.0005,0.5,8
top_n_10,2008-12-31,0.06311927032366287,0.06341927032366286,0.0003000000000000001,0.30000000000000004,10
top_n_10,2009-01-31,-0.04881894507233781,-0.04861894507233781,0.00019999999999999996,0.19999999999999996,10
top_n_10,2009-02-28,-0.09269613405306971,-0.09239613405306972,0.0003000000000000001,0.30000000000000004,9
top_n_10,2009-03-31,0.11983545021955268,0.12003545021955268,0.00019999999999999996,0.19999999999999996,8
top_n_10,2009-04-30,0.11713093940567064,0.11793093940567063,0.0008,0.8,10
top_n_10,2009-05-31,0.03731852713578811,0.037518527135788106,0.00019999999999999996,0.19999999999999996,10
top_n_10,2009-06-30,0.022001532061163433,0.022701532061163432,0.0007,0.7,9
top_n_10,2009-07-31,0.08833308369836233,0.08853308369836234,0.00019999999999999996,0.19999999999999996,9
top_n_10,2009-08-31,0.018221118486594533,0.018621118486594535,0.0004,0.4,10
top_n_10,2009-09-30,0.048648444091002795,0.04884844409100279,0.00019999999999999996,0.19999999999999996,10
top_n_10,2009-10-31,-0.04740659247094323,-0.047006592470943236,0.0004,0.4,9
top_n_10,2009-11-30,0.07960783682224291,0.08000783682224291,0.0004,0.4,10
top_n_10,2009-12-31,0.018082590558107736,0.018482590558107737,0.0004,0.4,10
top_n_10,2010-01-31,-0.039914292999947906,-0.03971429299994791,0.00019999999999999996,0.19999999999999996,10
top_n_10,2010-02-28,0.02830509859021765,0.02840509859021765,9.999999999999998e-05,0.09999999999999998,10
top_n_10,2010-03-31,0.10329376674807997,0.10329376674807997,0.0,0.0,10
top_n_10,2010-04-30,0.06803667232611227,0.06833667232611226,0.0003000000000000001,0.30000000000000004,10
top_n_10,2010-05-31,-0.09590003976507229,-0.0956000397650723,0.0003000000000000001,0.30000000000000004,10
top_n_10,2010-06-30,-0.0980205466112865,-0.0975205466112865,0.0005,0.5,10
top_n_10,2010-07-31,0.059770299206602616,0.05987029920660262,9.999999999999998e-05,0.09999999999999998,10
top_n_10,2010-08-31,-0.13444471032237576,-0.13444471032237576,0.0,0.0,9
top_n_10,2010-09-30,0.1656330428801895,0.16583304288018952,0.00019999999999999996,0.19999999999999996,10
top_n_10,2010-10-31,0.08075528989670602,0.08095528989670603,0.00019999999999999996,0.19999999999999996,10
top_n_10,2010-11-30,-0.006826492101514091,-0.006626492101514092,0.00019999999999999996,0.19999999999999996,10
top_n_10,2010-12-31,0.037652669245980194,0.037952669245980196,0.0003000000000000001,0.30000000000000004,10
top_n_10,2011-01-31,0.023642663474099657,0.023742663474099656,9.999999999999998e-05,0.09999999999999998,10
top_n_10,2011-02-28,0.0440646146508227,0.044164614650822706,9.999999999999998e-05,0.09999999999999998,10
top_n_10,2011-03-31,0.03462457840123016,0.03462457840123016,0.0,0.0,10
top_n_10,2011-04-30,0.012316125261417578,0.013116125261417578,0.0008,0.8,10
top_n_10,2011-05-31,-0.01967954656612555,-0.01957954656612555,9.999999999999998e-05,0.09999999999999998,10
top_n_10,2011-06-30,-0.0030920280984340185,-0.0026920280984340183,0.0004,0.4,10
top_n_10,2011-07-31,0.05147368514625947,0.05157368514625947,9.999999999999998e-05,0.09999999999999998,10
top_n_10,2011-08-31,0.0032932774509801424,0.0033932774509801422,9.999999999999998e-05,0.09999999999999998,8
top_n_10,2011-09-30,-0.22187312815486998,-0.22147312815486997,0.0004,0.4,9
top_n_10,2011-10-31,0.1818940374552892,0.1820940374552892,0.00019999999999999996,0.19999999999999996,10
top_n_10,2011-11-30,-0.030954738690085797,-0.030754738690085798,0.00019999999999999996,0.19999999999999996,8
top_n_10,2011-12-31,-0.007362519116435106,-0.007162519116435106,0.00019999999999999996,0.19999999999999996,10
top_n_10,2012-01-31,0.11616582060157048,0.11646582060157047,0.0003000000000000001,0.30000000000000004,10
top_n_10,2012-02-29,0.09638177381651714,0.09658177381651714,0.00019999999999999996,0.19999999999999996,10
top_n_10,2012-03-31,0.024858371756485673,0.025258371756485674,0.0004,0.4,10
top_n_10,2012-04-30,0.028560569669440726,0.028760569669440725,0.00019999999999999996,0.19999999999999996,9
top_n_10,2012-05-31,-0.10176699438495122,-0.10146699438495123,0.0003000000000000001,0.30000000000000004,9
top_n_10,2012-06-30,0.0713865273475265,0.0718865273475265,0.0005,0.5,10
top_n_10,2012-07-31,-0.0010453429236804144,-0.0007453429236804143,0.0003000000000000001,0.30000000000000004,10
top_n_10,2012-08-31,0.013112059982534252,0.013312059982534253,0.00019999999999999996,0.19999999999999996,10
top_n_10,2012-09-30,0.007264745210804502,0.007764745210804502,0.0005,0.5,10
top_n_10,2012-10-31,-0.03450588974426364,-0.03430588974426364,0.00019999999999999996,0.19999999999999996,9
top_n_10,2012-11-30,0.029946357244818454,0.030346357244818455,0.0004,0.4,10
top_n_10,2012-12-31,0.05918161680415095,0.05948161680415095,0.0003000000000000001,0.30000000000000004,10
top_n_10,2013-01-31,0.12528971426841673,0.12538971426841672,9.999999999999998e-05,0.09999999999999998,10
top_n_10,2013-02-28,0.002199564455987413,0.002399564455987413,0.00019999999999999996,0.19999999999999996,10
top_n_10,2013-03-31,0.06979659535555156,0.06989659535555157,9.999999999999998e-05,0.09999999999999998,9
top_n_10,2013-04-30,0.007179688574257555,0.007679688574257554,0.0005,0.5,9
top_n_10,2013-05-31,0.07328601513735111,0.07348601513735112,0.00019999999999999996,0.19999999999999996,10
top_n_10,2013-06-30,0.00904523186463822,0.00964523186463822,0.0006000000000000001,0.6,9
top_n_10,2013-07-31,0.01843067624594562,0.01853067624594562,9.999999999999998e-05,0.09999999999999998,10
top_n_10,2013-08-31,-0.012621082252042205,-0.012521082252042206,9.999999999999998e-05,0.09999999999999998,9
top_n_10,2013-09-30,0.05646646471719578,0.05696646471719578,0.0005,0.5,10
top_n_10,2013-10-31,0.05418328924787628,0.05448328924787628,0.0003000000000000001,0.30000000000000004,10
top_n_10,2013-11-30,0.0362798982242292,0.0362798982242292,0.0,0.0,10
top_n_10,2013-12-31,0.061304925868379996,0.06160492586838,0.0003000000000000001,0.30000000000000004,10
top_n_10,2014-01-31,0.02146349941652299,0.02166349941652299,0.00019999999999999996,0.19999999999999996,9
top_n_10,2014-02-28,0.07582614068757063,0.07592614068757063,9.999999999999998e-05,0.09999999999999998,9
top_n_10,2014-03-31,-0.013052864502167983,-0.012852864502167983,0.00019999999999999996,0.19999999999999996,10
top_n_10,2014-04-30,-0.04992605678346203,-0.049626056783462026,0.0003000000000000001,0.30000000000000004,10
top_n_10,2014-05-31,0.01220929485358938,0.01220929485358938,0.0,0.0,10
top_n_10,2014-06-30,0.04215844372744659,0.042458443727446595,0.0003000000000000001,0.30000000000000004,10
top_n_10,2014-07-31,-0.025026764030650326,-0.024826764030650327,0.00019999999999999996,0.19999999999999996,10
top_n_10,2014-08-31,0.05464440562033588,0.05464440562033588,0.0,0.0,10
top_n_10,2014-09-30,-0.011314199082304478,-0.011114199082304477,0.00019999999999999996,0.19999999999999996,10
top_n_10,2014-10-31,0.059377133721016495,0.0596771337210165,0.0003000000000000001,0.30000000000000004,10
top_n_10,2014-11-30,0.03282029069421838,0.03282029069421838,0.0,0.0,10
top_n_10,2014-12-31,-0.0029142168126779387,-0.0026142168126779388,0.0003000000000000001,0.30000000000000004,10
top_n_10,2015-01-31,0.0006420556175309346,0.0007420556175309345,9.999999999999998e-05,0.09999999999999998,10
top_n_10,2015-02-28,0.05595043666492655,0.05605043666492655,9.999999999999998e-05,0.09999999999999998,10
top_n_10,2015-03-31,0.006393044033196948,0.0064930440331969486,9.999999999999998e-05,0.09999999999999998,10
top_n_10,2015-04-30,-0.010578551842680872,-0.010278551842680872,0.0003000000000000001,0.30000000000000004,10
top_n_10,2015-05-31,0.04583834960295472,0.04603834960295472,0.00019999999999999996,0.19999999999999996,10
top_n_10,2015-06-30,-0.014454254531453402,-0.014054254531453403,0.0004,0.4,10
top_n_10,2015-07-31,0.010177477042061723,0.010177477042061723,0.0,0.0,10
top_n_10,2015-08-31,-0.029197140926300966,-0.028997140926300968,0.00019999999999999996,0.19999999999999996,10
top_n_10,2015-09-30,-0.006395579593837614,-0.006095579593837614,0.0003000000000000001,0.30000000000000004,9
top_n_10,2015-10-31,0.09723799002643288,0.09733799002643288,9.999999999999998e-05,0.09999999999999998,9
top_n_10,2015-11-30,-0.01033796322591779,-0.01023796322591779,9.999999999999998e-05,0.09999999999999998,10
top_n_10,2015-12-31,-0.0016155781306957382,-0.0014155781306957383,0.00019999999999999996,0.19999999999999996,10
top_n_10,2016-01-31,-0.08343302732254404,-0.08343302732254404,0.0,0.0,10
top_n_10,2016-02-29,-0.009033815110350583,-0.008933815110350584,9.999999999999998e-05,0.09999999999999998,10
top_n_10,2016-03-31,0.07071729783597236,0.07101729783597235,0.0003000000000000001,0.30000000000000004,10
top_n_10,2016-04-30,-0.027393916887714954,-0.027393916887714954,0.0,0.0,10
top_n_10,2016-05-31,0.038005563532735376,0.03810556353273538,9.999999999999998e-05,0.09999999999999998,10
top_n_10,2016-06-30,-0.030011874083044218,-0.02981187408304422,0.00019999999999999996,0.19999999999999996,10
top_n_10,2016-07-31,0.05626072444397072,0.05636072444397072,9.999999999999998e-05,0.09999999999999998,10
top_n_10,2016-08-31,0.00800911009400749,0.008309110094007489,0.0003000000000000001,0.30000000000000004,9
top_n_10,2016-09-30,-0.0020933855621918943,-0.0015933855621918945,0.0005,0.5,9
top_n_10,2016-10-31,-0.019726172881578574,-0.019526172881578575,0.00019999999999999996,0.19999999999999996,10
top_n_10,2016-11-30,0.03277810717251343,0.03277810717251343,0.0,0.0,10
top_n_10,2016-12-31,0.012061963858577496,0.012261963858577496,0.00019999999999999996,0.19999999999999996,10
top_n_10,2017-01-31,0.048553094325885865,0.04865309432588587,9.999999999999998e-05,0.09999999999999998,10
top_n_10,2017-02-28,0.06090385475493393,0.06100385475493393,9.999999999999998e-05,0.09999999999999998,10
top_n_10,2017-03-31,-0.009603084396178284,-0.009503084396178285,9.999999999999998e-05,0.09999999999999998,10
top_n_10,2017-04-30,-0.020220256298779892,-0.020020256298779893,0.00019999999999999996,0.19999999999999996,10
top_n_10,2017-05-31,0.016363524162388246,0.016563524162388245,0.00019999999999999996,0.19999999999999996,10
top_n_10,2017-06-30,-0.02882453483569273,-0.028424534835692728,0.0004,0.4,10
top_n_10,2017-07-31,0.07538114751300211,0.07548114751300211,9.999999999999998e-05,0.09999999999999998,10
top_n_10,2017-08-31,-0.03171041071296195,-0.03171041071296195,0.0,0.0,10
top_n_10,2017-09-30,0.04914356561090808,0.04944356561090808,0.0003000000000000001,0.30000000000000004,10
top_n_10,2017-10-31,0.028533743952630156,0.028733743952630154,0.00019999999999999996,0.19999999999999996,10
top_n_10,2017-11-30,0.01082444197080115,0.01092444197080115,9.999999999999998e-05,0.09999999999999998,9
top_n_10,2017-12-31,0.0260952283744887,0.0264952283744887,0.0004,0.4,10
top_n_10,2018-01-31,0.061746789462721066,0.061946789462721065,0.00019999999999999996,0.19999999999999996,10
top_n_10,2018-02-28,-0.03196263035194926,-0.03176263035194926,0.00019999999999999996,0.19999999999999996,10
top_n_10,2018-03-31,-0.009477626742307598,-0.009377626742307599,9.999999999999998e-05,0.09999999999999998,10
top_n_10,2018-04-30,-0.024814898193253977,-0.024414898193253976,0.0004,0.4,10
top_n_10,2018-05-31,0.03364447990890048,0.033744479908900483,9.999999999999998e-05,0.09999999999999998,10
top_n_10,2018-06-30,0.009253098907984357,0.009453098907984358,0.00019999999999999996,0.19999999999999996,10
top_n_10,2018-07-31,0.0710710361653467,0.0713710361653467,0.0003000000000000001,0.30000000000000004,10
top_n_10,2018-08-31,0.05800049108039368,0.05830049108039368,0.0003000000000000001,0.30000000000000004,10
top_n_10,2018-09-30,0.053873083160792035,0.054173083160792036,0.0003000000000000001,0.30000000000000004,10
top_n_10,2018-10-31,-0.121094862430509,-0.120894862430509,0.00019999999999999996,0.19999999999999996,10
top_n_10,2018-11-30,-0.009857177235519944,-0.009657177235519943,0.00019999999999999996,0.19999999999999996,10
top_n_10,2018-12-31,-0.07759881865341547,-0.07729881865341548,0.0003000000000000001,0.30000000000000004,10
top_n_10,2019-01-31,0.14948607292811608,0.14958607292811607,9.999999999999998e-05,0.09999999999999998,10
top_n_10,2019-02-28,0.09686420655065466,0.09696420655065466,9.999999999999998e-05,0.09999999999999998,10
top_n_10,2019-03-31,-0.008006640696160538,-0.008006640696160538,0.0,0.0,10
top_n_10,2019-04-30,0.011448124632831215,0.011848124632831214,0.0004,0.4,10
top_n_10,2019-05-31,-0.03802896034844516,-0.03772896034844516,0.0003000000000000001,0.30000000000000004,10
top_n_10,2019-06-30,0.07798127346906293,0.07828127346906293,0.0003000000000000001,0.30000000000000004,10
top_n_10,2019-07-31,0.031475772248825,0.031575772248825004,9.999999999999998e-05,0.09999999999999998,10
top_n_10,2019-08-31,0.030321497906518537,0.030521497906518535,0.00019999999999999996,0.19999999999999996,10
top_n_10,2019-09-30,0.04251811745836881,0.04281811745836881,0.0003000000000000001,0.30000000000000004,10
top_n_10,2019-10-31,0.08939781755824833,0.08949781755824833,9.999999999999998e-05,0.09999999999999998,10
top_n_10,2019-11-30,0.11447816609138148,0.11447816609138148,0.0,0.0,10
top_n_10,2019-12-31,0.009547897069799317,0.009847897069799317,0.0003000000000000001,0.30000000000000004,10
top_n_10,2020-01-31,-0.007339958976716965,-0.007239958976716965,9.999999999999998e-05,0.09999999999999998,10
top_n_10,2020-02-29,0.037763201350093936,0.03786320135009394,9.999999999999998e-05,0.09999999999999998,8
top_n_10,2020-03-31,-0.14496848429509473,-0.14446848429509473,0.0005,0.5,10
top_n_10,2020-04-30,0.17314286404573273,0.17334286404573274,0.00019999999999999996,0.19999999999999996,10
top_n_10,2020-05-31,0.09514833239323628,0.09544833239323627,0.0003000000000000001,0.30000000000000004,10
top_n_10,2020-06-30,0.021972152572860594,0.022172152572860593,0.00019999999999999996,0.19999999999999996,10
top_n_10,2020-07-31,0.05732561950551961,0.05732561950551961,0.0,0.0,10
top_n_10,2020-08-31,0.01839040132775339,0.01839040132775339,0.0,0.0,10
top_n_10,2020-09-30,-0.03878731912436651,-0.03858731912436651,0.00019999999999999996,0.19999999999999996,10
top_n_10,2020-10-31,-0.0119920967757968,-0.011892096775796801,9.999999999999998e-05,0.09999999999999998,10
top_n_10,2020-11-30,0.14344189310444894,0.14344189310444894,0.0,0.0,10
top_n_10,2020-12-31,0.05617682156620413,0.05627682156620413,9.999999999999998e-05,0.09999999999999998,10
top_n_10,2021-01-31,0.024385579003562065,0.024585579003562064,0.00019999999999999996,0.19999999999999996,10
top_n_10,2021-02-28,-0.04291496198693423,-0.04281496198693423,9.999999999999998e-05,0.09999999999999998,10
top_n_10,2021-03-31,0.08794365173419481,0.08834365173419481,0.0004,0.4,10
top_n_10,2021-04-30,0.07903064130436781,0.0793306413043678,0.0003000000000000001,0.30000000000000004,9
top_n_10,2021-05-31,0.061890217967579576,0.062090217967579575,0.00019999999999999996,0.19999999999999996,10
top_n_10,2021-06-30,0.03783908694116785,0.03833908694116785,0.0005,0.5,10
top_n_10,2021-07-31,0.0028521254454176416,0.0030521254454176417,0.00019999999999999996,0.19999999999999996,10
top_n_10,2021-08-31,0.027900229248851362,0.02810022924885136,0.00019999999999999996,0.19999999999999996,10
top_n_10,2021-09-30,-0.02210880118252432,-0.02170880118252432,0.0004,0.4,10
top_n_10,2021-10-31,0.08474933931828149,0.0849493393182815,0.00019999999999999996,0.19999999999999996,10
top_n_10,2021-11-30,-0.007001939432606481,-0.00690193943260648,9.999999999999998e-05,0.09999999999999998,9
top_n_10,2021-12-31,0.06550436530980908,0.06590436530980907,0.0004,0.4,10
top_n_10,2022-01-31,-0.10683788021422738,-0.10663788021422738,0.00019999999999999996,0.19999999999999996,10
top_n_10,2022-02-28,-0.013890462401149672,-0.013790462401149672,9.999999999999998e-05,0.09999999999999998,10
top_n_10,2022-03-31,0.01670189997240933,0.01680189997240933,9.999999999999998e-05,0.09999999999999998,10
top_n_10,2022-04-30,-0.09120630839011842,-0.09070630839011842,0.0005,0.5,10
top_n_10,2022-05-31,0.039703988288853055,0.04000398828885306,0.0003000000000000001,0.30000000000000004,10
top_n_10,2022-06-30,-0.10739459165287026,-0.10689459165287025,0.0005,0.5,10
top_n_10,2022-07-31,0.14641668256956625,0.14671668256956624,0.0003000000000000001,0.30000000000000004,10
top_n_10,2022-08-31,-0.016352130681668662,-0.016152130681668663,0.00019999999999999996,0.19999999999999996,10
top_n_10,2022-09-30,-0.060354860871612855,-0.05995486087161286,0.0004,0.4,10
top_n_10,2022-10-31,0.1422384389164181,0.1423384389164181,9.999999999999998e-05,0.09999999999999998,10
top_n_10,2022-11-30,0.08375151025325299,0.08385151025325299,9.999999999999998e-05,0.09999999999999998,10
top_n_10,2022-12-31,-0.042605865392677536,-0.042105865392677536,0.0005,0.5,10
top_n_10,2023-01-31,0.06407751577467748,0.06417751577467748,9.999999999999998e-05,0.09999999999999998,10
top_n_10,2023-02-28,0.014703957501098909,0.014803957501098908,9.999999999999998e-05,0.09999999999999998,10
top_n_10,2023-03-31,0.008190880825523017,0.008290880825523017,9.999999999999998e-05,0.09999999999999998,10
top_n_10,2023-04-30,0.03421423045515784,0.034814230455157844,0.0006000000000000001,0.6,10
top_n_10,2023-05-31,-0.007751215901760144,-0.007551215901760144,0.00019999999999999996,0.19999999999999996,10
top_n_10,2023-06-30,0.08702795650717532,0.08742795650717532,0.0004,0.4,10
top_n_10,2023-07-31,0.07057309355088304,0.07067309355088304,9.999999999999998e-05,0.09999999999999998,10
top_n_10,2023-08-31,-0.06772567469208987,-0.06762567469208987,9.999999999999998e-05,0.09999999999999998,9
top_n_10,2023-09-30,-0.026795814979092527,-0.026395814979092526,0.0004,0.4,10
top_n_10,2023-10-31,-0.041371210687821895,-0.041071210687821894,0.0003000000000000001,0.30000000000000004,10
top_n_10,2023-11-30,0.1479971985395035,0.1479971985395035,0.0,0.0,10
top_n_10,2023-12-31,0.0613992483516451,0.0616992483516451,0.0003000000000000001,0.30000000000000004,10
top_n_10,2024-01-31,0.10227652419586147,0.10247652419586148,0.00019999999999999996,0.19999999999999996,10
top_n_10,2024-02-29,0.12747789564138995,0.12757789564138994,9.999999999999998e-05,0.09999999999999998,10
top_n_10,2024-03-31,0.05487083265666896,0.05537083265666896,0.0005,0.5,10
top_n_10,2024-04-30,-0.01006893108020549,-0.00996893108020549,9.999999999999998e-05,0.09999999999999998,10
top_n_10,2024-05-31,0.10956141670698,0.10966141670698,9.999999999999998e-05,0.09999999999999998,10
top_n_10,2024-06-30,0.07369090367409441,0.0740909036740944,0.0004,0.4,10
top_n_10,2024-07-31,0.043760692631250986,0.04416069263125098,0.0004,0.4,10
top_n_10,2024-08-31,0.02345640093539259,0.023656400935392587,0.00019999999999999996,0.19999999999999996,9
top_n_10,2024-09-30,0.03226066743572866,0.03246066743572866,0.00019999999999999996,0.19999999999999996,10
top_n_10,2024-10-31,0.09400603602627175,0.09440603602627175,0.0004,0.4,10
top_n_10,2024-11-30,0.11002537120989805,0.11002537120989805,0.0,0.0,8
top_n_10,2024-12-31,-0.061810861997458555,-0.061310861997458554,0.0005,0.5,10
top_n_10,2025-01-31,0.04532426699774237,0.04562426699774237,0.0003000000000000001,0.30000000000000004,10
top_n_10,2025-02-28,0.015395408067587001,0.015395408067587001,0.0,0.0,10
top_n_10,2025-03-31,-0.02551320051609732,-0.025313200516097322,0.00019999999999999996,0.19999999999999996,10
top_n_10,2025-04-30,0.03594663106653573,0.03614663106653573,0.00019999999999999996,0.19999999999999996,10
top_n_10,2025-05-31,0.13356958223470178,0.13366958223470177,9.999999999999998e-05,0.09999999999999998,10
top_n_10,2025-06-30,0.007700626728779558,0.008000626728779558,0.0003000000000000001,0.30000000000000004,10
top_n_10,2025-07-31,0.029632987884600923,0.030032987884600924,0.0004,0.4,10
top_n_10,2025-08-31,0.06446725705770186,0.06456725705770186,9.999999999999998e-05,0.09999999999999998,10
top_n_10,2025-09-30,0.096197823718179,0.096497823718179,0.0003000000000000001,0.30000000000000004,10
top_n_10,2025-10-31,-0.02226345264732513,-0.022063452647325132,0.00019999999999999996,0.19999999999999996,10
top_n_10,2025-11-30,0.025010882266730906,0.025010882266730906,0.0,0.0,10
top_n_10,2025-12-31,-0.05747899931881143,-0.05717899931881143,0.0003000000000000001,0.30000000000000004,10
top_n_10,2026-01-31,0.012591728432020098,0.012791728432020099,0.00019999999999999996,0.19999999999999996,10
top_n_10,2026-02-28,0.08276818288110709,0.08286818288110709,9.999999999999998e-05,0.09999999999999998,9
top_n_10,2026-03-31,-0.08228867513314722,-0.08218867513314722,9.999999999999998e-05,0.09999999999999998,10
top_n_10,2026-04-30,0.1401239319416969,0.1405239319416969,0.0004,0.4,10
top_n_10,2026-05-31,0.018983075072274813,0.019183075072274812,0.00019999999999999996,0.19999999999999996,10
gr_top_pct_20,2008-11-30,0.028320987654321006,0.029320987654321007,0.001,1.0,1
gr_top_pct_20,2008-12-31,0.07196401799100438,0.07196401799100438,0.0,0.0,1
gr_top_pct_20,2009-01-31,-0.12494172494172495,-0.12494172494172495,0.0,0.0,1
gr_top_pct_20,2009-02-28,-0.008597912004735253,-0.008597912004735253,0.0,0.0,1
gr_top_pct_20,2009-03-31,0.22460186710598573,0.22460186710598573,0.0,0.0,1
gr_top_pct_20,2009-04-30,0.07937219730941703,0.07937219730941703,0.0,0.0,1
gr_top_pct_20,2009-05-31,0.16825924387204005,0.16825924387204005,0.0,0.0,1
gr_top_pct_20,2009-06-30,-0.026849217638691414,-0.026849217638691414,0.0,0.0,1
gr_top_pct_20,2009-07-31,0.11019794298069491,0.11069794298069491,0.0005,0.5,2
gr_top_pct_20,2009-08-31,0.026490360245678673,0.02715702691234534,0.0006666666666666669,0.6666666666666667,3
gr_top_pct_20,2009-09-30,0.09972896558515942,0.10012896558515942,0.0004,0.4,5
gr_top_pct_20,2009-10-31,-0.03791014584276596,-0.037624431557051675,0.0002857142857142857,0.2857142857142857,7
gr_top_pct_20,2009-11-30,0.08403430698209666,0.08436764031543,0.00033333333333333343,0.33333333333333337,9
gr_top_pct_20,2009-12-31,0.02856286322939347,0.029096196562726804,0.0005333333333333334,0.5333333333333333,15
gr_top_pct_20,2010-01-31,-0.04374136086768871,-0.04344136086768871,0.0003000000000000001,0.30000000000000004,19
gr_top_pct_20,2010-02-28,0.05832353401116597,0.058523534011165966,0.00019999999999999996,0.19999999999999996,19
gr_top_pct_20,2010-03-31,0.06106160847771662,0.061480963316426294,0.00041935483870967743,0.4193548387096774,31
gr_top_pct_20,2010-04-30,0.030427195675193745,0.030976215283036884,0.0005490196078431372,0.5490196078431373,51
gr_top_pct_20,2010-05-31,-0.06293232976668162,-0.0628568580685684,7.547169811320754e-05,0.07547169811320753,53
gr_top_pct_20,2010-06-30,-0.0466993556986671,-0.046551207550518954,0.00014814814814814815,0.14814814814814814,52
gr_top_pct_20,2010-07-31,0.05302570600468823,0.0530997800787623,7.407407407407407e-05,0.07407407407407407,54
gr_top_pct_20,2010-08-31,-0.041884379987140896,-0.04179509427285518,8.92857142857143e-05,0.0892857142857143,56
gr_top_pct_20,2010-09-30,0.10616912322987951,0.10638730504806132,0.00021818181818181818,0.21818181818181814,54
gr_top_pct_20,2010-10-31,0.047648352352301734,0.04773763806658745,8.92857142857143e-05,0.0892857142857143,55
gr_top_pct_20,2010-11-30,0.015131758238514318,0.015269689272997078,0.00013793103448275868,0.13793103448275867,58
gr_top_pct_20,2010-12-31,0.053487260470208,0.05371676866692931,0.0002295081967213115,0.2295081967213115,61
gr_top_pct_20,2011-01-31,-0.001358807566506709,-0.001247696455395598,0.00011111111111111117,0.11111111111111116,63
gr_top_pct_20,2011-02-28,0.042003306017094226,0.04208267109645931,7.936507936507942e-05,0.07936507936507942,63
gr_top_pct_20,2011-03-31,0.01941442248756963,0.0195467754287461,0.00013235294117647058,0.13235294117647056,68
gr_top_pct_20,2011-04-30,0.03349846068289685,0.03368963715348509,0.00019117647058823528,0.19117647058823528,68
gr_top_pct_20,2011-05-31,-0.010663375471730362,-0.010578868429476841,8.450704225352113e-05,0.08450704225352113,71
gr_top_pct_20,2011-06-30,-0.0022477909564690116,-0.002067235400913456,0.0001805555555555556,0.18055555555555558,72
gr_top_pct_20,2011-07-31,-0.02192135891032689,-0.021824136688104668,9.722222222222222e-05,0.09722222222222221,71
gr_top_pct_20,2011-08-31,-0.047588189361023665,-0.047531851332854654,5.633802816901412e-05,0.05633802816901412,69
gr_top_pct_20,2011-09-30,-0.0860198701620572,-0.08584178797027638,0.00017808219178082197,0.17808219178082196,70
gr_top_pct_20,2011-10-31,0.14699807851804356,0.14708379280375783,8.571428571428575e-05,0.08571428571428574,68
gr_top_pct_20,2011-11-30,0.011032917964859258,0.01121100015664008,0.00017808219178082197,0.17808219178082196,72
gr_top_pct_20,2011-12-31,0.0038566586933436934,0.004021042254987529,0.00016438356164383562,0.1643835616438356,73
gr_top_pct_20,2012-01-31,0.062375939891230366,0.06243073441177831,5.479452054794521e-05,0.0547945205479452,73
gr_top_pct_20,2012-02-29,0.04277208781910091,0.042892087819100914,0.00012,0.12,75
gr_top_pct_20,2012-03-31,0.03215214394566037,0.03233635447197616,0.0001842105263157895,0.1842105263157895,76
gr_top_pct_20,2012-04-30,0.013489332242591615,0.013555121716275825,6.578947368421051e-05,0.06578947368421051,76
gr_top_pct_20,2012-05-31,-0.050806755963334664,-0.050700089296668,0.0001066666666666667,0.10666666666666669,73
gr_top_pct_20,2012-06-30,0.025643122041769897,0.025866806252296214,0.00022368421052631584,0.22368421052631582,75
gr_top_pct_20,2012-07-31,0.013852771965884665,0.013932771965884666,7.999999999999997e-05,0.07999999999999996,74
gr_top_pct_20,2012-08-31,0.029755981350822237,0.029837062431903316,8.108108108108104e-05,0.08108108108108103,72
gr_top_pct_20,2012-09-30,0.010700578371705906,0.010864961933349742,0.00016438356164383562,0.1643835616438356,73
gr_top_pct_20,2012-10-31,-0.0091367728274153,-0.00901515120579368,0.0001216216216216216,0.1216216216216216,73
gr_top_pct_20,2012-11-30,0.007535069212420314,0.0076431773205284225,0.00010810810810810812,0.10810810810810811,73
gr_top_pct_20,2012-12-31,0.008917512732421699,0.009144179399088365,0.00022666666666666668,0.22666666666666668,74
gr_top_pct_20,2013-01-31,0.057535977483701976,0.057654398536333556,0.00011842105263157898,0.11842105263157898,75
gr_top_pct_20,2013-02-28,0.015052519922105633,0.015193545563131275,0.0001410256410256411,0.14102564102564108,78
gr_top_pct_20,2013-03-31,0.045525917850457,0.045675917850457,0.00015000000000000004,0.15000000000000002,79
gr_top_pct_20,2013-04-30,0.01254295020612836,0.012770798307394183,0.00022784810126582277,0.22784810126582278,77
gr_top_pct_20,2013-05-31,0.020331220858534876,0.02045780313701589,0.00012658227848101267,0.12658227848101267,77
gr_top_pct_20,2013-06-30,-0.007383027962963279,-0.007208027962963279,0.00017500000000000005,0.17500000000000004,80
gr_top_pct_20,2013-07-31,0.057680496029305243,0.057842996029305246,0.0001625,0.16249999999999998,80
gr_top_pct_20,2013-08-31,-0.030892783879049306,-0.03079522290343955,9.756097560975608e-05,0.09756097560975607,79
gr_top_pct_20,2013-09-30,0.04010823710520236,0.040258237105202356,0.00015000000000000004,0.15000000000000002,80
gr_top_pct_20,2013-10-31,0.044260595857700674,0.044373095857700676,0.00011250000000000005,0.11250000000000004,78
gr_top_pct_20,2013-11-30,0.03277190853650712,0.03287905139364997,0.0001071428571428571,0.1071428571428571,83
gr_top_pct_20,2013-12-31,0.025166040525372534,0.025427945287277296,0.00026190476190476186,0.26190476190476186,82
gr_top_pct_20,2014-01-31,-0.040046724755358774,-0.03988393405768435,0.00016279069767441857,0.16279069767441856,84
gr_top_pct_20,2014-02-28,0.05762903030606055,0.05773247858192262,0.00010344827586206895,0.10344827586206895,87
gr_top_pct_20,2014-03-31,0.017693347117397045,0.017805706667958842,0.00011235955056179781,0.1123595505617978,87
gr_top_pct_20,2014-04-30,-0.0060015546323729345,-0.005810543396417878,0.0001910112359550562,0.1910112359550562,88
gr_top_pct_20,2014-05-31,0.01973961799674292,0.01980703372708,6.741573033707871e-05,0.0674157303370787,89
gr_top_pct_20,2014-06-30,0.014416460905452257,0.014596236186351134,0.00017977528089887642,0.1797752808988764,88
gr_top_pct_20,2014-07-31,-0.016723999726170193,-0.016656583995833113,6.741573033707871e-05,0.0674157303370787,89
gr_top_pct_20,2014-08-31,0.04316730944934295,0.04323397611600962,6.666666666666666e-05,0.06666666666666665,87
gr_top_pct_20,2014-09-30,-0.02987884938690935,-0.02966294029600026,0.00021590909090909093,0.21590909090909094,87
gr_top_pct_20,2014-10-31,0.021186255818113293,0.021299892181749658,0.00011363636363636365,0.11363636363636365,87
gr_top_pct_20,2014-11-30,0.026780340755631724,0.02687711494918011,9.677419354838712e-05,0.09677419354838712,93
gr_top_pct_20,2014-12-31,-0.0009311677868298508,-0.00075725474335159,0.00017391304347826088,0.17391304347826086,90
gr_top_pct_20,2015-01-31,-0.018701720641484343,-0.018596457483589606,0.00010526315789473685,0.10526315789473684,94
gr_top_pct_20,2015-02-28,0.06473962227864101,0.06483337227864101,9.375e-05,0.09375,96
gr_top_pct_20,2015-03-31,-0.007354554196398074,-0.007261770691243435,9.278350515463918e-05,0.09278350515463918,96
gr_top_pct_20,2015-04-30,-0.005752804904474073,-0.005564686092592885,0.00018811881188118807,0.18811881188118806,101
gr_top_pct_20,2015-05-31,0.02481225728726166,0.024939708267653817,0.00012745098039215687,0.12745098039215685,101
gr_top_pct_20,2015-06-30,-0.016505038345944172,-0.01637372521463104,0.00013131313131313128,0.13131313131313127,97
gr_top_pct_20,2015-07-31,0.018953415170443935,0.019054425271454036,0.000101010101010101,0.101010101010101,99
gr_top_pct_20,2015-08-31,-0.05670077993908101,-0.05662077993908101,7.999999999999997e-05,0.07999999999999996,98
gr_top_pct_20,2015-09-30,-0.01847151398009709,-0.018340200848783957,0.00013131313131313128,0.13131313131313127,98
gr_top_pct_20,2015-10-31,0.056161628608521794,0.05623305717995036,7.142857142857141e-05,0.0714285714285714,98
gr_top_pct_20,2015-11-30,0.004799611577095211,0.0048896115770952105,8.999999999999998e-05,0.08999999999999997,100
gr_top_pct_20,2015-12-31,-0.031258294989193455,-0.031056274787173252,0.000202020202020202,0.202020202020202,99
gr_top_pct_20,2016-01-31,-0.04685588825698437,-0.046733439277392534,0.00012244897959183676,0.12244897959183676,97
gr_top_pct_20,2016-02-29,0.0404328556984036,0.04050502064685721,7.216494845360822e-05,0.07216494845360821,94
gr_top_pct_20,2016-03-31,0.06899169455045359,0.0692059802647393,0.00021428571428571433,0.2142857142857143,98
gr_top_pct_20,2016-04-30,-0.016283621786118547,-0.016113621786118547,0.00017000000000000004,0.17000000000000004,98
gr_top_pct_20,2016-05-31,0.007260585996780513,0.007390585996780513,0.00013000000000000002,0.13,99
gr_top_pct_20,2016-06-30,0.016511770857994185,0.016721770857994183,0.00020999999999999998,0.20999999999999996,99
gr_top_pct_20,2016-07-31,0.03511929178466306,0.03520929178466306,8.999999999999998e-05,0.08999999999999997,100
gr_top_pct_20,2016-08-31,-0.0025903387297515953,-0.0024616258584644665,0.00012871287128712872,0.12871287128712872,98
gr_top_pct_20,2016-09-30,-0.0006519924143212337,-0.0004657179045173121,0.00018627450980392157,0.18627450980392157,100
gr_top_pct_20,2016-10-31,-0.022058761616960656,-0.02190342181113541,0.00015533980582524277,0.15533980582524276,103
gr_top_pct_20,2016-11-30,0.06320525848693756,0.06331310162419246,0.00010784313725490192,0.10784313725490191,102
gr_top_pct_20,2016-12-31,0.01150634358308334,0.011730642648503901,0.00022429906542056078,0.22429906542056077,107
gr_top_pct_20,2017-01-31,0.028167854948066944,0.0283224004026124,0.00015454545454545454,0.15454545454545454,108
gr_top_pct_20,2017-02-28,0.021127837779399347,0.02118288365095898,5.504587155963303e-05,0.05504587155963303,108
gr_top_pct_20,2017-03-31,0.00047757764521555836,0.0005601464525550079,8.25688073394495e-05,0.08256880733944949,108
gr_top_pct_20,2017-04-30,0.01216423516960881,0.01241423516960881,0.00025,0.25,106
gr_top_pct_20,2017-05-31,0.006991586973409339,0.007074155780748789,8.25688073394495e-05,0.08256880733944949,109
gr_top_pct_20,2017-06-30,-0.0005017794462286501,-0.000281595959990118,0.00022018348623853212,0.22018348623853212,108
gr_top_pct_20,2017-07-31,0.022953263421985493,0.023027337496059567,7.407407407407407e-05,0.07407407407407407,107
gr_top_pct_20,2017-08-31,0.0018168128333528434,0.0019186646852046953,0.00010185185185185186,0.10185185185185186,108
gr_top_pct_20,2017-09-30,0.0489435717804155,0.04917292957858064,0.00022935779816513757,0.22935779816513757,109
gr_top_pct_20,2017-10-31,0.034203462526664834,0.03432958865279096,0.00012612612612612618,0.12612612612612617,109
gr_top_pct_20,2017-11-30,0.03342179777943399,0.03349322635086256,7.142857142857141e-05,0.0714285714285714,110
gr_top_pct_20,2017-12-31,0.006611182194269561,0.006798682194269561,0.0001875,0.1875,112
gr_top_pct_20,2018-01-31,0.056293131262153004,0.056408175509940615,0.00011504424778761058,0.11504424778761058,113
gr_top_pct_20,2018-02-28,-0.0382842621499223,-0.03820531478150125,7.894736842105266e-05,0.07894736842105265,113
gr_top_pct_20,2018-03-31,-0.010944278356082035,-0.01084945076987514,9.482758620689657e-05,0.09482758620689657,115
gr_top_pct_20,2018-04-30,-0.009592512827767895,-0.009348815348776298,0.00024369747899159668,0.24369747899159666,119
gr_top_pct_20,2018-05-31,0.04930344829221902,0.04942310641187714,0.00011965811965811969,0.11965811965811968,117
gr_top_pct_20,2018-06-30,0.003120173197766387,0.003270173197766387,0.00015000000000000004,0.15000000000000002,120
gr_top_pct_20,2018-07-31,0.029261093162614826,0.029360266716333835,9.917355371900827e-05,0.09917355371900827,121
gr_top_pct_20,2018-08-31,0.03967983604485094,0.03975421621014019,7.438016528925618e-05,0.07438016528925617,119
gr_top_pct_20,2018-09-30,-0.020985229392656967,-0.020801896059323633,0.00018333333333333336,0.18333333333333335,119
gr_top_pct_20,2018-10-31,-0.08923147883228327,-0.08913063849614881,0.00010084033613445376,0.10084033613445376,115
gr_top_pct_20,2018-11-30,0.007868553498091648,0.007962570592108743,9.401709401709401e-05,0.09401709401709402,116
gr_top_pct_20,2018-12-31,-0.08872050435470702,-0.08857050435470702,0.00015000000000000004,0.15000000000000002,118
gr_top_pct_20,2019-01-31,0.09859249745669854,0.09868651455071563,9.401709401709401e-05,0.09401709401709402,117
gr_top_pct_20,2019-02-28,0.03669047046292329,0.03677450407636867,8.40336134453782e-05,0.08403361344537819,116
gr_top_pct_20,2019-03-31,0.006730677452103285,0.00678950098151505,5.882352941176472e-05,0.05882352941176472,119
gr_top_pct_20,2019-04-30,0.03926605187407556,0.0395139151219388,0.0002478632478632479,0.24786324786324787,117
gr_top_pct_20,2019-05-31,-0.08700095235136274,-0.08691548226589266,8.54700854700855e-05,0.0854700854700855,117
gr_top_pct_20,2019-06-30,0.08746712412680474,0.08765677929921853,0.00018965517241379315,0.18965517241379315,115
gr_top_pct_20,2019-07-31,0.025665990441095337,0.02585086439067517,0.00018487394957983195,0.18487394957983194,119
gr_top_pct_20,2019-08-31,-0.022469492879529495,-0.022394492879529496,7.499999999999995e-05,0.07499999999999996,119
gr_top_pct_20,2019-09-30,0.01718887233688178,0.01738887233688178,0.00019999999999999996,0.19999999999999996,120
gr_top_pct_20,2019-10-31,0.02568111957055457,0.025789452903887903,0.00010833333333333329,0.10833333333333328,119
gr_top_pct_20,2019-11-30,0.03554136970820915,0.03564136970820915,9.999999999999998e-05,0.09999999999999998,119
gr_top_pct_20,2019-12-31,0.029679207489999564,0.029941919354406345,0.00026271186440677966,0.2627118644067796,118
gr_top_pct_20,2020-01-31,-0.023509771087658796,-0.023376437754325463,0.0001333333333333333,0.1333333333333333,119
gr_top_pct_20,2020-02-29,-0.08378336684443645,-0.08364891306292384,0.00013445378151260502,0.134453781512605,115
gr_top_pct_20,2020-03-31,-0.1601244926993095,-0.15989760194300698,0.000226890756302521,0.22689075630252098,111
gr_top_pct_20,2020-04-30,0.19075527906727352,0.19099212117253667,0.00023684210526315788,0.23684210526315785,114
gr_top_pct_20,2020-05-31,0.0748387435581628,0.07511840457511196,0.0002796610169491526,0.2796610169491526,117
gr_top_pct_20,2020-06-30,0.03514319978106994,0.03541906185003545,0.00027586206896551725,0.27586206896551724,115
gr_top_pct_20,2020-07-31,0.062209071357752575,0.062312519633614644,0.00010344827586206895,0.10344827586206895,115
gr_top_pct_20,2020-08-31,0.035416787624143055,0.035485753141384434,6.896551724137934e-05,0.06896551724137934,115
gr_top_pct_20,2020-09-30,-0.01152855253732735,-0.011293769928631698,0.00023478260869565215,0.23478260869565215,115
gr_top_pct_20,2020-10-31,-0.00962773973063743,-0.00951469625237656,0.00011304347826086958,0.11304347826086958,114
gr_top_pct_20,2020-11-30,0.1044650748209201,0.10452594438613749,6.086956521739129e-05,0.060869565217391286,115
gr_top_pct_20,2020-12-31,0.04119884117815397,0.041388496350567766,0.00018965517241379315,0.18965517241379315,116
gr_top_pct_20,2021-01-31,0.035077031726280614,0.03515395480320369,7.692307692307687e-05,0.07692307692307687,116
gr_top_pct_20,2021-02-28,0.03242752337901437,0.03251155699245974,8.40336134453782e-05,0.08403361344537819,119
gr_top_pct_20,2021-03-31,0.07614858170818757,0.0763082455737338,0.00015966386554621849,0.15966386554621848,119
gr_top_pct_20,2021-04-30,0.045133926801721035,0.045411237726090785,0.0002773109243697479,0.2773109243697479,118
gr_top_pct_20,2021-05-31,0.01473354876584312,0.014835243681097359,0.00010169491525423725,0.10169491525423724,117
gr_top_pct_20,2021-06-30,-0.009220949522444802,-0.009024228210969392,0.00019672131147540985,0.19672131147540983,122
gr_top_pct_20,2021-07-31,0.026377536106382743,0.026458181267673065,8.064516129032262e-05,0.08064516129032262,124
gr_top_pct_20,2021-08-31,0.01418800177691705,0.014220522102120303,3.252032520325199e-05,0.03252032520325199,119
gr_top_pct_20,2021-09-30,-0.042003362328233436,-0.04181936232823344,0.00018400000000000005,0.18400000000000005,124
gr_top_pct_20,2021-10-31,0.051343812978759444,0.051494606629553095,0.00015079365079365083,0.1507936507936508,126
gr_top_pct_20,2021-11-30,0.002491834887158247,0.002539834887158247,4.800000000000004e-05,0.04800000000000004,124
gr_top_pct_20,2021-12-31,0.05624628856772504,0.056537627150402205,0.0002913385826771654,0.2913385826771654,126
gr_top_pct_20,2022-01-31,-0.08124768660555637,-0.08106018660555638,0.0001875,0.1875,126
gr_top_pct_20,2022-02-28,0.020898803755267207,0.020946047849755397,4.7244094488189005e-05,0.047244094488189003,127
gr_top_pct_20,2022-03-31,0.006083723115294868,0.006161848115294868,7.8125e-05,0.078125,126
gr_top_pct_20,2022-04-30,-0.055792359736433234,-0.05555980159689835,0.0002325581395348837,0.2325581395348837,129
gr_top_pct_20,2022-05-31,0.01604355185197939,0.01618308673570032,0.00013953488372093028,0.13953488372093026,129
gr_top_pct_20,2022-06-30,-0.10965141529515815,-0.10947312072151474,0.00017829457364341083,0.17829457364341084,126
gr_top_pct_20,2022-07-31,0.1110611162373855,0.1111563543326236,9.523809523809524e-05,0.09523809523809523,126
gr_top_pct_20,2022-08-31,-0.027278227054982944,-0.027145414554982945,0.0001328125,0.1328125,128
gr_top_pct_20,2022-09-30,-0.08527132243338861,-0.0851602113222775,0.00011111111111111117,0.11111111111111116,122
gr_top_pct_20,2022-10-31,0.11548639350612627,0.11558316769967467,9.677419354838712e-05,0.09677419354838712,124
gr_top_pct_20,2022-11-30,0.08975607838469098,0.08985844058941539,0.0001023622047244095,0.10236220472440949,127
gr_top_pct_20,2022-12-31,-0.0564899755875218,-0.05634824330405723,0.00014173228346456691,0.1417322834645669,127
gr_top_pct_20,2023-01-31,0.09046635637484403,0.0905377849462726,7.142857142857141e-05,0.0714285714285714,126
gr_top_pct_20,2023-02-28,-0.02270957878378962,-0.022639266283789622,7.031250000000001e-05,0.0703125,127
gr_top_pct_20,2023-03-31,0.001573609619445943,0.001668097808422321,9.448818897637801e-05,0.09448818897637801,126
gr_top_pct_20,2023-04-30,-0.011717056876523694,-0.011546514240864779,0.0001705426356589147,0.1705426356589147,127
gr_top_pct_20,2023-05-31,-0.019959402152215255,-0.019867094459907562,9.230769230769232e-05,0.09230769230769231,127
gr_top_pct_20,2023-06-30,0.11784144138524849,0.11799769138524849,0.00015625,0.15625,127
gr_top_pct_20,2023-07-31,0.06748946501399933,0.06760484962938394,0.00011538461538461542,0.11538461538461542,129
gr_top_pct_20,2023-08-31,-0.01696663637057467,-0.01688971329365159,7.692307692307687e-05,0.07692307692307687,129
gr_top_pct_20,2023-09-30,-0.043848698244857806,-0.04370366007691887,0.00014503816793893132,0.14503816793893132,129
gr_top_pct_20,2023-10-31,-0.0392086722357236,-0.03911018738723875,9.848484848484852e-05,0.09848484848484851,131
gr_top_pct_20,2023-11-30,0.08900254099983675,0.08904799554529129,4.545454545454542e-05,0.045454545454545414,131
gr_top_pct_20,2023-12-31,0.09345665910260452,0.09361455383944663,0.00015789473684210532,0.1578947368421053,132
gr_top_pct_20,2024-01-31,0.004817092379231842,0.004914107304604977,9.701492537313428e-05,0.09701492537313428,133
gr_top_pct_20,2024-02-29,0.07653958766116761,0.07660675184027209,6.716417910447758e-05,0.06716417910447758,134
gr_top_pct_20,2024-03-31,0.061439151321398516,0.06160211428436148,0.00016296296296296298,0.16296296296296298,134
gr_top_pct_20,2024-04-30,-0.0587109668018023,-0.05862948532032082,8.148148148148149e-05,0.08148148148148149,134
gr_top_pct_20,2024-05-31,0.05019074393894821,0.05026593190887302,7.518796992481203e-05,0.07518796992481203,133
gr_top_pct_20,2024-06-30,-0.021513692638378802,-0.021335914860601025,0.0001777777777777778,0.1777777777777778,134
gr_top_pct_20,2024-07-31,0.0631837667059524,0.06329406082359945,0.00011029411764705888,0.11029411764705888,136
gr_top_pct_20,2024-08-31,-0.010772979177092693,-0.01066428352491878,0.00010869565217391309,0.10869565217391308,137
gr_top_pct_20,2024-09-30,0.019311429301056896,0.019442816162370764,0.00013138686131386858,0.13138686131386856,136
gr_top_pct_20,2024-10-31,-0.02307455045400096,-0.022971609277530374,0.00010294117647058821,0.1029411764705882,135
gr_top_pct_20,2024-11-30,0.08433760845618377,0.08445439677735164,0.00011678832116788319,0.11678832116788318,136
gr_top_pct_20,2024-12-31,-0.06633983737417705,-0.06617687441121409,0.00016296296296296298,0.16296296296296298,134
gr_top_pct_20,2025-01-31,0.01829818224712664,0.01840112342359723,0.00010294117647058821,0.1029411764705882,135
gr_top_pct_20,2025-02-28,-0.048401611806637344,-0.04835749415957852,4.4117647058823485e-05,0.044117647058823484,134
gr_top_pct_20,2025-03-31,-0.030350322407826306,-0.03025402611153001,9.629629629629632e-05,0.09629629629629632,133
gr_top_pct_20,2025-04-30,-0.02014909744872428,-0.01990667320630004,0.00024242424242424245,0.24242424242424243,131
gr_top_pct_20,2025-05-31,0.0587381840749882,0.05886600362386038,0.0001278195488721805,0.1278195488721805,131
gr_top_pct_20,2025-06-30,0.014255948981455428,0.014452918678425125,0.00019696969696969703,0.19696969696969702,132
gr_top_pct_20,2025-07-31,0.016314970194685023,0.01643437317975965,0.00011940298507462688,0.11940298507462688,133
gr_top_pct_20,2025-08-31,0.056921144979769044,0.05699577184544068,7.462686567164179e-05,0.07462686567164178,134
gr_top_pct_20,2025-09-30,0.017507999131699568,0.01770507942367037,0.0001970802919708029,0.1970802919708029,137
gr_top_pct_20,2025-10-31,-0.03153803686621313,-0.03143584708519123,0.0001021897810218978,0.1021897810218978,137
gr_top_pct_20,2025-11-30,0.0354955462538039,0.03558313749467981,8.759124087591242e-05,0.08759124087591241,137
gr_top_pct_20,2025-12-31,0.006093222534460238,0.006312200636650019,0.000218978102189781,0.21897810218978098,137
gr_top_pct_20,2026-01-31,0.06713376938963038,0.06722865990057929,9.489051094890511e-05,0.0948905109489051,137
gr_top_pct_20,2026-02-28,0.059632095604895234,0.059697789035552166,6.569343065693434e-05,0.06569343065693434,137
gr_top_pct_20,2026-03-31,-0.032852805620891885,-0.03276647468564009,8.633093525179858e-05,0.08633093525179858,138
gr_top_pct_20,2026-04-30,0.08874739781190427,0.08901254932705578,0.0002651515151515151,0.26515151515151514,132
gr_top_pct_20,2026-05-31,0.009256293166755167,0.009375696151829795,0.00011940298507462688,0.11940298507462688,134
gr_top_pct_10,2008-11-30,0.028320987654321006,0.029320987654321007,0.001,1.0,1
gr_top_pct_10,2008-12-31,0.07196401799100438,0.07196401799100438,0.0,0.0,1
gr_top_pct_10,2009-01-31,-0.12494172494172495,-0.12494172494172495,0.0,0.0,1
gr_top_pct_10,2009-02-28,-0.008597912004735253,-0.008597912004735253,0.0,0.0,1
gr_top_pct_10,2009-03-31,0.22460186710598573,0.22460186710598573,0.0,0.0,1
gr_top_pct_10,2009-04-30,0.07937219730941703,0.07937219730941703,0.0,0.0,1
gr_top_pct_10,2009-05-31,0.16825924387204005,0.16825924387204005,0.0,0.0,1
gr_top_pct_10,2009-06-30,-0.026849217638691414,-0.026849217638691414,0.0,0.0,1
gr_top_pct_10,2009-07-31,0.15037456605152566,0.15037456605152566,0.0,0.0,1
gr_top_pct_10,2009-08-31,0.03189963422464642,0.03239963422464642,0.0005,0.5,2
gr_top_pct_10,2009-09-30,0.09656268498106764,0.09689601831440098,0.00033333333333333343,0.33333333333333337,3
gr_top_pct_10,2009-10-31,-0.02580108532650552,-0.025551085326505518,0.00025,0.25,4
gr_top_pct_10,2009-11-30,0.07245208324829112,0.07265208324829113,0.00019999999999999996,0.19999999999999996,5
gr_top_pct_10,2009-12-31,0.016673580682906683,0.017173580682906683,0.0005,0.5,8
gr_top_pct_10,2010-01-31,-0.029381689588518924,-0.029081689588518922,0.0003000000000000001,0.30000000000000004,10
gr_top_pct_10,2010-02-28,0.07106441488265369,0.07136441488265369,0.0003000000000000001,0.30000000000000004,10
gr_top_pct_10,2010-03-31,0.07150370978658409,0.07187870978658409,0.000375,0.375,16
gr_top_pct_10,2010-04-30,0.0350096136429478,0.03554807518140934,0.0005384615384615384,0.5384615384615384,26
gr_top_pct_10,2010-05-31,-0.05896476203708781,-0.058890687963013735,7.407407407407407e-05,0.07407407407407407,27
gr_top_pct_10,2010-06-30,-0.03549980745968367,-0.03531462227449848,0.00018518518518518523,0.18518518518518523,26
gr_top_pct_10,2010-07-31,0.04701330797800392,0.047050345015040955,3.703703703703709e-05,0.03703703703703709,27
gr_top_pct_10,2010-08-31,-0.03971991282179438,-0.03964848425036581,7.142857142857141e-05,0.0714285714285714,28
gr_top_pct_10,2010-09-30,0.11119864117607148,0.11137721260464291,0.0001785714285714286,0.1785714285714286,27
gr_top_pct_10,2010-10-31,0.05101463577966527,0.05115749292252242,0.00014285714285714292,0.1428571428571429,28
gr_top_pct_10,2010-11-30,0.007376257187921204,0.0075486709810246525,0.0001724137931034483,0.1724137931034483,29
gr_top_pct_10,2010-12-31,0.050609760491508,0.0508355669431209,0.00022580645161290327,0.22580645161290325,31
gr_top_pct_10,2011-01-31,-0.002957187053533872,-0.0028634370535338717,9.375e-05,0.09375,32
gr_top_pct_10,2011-02-28,0.04332167401529267,0.04338417401529267,6.25e-05,0.0625,32
gr_top_pct_10,2011-03-31,0.019579541285052075,0.019726600108581488,0.0001470588235294118,0.1470588235294118,34
gr_top_pct_10,2011-04-30,0.059723623377635794,0.05998832925998873,0.00026470588235294115,0.2647058823529411,34
gr_top_pct_10,2011-05-31,0.0028715033793125975,0.0029548367126459307,8.333333333333337e-05,0.08333333333333337,36
gr_top_pct_10,2011-06-30,-0.010278113131310301,-0.010083668686865856,0.00019444444444444443,0.19444444444444442,36
gr_top_pct_10,2011-07-31,-0.01903619552023315,-0.01892508440912204,0.00011111111111111117,0.11111111111111116,35
gr_top_pct_10,2011-08-31,-0.04347857854397723,-0.0433952452106439,8.333333333333337e-05,0.08333333333333337,35
gr_top_pct_10,2011-09-30,-0.09206363480079165,-0.09184741858457543,0.00021621621621621624,0.21621621621621623,35
gr_top_pct_10,2011-10-31,0.15208014830868546,0.1522230054515426,0.00014285714285714292,0.1428571428571429,34
gr_top_pct_10,2011-11-30,0.00905764181276895,0.009246831001958139,0.00018918918918918914,0.18918918918918914,36
gr_top_pct_10,2011-12-31,0.00973145412554743,0.010028751422844729,0.0002972972972972973,0.29729729729729726,37
gr_top_pct_10,2012-01-31,0.0739621876318743,0.07404326871295538,8.108108108108104e-05,0.08108108108108103,37
gr_top_pct_10,2012-02-29,0.05284948954830371,0.053033700074619494,0.0001842105263157895,0.1842105263157895,38
gr_top_pct_10,2012-03-31,0.03414495522161691,0.03430284995845902,0.00015789473684210532,0.1578947368421053,38
gr_top_pct_10,2012-04-30,0.024410913277963544,0.024621439593753017,0.0002105263157894737,0.21052631578947367,38
gr_top_pct_10,2012-05-31,-0.06208691645038954,-0.062007969081968484,7.894736842105266e-05,0.07894736842105265,37
gr_top_pct_10,2012-06-30,0.019408721336416405,0.01961924765220588,0.0002105263157894737,0.21052631578947367,38
gr_top_pct_10,2012-07-31,0.0040436749245643736,0.00414893808245911,0.00010526315789473685,0.10526315789473684,37
gr_top_pct_10,2012-08-31,0.028817241552556216,0.02895237668769135,0.00013513513513513508,0.1351351351351351,36
gr_top_pct_10,2012-09-30,0.004720574138621202,0.004990844408891472,0.0002702702702702703,0.2702702702702703,37
gr_top_pct_10,2012-10-31,-0.01682514765547563,-0.016662985493313468,0.00016216216216216218,0.16216216216216217,36
gr_top_pct_10,2012-11-30,-3.7169571646422075e-05,0.00015201961754276707,0.00018918918918918914,0.18918918918918914,36
gr_top_pct_10,2012-12-31,0.010630426728283794,0.010893584623020636,0.00026315789473684215,0.26315789473684215,37
gr_top_pct_10,2013-01-31,0.06079930980304421,0.06095720453988632,0.00015789473684210532,0.1578947368421053,37
gr_top_pct_10,2013-02-28,0.0071154276410207344,0.007294914820507914,0.00017948717948717952,0.17948717948717952,39
gr_top_pct_10,2013-03-31,0.04303243252901264,0.04315743252901264,0.000125,0.125,39
gr_top_pct_10,2013-04-30,0.01612227962444144,0.016447279624441438,0.000325,0.32499999999999996,39
gr_top_pct_10,2013-05-31,0.025316731004744953,0.025466731004744954,0.00015000000000000004,0.15000000000000002,39
gr_top_pct_10,2013-06-30,-0.0018557832086610018,-0.001630783208661002,0.00022500000000000002,0.22499999999999998,40
gr_top_pct_10,2013-07-31,0.052155716225940014,0.05225571622594002,9.999999999999998e-05,0.09999999999999998,40
gr_top_pct_10,2013-08-31,-0.029222198114200706,-0.02912463713859095,9.756097560975608e-05,0.09756097560975607,38
gr_top_pct_10,2013-09-30,0.04256193253440321,0.042786932534403216,0.00022500000000000002,0.22499999999999998,40
gr_top_pct_10,2013-10-31,0.05789093475905156,0.058065934759051564,0.00017500000000000005,0.17500000000000004,40
gr_top_pct_10,2013-11-30,0.03683154508817193,0.03692678318341002,9.523809523809524e-05,0.09523809523809523,41
gr_top_pct_10,2013-12-31,0.0298396009864797,0.030053886700765416,0.00021428571428571433,0.2142857142857143,42
gr_top_pct_10,2014-01-31,-0.041789232904072986,-0.04160318639244508,0.000186046511627907,0.18604651162790697,42
gr_top_pct_10,2014-02-28,0.05439781637550867,0.05451145273914503,0.00011363636363636365,0.11363636363636365,44
gr_top_pct_10,2014-03-31,0.024724965047081607,0.024813853935970496,8.88888888888889e-05,0.0888888888888889,44
gr_top_pct_10,2014-04-30,0.0006652208989584136,0.0009096653434028581,0.0002444444444444445,0.24444444444444446,44
gr_top_pct_10,2014-05-31,0.006357426795563659,0.00646853790667477,0.00011111111111111117,0.11111111111111116,45
gr_top_pct_10,2014-06-30,0.008648578247971276,0.008915244914637943,0.00026666666666666673,0.2666666666666667,44
gr_top_pct_10,2014-07-31,0.0030492548903914016,0.0031381437792802904,8.88888888888889e-05,0.0888888888888889,45
gr_top_pct_10,2014-08-31,0.047786895137813756,0.04789800624892487,0.00011111111111111117,0.11111111111111116,42
gr_top_pct_10,2014-09-30,-0.031588368224003044,-0.0312929136785485,0.0002954545454545454,0.2954545454545454,43
gr_top_pct_10,2014-10-31,0.025259271476492477,0.02546381693103793,0.0002045454545454546,0.20454545454545459,44
gr_top_pct_10,2014-11-30,0.016512708023768294,0.01666164419398106,0.00014893617021276596,0.14893617021276595,47
gr_top_pct_10,2014-12-31,-0.004086935331910534,-0.003782587505823577,0.00030434782608695655,0.30434782608695654,45
gr_top_pct_10,2015-01-31,-0.011215946959388509,-0.011049280292721841,0.00016666666666666663,0.16666666666666663,48
gr_top_pct_10,2015-02-28,0.06190899892009034,0.062013165586757006,0.00010416666666666663,0.10416666666666663,48
gr_top_pct_10,2015-03-31,-0.010556708891352823,-0.010454668075026293,0.00010204081632653062,0.10204081632653061,49
gr_top_pct_10,2015-04-30,0.004333618085740508,0.004588520046524821,0.00025490196078431374,0.2549019607843137,51
gr_top_pct_10,2015-05-31,0.03125101846459138,0.03146670473910118,0.00021568627450980397,0.21568627450980393,51
gr_top_pct_10,2015-06-30,-0.005692685244413656,-0.005492685244413657,0.00019999999999999996,0.19999999999999996,49
gr_top_pct_10,2015-07-31,0.01108939895013441,0.011209398950134411,0.00012,0.12,50
gr_top_pct_10,2015-08-31,-0.054127013801267415,-0.05402701380126741,9.999999999999998e-05,0.09999999999999998,49
gr_top_pct_10,2015-09-30,-0.013448680504394732,-0.013248680504394731,0.00019999999999999996,0.19999999999999996,49
gr_top_pct_10,2015-10-31,0.05350045684965778,0.053582089502719005,8.163265306122448e-05,0.08163265306122447,49
gr_top_pct_10,2015-11-30,-0.0062412807430144305,-0.00612128074301443,0.00012,0.12,50
gr_top_pct_10,2015-12-31,-0.023919986383982204,-0.023759986383982204,0.00016000000000000004,0.16000000000000003,50
gr_top_pct_10,2016-01-31,-0.04640235413949476,-0.04632072148643354,8.163265306122448e-05,0.08163265306122447,49
gr_top_pct_10,2016-02-29,0.03755674489730272,0.03761796938709864,6.122448979591832e-05,0.061224489795918324,49
gr_top_pct_10,2016-03-31,0.06458735064379138,0.06485265676624036,0.0002653061224489796,0.26530612244897955,49
gr_top_pct_10,2016-04-30,-0.02663747202436828,-0.02647747202436828,0.00016000000000000004,0.16000000000000003,49
gr_top_pct_10,2016-05-31,-0.0054123067205673284,-0.005312306720567328,9.999999999999998e-05,0.09999999999999998,50
gr_top_pct_10,2016-06-30,0.009717896743901673,0.009937896743901673,0.00021999999999999998,0.21999999999999997,50
gr_top_pct_10,2016-07-31,0.040208077693785683,0.04026807769378568,6.0000000000000056e-05,0.06000000000000005,50
gr_top_pct_10,2016-08-31,0.0021188304808874695,0.002216869696573744,9.80392156862745e-05,0.0980392156862745,49
gr_top_pct_10,2016-09-30,-0.0014226092046786655,-0.0011873150870316067,0.00023529411764705888,0.23529411764705888,51
gr_top_pct_10,2016-10-31,-0.026803617712117665,-0.02666900232750228,0.00013461538461538458,0.13461538461538458,52
gr_top_pct_10,2016-11-30,0.04687651285387091,0.04693533638328267,5.882352941176472e-05,0.05882352941176472,51
gr_top_pct_10,2016-12-31,0.0028488911762341008,0.003034076361419286,0.00018518518518518523,0.18518518518518523,54
gr_top_pct_10,2017-01-31,0.029980351337168358,0.03014398770080472,0.00016363636363636369,0.1636363636363637,55
gr_top_pct_10,2017-02-28,0.020012506905030935,0.020085234177758208,7.272727272727276e-05,0.07272727272727275,55
gr_top_pct_10,2017-03-31,0.006490009061996999,0.00658091815290609,9.090909090909094e-05,0.09090909090909094,54
gr_top_pct_10,2017-04-30,0.007074114640304936,0.007296336862527159,0.00022222222222222223,0.2222222222222222,53
gr_top_pct_10,2017-05-31,0.0006782625115924444,0.0008055352388651717,0.0001272727272727273,0.12727272727272732,55
gr_top_pct_10,2017-06-30,-0.009731728426560629,-0.009477182972015174,0.0002545454545454545,0.2545454545454545,55
gr_top_pct_10,2017-07-31,0.028681124750109522,0.028755198824183596,7.407407407407407e-05,0.07407407407407407,54
gr_top_pct_10,2017-08-31,0.011287659433775729,0.011417289063405358,0.00012962962962962966,0.12962962962962965,54
gr_top_pct_10,2017-09-30,0.0517279220635592,0.0519279220635592,0.00019999999999999996,0.19999999999999996,55
gr_top_pct_10,2017-10-31,0.03316139483926587,0.033304251982123015,0.00014285714285714292,0.1428571428571429,55
gr_top_pct_10,2017-11-30,0.040450465610647905,0.04055760846779076,0.0001071428571428571,0.1071428571428571,55
gr_top_pct_10,2017-12-31,0.00141358340837825,0.00166358340837825,0.00025,0.25,56
gr_top_pct_10,2018-01-31,0.052315695506423586,0.05247359024326569,0.00015789473684210532,0.1578947368421053,57
gr_top_pct_10,2018-02-28,-0.03527459268319843,-0.03518687338495281,8.77192982456141e-05,0.08771929824561409,56
gr_top_pct_10,2018-03-31,-0.01035869246060086,-0.010255244184738792,0.00010344827586206895,0.10344827586206895,58
gr_top_pct_10,2018-04-30,0.003230728696518896,0.0034973953631855627,0.00026666666666666673,0.2666666666666667,60
gr_top_pct_10,2018-05-31,0.05543247029011114,0.0555850126629925,0.00015254237288135598,0.15254237288135597,59
gr_top_pct_10,2018-06-30,-0.002613257739423021,-0.0023799244060896878,0.0002333333333333333,0.23333333333333328,60
gr_top_pct_10,2018-07-31,0.024671780668997768,0.024786534767358422,0.00011475409836065575,0.11475409836065575,61
gr_top_pct_10,2018-08-31,0.04526257089539136,0.045295357780637265,3.2786885245901676e-05,0.032786885245901676,60
gr_top_pct_10,2018-09-30,-0.019174107579236186,-0.01900744091256952,0.00016666666666666663,0.16666666666666663,60
gr_top_pct_10,2018-10-31,-0.10143206761436137,-0.10133206761436137,9.999999999999998e-05,0.09999999999999998,59
gr_top_pct_10,2018-11-30,0.007055744233109163,0.007106591690736281,5.084745762711862e-05,0.05084745762711862,58
gr_top_pct_10,2018-12-31,-0.08617160824953136,-0.08597160824953136,0.00019999999999999996,0.19999999999999996,60
gr_top_pct_10,2019-01-31,0.09703272566035868,0.09716831888069767,0.00013559322033898302,0.13559322033898302,59
gr_top_pct_10,2019-02-28,0.042592706985730505,0.04265937365239717,6.666666666666666e-05,0.06666666666666665,59
gr_top_pct_10,2019-03-31,0.02018956327594164,0.020239563275941643,5.000000000000005e-05,0.050000000000000044,60
gr_top_pct_10,2019-04-30,0.04006492379282129,0.04028526277587214,0.00022033898305084742,0.22033898305084743,59
gr_top_pct_10,2019-05-31,-0.0859889221111311,-0.08585332889079211,0.00013559322033898302,0.13559322033898302,59
gr_top_pct_10,2019-06-30,0.0936365213253145,0.09391238339428001,0.00027586206896551725,0.27586206896551724,58
gr_top_pct_10,2019-07-31,0.02790968989119746,0.028143023224530793,0.0002333333333333333,0.23333333333333328,60
gr_top_pct_10,2019-08-31,-0.01881470267062373,-0.018681369337290397,0.0001333333333333333,0.1333333333333333,60
gr_top_pct_10,2019-09-30,0.013042638327103284,0.013259304993769951,0.0002166666666666667,0.21666666666666667,60
gr_top_pct_10,2019-10-31,0.027643357174332632,0.0277600238409993,0.0001166666666666667,0.1166666666666667,59
gr_top_pct_10,2019-11-30,0.03647040182229354,0.03655373515562687,8.333333333333337e-05,0.08333333333333337,59
gr_top_pct_10,2019-12-31,0.033895695660766,0.034200780406528714,0.00030508474576271185,0.30508474576271183,59
gr_top_pct_10,2020-01-31,-0.013772533652909104,-0.013605866986242436,0.00016666666666666663,0.16666666666666663,60
gr_top_pct_10,2020-02-29,-0.08741875120218374,-0.08726875120218375,0.00015000000000000004,0.15000000000000002,57
gr_top_pct_10,2020-03-31,-0.14544066057417357,-0.1451239939075069,0.00031666666666666665,0.31666666666666665,55
gr_top_pct_10,2020-04-30,0.18824030668602548,0.18853855230006056,0.0002982456140350878,0.29824561403508776,57
gr_top_pct_10,2020-05-31,0.07515990521146323,0.07541414249959882,0.0002542372881355932,0.2542372881355932,58
gr_top_pct_10,2020-06-30,0.03451265364618963,0.0347712743358448,0.00025862068965517237,0.2586206896551724,57
gr_top_pct_10,2020-07-31,0.06873837404446416,0.06887630507894692,0.00013793103448275868,0.13793103448275867,58
gr_top_pct_10,2020-08-31,0.042915396863980125,0.04303608651915254,0.00012068965517241382,0.12068965517241381,58
gr_top_pct_10,2020-09-30,-0.022369546869151415,-0.022024719282944517,0.0003448275862068966,0.3448275862068966,58
gr_top_pct_10,2020-10-31,-0.01853765727254736,-0.01843420899668529,0.00010344827586206895,0.10344827586206895,58
gr_top_pct_10,2020-11-30,0.09249605753747486,0.09253054029609556,3.4482758620689616e-05,0.03448275862068961,58
gr_top_pct_10,2020-12-31,0.03771250373286426,0.03797112442251943,0.00025862068965517237,0.2586206896551724,58
gr_top_pct_10,2021-01-31,0.04707580242788151,0.047228344800762864,0.00015254237288135598,0.15254237288135597,59
gr_top_pct_10,2021-02-28,0.01703372521396801,0.01713372521396801,9.999999999999998e-05,0.09999999999999998,60
gr_top_pct_10,2021-03-31,0.07875603895297491,0.0789060389529749,0.00015000000000000004,0.15000000000000002,60
gr_top_pct_10,2021-04-30,0.0488770057628851,0.049210339096218435,0.00033333333333333343,0.33333333333333337,60
gr_top_pct_10,2021-05-31,0.01651604006017079,0.016651633280509774,0.00013559322033898302,0.13559322033898302,58
gr_top_pct_10,2021-06-30,-0.008948300965249699,-0.008718792768528388,0.0002295081967213115,0.2295081967213115,61
gr_top_pct_10,2021-07-31,0.0394581317042319,0.03952264783326416,6.451612903225812e-05,0.06451612903225812,62
gr_top_pct_10,2021-08-31,0.01637951356320281,0.016427900659977002,4.8387096774193506e-05,0.048387096774193505,59
gr_top_pct_10,2021-09-30,-0.029700697524800562,-0.029494348318451356,0.00020634920634920642,0.2063492063492064,62
gr_top_pct_10,2021-10-31,0.049413573132658185,0.04960404932313438,0.00019047619047619048,0.19047619047619047,63
gr_top_pct_10,2021-11-30,0.016412864688808614,0.01650810278404671,9.523809523809524e-05,0.09523809523809523,62
gr_top_pct_10,2021-12-31,0.04460776501359283,0.04498276501359283,0.000375,0.375,63
gr_top_pct_10,2022-01-31,-0.08355664896155598,-0.08329102396155598,0.000265625,0.265625,64
gr_top_pct_10,2022-02-28,0.024212234520849463,0.02425910952084946,4.6875e-05,0.046875,64
gr_top_pct_10,2022-03-31,0.0005412027443602477,0.0006505777443602476,0.000109375,0.109375,63
gr_top_pct_10,2022-04-30,-0.05332113616027603,-0.05307498231412218,0.0002461538461538462,0.24615384615384617,65
gr_top_pct_10,2022-05-31,0.009448464760678987,0.009586926299140526,0.00013846153846153842,0.1384615384615384,65
gr_top_pct_10,2022-06-30,-0.12945908065033848,-0.1292898498811077,0.0001692307692307692,0.16923076923076918,63
gr_top_pct_10,2022-07-31,0.11117196259403854,0.11125132767340362,7.936507936507942e-05,0.07936507936507942,63
gr_top_pct_10,2022-08-31,-0.019180894800016432,-0.019118394800016432,6.25e-05,0.0625,64
gr_top_pct_10,2022-09-30,-0.0838826554353709,-0.08370805226076773,0.00017460317460317465,0.17460317460317465,61
gr_top_pct_10,2022-10-31,0.12474352364799234,0.12485642687379879,0.00011290322580645163,0.11290322580645162,62
gr_top_pct_10,2022-11-30,0.0846479854024208,0.0847573604024208,0.000109375,0.109375,64
gr_top_pct_10,2022-12-31,-0.06435922890212124,-0.06418735390212124,0.00017187500000000002,0.171875,64
gr_top_pct_10,2023-01-31,0.0969247271309852,0.09697234617860424,4.7619047619047675e-05,0.04761904761904767,63
gr_top_pct_10,2023-02-28,-0.026371783750212655,-0.026293658750212657,7.8125e-05,0.078125,63
gr_top_pct_10,2023-03-31,0.0003897712203722889,0.0004522712203722889,6.25e-05,0.0625,63
gr_top_pct_10,2023-04-30,-0.014911412256772567,-0.014711412256772567,0.00019999999999999996,0.19999999999999996,64
gr_top_pct_10,2023-05-31,-0.023144059060412576,-0.022990212906566422,0.00015384615384615385,0.15384615384615385,62
gr_top_pct_10,2023-06-30,0.11917506123111891,0.11936256123111891,0.0001875,0.1875,64
gr_top_pct_10,2023-07-31,0.07878513309241626,0.07887744078472396,9.230769230769232e-05,0.09230769230769231,65
gr_top_pct_10,2023-08-31,-0.006702351250374129,-0.006625428173451052,7.692307692307687e-05,0.07692307692307687,65
gr_top_pct_10,2023-09-30,-0.03722628198925131,-0.037059615322584644,0.00016666666666666663,0.16666666666666663,66
gr_top_pct_10,2023-10-31,-0.03628200333916802,-0.036206245763410444,7.57575757575758e-05,0.0757575757575758,66
gr_top_pct_10,2023-11-30,0.09042779783419329,0.09051870692510237,9.090909090909094e-05,0.09090909090909094,66
gr_top_pct_10,2023-12-31,0.08921009468984029,0.08938919916745222,0.00017910447761194026,0.17910447761194026,66
gr_top_pct_10,2024-01-31,0.0129867663393326,0.013031542458735586,4.47761194029851e-05,0.04477611940298509,66
gr_top_pct_10,2024-02-29,0.08549515261495222,0.0855399287343552,4.47761194029851e-05,0.04477611940298509,67
gr_top_pct_10,2024-03-31,0.07570187402915664,0.0759371681468037,0.00023529411764705888,0.23529411764705888,68
gr_top_pct_10,2024-04-30,-0.06186506083941388,-0.06177682554529623,8.823529411764708e-05,0.08823529411764708,68
gr_top_pct_10,2024-05-31,0.06365951153222855,0.06370428765163154,4.47761194029851e-05,0.04477611940298509,67
gr_top_pct_10,2024-06-30,-0.014585231454842943,-0.014452878513666473,0.00013235294117647058,0.13235294117647056,67
gr_top_pct_10,2024-07-31,0.04982533586619295,0.04995768880736942,0.00013235294117647058,0.13235294117647056,68
gr_top_pct_10,2024-08-31,-0.020645274295913348,-0.020529332266927842,0.00011594202898550721,0.1159420289855072,69
gr_top_pct_10,2024-09-30,0.02867019610297333,0.028916572914567534,0.0002463768115942029,0.24637681159420288,68
gr_top_pct_10,2024-10-31,-0.020141249117730527,-0.01996477852949523,0.00017647058823529416,0.17647058823529416,68
gr_top_pct_10,2024-11-30,0.08365855656631448,0.0837600058416768,0.00010144927536231885,0.10144927536231885,68
gr_top_pct_10,2024-12-31,-0.05510258158675846,-0.05483787570440552,0.00026470588235294115,0.2647058823529411,67
gr_top_pct_10,2025-01-31,0.0038245769135545537,0.003956929854731024,0.00013235294117647058,0.13235294117647056,68
gr_top_pct_10,2025-02-28,-0.0438048804850026,-0.04376076283794377,4.4117647058823485e-05,0.044117647058823484,66
gr_top_pct_10,2025-03-31,-0.010611292834220151,-0.01047893989304368,0.00013235294117647058,0.13235294117647056,66
gr_top_pct_10,2025-04-30,-0.019308438578320083,-0.019035711305592812,0.00027272727272727274,0.2727272727272727,65
gr_top_pct_10,2025-05-31,0.056306713309159886,0.05648581778677183,0.00017910447761194026,0.17910447761194026,66
gr_top_pct_10,2025-06-30,0.012878148742346867,0.01318117904537717,0.000303030303030303,0.303030303030303,66
gr_top_pct_10,2025-07-31,0.022299742318783386,0.022478846796395325,0.00017910447761194026,0.17910447761194026,66
gr_top_pct_10,2025-08-31,0.06894521825011694,0.06904969586205724,0.00010447761194029848,0.10447761194029848,67
gr_top_pct_10,2025-09-30,0.02272985029990777,0.022961734357878787,0.00023188405797101456,0.23188405797101452,69
gr_top_pct_10,2025-10-31,-0.03430871000663758,-0.0341637824704057,0.00014492753623188405,0.14492753623188404,69
gr_top_pct_10,2025-11-30,0.035112276627379355,0.035228218656364864,0.00011594202898550721,0.1159420289855072,69
gr_top_pct_10,2025-12-31,0.00899181345844748,0.009281668530911247,0.0002898550724637681,0.28985507246376807,69
gr_top_pct_10,2026-01-31,0.06870577331108561,0.06883620809369431,0.0001304347826086957,0.13043478260869568,69
gr_top_pct_10,2026-02-28,0.06749115842609182,0.06759260770145414,0.00010144927536231885,0.10144927536231885,69
gr_top_pct_10,2026-03-31,-0.03772962434892428,-0.037572481491781426,0.00015714285714285716,0.15714285714285714,70
gr_top_pct_10,2026-04-30,0.10995334122419678,0.11031697758783314,0.00036363636363636367,0.36363636363636365,66
gr_top_pct_10,2026-05-31,0.0219700409995098,0.022104369357718756,0.00013432835820895527,0.13432835820895528,67
gr_top_n_50,2008-11-30,0.028320987654321006,0.029320987654321007,0.001,1.0,1
gr_top_n_50,2008-12-31,0.07196401799100438,0.07196401799100438,0.0,0.0,1
gr_top_n_50,2009-01-31,-0.12494172494172495,-0.12494172494172495,0.0,0.0,1
gr_top_n_50,2009-02-28,-0.008597912004735253,-0.008597912004735253,0.0,0.0,1
gr_top_n_50,2009-03-31,0.22460186710598573,0.22460186710598573,0.0,0.0,1
gr_top_n_50,2009-04-30,0.07937219730941703,0.07937219730941703,0.0,0.0,1
gr_top_n_50,2009-05-31,0.16825924387204005,0.16825924387204005,0.0,0.0,1
gr_top_n_50,2009-06-30,0.023535166268345807,0.024201832935012473,0.0006666666666666669,0.6666666666666667,3
gr_top_n_50,2009-07-31,0.11923205398870075,0.12006538732203409,0.0008333333333333334,0.8333333333333334,6
gr_top_n_50,2009-08-31,0.03201859652705059,0.03251859652705059,0.0005,0.5,12
gr_top_n_50,2009-09-30,0.058694998193958355,0.059194998193958355,0.0005,0.5,24
gr_top_n_50,2009-10-31,0.0009084104543129008,0.0011584104543129008,0.00025,0.25,30
gr_top_n_50,2009-11-30,0.0671171190733434,0.06738541175627023,0.0002682926829268293,0.2682926829268293,41
gr_top_n_50,2009-12-31,0.026459433783444685,0.026899433783444684,0.00043999999999999996,0.43999999999999995,50
gr_top_n_50,2010-01-31,-0.03490784147560571,-0.03466784147560571,0.00024,0.24,49
gr_top_n_50,2010-02-28,0.05182873600662872,0.05192873600662872,9.999999999999998e-05,0.09999999999999998,49
gr_top_n_50,2010-03-31,0.06350355202590752,0.06386355202590752,0.00035999999999999997,0.36,50
gr_top_n_50,2010-04-30,0.030714393758368368,0.03119439375836837,0.00048,0.48,50
gr_top_n_50,2010-05-31,-0.06438507619334033,-0.06432507619334032,6.0000000000000056e-05,0.06000000000000005,50
gr_top_n_50,2010-06-30,-0.042584761212031974,-0.04244476121203197,0.00014000000000000001,0.14,48
gr_top_n_50,2010-07-31,0.0516206825028666,0.05170068250286659,7.999999999999997e-05,0.07999999999999996,50
gr_top_n_50,2010-08-31,-0.042634772602983415,-0.04257477260298342,6.0000000000000056e-05,0.06000000000000005,50
gr_top_n_50,2010-09-30,0.10949544130524513,0.10971544130524513,0.00021999999999999998,0.21999999999999997,49
gr_top_n_50,2010-10-31,0.0490391857082889,0.0491391857082889,9.999999999999998e-05,0.09999999999999998,49
gr_top_n_50,2010-11-30,0.012613304479279315,0.012753304479279314,0.00014000000000000001,0.14,50
gr_top_n_50,2010-12-31,0.05013511819503402,0.05037511819503402,0.00024,0.24,50
gr_top_n_50,2011-01-31,-0.0012388498000172256,-0.0011788498000172255,6.0000000000000056e-05,0.06000000000000005,50
gr_top_n_50,2011-02-28,0.042104801426009364,0.04218480142600936,7.999999999999997e-05,0.07999999999999996,50
gr_top_n_50,2011-03-31,0.01811613206533378,0.01821613206533378,9.999999999999998e-05,0.09999999999999998,50
gr_top_n_50,2011-04-30,0.045213252235350616,0.04549325223535062,0.00028000000000000003,0.28,50
gr_top_n_50,2011-05-31,-0.004220141027143316,-0.004160141027143316,6.0000000000000056e-05,0.06000000000000005,50
gr_top_n_50,2011-06-30,-0.006776163655329466,-0.006636163655329466,0.00014000000000000001,0.14,50
gr_top_n_50,2011-07-31,-0.021828907746090934,-0.021708907746090935,0.00012,0.12,49
gr_top_n_50,2011-08-31,-0.04717111574632766,-0.04711111574632766,6.0000000000000056e-05,0.06000000000000005,49
gr_top_n_50,2011-09-30,-0.07846108516142172,-0.07824108516142173,0.00021999999999999998,0.21999999999999997,48
gr_top_n_50,2011-10-31,0.13869640721548568,0.13879640721548567,9.999999999999998e-05,0.09999999999999998,48
gr_top_n_50,2011-11-30,0.004682876341683659,0.004842876341683659,0.00016000000000000004,0.16000000000000003,49
gr_top_n_50,2011-12-31,0.005088561415766975,0.0052885614157669745,0.00019999999999999996,0.19999999999999996,50
gr_top_n_50,2012-01-31,0.06846732276247106,0.06856732276247106,9.999999999999998e-05,0.09999999999999998,50
gr_top_n_50,2012-02-29,0.050660302924640604,0.050820302924640605,0.00016000000000000004,0.16000000000000003,50
gr_top_n_50,2012-03-31,0.033553956799023114,0.03375395679902311,0.00019999999999999996,0.19999999999999996,50
gr_top_n_50,2012-04-30,0.024501574115415342,0.024661574115415343,0.00016000000000000004,0.16000000000000003,50
gr_top_n_50,2012-05-31,-0.05343190989189709,-0.05329190989189709,0.00014000000000000001,0.14,48
gr_top_n_50,2012-06-30,0.021946997892025782,0.02214699789202578,0.00019999999999999996,0.19999999999999996,49
gr_top_n_50,2012-07-31,0.0017024465183120689,0.0017824465183120689,7.999999999999997e-05,0.07999999999999996,49
gr_top_n_50,2012-08-31,0.034477487153411084,0.034597487153411086,0.00012,0.12,49
gr_top_n_50,2012-09-30,0.011762504627281449,0.01196250462728145,0.00019999999999999996,0.19999999999999996,50
gr_top_n_50,2012-10-31,-0.008487213730430793,-0.008327213730430792,0.00016000000000000004,0.16000000000000003,49
gr_top_n_50,2012-11-30,0.008841565568408406,0.008981565568408406,0.00014000000000000001,0.14,49
gr_top_n_50,2012-12-31,0.013477081974329962,0.013697081974329962,0.00021999999999999998,0.21999999999999997,49
gr_top_n_50,2013-01-31,0.05918209163669769,0.05932209163669769,0.00014000000000000001,0.14,49
gr_top_n_50,2013-02-28,0.00621730254833998,0.006337302548339981,0.00012,0.12,50
gr_top_n_50,2013-03-31,0.04806049104603437,0.048140491046034364,7.999999999999997e-05,0.07999999999999996,49
gr_top_n_50,2013-04-30,0.012323335846984987,0.012663335846984987,0.00033999999999999997,0.33999999999999997,48
gr_top_n_50,2013-05-31,0.018788938253787565,0.018888938253787565,9.999999999999998e-05,0.09999999999999998,49
gr_top_n_50,2013-06-30,-0.0051869483315035185,-0.005006948331503518,0.00018000000000000007,0.18000000000000005,50
gr_top_n_50,2013-07-31,0.048754079300135436,0.04885407930013544,9.999999999999998e-05,0.09999999999999998,50
gr_top_n_50,2013-08-31,-0.03487396758729183,-0.034813967587291834,6.0000000000000056e-05,0.06000000000000005,47
gr_top_n_50,2013-09-30,0.04124672968124063,0.04142672968124063,0.00018000000000000007,0.18000000000000005,50
gr_top_n_50,2013-10-31,0.059816264575872795,0.059956264575872796,0.00014000000000000001,0.14,49
gr_top_n_50,2013-11-30,0.03289585578783522,0.033035855787835224,0.00014000000000000001,0.14,49
gr_top_n_50,2013-12-31,0.03245766056620177,0.03265766056620177,0.00019999999999999996,0.19999999999999996,50
gr_top_n_50,2014-01-31,-0.04425110409631499,-0.04407110409631499,0.00018000000000000007,0.18000000000000005,49
gr_top_n_50,2014-02-28,0.05281705074355238,0.05291705074355238,9.999999999999998e-05,0.09999999999999998,50
gr_top_n_50,2014-03-31,0.02276665427153792,0.02286665427153792,9.999999999999998e-05,0.09999999999999998,49
gr_top_n_50,2014-04-30,-0.0028046423967615828,-0.0025846423967615826,0.00021999999999999998,0.21999999999999997,49
gr_top_n_50,2014-05-31,0.010714081297707878,0.010794081297707878,7.999999999999997e-05,0.07999999999999996,50
gr_top_n_50,2014-06-30,0.012877383690607366,0.013097383690607365,0.00021999999999999998,0.21999999999999997,49
gr_top_n_50,2014-07-31,-0.0009640018405348115,-0.0008640018405348115,9.999999999999998e-05,0.09999999999999998,50
gr_top_n_50,2014-08-31,0.045641099586646285,0.04572109958664628,7.999999999999997e-05,0.07999999999999996,47
gr_top_n_50,2014-09-30,-0.02756604552162622,-0.027326045521626218,0.00024,0.24,49
gr_top_n_50,2014-10-31,0.02651374728506263,0.02671374728506263,0.00019999999999999996,0.19999999999999996,49
gr_top_n_50,2014-11-30,0.02101196279121243,0.02113196279121243,0.00012,0.12,50
gr_top_n_50,2014-12-31,-0.002574936925316587,-0.002274936925316587,0.0003000000000000001,0.30000000000000004,49
gr_top_n_50,2015-01-31,-0.014374643056639424,-0.014234643056639424,0.00014000000000000001,0.14,50
gr_top_n_50,2015-02-28,0.06259788037646172,0.06269788037646172,9.999999999999998e-05,0.09999999999999998,50
gr_top_n_50,2015-03-31,-0.011842238283484057,-0.011722238283484057,0.00012,0.12,50
gr_top_n_50,2015-04-30,0.00349836858895479,0.00373836858895479,0.00024,0.24,50
gr_top_n_50,2015-05-31,0.02888645777057304,0.02908645777057304,0.00019999999999999996,0.19999999999999996,50
gr_top_n_50,2015-06-30,-0.005692685244413656,-0.005492685244413657,0.00019999999999999996,0.19999999999999996,49
gr_top_n_50,2015-07-31,0.01108939895013441,0.011209398950134411,0.00012,0.12,50
gr_top_n_50,2015-08-31,-0.054127013801267415,-0.05402701380126741,9.999999999999998e-05,0.09999999999999998,49
gr_top_n_50,2015-09-30,-0.013448680504394732,-0.013248680504394731,0.00019999999999999996,0.19999999999999996,49
gr_top_n_50,2015-10-31,0.053832102463001005,0.05393210246300101,9.999999999999998e-05,0.09999999999999998,50
gr_top_n_50,2015-11-30,-0.003961456279129496,-0.003861456279129496,9.999999999999998e-05,0.09999999999999998,50
gr_top_n_50,2015-12-31,-0.023939986383982204,-0.023759986383982204,0.00018000000000000007,0.18000000000000005,50
gr_top_n_50,2016-01-31,-0.04538123132690653,-0.045301231326906534,7.999999999999997e-05,0.07999999999999996,50
gr_top_n_50,2016-02-29,0.03767125207836484,0.037731252078364835,6.0000000000000056e-05,0.06000000000000005,50
gr_top_n_50,2016-03-31,0.06498185747727094,0.06524185747727093,0.00026000000000000003,0.26,50
gr_top_n_50,2016-04-30,-0.02661747202436828,-0.02647747202436828,0.00014000000000000001,0.14,49
gr_top_n_50,2016-05-31,-0.0054123067205673284,-0.005312306720567328,9.999999999999998e-05,0.09999999999999998,50
gr_top_n_50,2016-06-30,0.009717896743901673,0.009937896743901673,0.00021999999999999998,0.21999999999999997,50
gr_top_n_50,2016-07-31,0.040208077693785683,0.04026807769378568,6.0000000000000056e-05,0.06000000000000005,50
gr_top_n_50,2016-08-31,0.0006875492132845298,0.0007875492132845297,9.999999999999998e-05,0.09999999999999998,48
gr_top_n_50,2016-09-30,-0.0006153878290751888,-0.00037538782907518885,0.00024,0.24,50
gr_top_n_50,2016-10-31,-0.024974352786837847,-0.024834352786837845,0.00014000000000000001,0.14,50
gr_top_n_50,2016-11-30,0.04951209243830259,0.049592092438302586,7.999999999999997e-05,0.07999999999999996,50
gr_top_n_50,2016-12-31,0.003973731413106556,0.004173731413106556,0.00019999999999999996,0.19999999999999996,50
gr_top_n_50,2017-01-31,0.028723209362815968,0.028883209362815968,0.00016000000000000004,0.16000000000000003,50
gr_top_n_50,2017-02-28,0.02115715990021296,0.02123715990021296,7.999999999999997e-05,0.07999999999999996,50
gr_top_n_50,2017-03-31,0.006355443945611595,0.006415443945611595,6.0000000000000056e-05,0.06000000000000005,49
gr_top_n_50,2017-04-30,0.006696250974835978,0.006956250974835978,0.00026000000000000003,0.26,49
gr_top_n_50,2017-05-31,-0.004216782695151793,-0.004096782695151793,0.00012,0.12,50
gr_top_n_50,2017-06-30,-0.008104534732176726,-0.007864534732176725,0.00024,0.24,50
gr_top_n_50,2017-07-31,0.028217219035936603,0.028317219035936602,9.999999999999998e-05,0.09999999999999998,50
gr_top_n_50,2017-08-31,0.01048837790526992,0.01058837790526992,9.999999999999998e-05,0.09999999999999998,50
gr_top_n_50,2017-09-30,0.05349093827948896,0.05367093827948896,0.00018000000000000007,0.18000000000000005,50
gr_top_n_50,2017-10-31,0.031805052480114386,0.03192505248011439,0.00012,0.12,49
gr_top_n_50,2017-11-30,0.04139141634605622,0.04151141634605622,0.00012,0.12,49
gr_top_n_50,2017-12-31,-0.002741119742410638,-0.002461119742410638,0.00028000000000000003,0.28,50
gr_top_n_50,2018-01-31,0.05615354831244393,0.05633354831244393,0.00018000000000000007,0.18000000000000005,50
gr_top_n_50,2018-02-28,-0.039124770541699515,-0.038964770541699514,0.00016000000000000004,0.16000000000000003,50
gr_top_n_50,2018-03-31,-0.010969258740977655,-0.010909258740977656,6.0000000000000056e-05,0.06000000000000005,50
gr_top_n_50,2018-04-30,0.004756448892172034,0.004976448892172034,0.00021999999999999998,0.21999999999999997,50
gr_top_n_50,2018-05-31,0.05717138893420799,0.05733138893420799,0.00016000000000000004,0.16000000000000003,50
gr_top_n_50,2018-06-30,0.003661219335526005,0.003841219335526005,0.00018000000000000007,0.18000000000000005,50
gr_top_n_50,2018-07-31,0.02450283492260122,0.02458283492260122,7.999999999999997e-05,0.07999999999999996,50
gr_top_n_50,2018-08-31,0.052778521177070103,0.0528385211770701,6.0000000000000056e-05,0.06000000000000005,49
gr_top_n_50,2018-09-30,-0.012260777910739696,-0.012060777910739695,0.00019999999999999996,0.19999999999999996,50
gr_top_n_50,2018-10-31,-0.1031510322368195,-0.1030310322368195,0.00012,0.12,49
gr_top_n_50,2018-11-30,0.0013805798368904715,0.0014405798368904716,6.0000000000000056e-05,0.06000000000000005,49
gr_top_n_50,2018-12-31,-0.08160451775582715,-0.08144451775582716,0.00016000000000000004,0.16000000000000003,50
gr_top_n_50,2019-01-31,0.09575035764055848,0.09589035764055848,0.00014000000000000001,0.14,50
gr_top_n_50,2019-02-28,0.04594748980120844,0.04602748980120844,7.999999999999997e-05,0.07999999999999996,49
gr_top_n_50,2019-03-31,0.019855622506313876,0.019895622506313874,4.000000000000004e-05,0.040000000000000036,50
gr_top_n_50,2019-04-30,0.03413915325323005,0.03439915325323006,0.00026000000000000003,0.26,50
gr_top_n_50,2019-05-31,-0.09132351928167504,-0.09124351928167504,7.999999999999997e-05,0.07999999999999996,50
gr_top_n_50,2019-06-30,0.09063060978425198,0.09091060978425199,0.00028000000000000003,0.28,50
gr_top_n_50,2019-07-31,0.026266905888694354,0.026466905888694353,0.00019999999999999996,0.19999999999999996,50
gr_top_n_50,2019-08-31,-0.018517207189148066,-0.018377207189148065,0.00014000000000000001,0.14,50
gr_top_n_50,2019-09-30,0.006972383942425631,0.007212383942425631,0.00024,0.24,50
gr_top_n_50,2019-10-31,0.02934905178398344,0.029429051783983442,7.999999999999997e-05,0.07999999999999996,49
gr_top_n_50,2019-11-30,0.04177709781415819,0.041877097814158194,9.999999999999998e-05,0.09999999999999998,49
gr_top_n_50,2019-12-31,0.032248579309472857,0.032588579309472857,0.00033999999999999997,0.33999999999999997,50
gr_top_n_50,2020-01-31,-0.015600885564990036,-0.015460885564990036,0.00014000000000000001,0.14,50
gr_top_n_50,2020-02-29,-0.07805600846535352,-0.07793600846535352,0.00012,0.12,48
gr_top_n_50,2020-03-31,-0.136833579740919,-0.136533579740919,0.0003000000000000001,0.30000000000000004,46
gr_top_n_50,2020-04-30,0.1805583154943919,0.1808783154943919,0.0003199999999999999,0.31999999999999995,50
gr_top_n_50,2020-05-31,0.06972271875446967,0.07000271875446967,0.00028000000000000003,0.28,49
gr_top_n_50,2020-06-30,0.04292712191085003,0.043247121910850034,0.0003199999999999999,0.31999999999999995,49
gr_top_n_50,2020-07-31,0.06689455763732292,0.06703455763732293,0.00014000000000000001,0.14,50
gr_top_n_50,2020-08-31,0.03995227732535701,0.040012277325357004,6.0000000000000056e-05,0.06000000000000005,50
gr_top_n_50,2020-09-30,-0.02164269593850021,-0.02134269593850021,0.0003000000000000001,0.30000000000000004,50
gr_top_n_50,2020-10-31,-0.013396375434989309,-0.013276375434989308,0.00012,0.12,50
gr_top_n_50,2020-11-30,0.08907702373592083,0.08915702373592083,7.999999999999997e-05,0.07999999999999996,50
gr_top_n_50,2020-12-31,0.03893591111423167,0.03917591111423167,0.00024,0.24,50
gr_top_n_50,2021-01-31,0.04698053842792448,0.047120538427924484,0.00014000000000000001,0.14,50
gr_top_n_50,2021-02-28,0.019749537365720053,0.019849537365720052,9.999999999999998e-05,0.09999999999999998,50
gr_top_n_50,2021-03-31,0.07724906684017661,0.07742906684017661,0.00018000000000000007,0.18000000000000005,50
gr_top_n_50,2021-04-30,0.05410690113766007,0.05444690113766007,0.00033999999999999997,0.33999999999999997,50
gr_top_n_50,2021-05-31,0.024448787529959937,0.024548787529959936,9.999999999999998e-05,0.09999999999999998,49
gr_top_n_50,2021-06-30,-0.008098125649444845,-0.007938125649444844,0.00016000000000000004,0.16000000000000003,50
gr_top_n_50,2021-07-31,0.04607058048370127,0.04615058048370127,7.999999999999997e-05,0.07999999999999996,50
gr_top_n_50,2021-08-31,0.015295256546647755,0.015355256546647754,6.0000000000000056e-05,0.06000000000000005,47
gr_top_n_50,2021-09-30,-0.03515181169405291,-0.03497181169405291,0.00018000000000000007,0.18000000000000005,49
gr_top_n_50,2021-10-31,0.05480300640922966,0.055023006409229656,0.00021999999999999998,0.21999999999999997,50
gr_top_n_50,2021-11-30,0.013806973664716796,0.013906973664716795,9.999999999999998e-05,0.09999999999999998,49
gr_top_n_50,2021-12-31,0.0444665343287061,0.0448065343287061,0.00033999999999999997,0.33999999999999997,49
gr_top_n_50,2022-01-31,-0.07541497180502253,-0.07523497180502253,0.00018000000000000007,0.18000000000000005,50
gr_top_n_50,2022-02-28,0.01357001150510422,0.01365001150510422,7.999999999999997e-05,0.07999999999999996,50
gr_top_n_50,2022-03-31,-0.0041070989781170075,-0.004007098978117007,9.999999999999998e-05,0.09999999999999998,49
gr_top_n_50,2022-04-30,-0.054178083568471265,-0.05395808356847127,0.00021999999999999998,0.21999999999999997,50
gr_top_n_50,2022-05-31,-0.00675006827558502,-0.006610068275585019,0.00014000000000000001,0.14,50
gr_top_n_50,2022-06-30,-0.12739755825678467,-0.12721755825678466,0.00018000000000000007,0.18000000000000005,49
gr_top_n_50,2022-07-31,0.11609082027639508,0.11621082027639508,0.00012,0.12,50
gr_top_n_50,2022-08-31,-0.00857978219201579,-0.00845978219201579,0.00012,0.12,50
gr_top_n_50,2022-09-30,-0.08955614243295815,-0.08937614243295815,0.00018000000000000007,0.18000000000000005,49
gr_top_n_50,2022-10-31,0.12580949323131982,0.12588949323131982,7.999999999999997e-05,0.07999999999999996,50
gr_top_n_50,2022-11-30,0.09193020999098804,0.09205020999098804,0.00012,0.12,50
gr_top_n_50,2022-12-31,-0.057270944538489396,-0.057150944538489394,0.00012,0.12,50
gr_top_n_50,2023-01-31,0.09096567825647817,0.09102567825647817,6.0000000000000056e-05,0.06000000000000005,50
gr_top_n_50,2023-02-28,-0.03289733629294071,-0.032817336292940716,7.999999999999997e-05,0.07999999999999996,50
gr_top_n_50,2023-03-31,-0.006855039179357903,-0.006775039179357903,7.999999999999997e-05,0.07999999999999996,50
gr_top_n_50,2023-04-30,-0.01971750217783711,-0.019517502177837112,0.00019999999999999996,0.19999999999999996,49
gr_top_n_50,2023-05-31,-0.027030960571389446,-0.026890960571389445,0.00014000000000000001,0.14,48
gr_top_n_50,2023-06-30,0.12017841890514,0.12033841890514,0.00016000000000000004,0.16000000000000003,50
gr_top_n_50,2023-07-31,0.07751278180701365,0.07763278180701365,0.00012,0.12,50
gr_top_n_50,2023-08-31,-0.011244565803360515,-0.011144565803360516,9.999999999999998e-05,0.09999999999999998,50
gr_top_n_50,2023-09-30,-0.04116001163586484,-0.040960011635864844,0.00019999999999999996,0.19999999999999996,50
gr_top_n_50,2023-10-31,-0.04088849064525686,-0.040828490645256864,6.0000000000000056e-05,0.06000000000000005,50
gr_top_n_50,2023-11-30,0.10202384862734112,0.10208384862734113,6.0000000000000056e-05,0.06000000000000005,50
gr_top_n_50,2023-12-31,0.09747285677052586,0.09769285677052586,0.00021999999999999998,0.21999999999999997,50
gr_top_n_50,2024-01-31,0.026186937608829487,0.026286937608829487,9.999999999999998e-05,0.09999999999999998,49
gr_top_n_50,2024-02-29,0.09639753439707294,0.09645753439707294,6.0000000000000056e-05,0.06000000000000005,50
gr_top_n_50,2024-03-31,0.07699954888500488,0.07727954888500488,0.00028000000000000003,0.28,50
gr_top_n_50,2024-04-30,-0.06541492457692873,-0.06531492457692872,9.999999999999998e-05,0.09999999999999998,50
gr_top_n_50,2024-05-31,0.07139821223430452,0.07149821223430453,9.999999999999998e-05,0.09999999999999998,50
gr_top_n_50,2024-06-30,-0.019730721211927434,-0.019550721211927434,0.00018000000000000007,0.18000000000000005,50
gr_top_n_50,2024-07-31,0.041153135576757226,0.04123313557675722,7.999999999999997e-05,0.07999999999999996,50
gr_top_n_50,2024-08-31,-0.019029067373894513,-0.018909067373894514,0.00012,0.12,50
gr_top_n_50,2024-09-30,0.039007322190988694,0.03922732219098869,0.00021999999999999998,0.21999999999999997,49
gr_top_n_50,2024-10-31,-0.031681380074992126,-0.031521380074992125,0.00016000000000000004,0.16000000000000003,50
gr_top_n_50,2024-11-30,0.08320933892778166,0.08326933892778167,6.0000000000000056e-05,0.06000000000000005,49
gr_top_n_50,2024-12-31,-0.04989240618491582,-0.04959240618491582,0.0003000000000000001,0.30000000000000004,49
gr_top_n_50,2025-01-31,-0.0006788978010146484,-0.0005388978010146484,0.00014000000000000001,0.14,50
gr_top_n_50,2025-02-28,-0.047975802730388005,-0.04793580273038801,4.000000000000004e-05,0.040000000000000036,49
gr_top_n_50,2025-03-31,-0.005040776428494193,-0.0049607764284941925,7.999999999999997e-05,0.07999999999999996,49
gr_top_n_50,2025-04-30,-0.024484703068086585,-0.024164703068086584,0.0003199999999999999,0.31999999999999995,49
gr_top_n_50,2025-05-31,0.05184443580477151,0.052044435804771506,0.00019999999999999996,0.19999999999999996,49
gr_top_n_50,2025-06-30,0.014361671602565627,0.014661671602565627,0.0003000000000000001,0.30000000000000004,50
gr_top_n_50,2025-07-31,0.020126330082398197,0.020306330082398197,0.00018000000000000007,0.18000000000000005,49
gr_top_n_50,2025-08-31,0.07108161441982082,0.07116161441982082,7.999999999999997e-05,0.07999999999999996,50
gr_top_n_50,2025-09-30,0.035484884448381736,0.03574488444838174,0.00026000000000000003,0.26,50
gr_top_n_50,2025-10-31,-0.026375455838865462,-0.026275455838865463,9.999999999999998e-05,0.09999999999999998,50
gr_top_n_50,2025-11-30,0.04093716096240416,0.04101716096240415,7.999999999999997e-05,0.07999999999999996,50
gr_top_n_50,2025-12-31,0.009371702461128447,0.009751702461128447,0.00038,0.38,50
gr_top_n_50,2026-01-31,0.06302658343368835,0.06316658343368835,0.00014000000000000001,0.14,50
gr_top_n_50,2026-02-28,0.08601291063176912,0.08615291063176912,0.00014000000000000001,0.14,50
gr_top_n_50,2026-03-31,-0.039220945571098474,-0.03908094557109847,0.00014000000000000001,0.14,50
gr_top_n_50,2026-04-30,0.12382699098555322,0.12416699098555321,0.00033999999999999997,0.33999999999999997,50
gr_top_n_50,2026-05-31,0.0077192407919364145,0.007839240791936415,0.00012,0.12,50
gr_top_n_25,2008-11-30,0.028320987654321006,0.029320987654321007,0.001,1.0,1
gr_top_n_25,2008-12-31,0.07196401799100438,0.07196401799100438,0.0,0.0,1
gr_top_n_25,2009-01-31,-0.12494172494172495,-0.12494172494172495,0.0,0.0,1
gr_top_n_25,2009-02-28,-0.008597912004735253,-0.008597912004735253,0.0,0.0,1
gr_top_n_25,2009-03-31,0.22460186710598573,0.22460186710598573,0.0,0.0,1
gr_top_n_25,2009-04-30,0.07937219730941703,0.07937219730941703,0.0,0.0,1
gr_top_n_25,2009-05-31,0.16825924387204005,0.16825924387204005,0.0,0.0,1
gr_top_n_25,2009-06-30,0.023535166268345807,0.024201832935012473,0.0006666666666666669,0.6666666666666667,3
gr_top_n_25,2009-07-31,0.11923205398870075,0.12006538732203409,0.0008333333333333334,0.8333333333333334,6
gr_top_n_25,2009-08-31,0.03201859652705059,0.03251859652705059,0.0005,0.5,12
gr_top_n_25,2009-09-30,0.058694998193958355,0.059194998193958355,0.0005,0.5,24
gr_top_n_25,2009-10-31,0.0030793741928887065,0.0031993741928887064,0.00012,0.12,25
gr_top_n_25,2009-11-30,0.06399249247758039,0.0642324924775804,0.00024,0.24,25
gr_top_n_25,2009-12-31,0.024535792695916096,0.025015792695916098,0.00048,0.48,25
gr_top_n_25,2010-01-31,-0.03429163428048365,-0.03413163428048365,0.00016000000000000004,0.16000000000000003,24
gr_top_n_25,2010-02-28,0.061275087190610464,0.061395087190610466,0.00012,0.12,24
gr_top_n_25,2010-03-31,0.06095967901912176,0.06127967901912176,0.0003199999999999999,0.31999999999999995,25
gr_top_n_25,2010-04-30,0.03345771661841955,0.03397771661841955,0.0005200000000000001,0.52,25
gr_top_n_25,2010-05-31,-0.056479952708792705,-0.05639995270879271,7.999999999999997e-05,0.07999999999999996,25
gr_top_n_25,2010-06-30,-0.03863636607042589,-0.03847636607042589,0.00016000000000000004,0.16000000000000003,24
gr_top_n_25,2010-07-31,0.045912900118208685,0.045952900118208684,4.000000000000004e-05,0.040000000000000036,25
gr_top_n_25,2010-08-31,-0.03634927777294817,-0.03626927777294817,7.999999999999997e-05,0.07999999999999996,25
gr_top_n_25,2010-09-30,0.11660265262110751,0.11680265262110752,0.00019999999999999996,0.19999999999999996,24
gr_top_n_25,2010-10-31,0.056957456456460595,0.057117456456460595,0.00016000000000000004,0.16000000000000003,25
gr_top_n_25,2010-11-30,0.012500177029430386,0.012740177029430387,0.00024,0.24,25
gr_top_n_25,2010-12-31,0.048341222005606976,0.048581222005606974,0.00024,0.24,25
gr_top_n_25,2011-01-31,-0.0013281885689415285,-0.0012081885689415285,0.00012,0.12,25
gr_top_n_25,2011-02-28,0.04517534958745093,0.04521534958745093,4.000000000000004e-05,0.040000000000000036,25
gr_top_n_25,2011-03-31,0.01973841446687515,0.019858414466875147,0.00012,0.12,25
gr_top_n_25,2011-04-30,0.06551954361313508,0.06587954361313508,0.00035999999999999997,0.36,25
gr_top_n_25,2011-05-31,0.0019316385848105267,0.0020916385848105267,0.00016000000000000004,0.16000000000000003,25
gr_top_n_25,2011-06-30,-0.004216012018055442,-0.004056012018055441,0.00016000000000000004,0.16000000000000003,25
gr_top_n_25,2011-07-31,-0.01177765767404126,-0.01165765767404126,0.00012,0.12,24
gr_top_n_25,2011-08-31,-0.0417963222821443,-0.041676322282144296,0.00012,0.12,24
gr_top_n_25,2011-09-30,-0.1267696852590165,-0.1265296852590165,0.00024,0.24,24
gr_top_n_25,2011-10-31,0.1596392699984029,0.15979926999840288,0.00016000000000000004,0.16000000000000003,25
gr_top_n_25,2011-11-30,0.00403569895048404,0.004195698950484041,0.00016000000000000004,0.16000000000000003,24
gr_top_n_25,2011-12-31,0.011135559482426794,0.011455559482426794,0.0003199999999999999,0.31999999999999995,25
gr_top_n_25,2012-01-31,0.07117058693345324,0.07133058693345323,0.00016000000000000004,0.16000000000000003,25
gr_top_n_25,2012-02-29,0.04353078945660172,0.04373078945660172,0.00019999999999999996,0.19999999999999996,25
gr_top_n_25,2012-03-31,0.03232168084279759,0.03264168084279759,0.0003199999999999999,0.31999999999999995,25
gr_top_n_25,2012-04-30,0.035705898330284584,0.03578589833028458,7.999999999999997e-05,0.07999999999999996,25
gr_top_n_25,2012-05-31,-0.051058478066498096,-0.050938478066498094,0.00012,0.12,24
gr_top_n_25,2012-06-30,0.022038156890296985,0.022278156890296986,0.00024,0.24,25
gr_top_n_25,2012-07-31,-0.003321022742163304,-0.0032410227421633044,7.999999999999997e-05,0.07999999999999996,25
gr_top_n_25,2012-08-31,0.032502066514696525,0.03258206651469652,7.999999999999997e-05,0.07999999999999996,24
gr_top_n_25,2012-09-30,0.0077785653107852815,0.008058565310785281,0.00028000000000000003,0.28,25
gr_top_n_25,2012-10-31,-0.012661049340184518,-0.012421049340184518,0.00024,0.24,24
gr_top_n_25,2012-11-30,0.01097461802488816,0.01113461802488816,0.00016000000000000004,0.16000000000000003,24
gr_top_n_25,2012-12-31,0.007825513974408576,0.008105513974408576,0.00028000000000000003,0.28,24
gr_top_n_25,2013-01-31,0.06837787098799536,0.06849787098799535,0.00012,0.12,24
gr_top_n_25,2013-02-28,0.016518501146695355,0.016638501146695354,0.00012,0.12,25
gr_top_n_25,2013-03-31,0.04654558258376905,0.04658558258376905,4.000000000000004e-05,0.040000000000000036,24
gr_top_n_25,2013-04-30,-0.003901265466986703,-0.003581265466986703,0.0003199999999999999,0.31999999999999995,25
gr_top_n_25,2013-05-31,0.03847046842924768,0.03851046842924768,4.000000000000004e-05,0.040000000000000036,24
gr_top_n_25,2013-06-30,-0.013599900567583463,-0.013359900567583462,0.00024,0.24,25
gr_top_n_25,2013-07-31,0.04261308761141594,0.042693087611415936,7.999999999999997e-05,0.07999999999999996,25
gr_top_n_25,2013-08-31,-0.025376464509315647,-0.025216464509315646,0.00016000000000000004,0.16000000000000003,23
gr_top_n_25,2013-09-30,0.051147666589858636,0.05142766658985864,0.00028000000000000003,0.28,25
gr_top_n_25,2013-10-31,0.0622005735579756,0.0623605735579756,0.00016000000000000004,0.16000000000000003,25
gr_top_n_25,2013-11-30,0.04384558813484235,0.04396558813484235,0.00012,0.12,25
gr_top_n_25,2013-12-31,0.030200862936790262,0.03040086293679026,0.00019999999999999996,0.19999999999999996,25
gr_top_n_25,2014-01-31,-0.04340502366880848,-0.04320502366880848,0.00019999999999999996,0.19999999999999996,24
gr_top_n_25,2014-02-28,0.06676733036757648,0.06692733036757648,0.00016000000000000004,0.16000000000000003,25
gr_top_n_25,2014-03-31,0.019156433202947645,0.019316433202947646,0.00016000000000000004,0.16000000000000003,25
gr_top_n_25,2014-04-30,-0.002261050400878863,-0.0018210504008788631,0.00043999999999999996,0.43999999999999995,25
gr_top_n_25,2014-05-31,0.014175815019600493,0.014215815019600493,4.000000000000004e-05,0.040000000000000036,25
gr_top_n_25,2014-06-30,0.0015416999042684417,0.0018616999042684417,0.0003199999999999999,0.31999999999999995,24
gr_top_n_25,2014-07-31,0.002139767255790868,0.002259767255790868,0.00012,0.12,25
gr_top_n_25,2014-08-31,0.057059613128604324,0.05713961312860432,7.999999999999997e-05,0.07999999999999996,24
gr_top_n_25,2014-09-30,-0.03133319098192766,-0.030973190981927662,0.00035999999999999997,0.36,24
gr_top_n_25,2014-10-31,0.015928648759253494,0.016128648759253492,0.00019999999999999996,0.19999999999999996,25
gr_top_n_25,2014-11-30,0.025061632336445924,0.025221632336445924,0.00016000000000000004,0.16000000000000003,25
gr_top_n_25,2014-12-31,0.0018003772816695368,0.0021203772816695368,0.0003199999999999999,0.31999999999999995,24
gr_top_n_25,2015-01-31,0.0017286634015572001,0.0018886634015572,0.00016000000000000004,0.16000000000000003,25
gr_top_n_25,2015-02-28,0.04213331708158708,0.04225331708158708,0.00012,0.12,25
gr_top_n_25,2015-03-31,0.0042020138111294215,0.004282013811129422,7.999999999999997e-05,0.07999999999999996,25
gr_top_n_25,2015-04-30,0.01644212831233886,0.01684212831233886,0.0004,0.4,25
gr_top_n_25,2015-05-31,0.03454100243774407,0.03470100243774407,0.00016000000000000004,0.16000000000000003,25
gr_top_n_25,2015-06-30,-0.011523103876848396,-0.011203103876848397,0.0003199999999999999,0.31999999999999995,25
gr_top_n_25,2015-07-31,-0.004017923027156001,-0.0038579230271560006,0.00016000000000000004,0.16000000000000003,25
gr_top_n_25,2015-08-31,-0.05432565103591669,-0.05424565103591669,7.999999999999997e-05,0.07999999999999996,24
gr_top_n_25,2015-09-30,-0.01307291804171049,-0.01283291804171049,0.00024,0.24,24
gr_top_n_25,2015-10-31,0.04861038452182865,0.04865038452182865,4.000000000000004e-05,0.040000000000000036,25
gr_top_n_25,2015-11-30,-0.001713618976292035,-0.001553618976292035,0.00016000000000000004,0.16000000000000003,25
gr_top_n_25,2015-12-31,-0.008088528273164353,-0.007928528273164353,0.00016000000000000004,0.16000000000000003,25
gr_top_n_25,2016-01-31,-0.031788403657412194,-0.0317084036574122,7.999999999999997e-05,0.07999999999999996,25
gr_top_n_25,2016-02-29,0.035633869269152844,0.035753869269152846,0.00012,0.12,25
gr_top_n_25,2016-03-31,0.05516820499680283,0.055448204996802836,0.00028000000000000003,0.28,25
gr_top_n_25,2016-04-30,-0.02112099447400655,-0.02104099447400655,7.999999999999997e-05,0.07999999999999996,25
gr_top_n_25,2016-05-31,-0.0004942693501860206,-0.0003742693501860206,0.00012,0.12,25
gr_top_n_25,2016-06-30,0.017233267583151676,0.017553267583151677,0.0003199999999999999,0.31999999999999995,25
gr_top_n_25,2016-07-31,0.030741824698924485,0.030901824698924486,0.00016000000000000004,0.16000000000000003,25
gr_top_n_25,2016-08-31,-0.01797527267522175,-0.01781527267522175,0.00016000000000000004,0.16000000000000003,23
gr_top_n_25,2016-09-30,0.007471607998025478,0.007751607998025478,0.00028000000000000003,0.28,25
gr_top_n_25,2016-10-31,-0.026692969965135614,-0.026532969965135614,0.00016000000000000004,0.16000000000000003,25
gr_top_n_25,2016-11-30,0.047876604253111875,0.04799660425311188,0.00012,0.12,25
gr_top_n_25,2016-12-31,0.009762952432620165,0.010002952432620166,0.00024,0.24,25
gr_top_n_25,2017-01-31,0.026759627118514893,0.026959627118514892,0.00019999999999999996,0.19999999999999996,25
gr_top_n_25,2017-02-28,0.02726417755904434,0.027304177559044338,4.000000000000004e-05,0.040000000000000036,25
gr_top_n_25,2017-03-31,0.011253313915135961,0.011293313915135961,4.000000000000004e-05,0.040000000000000036,24
gr_top_n_25,2017-04-30,0.012879240935979079,0.013199240935979078,0.0003199999999999999,0.31999999999999995,24
gr_top_n_25,2017-05-31,-1.4631602072432304e-05,0.00014536839792756774,0.00016000000000000004,0.16000000000000003,25
gr_top_n_25,2017-06-30,-0.009557906342861279,-0.00923790634286128,0.0003199999999999999,0.31999999999999995,25
gr_top_n_25,2017-07-31,0.02309336430483823,0.023133364304838228,4.000000000000004e-05,0.040000000000000036,25
gr_top_n_25,2017-08-31,0.018178805960271785,0.018218805960271783,4.000000000000004e-05,0.040000000000000036,25
gr_top_n_25,2017-09-30,0.030794934858055067,0.031034934858055068,0.00024,0.24,25
gr_top_n_25,2017-10-31,0.03092573396899336,0.03112573396899336,0.00019999999999999996,0.19999999999999996,24
gr_top_n_25,2017-11-30,0.025080411734769367,0.025200411734769366,0.00012,0.12,24
gr_top_n_25,2017-12-31,0.0006622605900487113,0.0009022605900487113,0.00024,0.24,25
gr_top_n_25,2018-01-31,0.05318682380897156,0.053386823808971556,0.00019999999999999996,0.19999999999999996,25
gr_top_n_25,2018-02-28,-0.03236045137668405,-0.03224045137668405,0.00012,0.12,25
gr_top_n_25,2018-03-31,-0.0031013314903552036,-0.0030613314903552035,4.000000000000004e-05,0.040000000000000036,25
gr_top_n_25,2018-04-30,0.006029857988381707,0.006309857988381707,0.00028000000000000003,0.28,25
gr_top_n_25,2018-05-31,0.060181361175861224,0.060301361175861226,0.00012,0.12,25
gr_top_n_25,2018-06-30,0.0022735925653707676,0.002513592565370768,0.00024,0.24,25
gr_top_n_25,2018-07-31,0.02260303217809626,0.022723032178096257,0.00012,0.12,25
gr_top_n_25,2018-08-31,0.05313105741629487,0.05325105741629487,0.00012,0.12,25
gr_top_n_25,2018-09-30,-0.015540869522989933,-0.015300869522989933,0.00024,0.24,25
gr_top_n_25,2018-10-31,-0.09775222516721241,-0.0975522251672124,0.00019999999999999996,0.19999999999999996,25
gr_top_n_25,2018-11-30,0.006464039538943042,0.006504039538943042,4.000000000000004e-05,0.040000000000000036,24
gr_top_n_25,2018-12-31,-0.07593678368324612,-0.07573678368324611,0.00019999999999999996,0.19999999999999996,25
gr_top_n_25,2019-01-31,0.0853474086225794,0.0854274086225794,7.999999999999997e-05,0.07999999999999996,25
gr_top_n_25,2019-02-28,0.05048893654382521,0.05056893654382521,7.999999999999997e-05,0.07999999999999996,24
gr_top_n_25,2019-03-31,0.028663875032314743,0.028743875032314743,7.999999999999997e-05,0.07999999999999996,25
gr_top_n_25,2019-04-30,0.03518641280433765,0.03554641280433765,0.00035999999999999997,0.36,25
gr_top_n_25,2019-05-31,-0.10678753486758023,-0.10658753486758023,0.00019999999999999996,0.19999999999999996,25
gr_top_n_25,2019-06-30,0.09634547512603678,0.09666547512603678,0.0003199999999999999,0.31999999999999995,25
gr_top_n_25,2019-07-31,0.035910352910797784,0.036190352910797786,0.00028000000000000003,0.28,25
gr_top_n_25,2019-08-31,-0.010920481835862828,-0.010800481835862828,0.00012,0.12,25
gr_top_n_25,2019-09-30,-0.0036752753297461457,-0.0034752753297461456,0.00019999999999999996,0.19999999999999996,25
gr_top_n_25,2019-10-31,0.045740083486452934,0.04582008348645293,7.999999999999997e-05,0.07999999999999996,25
gr_top_n_25,2019-11-30,0.040914863997209325,0.04103486399720933,0.00012,0.12,24
gr_top_n_25,2019-12-31,0.031156986516860358,0.03147698651686036,0.0003199999999999999,0.31999999999999995,25
gr_top_n_25,2020-01-31,0.005257234037615768,0.005337234037615768,7.999999999999997e-05,0.07999999999999996,25
gr_top_n_25,2020-02-29,-0.08073503629643947,-0.08061503629643947,0.00012,0.12,24
gr_top_n_25,2020-03-31,-0.12841334205223187,-0.12817334205223188,0.00024,0.24,23
gr_top_n_25,2020-04-30,0.19924700050066493,0.19956700050066492,0.0003199999999999999,0.31999999999999995,25
gr_top_n_25,2020-05-31,0.07672300938892447,0.07700300938892447,0.00028000000000000003,0.28,24
gr_top_n_25,2020-06-30,0.031474348012456736,0.03175434801245674,0.00028000000000000003,0.28,25
gr_top_n_25,2020-07-31,0.07204518558036392,0.07216518558036392,0.00012,0.12,25
gr_top_n_25,2020-08-31,0.03818046706027744,0.03830046706027744,0.00012,0.12,25
gr_top_n_25,2020-09-30,-0.0009530223662874344,-0.0005130223662874344,0.00043999999999999996,0.43999999999999995,25
gr_top_n_25,2020-10-31,0.003664381119776419,0.003864381119776419,0.00019999999999999996,0.19999999999999996,25
gr_top_n_25,2020-11-30,0.07159540681340008,0.07171540681340008,0.00012,0.12,25
gr_top_n_25,2020-12-31,0.037822720421231006,0.037982720421231006,0.00016000000000000004,0.16000000000000003,25
gr_top_n_25,2021-01-31,0.025566079465640337,0.025726079465640338,0.00016000000000000004,0.16000000000000003,25
gr_top_n_25,2021-02-28,0.04075121580563893,0.04075121580563893,0.0,0.0,25
gr_top_n_25,2021-03-31,0.08004367335679921,0.08012367335679921,7.999999999999997e-05,0.07999999999999996,25
gr_top_n_25,2021-04-30,0.06487344719806157,0.06519344719806157,0.0003199999999999999,0.31999999999999995,25
gr_top_n_25,2021-05-31,0.026462502315376096,0.026582502315376094,0.00012,0.12,25
gr_top_n_25,2021-06-30,0.0247594269374007,0.0250394269374007,0.00028000000000000003,0.28,25
gr_top_n_25,2021-07-31,0.01224466963619768,0.01240466963619768,0.00016000000000000004,0.16000000000000003,25
gr_top_n_25,2021-08-31,0.04431320902773048,0.044393209027730474,7.999999999999997e-05,0.07999999999999996,24
gr_top_n_25,2021-09-30,-0.04076615939338944,-0.04048615939338944,0.00028000000000000003,0.28,25
gr_top_n_25,2021-10-31,0.061284829537440265,0.06140482953744027,0.00012,0.12,25
gr_top_n_25,2021-11-30,0.034419631126294065,0.03449963112629406,7.999999999999997e-05,0.07999999999999996,24
gr_top_n_25,2021-12-31,0.05120655606023287,0.05156655606023287,0.00035999999999999997,0.36,25
gr_top_n_25,2022-01-31,-0.08111237297520835,-0.08099237297520835,0.00012,0.12,25
gr_top_n_25,2022-02-28,0.01221057561115308,0.012290575611153081,7.999999999999997e-05,0.07999999999999996,25
gr_top_n_25,2022-03-31,-0.00941103146612769,-0.00925103146612769,0.00016000000000000004,0.16000000000000003,24
gr_top_n_25,2022-04-30,-0.041197181112969036,-0.040877181112969035,0.0003199999999999999,0.31999999999999995,25
gr_top_n_25,2022-05-31,0.004357300051533834,0.004517300051533835,0.00016000000000000004,0.16000000000000003,25
gr_top_n_25,2022-06-30,-0.14379541879061994,-0.14363541879061995,0.00016000000000000004,0.16000000000000003,24
gr_top_n_25,2022-07-31,0.12696470379145675,0.12720470379145674,0.00024,0.24,25
gr_top_n_25,2022-08-31,-0.008204154484692002,-0.008124154484692002,7.999999999999997e-05,0.07999999999999996,25
gr_top_n_25,2022-09-30,-0.09588519901764349,-0.09568519901764348,0.00019999999999999996,0.19999999999999996,25
gr_top_n_25,2022-10-31,0.12964294121559222,0.12976294121559223,0.00012,0.12,25
gr_top_n_25,2022-11-30,0.08222562478154896,0.08234562478154896,0.00012,0.12,25
gr_top_n_25,2022-12-31,-0.0595825581347112,-0.0594225581347112,0.00016000000000000004,0.16000000000000003,25
gr_top_n_25,2023-01-31,0.05782955456534925,0.05790955456534925,7.999999999999997e-05,0.07999999999999996,25
gr_top_n_25,2023-02-28,-0.013460364948738243,-0.013420364948738243,4.000000000000004e-05,0.040000000000000036,25
gr_top_n_25,2023-03-31,-0.008529447375746058,-0.008449447375746058,7.999999999999997e-05,0.07999999999999996,25
gr_top_n_25,2023-04-30,-0.03639139492140772,-0.036311394921407725,7.999999999999997e-05,0.07999999999999996,24
gr_top_n_25,2023-05-31,-0.0286846506681964,-0.0285246506681964,0.00016000000000000004,0.16000000000000003,24
gr_top_n_25,2023-06-30,0.13025479583365568,0.13045479583365568,0.00019999999999999996,0.19999999999999996,25
gr_top_n_25,2023-07-31,0.07650089400395468,0.07650089400395468,0.0,0.0,25
gr_top_n_25,2023-08-31,0.00048066254777113566,0.0005206625477711357,4.000000000000004e-05,0.040000000000000036,25
gr_top_n_25,2023-09-30,-0.028222341152103918,-0.027902341152103917,0.0003199999999999999,0.31999999999999995,25
gr_top_n_25,2023-10-31,-0.031433216222413574,-0.031193216222413573,0.00024,0.24,25
gr_top_n_25,2023-11-30,0.09684568163077559,0.09696568163077558,0.00012,0.12,25
gr_top_n_25,2023-12-31,0.08603591741833905,0.08631591741833905,0.00028000000000000003,0.28,25
gr_top_n_25,2024-01-31,0.07268402618306223,0.07276402618306223,7.999999999999997e-05,0.07999999999999996,24
gr_top_n_25,2024-02-29,0.09627367953569245,0.09639367953569244,0.00012,0.12,25
gr_top_n_25,2024-03-31,0.08956981195410696,0.08984981195410696,0.00028000000000000003,0.28,25
gr_top_n_25,2024-04-30,-0.037289880337187865,-0.037129880337187865,0.00016000000000000004,0.16000000000000003,25
gr_top_n_25,2024-05-31,0.1331072741313881,0.1333072741313881,0.00019999999999999996,0.19999999999999996,25
gr_top_n_25,2024-06-30,-0.0030561161489064087,-0.002776116148906409,0.00028000000000000003,0.28,25
gr_top_n_25,2024-07-31,0.011213298354086545,0.011413298354086545,0.00019999999999999996,0.19999999999999996,25
gr_top_n_25,2024-08-31,-0.014761871402146914,-0.014641871402146914,0.00012,0.12,25
gr_top_n_25,2024-09-30,0.05232978326108798,0.052609783261087985,0.00028000000000000003,0.28,25
gr_top_n_25,2024-10-31,-0.0142077784097626,-0.013967778409762599,0.00024,0.24,25
gr_top_n_25,2024-11-30,0.08110128762216462,0.08134128762216462,0.00024,0.24,24
gr_top_n_25,2024-12-31,-0.056102382957080275,-0.055742382957080276,0.00035999999999999997,0.36,24
gr_top_n_25,2025-01-31,-0.0001687569247407603,3.124307525923964e-05,0.00019999999999999996,0.19999999999999996,25
gr_top_n_25,2025-02-28,-0.04753928067640285,-0.04745928067640285,7.999999999999997e-05,0.07999999999999996,24
gr_top_n_25,2025-03-31,-0.0020960638944485543,-0.001936063894448554,0.00016000000000000004,0.16000000000000003,24
gr_top_n_25,2025-04-30,-0.009482593975499165,-0.009002593975499166,0.00048,0.48,24
gr_top_n_25,2025-05-31,0.052383800946810055,0.052583800946810054,0.00019999999999999996,0.19999999999999996,25
gr_top_n_25,2025-06-30,0.007605012046358452,0.008005012046358452,0.0004,0.4,25
gr_top_n_25,2025-07-31,0.033690938908881,0.033890938908881,0.00019999999999999996,0.19999999999999996,25
gr_top_n_25,2025-08-31,0.07654093613183467,0.07662093613183467,7.999999999999997e-05,0.07999999999999996,25
gr_top_n_25,2025-09-30,0.05023783978236433,0.050517839782364335,0.00028000000000000003,0.28,25
gr_top_n_25,2025-10-31,-0.02089113662210787,-0.02073113662210787,0.00016000000000000004,0.16000000000000003,25
gr_top_n_25,2025-11-30,0.062191030963881754,0.06227103096388175,7.999999999999997e-05,0.07999999999999996,25
gr_top_n_25,2025-12-31,0.004347138570270608,0.004667138570270608,0.0003199999999999999,0.31999999999999995,25
gr_top_n_25,2026-01-31,0.07382821974186017,0.07398821974186016,0.00016000000000000004,0.16000000000000003,25
gr_top_n_25,2026-02-28,0.05938969461050244,0.05954969461050244,0.00016000000000000004,0.16000000000000003,25
gr_top_n_25,2026-03-31,-0.0538724793687721,-0.0537924793687721,7.999999999999997e-05,0.07999999999999996,25
gr_top_n_25,2026-04-30,0.08635582746622127,0.08667582746622127,0.0003199999999999999,0.31999999999999995,25
gr_top_n_25,2026-05-31,0.008046293813693478,0.008126293813693479,7.999999999999997e-05,0.07999999999999996,25
gr_top_n_10,2008-11-30,0.028320987654321006,0.029320987654321007,0.001,1.0,1
gr_top_n_10,2008-12-31,0.07196401799100438,0.07196401799100438,0.0,0.0,1
gr_top_n_10,2009-01-31,-0.12494172494172495,-0.12494172494172495,0.0,0.0,1
gr_top_n_10,2009-02-28,-0.008597912004735253,-0.008597912004735253,0.0,0.0,1
gr_top_n_10,2009-03-31,0.22460186710598573,0.22460186710598573,0.0,0.0,1
gr_top_n_10,2009-04-30,0.07937219730941703,0.07937219730941703,0.0,0.0,1
gr_top_n_10,2009-05-31,0.16825924387204005,0.16825924387204005,0.0,0.0,1
gr_top_n_10,2009-06-30,0.023535166268345807,0.024201832935012473,0.0006666666666666669,0.6666666666666667,3
gr_top_n_10,2009-07-31,0.11923205398870075,0.12006538732203409,0.0008333333333333334,0.8333333333333334,6
gr_top_n_10,2009-08-31,0.018890796236996778,0.019490796236996778,0.0006000000000000001,0.6,10
gr_top_n_10,2009-09-30,0.07879604911217783,0.07929604911217783,0.0005,0.5,10
gr_top_n_10,2009-10-31,-0.009753003788969539,-0.009553003788969538,0.00019999999999999996,0.19999999999999996,10
gr_top_n_10,2009-11-30,0.08026435268962546,0.08066435268962546,0.0004,0.4,10
gr_top_n_10,2009-12-31,0.020642044209970335,0.021142044209970335,0.0005,0.5,10
gr_top_n_10,2010-01-31,-0.032755698714820446,-0.03255569871482045,0.00019999999999999996,0.19999999999999996,10
gr_top_n_10,2010-02-28,0.07116441488265368,0.07136441488265369,0.00019999999999999996,0.19999999999999996,10
gr_top_n_10,2010-03-31,0.0818229357856644,0.0820229357856644,0.00019999999999999996,0.19999999999999996,10
gr_top_n_10,2010-04-30,0.02859673864329859,0.028996738643298593,0.0004,0.4,10
gr_top_n_10,2010-05-31,-0.06921083419464044,-0.06911083419464044,9.999999999999998e-05,0.09999999999999998,10
gr_top_n_10,2010-06-30,-0.04451864978884258,-0.04421864978884258,0.0003000000000000001,0.30000000000000004,10
gr_top_n_10,2010-07-31,0.029853071512411632,0.029953071512411632,9.999999999999998e-05,0.09999999999999998,10
gr_top_n_10,2010-08-31,-0.05673371861641494,-0.05663371861641494,9.999999999999998e-05,0.09999999999999998,10
gr_top_n_10,2010-09-30,0.1511867414344962,0.1513867414344962,0.00019999999999999996,0.19999999999999996,10
gr_top_n_10,2010-10-31,0.08297317213619236,0.08307317213619236,9.999999999999998e-05,0.09999999999999998,10
gr_top_n_10,2010-11-30,-0.008285404732412448,-0.007885404732412449,0.0004,0.4,10
gr_top_n_10,2010-12-31,0.05518900245265853,0.05548900245265853,0.0003000000000000001,0.30000000000000004,10
gr_top_n_10,2011-01-31,0.02665767568330888,0.02675767568330888,9.999999999999998e-05,0.09999999999999998,10
gr_top_n_10,2011-02-28,0.04915146650499756,0.04915146650499756,0.0,0.0,10
gr_top_n_10,2011-03-31,0.054622263669139436,0.05472226366913944,9.999999999999998e-05,0.09999999999999998,10
gr_top_n_10,2011-04-30,0.05706154407289237,0.05746154407289237,0.0004,0.4,10
gr_top_n_10,2011-05-31,-0.0060736415672003495,-0.0060736415672003495,0.0,0.0,10
gr_top_n_10,2011-06-30,-0.010650719477091352,-0.010350719477091352,0.0003000000000000001,0.30000000000000004,10
gr_top_n_10,2011-07-31,-0.027094776689297047,-0.026994776689297048,9.999999999999998e-05,0.09999999999999998,9
gr_top_n_10,2011-08-31,-0.05168468872532604,-0.05148468872532604,0.00019999999999999996,0.19999999999999996,9
gr_top_n_10,2011-09-30,-0.12840018286857233,-0.12810018286857233,0.0003000000000000001,0.30000000000000004,9
gr_top_n_10,2011-10-31,0.18764749533866928,0.1878474953386693,0.00019999999999999996,0.19999999999999996,10
gr_top_n_10,2011-11-30,-0.004407910440611736,-0.004007910440611735,0.0004,0.4,9
gr_top_n_10,2011-12-31,-0.0074832995014315505,-0.00708329950143155,0.0004,0.4,10
gr_top_n_10,2012-01-31,0.0747605985571725,0.0747605985571725,0.0,0.0,10
gr_top_n_10,2012-02-29,0.07488107514290378,0.07518107514290377,0.0003000000000000001,0.30000000000000004,10
gr_top_n_10,2012-03-31,0.025622350584470332,0.025922350584470333,0.0003000000000000001,0.30000000000000004,10
gr_top_n_10,2012-04-30,0.040571050775784566,0.040771050775784565,0.00019999999999999996,0.19999999999999996,10
gr_top_n_10,2012-05-31,-0.08964345196405721,-0.0895434519640572,9.999999999999998e-05,0.09999999999999998,9
gr_top_n_10,2012-06-30,0.046186668267447245,0.04678666826744725,0.0006000000000000001,0.6,10
gr_top_n_10,2012-07-31,-0.002561377555958222,-0.0023613775559582217,0.00019999999999999996,0.19999999999999996,10
gr_top_n_10,2012-08-31,0.022040267904681145,0.022240267904681144,0.00019999999999999996,0.19999999999999996,10
gr_top_n_10,2012-09-30,0.0015025677888528934,0.0018025677888528935,0.0003000000000000001,0.30000000000000004,10
gr_top_n_10,2012-10-31,-0.04567236404445925,-0.04537236404445925,0.0003000000000000001,0.30000000000000004,9
gr_top_n_10,2012-11-30,0.009943766912162066,0.010143766912162067,0.00019999999999999996,0.19999999999999996,10
gr_top_n_10,2012-12-31,0.03123576437261227,0.03163576437261227,0.0004,0.4,9
gr_top_n_10,2013-01-31,0.13194915047515848,0.13204915047515847,9.999999999999998e-05,0.09999999999999998,10
gr_top_n_10,2013-02-28,0.002439487328733925,0.002839487328733925,0.0004,0.4,10
gr_top_n_10,2013-03-31,0.07246971859524316,0.07266971859524317,0.00019999999999999996,0.19999999999999996,9
gr_top_n_10,2013-04-30,0.012823938741204067,0.013423938741204067,0.0006000000000000001,0.6,10
gr_top_n_10,2013-05-31,0.024728584993230274,0.024928584993230272,0.00019999999999999996,0.19999999999999996,10
gr_top_n_10,2013-06-30,-0.0006094752583628791,-0.000309475258362879,0.0003000000000000001,0.30000000000000004,10
gr_top_n_10,2013-07-31,-0.012939211065963695,-0.012839211065963696,9.999999999999998e-05,0.09999999999999998,10
gr_top_n_10,2013-08-31,-0.018519889723549007,-0.018419889723549007,9.999999999999998e-05,0.09999999999999998,9
gr_top_n_10,2013-09-30,0.05386200702916162,0.05426200702916162,0.0004,0.4,10
gr_top_n_10,2013-10-31,0.046112784244132884,0.04621278424413289,9.999999999999998e-05,0.09999999999999998,10
gr_top_n_10,2013-11-30,0.06332682145610645,0.06342682145610645,9.999999999999998e-05,0.09999999999999998,10
gr_top_n_10,2013-12-31,0.051874774249124504,0.0522747742491245,0.0004,0.4,10
gr_top_n_10,2014-01-31,-0.032622745265873866,-0.032322745265873865,0.0003000000000000001,0.30000000000000004,9
gr_top_n_10,2014-02-28,0.05684342315808995,0.05704342315808995,0.00019999999999999996,0.19999999999999996,10
gr_top_n_10,2014-03-31,0.025939060185640163,0.02613906018564016,0.00019999999999999996,0.19999999999999996,10
gr_top_n_10,2014-04-30,-0.025778746971736013,-0.02547874697173601,0.0003000000000000001,0.30000000000000004,10
gr_top_n_10,2014-05-31,0.024835054622061824,0.024835054622061824,0.0,0.0,10
gr_top_n_10,2014-06-30,0.018295653561277322,0.018595653561277323,0.0003000000000000001,0.30000000000000004,9
gr_top_n_10,2014-07-31,0.03168205219228991,0.03198205219228991,0.0003000000000000001,0.30000000000000004,10
gr_top_n_10,2014-08-31,0.05536994028314089,0.055469940283140895,9.999999999999998e-05,0.09999999999999998,10
gr_top_n_10,2014-09-30,-0.0029082422481986115,-0.0027082422481986114,0.00019999999999999996,0.19999999999999996,10
gr_top_n_10,2014-10-31,0.02016482446407385,0.02056482446407385,0.0004,0.4,10
gr_top_n_10,2014-11-30,0.06397801378270256,0.06417801378270256,0.00019999999999999996,0.19999999999999996,10
gr_top_n_10,2014-12-31,0.0005336266166384386,0.0008336266166384387,0.0003000000000000001,0.30000000000000004,10
gr_top_n_10,2015-01-31,-0.008213432079498017,-0.008213432079498017,0.0,0.0,10
gr_top_n_10,2015-02-28,0.055850436664926555,0.05605043666492655,0.00019999999999999996,0.19999999999999996,10
gr_top_n_10,2015-03-31,-0.0052261179587905545,-0.0052261179587905545,0.0,0.0,10
gr_top_n_10,2015-04-30,-0.01664072799735039,-0.016440727997350392,0.00019999999999999996,0.19999999999999996,10
gr_top_n_10,2015-05-31,0.07406115317494712,0.07416115317494712,9.999999999999998e-05,0.09999999999999998,10
gr_top_n_10,2015-06-30,-0.014454254531453402,-0.014054254531453403,0.0004,0.4,10
gr_top_n_10,2015-07-31,0.010177477042061723,0.010177477042061723,0.0,0.0,10
gr_top_n_10,2015-08-31,-0.03691808733202528,-0.036818087332025275,9.999999999999998e-05,0.09999999999999998,10
gr_top_n_10,2015-09-30,-0.012567918697792212,-0.012167918697792213,0.0004,0.4,9
gr_top_n_10,2015-10-31,0.045835727174682504,0.04593572717468251,9.999999999999998e-05,0.09999999999999998,10
gr_top_n_10,2015-11-30,0.016485041942621338,0.016585041942621337,9.999999999999998e-05,0.09999999999999998,10
gr_top_n_10,2015-12-31,0.00285203462377357,0.00315203462377357,0.0003000000000000001,0.30000000000000004,10
gr_top_n_10,2016-01-31,-0.04752203621511718,-0.04752203621511718,0.0,0.0,10
gr_top_n_10,2016-02-29,-0.005782901330716028,-0.005782901330716028,0.0,0.0,10
gr_top_n_10,2016-03-31,0.05552209710165659,0.05592209710165659,0.0004,0.4,10
gr_top_n_10,2016-04-30,-0.03693704958223633,-0.036837049582236325,9.999999999999998e-05,0.09999999999999998,10
gr_top_n_10,2016-05-31,0.01609130837140832,0.01619130837140832,9.999999999999998e-05,0.09999999999999998,10
gr_top_n_10,2016-06-30,-0.021624082105194644,-0.021224082105194643,0.0004,0.4,10
gr_top_n_10,2016-07-31,0.05636072444397072,0.05636072444397072,0.0,0.0,10
gr_top_n_10,2016-08-31,0.001716818291853775,0.001916818291853775,0.00019999999999999996,0.19999999999999996,9
gr_top_n_10,2016-09-30,0.012284409616970117,0.012684409616970116,0.0004,0.4,10
gr_top_n_10,2016-10-31,-0.015551487239873485,-0.015551487239873485,0.0,0.0,10
gr_top_n_10,2016-11-30,-0.004227175838890174,-0.004227175838890174,0.0,0.0,10
gr_top_n_10,2016-12-31,0.01844410101803188,0.01854410101803188,9.999999999999998e-05,0.09999999999999998,10
gr_top_n_10,2017-01-31,0.04914712633381322,0.04914712633381322,0.0,0.0,10
gr_top_n_10,2017-02-28,0.04207127068130341,0.04207127068130341,0.0,0.0,10
gr_top_n_10,2017-03-31,0.022609753260397113,0.022609753260397113,0.0,0.0,10
gr_top_n_10,2017-04-30,0.022634993480636502,0.0228349934806365,0.00019999999999999996,0.19999999999999996,10
gr_top_n_10,2017-05-31,0.027274990540138534,0.027374990540138533,9.999999999999998e-05,0.09999999999999998,10
gr_top_n_10,2017-06-30,-0.00627178369121133,-0.00587178369121133,0.0004,0.4,10
gr_top_n_10,2017-07-31,0.02770948099410303,0.02790948099410303,0.00019999999999999996,0.19999999999999996,10
gr_top_n_10,2017-08-31,0.02847672993221454,0.02847672993221454,0.0,0.0,10
gr_top_n_10,2017-09-30,0.013536359949665965,0.013736359949665966,0.00019999999999999996,0.19999999999999996,10
gr_top_n_10,2017-10-31,0.0359210496268567,0.036021049626856705,9.999999999999998e-05,0.09999999999999998,10
gr_top_n_10,2017-11-30,0.0077464130771794084,0.007946413077179408,0.00019999999999999996,0.19999999999999996,9
gr_top_n_10,2017-12-31,0.01189977035216714,0.012299770352167139,0.0004,0.4,10
gr_top_n_10,2018-01-31,0.061731185837579104,0.06183118583757911,9.999999999999998e-05,0.09999999999999998,10
gr_top_n_10,2018-02-28,-0.022121346352065096,-0.021921346352065097,0.00019999999999999996,0.19999999999999996,10
gr_top_n_10,2018-03-31,-0.007888454358077978,-0.007888454358077978,0.0,0.0,10
gr_top_n_10,2018-04-30,-0.003842417398525377,-0.003542417398525377,0.0003000000000000001,0.30000000000000004,10
gr_top_n_10,2018-05-31,0.051561611148436076,0.05166161114843608,9.999999999999998e-05,0.09999999999999998,10
gr_top_n_10,2018-06-30,0.009253098907984357,0.009453098907984358,0.00019999999999999996,0.19999999999999996,10
gr_top_n_10,2018-07-31,0.0399381719630597,0.0401381719630597,0.00019999999999999996,0.19999999999999996,10
gr_top_n_10,2018-08-31,0.024729623937611103,0.024829623937611102,9.999999999999998e-05,0.09999999999999998,10
gr_top_n_10,2018-09-30,-0.0240574692148377,-0.023857469214837702,0.00019999999999999996,0.19999999999999996,10
gr_top_n_10,2018-10-31,-0.10795646135432843,-0.10785646135432843,9.999999999999998e-05,0.09999999999999998,10
gr_top_n_10,2018-11-30,0.03085003648205119,0.03095003648205119,9.999999999999998e-05,0.09999999999999998,10
gr_top_n_10,2018-12-31,-0.05192415365950901,-0.05162415365950901,0.0003000000000000001,0.30000000000000004,10
gr_top_n_10,2019-01-31,0.08160744307686929,0.0817074430768693,9.999999999999998e-05,0.09999999999999998,10
gr_top_n_10,2019-02-28,0.03215001560478373,0.03225001560478373,9.999999999999998e-05,0.09999999999999998,10
gr_top_n_10,2019-03-31,0.04089627885731876,0.04089627885731876,0.0,0.0,10
gr_top_n_10,2019-04-30,0.03161268593463916,0.03211268593463916,0.0005,0.5,10
gr_top_n_10,2019-05-31,-0.10806395481521054,-0.10786395481521054,0.00019999999999999996,0.19999999999999996,10
gr_top_n_10,2019-06-30,0.07858190543952724,0.07908190543952724,0.0005,0.5,10
gr_top_n_10,2019-07-31,0.0519340278988736,0.0521340278988736,0.00019999999999999996,0.19999999999999996,10
gr_top_n_10,2019-08-31,-0.01004441325654315,-0.00984441325654315,0.00019999999999999996,0.19999999999999996,10
gr_top_n_10,2019-09-30,0.02316442545411653,0.023564425454116533,0.0004,0.4,10
gr_top_n_10,2019-10-31,0.043084933881835374,0.04318493388183538,9.999999999999998e-05,0.09999999999999998,10
gr_top_n_10,2019-11-30,0.028684143000242864,0.028784143000242863,9.999999999999998e-05,0.09999999999999998,9
gr_top_n_10,2019-12-31,0.03033414129021601,0.03073414129021601,0.0004,0.4,10
gr_top_n_10,2020-01-31,0.01627210407619818,0.016372104076198178,9.999999999999998e-05,0.09999999999999998,10
gr_top_n_10,2020-02-29,-0.04131023920752912,-0.041210239207529115,9.999999999999998e-05,0.09999999999999998,9
gr_top_n_10,2020-03-31,-0.1079847341207794,-0.1076847341207794,0.0003000000000000001,0.30000000000000004,9
gr_top_n_10,2020-04-30,0.16360664763042893,0.16390664763042892,0.0003000000000000001,0.30000000000000004,10
gr_top_n_10,2020-05-31,0.05840070696315971,0.05860070696315971,0.00019999999999999996,0.19999999999999996,10
gr_top_n_10,2020-06-30,0.024683252965792248,0.024783252965792247,9.999999999999998e-05,0.09999999999999998,10
gr_top_n_10,2020-07-31,0.08679375765933652,0.08689375765933652,9.999999999999998e-05,0.09999999999999998,10
gr_top_n_10,2020-08-31,0.02485105640151645,0.024951056401516448,9.999999999999998e-05,0.09999999999999998,10
gr_top_n_10,2020-09-30,-0.020605561989312474,-0.020305561989312472,0.0003000000000000001,0.30000000000000004,10
gr_top_n_10,2020-10-31,-0.0015097686064790335,-0.0013097686064790337,0.00019999999999999996,0.19999999999999996,10
gr_top_n_10,2020-11-30,0.09348978549665238,0.09358978549665238,9.999999999999998e-05,0.09999999999999998,10
gr_top_n_10,2020-12-31,0.0232591745447243,0.023559174544724303,0.0003000000000000001,0.30000000000000004,10
gr_top_n_10,2021-01-31,0.023407213359244495,0.023607213359244494,0.00019999999999999996,0.19999999999999996,10
gr_top_n_10,2021-02-28,0.0014832086242216214,0.0015832086242216215,9.999999999999998e-05,0.09999999999999998,10
gr_top_n_10,2021-03-31,0.04641723936001052,0.04641723936001052,0.0,0.0,10
gr_top_n_10,2021-04-30,0.08364015839904403,0.08394015839904402,0.0003000000000000001,0.30000000000000004,10
gr_top_n_10,2021-05-31,0.010841103928103403,0.010941103928103402,9.999999999999998e-05,0.09999999999999998,10
gr_top_n_10,2021-06-30,0.023377071721146024,0.023777071721146025,0.0004,0.4,10
gr_top_n_10,2021-07-31,0.05280840215849123,0.05280840215849123,0.0,0.0,10
gr_top_n_10,2021-08-31,0.011091191004109213,0.011091191004109213,0.0,0.0,10
gr_top_n_10,2021-09-30,-0.062208182651718735,-0.061708182651718735,0.0005,0.5,10
gr_top_n_10,2021-10-31,0.08570913118765396,0.08580913118765396,9.999999999999998e-05,0.09999999999999998,10
gr_top_n_10,2021-11-30,0.03211720464447712,0.03211720464447712,0.0,0.0,9
gr_top_n_10,2021-12-31,0.083378437428036,0.08377843742803599,0.0004,0.4,10
gr_top_n_10,2022-01-31,-0.08945121848788408,-0.08935121848788408,9.999999999999998e-05,0.09999999999999998,10
gr_top_n_10,2022-02-28,0.019047540453774835,0.019047540453774835,0.0,0.0,10
gr_top_n_10,2022-03-31,0.005627696997685894,0.005627696997685894,0.0,0.0,10
gr_top_n_10,2022-04-30,-0.0829489379869177,-0.0826489379869177,0.0003000000000000001,0.30000000000000004,10
gr_top_n_10,2022-05-31,0.0009829345588332928,0.001282934558833293,0.0003000000000000001,0.30000000000000004,10
gr_top_n_10,2022-06-30,-0.1382369163616971,-0.1378369163616971,0.0004,0.4,10
gr_top_n_10,2022-07-31,0.13556632921237322,0.13596632921237323,0.0004,0.4,10
gr_top_n_10,2022-08-31,-0.04357258616413385,-0.04337258616413385,0.00019999999999999996,0.19999999999999996,10
gr_top_n_10,2022-09-30,-0.09134457880184078,-0.09104457880184079,0.0003000000000000001,0.30000000000000004,10
gr_top_n_10,2022-10-31,0.1370229656678482,0.1372229656678482,0.00019999999999999996,0.19999999999999996,10
gr_top_n_10,2022-11-30,0.0968738206788967,0.0971738206788967,0.0003000000000000001,0.30000000000000004,10
gr_top_n_10,2022-12-31,-0.08223257343612451,-0.08183257343612452,0.0004,0.4,10
gr_top_n_10,2023-01-31,0.03198939531560789,0.032089395315607894,9.999999999999998e-05,0.09999999999999998,10
gr_top_n_10,2023-02-28,0.02292283159921167,0.02312283159921167,0.00019999999999999996,0.19999999999999996,10
gr_top_n_10,2023-03-31,0.009348700213835583,0.009448700213835582,9.999999999999998e-05,0.09999999999999998,10
gr_top_n_10,2023-04-30,-0.05407106043958105,-0.05387106043958105,0.00019999999999999996,0.19999999999999996,10
gr_top_n_10,2023-05-31,-0.00104530027626897,-0.0008453002762689702,0.00019999999999999996,0.19999999999999996,9
gr_top_n_10,2023-06-30,0.08977447707012369,0.0899744770701237,0.00019999999999999996,0.19999999999999996,10
gr_top_n_10,2023-07-31,0.03448987856892627,0.03468987856892627,0.00019999999999999996,0.19999999999999996,10
gr_top_n_10,2023-08-31,-0.01846463323092221,-0.01836463323092221,9.999999999999998e-05,0.09999999999999998,10
gr_top_n_10,2023-09-30,-0.019155156447583012,-0.01865515644758301,0.0005,0.5,10
gr_top_n_10,2023-10-31,-0.03481462922200157,-0.03471462922200157,9.999999999999998e-05,0.09999999999999998,10
gr_top_n_10,2023-11-30,0.07431460334158066,0.07431460334158066,0.0,0.0,10
gr_top_n_10,2023-12-31,0.07070816061353158,0.07090816061353158,0.00019999999999999996,0.19999999999999996,10
gr_top_n_10,2024-01-31,0.13002287954565503,0.13022287954565503,0.00019999999999999996,0.19999999999999996,9
gr_top_n_10,2024-02-29,0.1431947720059933,0.14329477200599328,9.999999999999998e-05,0.09999999999999998,10
gr_top_n_10,2024-03-31,0.07146568147723484,0.07176568147723483,0.0003000000000000001,0.30000000000000004,10
gr_top_n_10,2024-04-30,-0.04013334163036566,-0.03993334163036566,0.00019999999999999996,0.19999999999999996,10
gr_top_n_10,2024-05-31,0.14980808108640262,0.15000808108640262,0.00019999999999999996,0.19999999999999996,10
gr_top_n_10,2024-06-30,0.028405006685361632,0.028705006685361634,0.0003000000000000001,0.30000000000000004,10
gr_top_n_10,2024-07-31,0.013873256063380367,0.014073256063380368,0.00019999999999999996,0.19999999999999996,10
gr_top_n_10,2024-08-31,-0.0005556379601291516,-0.0005556379601291516,0.0,0.0,10
gr_top_n_10,2024-09-30,-0.0018025531709686788,-0.0014025531709686788,0.0004,0.4,10
gr_top_n_10,2024-10-31,-0.032631262115248576,-0.032331262115248574,0.0003000000000000001,0.30000000000000004,10
gr_top_n_10,2024-11-30,0.06743084162829514,0.06763084162829515,0.00019999999999999996,0.19999999999999996,9
gr_top_n_10,2024-12-31,-0.015076396494030597,-0.014476396494030597,0.0006000000000000001,0.6,10
gr_top_n_10,2025-01-31,0.003925219184604378,0.004225219184604378,0.0003000000000000001,0.30000000000000004,10
gr_top_n_10,2025-02-28,-0.0583893545914976,-0.058289354591497596,9.999999999999998e-05,0.09999999999999998,9
gr_top_n_10,2025-03-31,-0.029831905586057538,-0.02963190558605754,0.00019999999999999996,0.19999999999999996,10
gr_top_n_10,2025-04-30,0.08020158792076292,0.08080158792076292,0.0006000000000000001,0.6,10
gr_top_n_10,2025-05-31,0.060400031922050054,0.060700031922050056,0.0003000000000000001,0.30000000000000004,10
gr_top_n_10,2025-06-30,0.016868595288674515,0.017168595288674517,0.0003000000000000001,0.30000000000000004,10
gr_top_n_10,2025-07-31,0.040743015051402105,0.04104301505140211,0.0003000000000000001,0.30000000000000004,10
gr_top_n_10,2025-08-31,0.11039482127140628,0.11039482127140628,0.0,0.0,10
gr_top_n_10,2025-09-30,0.033431365894075006,0.03373136589407501,0.0003000000000000001,0.30000000000000004,10
gr_top_n_10,2025-10-31,-0.04200862009453715,-0.04170862009453715,0.0003000000000000001,0.30000000000000004,10
gr_top_n_10,2025-11-30,0.033492220990152796,0.0335922209901528,9.999999999999998e-05,0.09999999999999998,10
gr_top_n_10,2025-12-31,0.013739745313675101,0.0140397453136751,0.0003000000000000001,0.30000000000000004,10
gr_top_n_10,2026-01-31,0.06939630525157044,0.06949630525157044,9.999999999999998e-05,0.09999999999999998,10
gr_top_n_10,2026-02-28,0.06659478252863202,0.06669478252863202,9.999999999999998e-05,0.09999999999999998,10
gr_top_n_10,2026-03-31,-0.031597351204800964,-0.03149735120480096,9.999999999999998e-05,0.09999999999999998,10
gr_top_n_10,2026-04-30,0.04764257844329391,0.04824257844329392,0.0006000000000000001,0.6,10
gr_top_n_10,2026-05-31,-0.018017509823918677,-0.017717509823918676,0.0003000000000000001,0.30000000000000004,10
vw_gr_top_pct_20,2008-11-30,0.028320987654321006,0.029320987654321007,0.001,1.0,1
vw_gr_top_pct_20,2008-12-31,0.07196401799100438,0.07196401799100438,0.0,0.0,1
vw_gr_top_pct_20,2009-01-31,-0.12494172494172495,-0.12494172494172495,0.0,0.0,1
vw_gr_top_pct_20,2009-02-28,-0.008597912004735253,-0.008597912004735253,0.0,0.0,1
vw_gr_top_pct_20,2009-03-31,0.22460186710598573,0.22460186710598573,0.0,0.0,1
vw_gr_top_pct_20,2009-04-30,0.07937219730941703,0.07937219730941703,0.0,0.0,1
vw_gr_top_pct_20,2009-05-31,0.16825924387204005,0.16825924387204005,0.0,0.0,1
vw_gr_top_pct_20,2009-06-30,-0.026849217638691414,-0.026849217638691414,0.0,0.0,1
vw_gr_top_pct_20,2009-07-31,0.09575307962500802,0.09625307962500802,0.0005,0.5,2
vw_gr_top_pct_20,2009-08-31,0.025179785526476938,0.025846452193143604,0.0006666666666666669,0.6666666666666667,3
vw_gr_top_pct_20,2009-09-30,0.10683736947507584,0.10723736947507584,0.0004,0.4,5
vw_gr_top_pct_20,2009-10-31,-0.032213917344802556,-0.03192820305908827,0.0002857142857142857,0.2857142857142857,7
vw_gr_top_pct_20,2009-11-30,0.09106914088116203,0.09140247421449536,0.00033333333333333343,0.33333333333333337,9
vw_gr_top_pct_20,2009-12-31,0.016958569582688696,0.01749190291602203,0.0005333333333333334,0.5333333333333333,15
vw_gr_top_pct_20,2010-01-31,-0.03135143042221768,-0.031051430422217675,0.0003000000000000001,0.30000000000000004,19
vw_gr_top_pct_20,2010-02-28,0.0572421995577186,0.0574421995577186,0.00019999999999999996,0.19999999999999996,19
vw_gr_top_pct_20,2010-03-31,0.05287805280778413,0.05329740764649381,0.00041935483870967743,0.4193548387096774,31
vw_gr_top_pct_20,2010-04-30,0.022605170227261558,0.023154189835104696,0.0005490196078431372,0.5490196078431373,51
vw_gr_top_pct_20,2010-05-31,-0.059506092718374114,-0.05943062102026091,7.547169811320754e-05,0.07547169811320753,53
vw_gr_top_pct_20,2010-06-30,-0.03820967127221194,-0.038061523124063794,0.00014814814814814815,0.14814814814814814,52
vw_gr_top_pct_20,2010-07-31,0.054479502031771695,0.05455357610584577,7.407407407407407e-05,0.07407407407407407,54
vw_gr_top_pct_20,2010-08-31,-0.03783804319175293,-0.03774875747746721,8.92857142857143e-05,0.0892857142857143,56
vw_gr_top_pct_20,2010-09-30,0.09905898117278224,0.09927716299096405,0.00021818181818181818,0.21818181818181814,54
vw_gr_top_pct_20,2010-10-31,0.04443716008384003,0.044526445798125744,8.92857142857143e-05,0.0892857142857143,55
vw_gr_top_pct_20,2010-11-30,0.012907372993706916,0.013045304028189675,0.00013793103448275868,0.13793103448275867,58
vw_gr_top_pct_20,2010-12-31,0.04790364113387211,0.04813314933059342,0.0002295081967213115,0.2295081967213115,61
vw_gr_top_pct_20,2011-01-31,-0.00021596200465976256,-0.00010485089354865139,0.00011111111111111117,0.11111111111111116,63
vw_gr_top_pct_20,2011-02-28,0.03932388355965185,0.03940324863901693,7.936507936507942e-05,0.07936507936507942,63
vw_gr_top_pct_20,2011-03-31,0.018291926819663195,0.018424279760839664,0.00013235294117647058,0.13235294117647056,68
vw_gr_top_pct_20,2011-04-30,0.03395173009067162,0.03414290656125986,0.00019117647058823528,0.19117647058823528,68
vw_gr_top_pct_20,2011-05-31,-0.0027765015214862945,-0.0026919944792327733,8.450704225352113e-05,0.08450704225352113,71
vw_gr_top_pct_20,2011-06-30,-0.002295704451431678,-0.0021151488958761223,0.0001805555555555556,0.18055555555555558,72
vw_gr_top_pct_20,2011-07-31,-0.01981378323979915,-0.01971656101757693,9.722222222222222e-05,0.09722222222222221,71
vw_gr_top_pct_20,2011-08-31,-0.03747237000348827,-0.03741603197531926,5.633802816901412e-05,0.05633802816901412,69
vw_gr_top_pct_20,2011-09-30,-0.06633232628843282,-0.06615424409665199,0.00017808219178082197,0.17808219178082196,70
vw_gr_top_pct_20,2011-10-31,0.11986028951065987,0.11994600379637416,8.571428571428575e-05,0.08571428571428574,68
vw_gr_top_pct_20,2011-11-30,0.013765819148037742,0.013943901339818564,0.00017808219178082197,0.17808219178082196,72
vw_gr_top_pct_20,2011-12-31,0.01690207313493934,0.017066456696583177,0.00016438356164383562,0.1643835616438356,73
vw_gr_top_pct_20,2012-01-31,0.04188580950477366,0.041940604025321605,5.479452054794521e-05,0.0547945205479452,73
vw_gr_top_pct_20,2012-02-29,0.04088262857946942,0.04100262857946942,0.00012,0.12,75
vw_gr_top_pct_20,2012-03-31,0.0335056015596077,0.03368981208592349,0.0001842105263157895,0.1842105263157895,76
vw_gr_top_pct_20,2012-04-30,0.015497216993919479,0.01556300646760369,6.578947368421051e-05,0.06578947368421051,76
vw_gr_top_pct_20,2012-05-31,-0.03668340854541383,-0.03657674187874717,0.0001066666666666667,0.10666666666666669,73
vw_gr_top_pct_20,2012-06-30,0.028819307849231455,0.029042992059757772,0.00022368421052631584,0.22368421052631582,75
vw_gr_top_pct_20,2012-07-31,0.011696088943096015,0.011776088943096015,7.999999999999997e-05,0.07999999999999996,74
vw_gr_top_pct_20,2012-08-31,0.01743561208259367,0.01751669316367475,8.108108108108104e-05,0.08108108108108103,72
vw_gr_top_pct_20,2012-09-30,0.012661258910425383,0.012825642472069219,0.00016438356164383562,0.1643835616438356,73
vw_gr_top_pct_20,2012-10-31,-0.010023238659867886,-0.009901617038246265,0.0001216216216216216,0.1216216216216216,73
vw_gr_top_pct_20,2012-11-30,0.00857609403835873,0.008684202146466839,0.00010810810810810812,0.10810810810810811,73
vw_gr_top_pct_20,2012-12-31,0.004038411030922142,0.004265077697588809,0.00022666666666666668,0.22666666666666668,74
vw_gr_top_pct_20,2013-01-31,0.05333301309173303,0.05345143414436461,0.00011842105263157898,0.11842105263157898,75
vw_gr_top_pct_20,2013-02-28,0.018934518844236938,0.01907554448526258,0.0001410256410256411,0.14102564102564108,78
vw_gr_top_pct_20,2013-03-31,0.04715600732332238,0.04730600732332238,0.00015000000000000004,0.15000000000000002,79
vw_gr_top_pct_20,2013-04-30,0.013021574322237531,0.013249422423503354,0.00022784810126582277,0.22784810126582278,77
vw_gr_top_pct_20,2013-05-31,0.013788637692032951,0.013915219970513964,0.00012658227848101267,0.12658227848101267,77
vw_gr_top_pct_20,2013-06-30,-0.009396944206024617,-0.009221944206024617,0.00017500000000000005,0.17500000000000004,80
vw_gr_top_pct_20,2013-07-31,0.05772734822574273,0.05788984822574273,0.0001625,0.16249999999999998,80
vw_gr_top_pct_20,2013-08-31,-0.03226050907451326,-0.03216294809890351,9.756097560975608e-05,0.09756097560975607,79
vw_gr_top_pct_20,2013-09-30,0.037480339218126546,0.03763033921812654,0.00015000000000000004,0.15000000000000002,80
vw_gr_top_pct_20,2013-10-31,0.04208479508246136,0.04219729508246136,0.00011250000000000005,0.11250000000000004,78
vw_gr_top_pct_20,2013-11-30,0.03285686950408342,0.03296401236122627,0.0001071428571428571,0.1071428571428571,83
vw_gr_top_pct_20,2013-12-31,0.026306844960442357,0.02656874972234712,0.00026190476190476186,0.26190476190476186,82
vw_gr_top_pct_20,2014-01-31,-0.04074957600680148,-0.04058678530912706,0.00016279069767441857,0.16279069767441856,84
vw_gr_top_pct_20,2014-02-28,0.054360913983548455,0.05446436225941052,0.00010344827586206895,0.10344827586206895,87
vw_gr_top_pct_20,2014-03-31,0.016876932620766574,0.01698929217132837,0.00011235955056179781,0.1123595505617978,87
vw_gr_top_pct_20,2014-04-30,-0.0042946363563621725,-0.004103625120407116,0.0001910112359550562,0.1910112359550562,88
vw_gr_top_pct_20,2014-05-31,0.020378500733639563,0.020445916463976643,6.741573033707871e-05,0.0674157303370787,89
vw_gr_top_pct_20,2014-06-30,0.01509552708456231,0.015275302365461187,0.00017977528089887642,0.1797752808988764,88
vw_gr_top_pct_20,2014-07-31,-0.016344723135370876,-0.016277307405033796,6.741573033707871e-05,0.0674157303370787,89
vw_gr_top_pct_20,2014-08-31,0.043311157651290184,0.04337782431795685,6.666666666666666e-05,0.06666666666666665,87
vw_gr_top_pct_20,2014-09-30,-0.02124214565582193,-0.02102623656491284,0.00021590909090909093,0.21590909090909094,87
vw_gr_top_pct_20,2014-10-31,0.02485254047303652,0.024966176836672883,0.00011363636363636365,0.11363636363636365,87
vw_gr_top_pct_20,2014-11-30,0.03542602527940185,0.035522799472950235,9.677419354838712e-05,0.09677419354838712,93
vw_gr_top_pct_20,2014-12-31,-0.00026728649603031506,-9.337345255205421e-05,0.00017391304347826088,0.17391304347826086,90
vw_gr_top_pct_20,2015-01-31,-0.021915060938669843,-0.021809797780775107,0.00010526315789473685,0.10526315789473684,94
vw_gr_top_pct_20,2015-02-28,0.06406362767048521,0.06415737767048521,9.375e-05,0.09375,96
vw_gr_top_pct_20,2015-03-31,-0.005607960260461523,-0.005515176755306884,9.278350515463918e-05,0.09278350515463918,96
vw_gr_top_pct_20,2015-04-30,-0.010487267584755768,-0.01029914877287458,0.00018811881188118807,0.18811881188118806,101
vw_gr_top_pct_20,2015-05-31,0.019493495446184353,0.01962094642657651,0.00012745098039215687,0.12745098039215685,101
vw_gr_top_pct_20,2015-06-30,-0.016199487660198148,-0.016068174528885017,0.00013131313131313128,0.13131313131313127,97
vw_gr_top_pct_20,2015-07-31,0.03166217067050905,0.03176318077151915,0.000101010101010101,0.101010101010101,99
vw_gr_top_pct_20,2015-08-31,-0.0574769265691641,-0.057396926569164106,7.999999999999997e-05,0.07999999999999996,98
vw_gr_top_pct_20,2015-09-30,-0.013852514133843303,-0.013721201002530171,0.00013131313131313128,0.13131313131313127,98
vw_gr_top_pct_20,2015-10-31,0.06019768425692666,0.06026911282835523,7.142857142857141e-05,0.0714285714285714,98
vw_gr_top_pct_20,2015-11-30,0.00324280728946887,0.00333280728946887,8.999999999999998e-05,0.08999999999999997,100
vw_gr_top_pct_20,2015-12-31,-0.029960630034307184,-0.02975860983228698,0.000202020202020202,0.202020202020202,99
vw_gr_top_pct_20,2016-01-31,-0.04149486967860138,-0.041372420699009545,0.00012244897959183676,0.12244897959183676,97
vw_gr_top_pct_20,2016-02-29,0.03984765725610365,0.039919822204557254,7.216494845360822e-05,0.07216494845360821,94
vw_gr_top_pct_20,2016-03-31,0.06993853355181212,0.07015281926609783,0.00021428571428571433,0.2142857142857143,98
vw_gr_top_pct_20,2016-04-30,-0.0189886433507572,-0.0188186433507572,0.00017000000000000004,0.17000000000000004,98
vw_gr_top_pct_20,2016-05-31,0.01079738880838286,0.01092738880838286,0.00013000000000000002,0.13,99
vw_gr_top_pct_20,2016-06-30,0.02075061893376149,0.02096061893376149,0.00020999999999999998,0.20999999999999996,99
vw_gr_top_pct_20,2016-07-31,0.029439860681552167,0.029529860681552167,8.999999999999998e-05,0.08999999999999997,100
vw_gr_top_pct_20,2016-08-31,-0.002671515132115842,-0.002542802260828713,0.00012871287128712872,0.12871287128712872,98
vw_gr_top_pct_20,2016-09-30,-0.0051996411955891894,-0.005013366685785268,0.00018627450980392157,0.18627450980392157,100
vw_gr_top_pct_20,2016-10-31,-0.022953809922117988,-0.022798470116292744,0.00015533980582524277,0.15533980582524276,103
vw_gr_top_pct_20,2016-11-30,0.06263170909067345,0.06273955222792835,0.00010784313725490192,0.10784313725490191,102
vw_gr_top_pct_20,2016-12-31,0.011821507560861052,0.012045806626281613,0.00022429906542056078,0.22429906542056077,107
vw_gr_top_pct_20,2017-01-31,0.025476682611247064,0.02563122806579252,0.00015454545454545454,0.15454545454545454,108
vw_gr_top_pct_20,2017-02-28,0.027421812745101127,0.02747685861666076,5.504587155963303e-05,0.05504587155963303,108
vw_gr_top_pct_20,2017-03-31,0.0037902621128846764,0.003872830920224126,8.25688073394495e-05,0.08256880733944949,108
vw_gr_top_pct_20,2017-04-30,0.014362208560463633,0.014612208560463634,0.00025,0.25,106
vw_gr_top_pct_20,2017-05-31,0.01698544190099029,0.01706801070832974,8.25688073394495e-05,0.08256880733944949,109
vw_gr_top_pct_20,2017-06-30,-0.006685637598776951,-0.006465454112538419,0.00022018348623853212,0.22018348623853212,108
vw_gr_top_pct_20,2017-07-31,0.024598173345937172,0.024672247420011246,7.407407407407407e-05,0.07407407407407407,107
vw_gr_top_pct_20,2017-08-31,0.0030791648157681845,0.003181016667620036,0.00010185185185185186,0.10185185185185186,108
vw_gr_top_pct_20,2017-09-30,0.0447848468000592,0.04501420459822434,0.00022935779816513757,0.22935779816513757,109
vw_gr_top_pct_20,2017-10-31,0.0332175825980348,0.033343708724160925,0.00012612612612612618,0.12612612612612617,109
vw_gr_top_pct_20,2017-11-30,0.03234961981838844,0.03242104838981701,7.142857142857141e-05,0.0714285714285714,110
vw_gr_top_pct_20,2017-12-31,0.006390383912352685,0.006577883912352685,0.0001875,0.1875,112
vw_gr_top_pct_20,2018-01-31,0.0555535690841134,0.05566861333190101,0.00011504424778761058,0.11504424778761058,113
vw_gr_top_pct_20,2018-02-28,-0.037063926106972435,-0.03698497873855138,7.894736842105266e-05,0.07894736842105265,113
vw_gr_top_pct_20,2018-03-31,-0.007858315291687484,-0.007763487705480588,9.482758620689657e-05,0.09482758620689657,115
vw_gr_top_pct_20,2018-04-30,-0.009935537227286073,-0.009691839748294476,0.00024369747899159668,0.24369747899159666,119
vw_gr_top_pct_20,2018-05-31,0.044713892973713455,0.044833551093371574,0.00011965811965811969,0.11965811965811968,117
vw_gr_top_pct_20,2018-06-30,0.0006508908078305737,0.0008008908078305738,0.00015000000000000004,0.15000000000000002,120
vw_gr_top_pct_20,2018-07-31,0.03212556325233383,0.03222473680605284,9.917355371900827e-05,0.09917355371900827,121
vw_gr_top_pct_20,2018-08-31,0.042205778045185514,0.04228015821047477,7.438016528925618e-05,0.07438016528925617,119
vw_gr_top_pct_20,2018-09-30,-0.018481784444548732,-0.0182984511112154,0.00018333333333333336,0.18333333333333335,119
vw_gr_top_pct_20,2018-10-31,-0.08538332454611244,-0.08528248420997799,0.00010084033613445376,0.10084033613445376,115
vw_gr_top_pct_20,2018-11-30,0.012340075151768014,0.012434092245785108,9.401709401709401e-05,0.09401709401709402,116
vw_gr_top_pct_20,2018-12-31,-0.08667176967734647,-0.08652176967734647,0.00015000000000000004,0.15000000000000002,118
vw_gr_top_pct_20,2019-01-31,0.09267710773847981,0.0927711248324969,9.401709401709401e-05,0.09401709401709402,117
vw_gr_top_pct_20,2019-02-28,0.03680285395382764,0.03688688756727301,8.40336134453782e-05,0.08403361344537819,116
vw_gr_top_pct_20,2019-03-31,0.010399003118973892,0.010457826648385656,5.882352941176472e-05,0.05882352941176472,119
vw_gr_top_pct_20,2019-04-30,0.03638886740306823,0.036636730650931475,0.0002478632478632479,0.24786324786324787,117
vw_gr_top_pct_20,2019-05-31,-0.08101916248256293,-0.08093369239709285,8.54700854700855e-05,0.0854700854700855,117
vw_gr_top_pct_20,2019-06-30,0.08509841258451901,0.0852880677569328,0.00018965517241379315,0.18965517241379315,115
vw_gr_top_pct_20,2019-07-31,0.02518802693298757,0.025372900882567405,0.00018487394957983195,0.18487394957983194,119
vw_gr_top_pct_20,2019-08-31,-0.015231152693932234,-0.015156152693932234,7.499999999999995e-05,0.07499999999999996,119
vw_gr_top_pct_20,2019-09-30,0.01700281685534479,0.017202816855344787,0.00019999999999999996,0.19999999999999996,120
vw_gr_top_pct_20,2019-10-31,0.020253241237625504,0.020361574570958836,0.00010833333333333329,0.10833333333333328,119
vw_gr_top_pct_20,2019-11-30,0.03045305688057636,0.03055305688057636,9.999999999999998e-05,0.09999999999999998,119
vw_gr_top_pct_20,2019-12-31,0.025830718944360672,0.026093430808767453,0.00026271186440677966,0.2627118644067796,118
vw_gr_top_pct_20,2020-01-31,-0.01665630480561067,-0.016522971472277336,0.0001333333333333333,0.1333333333333333,119
vw_gr_top_pct_20,2020-02-29,-0.07929340209911515,-0.07915894831760253,0.00013445378151260502,0.134453781512605,115
vw_gr_top_pct_20,2020-03-31,-0.1530397247895106,-0.15281283403320808,0.000226890756302521,0.22689075630252098,111
vw_gr_top_pct_20,2020-04-30,0.17068525778253407,0.17092209988779722,0.00023684210526315788,0.23684210526315785,114
vw_gr_top_pct_20,2020-05-31,0.07730811044849462,0.07758777146544377,0.0002796610169491526,0.2796610169491526,117
vw_gr_top_pct_20,2020-06-30,0.02667534447886148,0.026951206547826994,0.00027586206896551725,0.27586206896551724,115
vw_gr_top_pct_20,2020-07-31,0.05965324267774644,0.059756690953608506,0.00010344827586206895,0.10344827586206895,115
vw_gr_top_pct_20,2020-08-31,0.03658001901847958,0.036648984535720956,6.896551724137934e-05,0.06896551724137934,115
vw_gr_top_pct_20,2020-09-30,-0.018417552118340542,-0.01818276950964489,0.00023478260869565215,0.23478260869565215,115
vw_gr_top_pct_20,2020-10-31,-0.006539678831785831,-0.006426635353524962,0.00011304347826086958,0.11304347826086958,114
vw_gr_top_pct_20,2020-11-30,0.10390941711609789,0.10397028668131528,6.086956521739129e-05,0.060869565217391286,115
vw_gr_top_pct_20,2020-12-31,0.04176434662938345,0.041954001801797244,0.00018965517241379315,0.18965517241379315,116
vw_gr_top_pct_20,2021-01-31,0.022560339038367665,0.022637262115290744,7.692307692307687e-05,0.07692307692307687,116
vw_gr_top_pct_20,2021-02-28,0.030978273247394206,0.031062306860839585,8.40336134453782e-05,0.08403361344537819,119
vw_gr_top_pct_20,2021-03-31,0.07118774955155702,0.07134741341710324,0.00015966386554621849,0.15966386554621848,119
vw_gr_top_pct_20,2021-04-30,0.046174193244752554,0.046451504169122304,0.0002773109243697479,0.2773109243697479,118
vw_gr_top_pct_20,2021-05-31,0.012637853997869656,0.012739548913123892,0.00010169491525423725,0.10169491525423724,117
vw_gr_top_pct_20,2021-06-30,-0.008485327307698857,-0.008288605996223447,0.00019672131147540985,0.19672131147540983,122
vw_gr_top_pct_20,2021-07-31,0.027359456908253407,0.02744010206954373,8.064516129032262e-05,0.08064516129032262,124
vw_gr_top_pct_20,2021-08-31,0.013023816155782934,0.013056336480986187,3.252032520325199e-05,0.03252032520325199,119
vw_gr_top_pct_20,2021-09-30,-0.04779677079367437,-0.047612770793674375,0.00018400000000000005,0.18400000000000005,124
vw_gr_top_pct_20,2021-10-31,0.0553094296441811,0.05546022329497475,0.00015079365079365083,0.1507936507936508,126
vw_gr_top_pct_20,2021-11-30,-0.00013302460799254713,-8.50246079925471e-05,4.800000000000004e-05,0.04800000000000004,124
vw_gr_top_pct_20,2021-12-31,0.06483099015893717,0.06512232874161433,0.0002913385826771654,0.2913385826771654,126
vw_gr_top_pct_20,2022-01-31,-0.07638032358255316,-0.07619282358255317,0.0001875,0.1875,126
vw_gr_top_pct_20,2022-02-28,0.010517050523495608,0.010564294617983796,4.7244094488189005e-05,0.047244094488189003,127
vw_gr_top_pct_20,2022-03-31,0.010206493033639564,0.010284618033639564,7.8125e-05,0.078125,126
vw_gr_top_pct_20,2022-04-30,-0.04957010108893141,-0.049337542949396525,0.0002325581395348837,0.2325581395348837,129
vw_gr_top_pct_20,2022-05-31,0.020966289773161503,0.021105824656882433,0.00013953488372093028,0.13953488372093026,129
vw_gr_top_pct_20,2022-06-30,-0.10328231249387831,-0.10310401792023491,0.00017829457364341083,0.17829457364341084,126
vw_gr_top_pct_20,2022-07-31,0.10499654980618467,0.10509178790142276,9.523809523809524e-05,0.09523809523809523,126
vw_gr_top_pct_20,2022-08-31,-0.025528782426022432,-0.025395969926022433,0.0001328125,0.1328125,128
vw_gr_top_pct_20,2022-09-30,-0.08161774519516549,-0.08150663408405437,0.00011111111111111117,0.11111111111111116,122
vw_gr_top_pct_20,2022-10-31,0.11709480033346437,0.11719157452701276,9.677419354838712e-05,0.09677419354838712,124
vw_gr_top_pct_20,2022-11-30,0.0867838149768558,0.08688617718158022,0.0001023622047244095,0.10236220472440949,127
vw_gr_top_pct_20,2022-12-31,-0.05392631552526762,-0.05378458324180305,0.00014173228346456691,0.1417322834645669,127
vw_gr_top_pct_20,2023-01-31,0.07767150290067253,0.0777429314721011,7.142857142857141e-05,0.0714285714285714,126
vw_gr_top_pct_20,2023-02-28,-0.02212642845449613,-0.02205611595449613,7.031250000000001e-05,0.0703125,127
vw_gr_top_pct_20,2023-03-31,0.004537328543029724,0.004631816732006102,9.448818897637801e-05,0.09448818897637801,126
vw_gr_top_pct_20,2023-04-30,-0.004580869700990152,-0.004410327065331237,0.0001705426356589147,0.1705426356589147,127
vw_gr_top_pct_20,2023-05-31,-0.023778782431762024,-0.02368647473945433,9.230769230769232e-05,0.09230769230769231,127
vw_gr_top_pct_20,2023-06-30,0.10752185020734822,0.10767810020734822,0.00015625,0.15625,127
vw_gr_top_pct_20,2023-07-31,0.06158098230303497,0.061696366918419586,0.00011538461538461542,0.11538461538461542,129
vw_gr_top_pct_20,2023-08-31,-0.015676623460827717,-0.015599700383904638,7.692307692307687e-05,0.07692307692307687,129
vw_gr_top_pct_20,2023-09-30,-0.044176959439515676,-0.04403192127157674,0.00014503816793893132,0.14503816793893132,129
vw_gr_top_pct_20,2023-10-31,-0.034469729626676514,-0.034371244778191666,9.848484848484852e-05,0.09848484848484851,131
vw_gr_top_pct_20,2023-11-30,0.08243900569682663,0.08248446024228118,4.545454545454542e-05,0.045454545454545414,131
vw_gr_top_pct_20,2023-12-31,0.08226546353575986,0.08242335827260197,0.00015789473684210532,0.1578947368421053,132
vw_gr_top_pct_20,2024-01-31,0.002929089372417011,0.0030261042977901454,9.701492537313428e-05,0.09701492537313428,133
vw_gr_top_pct_20,2024-02-29,0.07111367692176203,0.0711808411008665,6.716417910447758e-05,0.06716417910447758,134
vw_gr_top_pct_20,2024-03-31,0.05716043868638139,0.05732340164934435,0.00016296296296296298,0.16296296296296298,134
vw_gr_top_pct_20,2024-04-30,-0.05191881113929831,-0.05183732965781683,8.148148148148149e-05,0.08148148148148149,134
vw_gr_top_pct_20,2024-05-31,0.045520048399523005,0.04559523636944782,7.518796992481203e-05,0.07518796992481203,133
vw_gr_top_pct_20,2024-06-30,-0.01504664888936766,-0.014868871111589882,0.0001777777777777778,0.1777777777777778,134
vw_gr_top_pct_20,2024-07-31,0.062179307138236564,0.06228960125588362,0.00011029411764705888,0.11029411764705888,136
vw_gr_top_pct_20,2024-08-31,-0.01093876411682637,-0.010830068464652457,0.00010869565217391309,0.10869565217391308,137
vw_gr_top_pct_20,2024-09-30,0.012748813340866881,0.01288020020218075,0.00013138686131386858,0.13138686131386856,136
vw_gr_top_pct_20,2024-10-31,-0.020662839938154594,-0.020559898761684008,0.00010294117647058821,0.1029411764705882,135
vw_gr_top_pct_20,2024-11-30,0.07815090276301152,0.0782676910841794,0.00011678832116788319,0.11678832116788318,136
vw_gr_top_pct_20,2024-12-31,-0.06508883115858266,-0.0649258681956197,0.00016296296296296298,0.16296296296296298,134
vw_gr_top_pct_20,2025-01-31,0.01390889762551851,0.014011838801989099,0.00010294117647058821,0.1029411764705882,135
vw_gr_top_pct_20,2025-02-28,-0.03608222496895023,-0.0360381073218914,4.4117647058823485e-05,0.044117647058823484,134
vw_gr_top_pct_20,2025-03-31,-0.026580839453768625,-0.02648454315747233,9.629629629629632e-05,0.09629629629629632,133
vw_gr_top_pct_20,2025-04-30,-0.033274318009459125,-0.03303189376703488,0.00024242424242424245,0.24242424242424243,131
vw_gr_top_pct_20,2025-05-31,0.05274079556404327,0.05286861511291545,0.0001278195488721805,0.1278195488721805,131
vw_gr_top_pct_20,2025-06-30,0.012983312391701892,0.013180282088671589,0.00019696969696969703,0.19696969696969702,132
vw_gr_top_pct_20,2025-07-31,0.010186027145383955,0.010305430130458582,0.00011940298507462688,0.11940298507462688,133
vw_gr_top_pct_20,2025-08-31,0.05567202894224354,0.05574665580791518,7.462686567164179e-05,0.07462686567164178,134
vw_gr_top_pct_20,2025-09-30,0.007446510432525391,0.007643590724496194,0.0001970802919708029,0.1970802919708029,137
vw_gr_top_pct_20,2025-10-31,-0.031671660501824406,-0.03156947072080251,0.0001021897810218978,0.1021897810218978,137
vw_gr_top_pct_20,2025-11-30,0.030978292141557347,0.031065883382433258,8.759124087591242e-05,0.08759124087591241,137
vw_gr_top_pct_20,2025-12-31,0.005207926086896622,0.0054269041890864025,0.000218978102189781,0.21897810218978098,137
vw_gr_top_pct_20,2026-01-31,0.0645997920877329,0.0646946825986818,9.489051094890511e-05,0.0948905109489051,137
vw_gr_top_pct_20,2026-02-28,0.058997747444564215,0.05906344087522115,6.569343065693434e-05,0.06569343065693434,137
vw_gr_top_pct_20,2026-03-31,-0.040122729282468156,-0.04003639834721636,8.633093525179858e-05,0.08633093525179858,138
vw_gr_top_pct_20,2026-04-30,0.07607760381664769,0.0763427553317992,0.0002651515151515151,0.26515151515151514,132
vw_gr_top_pct_20,2026-05-31,0.001704588523100989,0.0018239915081756158,0.00011940298507462688,0.11940298507462688,134
vw_gr_top_pct_10,2008-11-30,0.028320987654321006,0.029320987654321007,0.001,1.0,1
vw_gr_top_pct_10,2008-12-31,0.07196401799100438,0.07196401799100438,0.0,0.0,1
vw_gr_top_pct_10,2009-01-31,-0.12494172494172495,-0.12494172494172495,0.0,0.0,1
vw_gr_top_pct_10,2009-02-28,-0.008597912004735253,-0.008597912004735253,0.0,0.0,1
vw_gr_top_pct_10,2009-03-31,0.22460186710598573,0.22460186710598573,0.0,0.0,1
vw_gr_top_pct_10,2009-04-30,0.07937219730941703,0.07937219730941703,0.0,0.0,1
vw_gr_top_pct_10,2009-05-31,0.16825924387204005,0.16825924387204005,0.0,0.0,1
vw_gr_top_pct_10,2009-06-30,-0.026849217638691414,-0.026849217638691414,0.0,0.0,1
vw_gr_top_pct_10,2009-07-31,0.15037456605152566,0.15037456605152566,0.0,0.0,1
vw_gr_top_pct_10,2009-08-31,0.03189963422464642,0.03239963422464642,0.0005,0.5,2
vw_gr_top_pct_10,2009-09-30,0.09220864482610253,0.09254197815943586,0.00033333333333333343,0.33333333333333337,3
vw_gr_top_pct_10,2009-10-31,-0.023600648893645045,-0.023350648893645045,0.00025,0.25,4
vw_gr_top_pct_10,2009-11-30,0.07587877579555577,0.07607877579555578,0.00019999999999999996,0.19999999999999996,5
vw_gr_top_pct_10,2009-12-31,-0.0015907123737888712,-0.0010907123737888711,0.0005,0.5,8
vw_gr_top_pct_10,2010-01-31,-0.013732086709803937,-0.013432086709803937,0.0003000000000000001,0.30000000000000004,10
vw_gr_top_pct_10,2010-02-28,0.07698323776437266,0.07728323776437265,0.0003000000000000001,0.30000000000000004,10
vw_gr_top_pct_10,2010-03-31,0.0645265283827197,0.0649015283827197,0.000375,0.375,16
vw_gr_top_pct_10,2010-04-30,0.03281819409708733,0.03335665563554887,0.0005384615384615384,0.5384615384615384,26
vw_gr_top_pct_10,2010-05-31,-0.0544202647962436,-0.05434619072216953,7.407407407407407e-05,0.07407407407407407,27
vw_gr_top_pct_10,2010-06-30,-0.028276282151254058,-0.028091096966068874,0.00018518518518518523,0.18518518518518523,26
vw_gr_top_pct_10,2010-07-31,0.05219631931115892,0.05223335634819596,3.703703703703709e-05,0.03703703703703709,27
vw_gr_top_pct_10,2010-08-31,-0.03238412781884185,-0.03231269924741328,7.142857142857141e-05,0.0714285714285714,28
vw_gr_top_pct_10,2010-09-30,0.10218577840299958,0.10236434983157101,0.0001785714285714286,0.1785714285714286,27
vw_gr_top_pct_10,2010-10-31,0.04176996398238733,0.04191282112524448,0.00014285714285714292,0.1428571428571429,28
vw_gr_top_pct_10,2010-11-30,0.0036872197161036393,0.0038596335092070874,0.0001724137931034483,0.1724137931034483,29
vw_gr_top_pct_10,2010-12-31,0.04508409708997395,0.04530990354158685,0.00022580645161290327,0.22580645161290325,31
vw_gr_top_pct_10,2011-01-31,0.0012738277803357196,0.0013675777803357197,9.375e-05,0.09375,32
vw_gr_top_pct_10,2011-02-28,0.04091493689819223,0.04097743689819223,6.25e-05,0.0625,32
vw_gr_top_pct_10,2011-03-31,0.017562344921725516,0.01770940374525493,0.0001470588235294118,0.1470588235294118,34
vw_gr_top_pct_10,2011-04-30,0.053590415198207265,0.0538551210805602,0.00026470588235294115,0.2647058823529411,34
vw_gr_top_pct_10,2011-05-31,0.010128876408563355,0.010212209741896688,8.333333333333337e-05,0.08333333333333337,36
vw_gr_top_pct_10,2011-06-30,-0.01204924466249516,-0.011854800218050715,0.00019444444444444443,0.19444444444444442,36
vw_gr_top_pct_10,2011-07-31,-0.015719349801053724,-0.015608238689942612,0.00011111111111111117,0.11111111111111116,35
vw_gr_top_pct_10,2011-08-31,-0.028635998524026183,-0.02855266519069285,8.333333333333337e-05,0.08333333333333337,35
vw_gr_top_pct_10,2011-09-30,-0.0644101381988675,-0.06419392198265128,0.00021621621621621624,0.21621621621621623,35
vw_gr_top_pct_10,2011-10-31,0.12036706147319971,0.12050991861605685,0.00014285714285714292,0.1428571428571429,34
vw_gr_top_pct_10,2011-11-30,0.016085872084513984,0.01627506127370317,0.00018918918918918914,0.18918918918918914,36
vw_gr_top_pct_10,2011-12-31,0.027919851287618307,0.028217148584915603,0.0002972972972972973,0.29729729729729726,37
vw_gr_top_pct_10,2012-01-31,0.0395666462093566,0.03964772729043768,8.108108108108104e-05,0.08108108108108103,37
vw_gr_top_pct_10,2012-02-29,0.04657137816687841,0.0467555886931942,0.0001842105263157895,0.1842105263157895,38
vw_gr_top_pct_10,2012-03-31,0.033222653574982615,0.03338054831182472,0.00015789473684210532,0.1578947368421053,38
vw_gr_top_pct_10,2012-04-30,0.024680618979415755,0.024891145295205228,0.0002105263157894737,0.21052631578947367,38
vw_gr_top_pct_10,2012-05-31,-0.04097241693076161,-0.04089346956234056,7.894736842105266e-05,0.07894736842105265,37
vw_gr_top_pct_10,2012-06-30,0.022924991243946737,0.02313551755973621,0.0002105263157894737,0.21052631578947367,38
vw_gr_top_pct_10,2012-07-31,0.006844380990783731,0.006949644148678468,0.00010526315789473685,0.10526315789473684,37
vw_gr_top_pct_10,2012-08-31,0.015785538609755314,0.015920673744890448,0.00013513513513513508,0.1351351351351351,36
vw_gr_top_pct_10,2012-09-30,0.005937392542390293,0.006207662812660563,0.0002702702702702703,0.2702702702702703,37
vw_gr_top_pct_10,2012-10-31,-0.022134432376837876,-0.021972270214675713,0.00016216216216216218,0.16216216216216217,36
vw_gr_top_pct_10,2012-11-30,0.0019934017290804723,0.0021825909182696616,0.00018918918918918914,0.18918918918918914,36
vw_gr_top_pct_10,2012-12-31,0.003368626101228016,0.0036317839959648583,0.00026315789473684215,0.26315789473684215,37
vw_gr_top_pct_10,2013-01-31,0.059202997053434306,0.05936089179027641,0.00015789473684210532,0.1578947368421053,37
vw_gr_top_pct_10,2013-02-28,0.013964436430529465,0.014143923610016644,0.00017948717948717952,0.17948717948717952,39
vw_gr_top_pct_10,2013-03-31,0.044524091454008916,0.044649091454008916,0.000125,0.125,39
vw_gr_top_pct_10,2013-04-30,0.01780896088416637,0.01813396088416637,0.000325,0.32499999999999996,39
vw_gr_top_pct_10,2013-05-31,0.015010652143178458,0.015160652143178459,0.00015000000000000004,0.15000000000000002,39
vw_gr_top_pct_10,2013-06-30,-0.004931805167671408,-0.004706805167671408,0.00022500000000000002,0.22499999999999998,40
vw_gr_top_pct_10,2013-07-31,0.05545571341413153,0.055555713414131534,9.999999999999998e-05,0.09999999999999998,40
vw_gr_top_pct_10,2013-08-31,-0.03070573222307969,-0.030608171247469933,9.756097560975608e-05,0.09756097560975607,38
vw_gr_top_pct_10,2013-09-30,0.04017162487380638,0.04039662487380638,0.00022500000000000002,0.22499999999999998,40
vw_gr_top_pct_10,2013-10-31,0.053905880601429236,0.05408088060142924,0.00017500000000000005,0.17500000000000004,40
vw_gr_top_pct_10,2013-11-30,0.03345519176073927,0.033550429855977365,9.523809523809524e-05,0.09523809523809523,41
vw_gr_top_pct_10,2013-12-31,0.030560889392302358,0.030775175106588074,0.00021428571428571433,0.2142857142857143,42
vw_gr_top_pct_10,2014-01-31,-0.04041080135699207,-0.04022475484536416,0.000186046511627907,0.18604651162790697,42
vw_gr_top_pct_10,2014-02-28,0.05284116479425856,0.05295480115789492,0.00011363636363636365,0.11363636363636365,44
vw_gr_top_pct_10,2014-03-31,0.021422949369524883,0.02151183825841377,8.88888888888889e-05,0.0888888888888889,44
vw_gr_top_pct_10,2014-04-30,0.0042896397223360395,0.004534084166780484,0.0002444444444444445,0.24444444444444446,44
vw_gr_top_pct_10,2014-05-31,0.008651452833096311,0.008762563944207422,0.00011111111111111117,0.11111111111111116,45
vw_gr_top_pct_10,2014-06-30,0.008742259896277913,0.00900892656294458,0.00026666666666666673,0.2666666666666667,44
vw_gr_top_pct_10,2014-07-31,0.0021798218331387648,0.0022687107220276535,8.88888888888889e-05,0.0888888888888889,45
vw_gr_top_pct_10,2014-08-31,0.04691193686288367,0.04702304797399478,0.00011111111111111117,0.11111111111111116,42
vw_gr_top_pct_10,2014-09-30,-0.024389625807034528,-0.02409417126157998,0.0002954545454545454,0.2954545454545454,43
vw_gr_top_pct_10,2014-10-31,0.032773345027287064,0.03297789048183252,0.0002045454545454546,0.20454545454545459,44
vw_gr_top_pct_10,2014-11-30,0.02851480501546585,0.028663741185678618,0.00014893617021276596,0.14893617021276595,47
vw_gr_top_pct_10,2014-12-31,-0.0016850904777929786,-0.001380742651706022,0.00030434782608695655,0.30434782608695654,45
vw_gr_top_pct_10,2015-01-31,-0.014309516556624295,-0.014142849889957627,0.00016666666666666663,0.16666666666666663,48
vw_gr_top_pct_10,2015-02-28,0.059403437061392866,0.059507603728059535,0.00010416666666666663,0.10416666666666663,48
vw_gr_top_pct_10,2015-03-31,-0.004005385101721392,-0.003903344285394861,0.00010204081632653062,0.10204081632653061,49
vw_gr_top_pct_10,2015-04-30,-0.007347198516533728,-0.007092296555749415,0.00025490196078431374,0.2549019607843137,51
vw_gr_top_pct_10,2015-05-31,0.025888097636460706,0.02610378391097051,0.00021568627450980397,0.21568627450980393,51
vw_gr_top_pct_10,2015-06-30,-0.007884162355427774,-0.0076841623554277745,0.00019999999999999996,0.19999999999999996,49
vw_gr_top_pct_10,2015-07-31,0.03421523002240905,0.034335230022409055,0.00012,0.12,50
vw_gr_top_pct_10,2015-08-31,-0.05560753498145288,-0.055507534981452875,9.999999999999998e-05,0.09999999999999998,49
vw_gr_top_pct_10,2015-09-30,-0.008242051363334786,-0.008042051363334786,0.00019999999999999996,0.19999999999999996,49
vw_gr_top_pct_10,2015-10-31,0.06024056319187795,0.06032219584493917,8.163265306122448e-05,0.08163265306122447,49
vw_gr_top_pct_10,2015-11-30,-0.007230923630974656,-0.007110923630974656,0.00012,0.12,50
vw_gr_top_pct_10,2015-12-31,-0.022302789729681027,-0.022142789729681027,0.00016000000000000004,0.16000000000000003,50
vw_gr_top_pct_10,2016-01-31,-0.04084534764754223,-0.04076371499448101,8.163265306122448e-05,0.08163265306122447,49
vw_gr_top_pct_10,2016-02-29,0.03366028539460279,0.03372150988439871,6.122448979591832e-05,0.061224489795918324,49
vw_gr_top_pct_10,2016-03-31,0.06504947186917052,0.0653147779916195,0.0002653061224489796,0.26530612244897955,49
vw_gr_top_pct_10,2016-04-30,-0.029426441330787013,-0.029266441330787013,0.00016000000000000004,0.16000000000000003,49
vw_gr_top_pct_10,2016-05-31,0.004633406276366185,0.004733406276366185,9.999999999999998e-05,0.09999999999999998,50
vw_gr_top_pct_10,2016-06-30,0.009935444521171507,0.010155444521171507,0.00021999999999999998,0.21999999999999997,50
vw_gr_top_pct_10,2016-07-31,0.03488885924720467,0.034948859247204665,6.0000000000000056e-05,0.06000000000000005,50
vw_gr_top_pct_10,2016-08-31,0.0005433691073364715,0.0006414083230227459,9.80392156862745e-05,0.0980392156862745,49
vw_gr_top_pct_10,2016-09-30,-0.007685616472727714,-0.007450322355080655,0.00023529411764705888,0.23529411764705888,51
vw_gr_top_pct_10,2016-10-31,-0.025261240929067088,-0.025126625544451702,0.00013461538461538458,0.13461538461538458,52
vw_gr_top_pct_10,2016-11-30,0.046019602684580066,0.04607842621399183,5.882352941176472e-05,0.05882352941176472,51
vw_gr_top_pct_10,2016-12-31,0.005860148530902788,0.006045333716087973,0.00018518518518518523,0.18518518518518523,54
vw_gr_top_pct_10,2017-01-31,0.026009763731929893,0.026173400095566256,0.00016363636363636369,0.1636363636363637,55
vw_gr_top_pct_10,2017-02-28,0.02407098381872822,0.024143711091455494,7.272727272727276e-05,0.07272727272727275,55
vw_gr_top_pct_10,2017-03-31,0.00884156144514841,0.008932470536057502,9.090909090909094e-05,0.09090909090909094,54
vw_gr_top_pct_10,2017-04-30,0.011601267591739668,0.01182348981396189,0.00022222222222222223,0.2222222222222222,53
vw_gr_top_pct_10,2017-05-31,0.009125765292386479,0.009253038019659206,0.0001272727272727273,0.12727272727272732,55
vw_gr_top_pct_10,2017-06-30,-0.013579763401209638,-0.013325217946664183,0.0002545454545454545,0.2545454545454545,55
vw_gr_top_pct_10,2017-07-31,0.03133382781033176,0.031407901884405835,7.407407407407407e-05,0.07407407407407407,54
vw_gr_top_pct_10,2017-08-31,0.012267018200768169,0.012396647830397798,0.00012962962962962966,0.12962962962962965,54
vw_gr_top_pct_10,2017-09-30,0.04554471892907553,0.04574471892907553,0.00019999999999999996,0.19999999999999996,55
vw_gr_top_pct_10,2017-10-31,0.034674184479844196,0.03481704162270134,0.00014285714285714292,0.1428571428571429,55
vw_gr_top_pct_10,2017-11-30,0.04161524802232051,0.04172239087946336,0.0001071428571428571,0.1071428571428571,55
vw_gr_top_pct_10,2017-12-31,0.0020994632458760038,0.0023494632458760036,0.00025,0.25,56
vw_gr_top_pct_10,2018-01-31,0.0572158146417688,0.05737370937861091,0.00015789473684210532,0.1578947368421053,57
vw_gr_top_pct_10,2018-02-28,-0.032339191945143876,-0.03225147264689826,8.77192982456141e-05,0.08771929824561409,56
vw_gr_top_pct_10,2018-03-31,-0.006539370057926047,-0.006435921782063978,0.00010344827586206895,0.10344827586206895,58
vw_gr_top_pct_10,2018-04-30,0.002752615862997076,0.003019282529663743,0.00026666666666666673,0.2666666666666667,60
vw_gr_top_pct_10,2018-05-31,0.05283750752829628,0.05299004990117764,0.00015254237288135598,0.15254237288135597,59
vw_gr_top_pct_10,2018-06-30,-0.007006397446418211,-0.006773064113084877,0.0002333333333333333,0.23333333333333328,60
vw_gr_top_pct_10,2018-07-31,0.02568321094932731,0.025797965047687964,0.00011475409836065575,0.11475409836065575,61
vw_gr_top_pct_10,2018-08-31,0.04952891708040382,0.049561703965649725,3.2786885245901676e-05,0.032786885245901676,60
vw_gr_top_pct_10,2018-09-30,-0.017073883823275345,-0.01690721715660868,0.00016666666666666663,0.16666666666666663,60
vw_gr_top_pct_10,2018-10-31,-0.0955200753241979,-0.0954200753241979,9.999999999999998e-05,0.09999999999999998,59
vw_gr_top_pct_10,2018-11-30,0.011788732996278752,0.01183958045390587,5.084745762711862e-05,0.05084745762711862,58
vw_gr_top_pct_10,2018-12-31,-0.0841957372761592,-0.0839957372761592,0.00019999999999999996,0.19999999999999996,60
vw_gr_top_pct_10,2019-01-31,0.08905035664383161,0.0891859498641706,0.00013559322033898302,0.13559322033898302,59
vw_gr_top_pct_10,2019-02-28,0.03974785138782955,0.03981451805449621,6.666666666666666e-05,0.06666666666666665,59
vw_gr_top_pct_10,2019-03-31,0.022599178745584595,0.022649178745584597,5.000000000000005e-05,0.050000000000000044,60
vw_gr_top_pct_10,2019-04-30,0.036404373738639154,0.03662471272169,0.00022033898305084742,0.22033898305084743,59
vw_gr_top_pct_10,2019-05-31,-0.07742387836501945,-0.07728828514468046,0.00013559322033898302,0.13559322033898302,59
vw_gr_top_pct_10,2019-06-30,0.09129786146762252,0.09157372353658803,0.00027586206896551725,0.27586206896551724,58
vw_gr_top_pct_10,2019-07-31,0.031621394023515985,0.03185472735684932,0.0002333333333333333,0.23333333333333328,60
vw_gr_top_pct_10,2019-08-31,-0.015926006965409398,-0.015792673632076065,0.0001333333333333333,0.1333333333333333,60
vw_gr_top_pct_10,2019-09-30,0.014598594911002311,0.014815261577668978,0.0002166666666666667,0.21666666666666667,60
vw_gr_top_pct_10,2019-10-31,0.02059471216925506,0.020711378835921727,0.0001166666666666667,0.1166666666666667,59
vw_gr_top_pct_10,2019-11-30,0.028318714078422753,0.028402047411756087,8.333333333333337e-05,0.08333333333333337,59
vw_gr_top_pct_10,2019-12-31,0.02953374844212121,0.029838833187883922,0.00030508474576271185,0.30508474576271183,59
vw_gr_top_pct_10,2020-01-31,-0.0039318819498485634,-0.0037652152831818965,0.00016666666666666663,0.16666666666666663,60
vw_gr_top_pct_10,2020-02-29,-0.08140061456035014,-0.08125061456035014,0.00015000000000000004,0.15000000000000002,57
vw_gr_top_pct_10,2020-03-31,-0.14722361858442343,-0.14690695191775677,0.00031666666666666665,0.31666666666666665,55
vw_gr_top_pct_10,2020-04-30,0.17797292498172154,0.17827117059575662,0.0002982456140350878,0.29824561403508776,57
vw_gr_top_pct_10,2020-05-31,0.07490466606226692,0.07515890335040251,0.0002542372881355932,0.2542372881355932,58
vw_gr_top_pct_10,2020-06-30,0.026617964545722843,0.026876585235378014,0.00025862068965517237,0.2586206896551724,57
vw_gr_top_pct_10,2020-07-31,0.060347135441580206,0.060485066476062964,0.00013793103448275868,0.13793103448275867,58
vw_gr_top_pct_10,2020-08-31,0.04244698539005587,0.042567675045228286,0.00012068965517241382,0.12068965517241381,58
vw_gr_top_pct_10,2020-09-30,-0.028394399327954557,-0.02804957174174766,0.0003448275862068966,0.3448275862068966,58
vw_gr_top_pct_10,2020-10-31,-0.015972651122978465,-0.015869202847116397,0.00010344827586206895,0.10344827586206895,58
vw_gr_top_pct_10,2020-11-30,0.08996883896816082,0.09000332172678152,3.4482758620689616e-05,0.03448275862068961,58
vw_gr_top_pct_10,2020-12-31,0.037436870990242746,0.03769549167989792,0.00025862068965517237,0.2586206896551724,58
vw_gr_top_pct_10,2021-01-31,0.029905445202662854,0.03005798757554421,0.00015254237288135598,0.15254237288135597,59
vw_gr_top_pct_10,2021-02-28,0.017034420811443293,0.017134420811443292,9.999999999999998e-05,0.09999999999999998,60
vw_gr_top_pct_10,2021-03-31,0.07246751221525262,0.07261751221525262,0.00015000000000000004,0.15000000000000002,60
vw_gr_top_pct_10,2021-04-30,0.052303785350660305,0.052637118683993636,0.00033333333333333343,0.33333333333333337,60
vw_gr_top_pct_10,2021-05-31,0.015561531865866673,0.015697125086205656,0.00013559322033898302,0.13559322033898302,58
vw_gr_top_pct_10,2021-06-30,-0.0028018702690342195,-0.002572362072312908,0.0002295081967213115,0.2295081967213115,61
vw_gr_top_pct_10,2021-07-31,0.03972758329565552,0.039792099424687775,6.451612903225812e-05,0.06451612903225812,62
vw_gr_top_pct_10,2021-08-31,0.016288270980074123,0.016336658076848316,4.8387096774193506e-05,0.048387096774193505,59
vw_gr_top_pct_10,2021-09-30,-0.03568124707028827,-0.035474897863939064,0.00020634920634920642,0.2063492063492064,62
vw_gr_top_pct_10,2021-10-31,0.05150283054016861,0.0516933067306448,0.00019047619047619048,0.19047619047619047,63
vw_gr_top_pct_10,2021-11-30,0.011805547881727732,0.011900785976965826,9.523809523809524e-05,0.09523809523809523,62
vw_gr_top_pct_10,2021-12-31,0.055071858020150126,0.055446858020150126,0.000375,0.375,63
vw_gr_top_pct_10,2022-01-31,-0.0749152118388065,-0.0746495868388065,0.000265625,0.265625,64
vw_gr_top_pct_10,2022-02-28,0.01496797062553551,0.01501484562553551,4.6875e-05,0.046875,64
vw_gr_top_pct_10,2022-03-31,0.004817845508998298,0.004927220508998298,0.000109375,0.109375,63
vw_gr_top_pct_10,2022-04-30,-0.050597808922233964,-0.05035165507608012,0.0002461538461538462,0.24615384615384617,65
vw_gr_top_pct_10,2022-05-31,0.015122545009185445,0.015261006547646984,0.00013846153846153842,0.1384615384615384,65
vw_gr_top_pct_10,2022-06-30,-0.1279283788906282,-0.1277591481213974,0.0001692307692307692,0.16923076923076918,63
vw_gr_top_pct_10,2022-07-31,0.10897968759884037,0.10905905267820545,7.936507936507942e-05,0.07936507936507942,63
vw_gr_top_pct_10,2022-08-31,-0.017436197430582567,-0.017373697430582567,6.25e-05,0.0625,64
vw_gr_top_pct_10,2022-09-30,-0.07921696668740345,-0.07904236351280028,0.00017460317460317465,0.17460317460317465,61
vw_gr_top_pct_10,2022-10-31,0.1257856068472019,0.12589851007300834,0.00011290322580645163,0.11290322580645162,62
vw_gr_top_pct_10,2022-11-30,0.08590238313382693,0.08601175813382693,0.000109375,0.109375,64
vw_gr_top_pct_10,2022-12-31,-0.06305432063727355,-0.06288244563727355,0.00017187500000000002,0.171875,64
vw_gr_top_pct_10,2023-01-31,0.09016178142600499,0.09020940047362404,4.7619047619047675e-05,0.04761904761904767,63
vw_gr_top_pct_10,2023-02-28,-0.024214709131646944,-0.024136584131646946,7.8125e-05,0.078125,63
vw_gr_top_pct_10,2023-03-31,0.00391641057979414,0.00397891057979414,6.25e-05,0.0625,63
vw_gr_top_pct_10,2023-04-30,-0.01517692747465557,-0.01497692747465557,0.00019999999999999996,0.19999999999999996,64
vw_gr_top_pct_10,2023-05-31,-0.01943035327314298,-0.019276507119296828,0.00015384615384615385,0.15384615384615385,62
vw_gr_top_pct_10,2023-06-30,0.11109669829416499,0.11128419829416498,0.0001875,0.1875,64
vw_gr_top_pct_10,2023-07-31,0.07401407797831644,0.07410638567062414,9.230769230769232e-05,0.09230769230769231,65
vw_gr_top_pct_10,2023-08-31,-0.007342882275153525,-0.007265959198230448,7.692307692307687e-05,0.07692307692307687,65
vw_gr_top_pct_10,2023-09-30,-0.03911621445373474,-0.03894954778706807,0.00016666666666666663,0.16666666666666663,66
vw_gr_top_pct_10,2023-10-31,-0.035184335093454,-0.03510857751769642,7.57575757575758e-05,0.0757575757575758,66
vw_gr_top_pct_10,2023-11-30,0.08846585832736947,0.08855676741827856,9.090909090909094e-05,0.09090909090909094,66
vw_gr_top_pct_10,2023-12-31,0.07992627674067025,0.08010538121828219,0.00017910447761194026,0.17910447761194026,66
vw_gr_top_pct_10,2024-01-31,0.008206185795107226,0.008250961914510212,4.47761194029851e-05,0.04477611940298509,66
vw_gr_top_pct_10,2024-02-29,0.08126280193364216,0.08130757805304514,4.47761194029851e-05,0.04477611940298509,67
vw_gr_top_pct_10,2024-03-31,0.07276231180683611,0.07299760592448316,0.00023529411764705888,0.23529411764705888,68
vw_gr_top_pct_10,2024-04-30,-0.06042693434142194,-0.060338699047304295,8.823529411764708e-05,0.08823529411764708,68
vw_gr_top_pct_10,2024-05-31,0.05646939957701521,0.056514175696418194,4.47761194029851e-05,0.04477611940298509,67
vw_gr_top_pct_10,2024-06-30,-0.00823012569457149,-0.00809777275339502,0.00013235294117647058,0.13235294117647056,67
vw_gr_top_pct_10,2024-07-31,0.05204517077192829,0.05217752371310476,0.00013235294117647058,0.13235294117647056,68
vw_gr_top_pct_10,2024-08-31,-0.020179874241740784,-0.02006393221275528,0.00011594202898550721,0.1159420289855072,69
vw_gr_top_pct_10,2024-09-30,0.020660708113680315,0.02090708492527452,0.0002463768115942029,0.24637681159420288,68
vw_gr_top_pct_10,2024-10-31,-0.02029599190834115,-0.020119521320105856,0.00017647058823529416,0.17647058823529416,68
vw_gr_top_pct_10,2024-11-30,0.07524166366096137,0.07534311293632369,0.00010144927536231885,0.10144927536231885,68
vw_gr_top_pct_10,2024-12-31,-0.05478744699375245,-0.054522741111399514,0.00026470588235294115,0.2647058823529411,67
vw_gr_top_pct_10,2025-01-31,0.0007187413493035682,0.0008510942904800388,0.00013235294117647058,0.13235294117647056,68
vw_gr_top_pct_10,2025-02-28,-0.034091927469021795,-0.03404780982196297,4.4117647058823485e-05,0.044117647058823484,66
vw_gr_top_pct_10,2025-03-31,-0.00279778733291418,-0.0026654343917377095,0.00013235294117647058,0.13235294117647056,66
vw_gr_top_pct_10,2025-04-30,-0.035960756798515306,-0.035688029525788034,0.00027272727272727274,0.2727272727272727,65
vw_gr_top_pct_10,2025-05-31,0.049132466072656374,0.049311570550268316,0.00017910447761194026,0.17910447761194026,66
vw_gr_top_pct_10,2025-06-30,0.010695922155378033,0.010998952458408337,0.000303030303030303,0.303030303030303,66
vw_gr_top_pct_10,2025-07-31,0.014727202720606696,0.014906307198218637,0.00017910447761194026,0.17910447761194026,66
vw_gr_top_pct_10,2025-08-31,0.06295462859695626,0.06305910620889656,0.00010447761194029848,0.10447761194029848,67
vw_gr_top_pct_10,2025-09-30,0.00890222393436222,0.009134107992333235,0.00023188405797101456,0.23188405797101452,69
vw_gr_top_pct_10,2025-10-31,-0.03363646974993393,-0.03349154221370205,0.00014492753623188405,0.14492753623188404,69
vw_gr_top_pct_10,2025-11-30,0.029055385363265858,0.029171327392251364,0.00011594202898550721,0.1159420289855072,69
vw_gr_top_pct_10,2025-12-31,0.010793944191228701,0.011083799263692469,0.0002898550724637681,0.28985507246376807,69
vw_gr_top_pct_10,2026-01-31,0.0673568750702803,0.067487309852889,0.0001304347826086957,0.13043478260869568,69
vw_gr_top_pct_10,2026-02-28,0.071802061100883,0.07190351037624532,0.00010144927536231885,0.10144927536231885,69
vw_gr_top_pct_10,2026-03-31,-0.041318032740156815,-0.04116088988301396,0.00015714285714285716,0.15714285714285714,70
vw_gr_top_pct_10,2026-04-30,0.0956188174088753,0.09598245377251166,0.00036363636363636367,0.36363636363636365,66
vw_gr_top_pct_10,2026-05-31,0.01408062359235112,0.014214951950560075,0.00013432835820895527,0.13432835820895528,67
vw_gr_top_n_50,2008-11-30,0.028320987654321006,0.029320987654321007,0.001,1.0,1
vw_gr_top_n_50,2008-12-31,0.07196401799100438,0.07196401799100438,0.0,0.0,1
vw_gr_top_n_50,2009-01-31,-0.12494172494172495,-0.12494172494172495,0.0,0.0,1
vw_gr_top_n_50,2009-02-28,-0.008597912004735253,-0.008597912004735253,0.0,0.0,1
vw_gr_top_n_50,2009-03-31,0.22460186710598573,0.22460186710598573,0.0,0.0,1
vw_gr_top_n_50,2009-04-30,0.07937219730941703,0.07937219730941703,0.0,0.0,1
vw_gr_top_n_50,2009-05-31,0.16825924387204005,0.16825924387204005,0.0,0.0,1
vw_gr_top_n_50,2009-06-30,0.033926669094396865,0.034593335761063534,0.0006666666666666669,0.6666666666666667,3
vw_gr_top_n_50,2009-07-31,0.11228076618900788,0.11311409952234122,0.0008333333333333334,0.8333333333333334,6
vw_gr_top_n_50,2009-08-31,0.03338160025907204,0.03388160025907204,0.0005,0.5,12
vw_gr_top_n_50,2009-09-30,0.05736522340807443,0.05786522340807443,0.0005,0.5,24
vw_gr_top_n_50,2009-10-31,0.005292392672209517,0.005542392672209517,0.00025,0.25,30
vw_gr_top_n_50,2009-11-30,0.06203959956680728,0.06230789224973411,0.0002682926829268293,0.2682926829268293,41
vw_gr_top_n_50,2009-12-31,0.02465742354056633,0.02509742354056633,0.00043999999999999996,0.43999999999999995,50
vw_gr_top_n_50,2010-01-31,-0.02955524207057741,-0.02931524207057741,0.00024,0.24,49
vw_gr_top_n_50,2010-02-28,0.049318973314621525,0.04941897331462153,9.999999999999998e-05,0.09999999999999998,49
vw_gr_top_n_50,2010-03-31,0.05769070941991053,0.05805070941991053,0.00035999999999999997,0.36,50
vw_gr_top_n_50,2010-04-30,0.02273488264878734,0.023214882648787342,0.00048,0.48,50
vw_gr_top_n_50,2010-05-31,-0.060647036755070424,-0.06058703675507043,6.0000000000000056e-05,0.06000000000000005,50
vw_gr_top_n_50,2010-06-30,-0.0343567790081341,-0.0342167790081341,0.00014000000000000001,0.14,48
vw_gr_top_n_50,2010-07-31,0.053409591856190014,0.05348959185619001,7.999999999999997e-05,0.07999999999999996,50
vw_gr_top_n_50,2010-08-31,-0.03735518945728261,-0.037295189457282614,6.0000000000000056e-05,0.06000000000000005,50
vw_gr_top_n_50,2010-09-30,0.10318094995541573,0.10340094995541572,0.00021999999999999998,0.21999999999999997,49
vw_gr_top_n_50,2010-10-31,0.045973258344843,0.046073258344843,9.999999999999998e-05,0.09999999999999998,49
vw_gr_top_n_50,2010-11-30,0.010893051661735953,0.011033051661735953,0.00014000000000000001,0.14,50
vw_gr_top_n_50,2010-12-31,0.04438037368866504,0.04462037368866504,0.00024,0.24,50
vw_gr_top_n_50,2011-01-31,0.0018090819814490517,0.0018690819814490519,6.0000000000000056e-05,0.06000000000000005,50
vw_gr_top_n_50,2011-02-28,0.03908402383220425,0.03916402383220425,7.999999999999997e-05,0.07999999999999996,50
vw_gr_top_n_50,2011-03-31,0.015315584430521419,0.015415584430521418,9.999999999999998e-05,0.09999999999999998,50
vw_gr_top_n_50,2011-04-30,0.0443101938384059,0.0445901938384059,0.00028000000000000003,0.28,50
vw_gr_top_n_50,2011-05-31,0.004122882315558074,0.004182882315558074,6.0000000000000056e-05,0.06000000000000005,50
vw_gr_top_n_50,2011-06-30,-0.0060423388544970985,-0.005902338854497098,0.00014000000000000001,0.14,50
vw_gr_top_n_50,2011-07-31,-0.01840697931814971,-0.01828697931814971,0.00012,0.12,49
vw_gr_top_n_50,2011-08-31,-0.03562568897096594,-0.035565688970965945,6.0000000000000056e-05,0.06000000000000005,49
vw_gr_top_n_50,2011-09-30,-0.05552974897140601,-0.05530974897140601,0.00021999999999999998,0.21999999999999997,48
vw_gr_top_n_50,2011-10-31,0.10953947686272363,0.10963947686272363,9.999999999999998e-05,0.09999999999999998,48
vw_gr_top_n_50,2011-11-30,0.009931494512318225,0.010091494512318226,0.00016000000000000004,0.16000000000000003,49
vw_gr_top_n_50,2011-12-31,0.02252917186259437,0.02272917186259437,0.00019999999999999996,0.19999999999999996,50
vw_gr_top_n_50,2012-01-31,0.04048270555426137,0.04058270555426137,9.999999999999998e-05,0.09999999999999998,50
vw_gr_top_n_50,2012-02-29,0.043605870854417306,0.043765870854417306,0.00016000000000000004,0.16000000000000003,50
vw_gr_top_n_50,2012-03-31,0.03344202983251741,0.033642029832517406,0.00019999999999999996,0.19999999999999996,50
vw_gr_top_n_50,2012-04-30,0.025927438382023948,0.026087438382023948,0.00016000000000000004,0.16000000000000003,50
vw_gr_top_n_50,2012-05-31,-0.03456426929351584,-0.03442426929351584,0.00014000000000000001,0.14,48
vw_gr_top_n_50,2012-06-30,0.026851742766170413,0.027051742766170412,0.00019999999999999996,0.19999999999999996,49
vw_gr_top_n_50,2012-07-31,0.003866040978281592,0.003946040978281592,7.999999999999997e-05,0.07999999999999996,49
vw_gr_top_n_50,2012-08-31,0.02156402938401402,0.02168402938401402,0.00012,0.12,49
vw_gr_top_n_50,2012-09-30,0.015346510859805066,0.015546510859805067,0.00019999999999999996,0.19999999999999996,50
vw_gr_top_n_50,2012-10-31,-0.013030541216305034,-0.012870541216305034,0.00016000000000000004,0.16000000000000003,49
vw_gr_top_n_50,2012-11-30,0.01052953127485808,0.01066953127485808,0.00014000000000000001,0.14,49
vw_gr_top_n_50,2012-12-31,0.007420954927664983,0.007640954927664982,0.00021999999999999998,0.21999999999999997,49
vw_gr_top_n_50,2013-01-31,0.05724275484518521,0.057382754845185215,0.00014000000000000001,0.14,49
vw_gr_top_n_50,2013-02-28,0.01120447373351747,0.01132447373351747,0.00012,0.12,50
vw_gr_top_n_50,2013-03-31,0.04942831065752483,0.049508310657524826,7.999999999999997e-05,0.07999999999999996,49
vw_gr_top_n_50,2013-04-30,0.011029179658184118,0.011369179658184118,0.00033999999999999997,0.33999999999999997,48
vw_gr_top_n_50,2013-05-31,0.011007964637536383,0.011107964637536383,9.999999999999998e-05,0.09999999999999998,49
vw_gr_top_n_50,2013-06-30,-0.008099510483282894,-0.007919510483282894,0.00018000000000000007,0.18000000000000005,50
vw_gr_top_n_50,2013-07-31,0.05051649281930691,0.05061649281930691,9.999999999999998e-05,0.09999999999999998,50
vw_gr_top_n_50,2013-08-31,-0.03352590287352901,-0.03346590287352901,6.0000000000000056e-05,0.06000000000000005,47
vw_gr_top_n_50,2013-09-30,0.038141572282113304,0.0383215722821133,0.00018000000000000007,0.18000000000000005,50
vw_gr_top_n_50,2013-10-31,0.05642433888195398,0.05656433888195398,0.00014000000000000001,0.14,49
vw_gr_top_n_50,2013-11-30,0.030967986234345313,0.031107986234345315,0.00014000000000000001,0.14,49
vw_gr_top_n_50,2013-12-31,0.03210775670248508,0.03230775670248508,0.00019999999999999996,0.19999999999999996,50
vw_gr_top_n_50,2014-01-31,-0.04186041500352768,-0.041680415003527684,0.00018000000000000007,0.18000000000000005,49
vw_gr_top_n_50,2014-02-28,0.05172760692879127,0.05182760692879127,9.999999999999998e-05,0.09999999999999998,50
vw_gr_top_n_50,2014-03-31,0.020226083432165733,0.020326083432165732,9.999999999999998e-05,0.09999999999999998,49
vw_gr_top_n_50,2014-04-30,0.00029362571444457945,0.0005136257144445794,0.00021999999999999998,0.21999999999999997,49
vw_gr_top_n_50,2014-05-31,0.011638384999760408,0.011718384999760408,7.999999999999997e-05,0.07999999999999996,50
vw_gr_top_n_50,2014-06-30,0.013087427361726618,0.013307427361726618,0.00021999999999999998,0.21999999999999997,49
vw_gr_top_n_50,2014-07-31,-0.0008675583307285979,-0.0007675583307285979,9.999999999999998e-05,0.09999999999999998,50
vw_gr_top_n_50,2014-08-31,0.04572062863320261,0.045800628633202604,7.999999999999997e-05,0.07999999999999996,47
vw_gr_top_n_50,2014-09-30,-0.02023717969484059,-0.019997179694840588,0.00024,0.24,49
vw_gr_top_n_50,2014-10-31,0.033289011296867434,0.03348901129686743,0.00019999999999999996,0.19999999999999996,49
vw_gr_top_n_50,2014-11-30,0.03342385588710333,0.03354385588710333,0.00012,0.12,50
vw_gr_top_n_50,2014-12-31,-0.0006271572056606096,-0.00032715720566060943,0.0003000000000000001,0.30000000000000004,49
vw_gr_top_n_50,2015-01-31,-0.01709104861851124,-0.01695104861851124,0.00014000000000000001,0.14,50
vw_gr_top_n_50,2015-02-28,0.06029246361933838,0.06039246361933838,9.999999999999998e-05,0.09999999999999998,50
vw_gr_top_n_50,2015-03-31,-0.005616065586343694,-0.005496065586343694,0.00012,0.12,50
vw_gr_top_n_50,2015-04-30,-0.00889919466782321,-0.00865919466782321,0.00024,0.24,50
vw_gr_top_n_50,2015-05-31,0.02472468992381015,0.02492468992381015,0.00019999999999999996,0.19999999999999996,50
vw_gr_top_n_50,2015-06-30,-0.007884162355427774,-0.0076841623554277745,0.00019999999999999996,0.19999999999999996,49
vw_gr_top_n_50,2015-07-31,0.03421523002240905,0.034335230022409055,0.00012,0.12,50
vw_gr_top_n_50,2015-08-31,-0.05560753498145288,-0.055507534981452875,9.999999999999998e-05,0.09999999999999998,49
vw_gr_top_n_50,2015-09-30,-0.008242051363334786,-0.008042051363334786,0.00019999999999999996,0.19999999999999996,49
vw_gr_top_n_50,2015-10-31,0.06047220668000748,0.060572206680007484,9.999999999999998e-05,0.09999999999999998,50
vw_gr_top_n_50,2015-11-30,-0.004545851910155613,-0.004445851910155613,9.999999999999998e-05,0.09999999999999998,50
vw_gr_top_n_50,2015-12-31,-0.022322789729681027,-0.022142789729681027,0.00018000000000000007,0.18000000000000005,50
vw_gr_top_n_50,2016-01-31,-0.039294084783149705,-0.03921408478314971,7.999999999999997e-05,0.07999999999999996,50
vw_gr_top_n_50,2016-02-29,0.034030827417762886,0.034090827417762884,6.0000000000000056e-05,0.06000000000000005,50
vw_gr_top_n_50,2016-03-31,0.06573641324405653,0.06599641324405653,0.00026000000000000003,0.26,50
vw_gr_top_n_50,2016-04-30,-0.029406441330787014,-0.029266441330787013,0.00014000000000000001,0.14,49
vw_gr_top_n_50,2016-05-31,0.004633406276366185,0.004733406276366185,9.999999999999998e-05,0.09999999999999998,50
vw_gr_top_n_50,2016-06-30,0.009935444521171507,0.010155444521171507,0.00021999999999999998,0.21999999999999997,50
vw_gr_top_n_50,2016-07-31,0.03488885924720467,0.034948859247204665,6.0000000000000056e-05,0.06000000000000005,50
vw_gr_top_n_50,2016-08-31,-0.0007265240756504228,-0.0006265240756504228,9.999999999999998e-05,0.09999999999999998,48
vw_gr_top_n_50,2016-09-30,-0.006776731537244298,-0.006536731537244298,0.00024,0.24,50
vw_gr_top_n_50,2016-10-31,-0.024120818943118967,-0.023980818943118966,0.00014000000000000001,0.14,50
vw_gr_top_n_50,2016-11-30,0.051668617885707105,0.0517486178857071,7.999999999999997e-05,0.07999999999999996,50
vw_gr_top_n_50,2016-12-31,0.007256558131917363,0.007456558131917363,0.00019999999999999996,0.19999999999999996,50
vw_gr_top_n_50,2017-01-31,0.024131673980908996,0.024291673980908996,0.00016000000000000004,0.16000000000000003,50
vw_gr_top_n_50,2017-02-28,0.02429867363511973,0.02437867363511973,7.999999999999997e-05,0.07999999999999996,50
vw_gr_top_n_50,2017-03-31,0.008090907359537063,0.008150907359537062,6.0000000000000056e-05,0.06000000000000005,49
vw_gr_top_n_50,2017-04-30,0.012292450436510359,0.012552450436510359,0.00026000000000000003,0.26,49
vw_gr_top_n_50,2017-05-31,0.006085079038073841,0.0062050790380738415,0.00012,0.12,50
vw_gr_top_n_50,2017-06-30,-0.012384789599427966,-0.012144789599427965,0.00024,0.24,50
vw_gr_top_n_50,2017-07-31,0.032236046759869345,0.03233604675986935,9.999999999999998e-05,0.09999999999999998,50
vw_gr_top_n_50,2017-08-31,0.011696864065543593,0.011796864065543592,9.999999999999998e-05,0.09999999999999998,50
vw_gr_top_n_50,2017-09-30,0.04228222426079916,0.04246222426079916,0.00018000000000000007,0.18000000000000005,50
vw_gr_top_n_50,2017-10-31,0.031051660712321526,0.031171660712321525,0.00012,0.12,49
vw_gr_top_n_50,2017-11-30,0.04237283527618079,0.04249283527618079,0.00012,0.12,49
vw_gr_top_n_50,2017-12-31,0.0008014052402983401,0.0010814052402983402,0.00028000000000000003,0.28,50
vw_gr_top_n_50,2018-01-31,0.05926059681360828,0.059440596813608276,0.00018000000000000007,0.18000000000000005,50
vw_gr_top_n_50,2018-02-28,-0.03706252444527424,-0.03690252444527424,0.00016000000000000004,0.16000000000000003,50
vw_gr_top_n_50,2018-03-31,-0.0052247885121087054,-0.005164788512108705,6.0000000000000056e-05,0.06000000000000005,50
vw_gr_top_n_50,2018-04-30,0.004112251041714164,0.004332251041714164,0.00021999999999999998,0.21999999999999997,50
vw_gr_top_n_50,2018-05-31,0.05438450137964241,0.05454450137964241,0.00016000000000000004,0.16000000000000003,50
vw_gr_top_n_50,2018-06-30,-0.0010004838149545627,-0.0008204838149545626,0.00018000000000000007,0.18000000000000005,50
vw_gr_top_n_50,2018-07-31,0.02610078591902437,0.02618078591902437,7.999999999999997e-05,0.07999999999999996,50
vw_gr_top_n_50,2018-08-31,0.05693753961753342,0.05699753961753342,6.0000000000000056e-05,0.06000000000000005,49
vw_gr_top_n_50,2018-09-30,-0.009908198850312466,-0.009708198850312466,0.00019999999999999996,0.19999999999999996,50
vw_gr_top_n_50,2018-10-31,-0.0986578933640357,-0.0985378933640357,0.00012,0.12,49
vw_gr_top_n_50,2018-11-30,0.005265507236673094,0.0053255072366730945,6.0000000000000056e-05,0.06000000000000005,49
vw_gr_top_n_50,2018-12-31,-0.07901305332757909,-0.0788530533275791,0.00016000000000000004,0.16000000000000003,50
vw_gr_top_n_50,2019-01-31,0.08921438837867952,0.08935438837867953,0.00014000000000000001,0.14,50
vw_gr_top_n_50,2019-02-28,0.043288524071416846,0.04336852407141684,7.999999999999997e-05,0.07999999999999996,49
vw_gr_top_n_50,2019-03-31,0.021821654928484206,0.021861654928484204,4.000000000000004e-05,0.040000000000000036,50
vw_gr_top_n_50,2019-04-30,0.02999225350534696,0.03025225350534696,0.00026000000000000003,0.26,50
vw_gr_top_n_50,2019-05-31,-0.08041513851499232,-0.08033513851499233,7.999999999999997e-05,0.07999999999999996,50
vw_gr_top_n_50,2019-06-30,0.08780205099383567,0.08808205099383568,0.00028000000000000003,0.28,50
vw_gr_top_n_50,2019-07-31,0.03055288454170076,0.03075288454170076,0.00019999999999999996,0.19999999999999996,50
vw_gr_top_n_50,2019-08-31,-0.017417470123464437,-0.017277470123464436,0.00014000000000000001,0.14,50
vw_gr_top_n_50,2019-09-30,0.009677380245278415,0.009917380245278416,0.00024,0.24,50
vw_gr_top_n_50,2019-10-31,0.022175775215964845,0.022255775215964845,7.999999999999997e-05,0.07999999999999996,49
vw_gr_top_n_50,2019-11-30,0.032079114335708724,0.032179114335708726,9.999999999999998e-05,0.09999999999999998,49
vw_gr_top_n_50,2019-12-31,0.026925808635458664,0.027265808635458664,0.00033999999999999997,0.33999999999999997,50
vw_gr_top_n_50,2020-01-31,-0.004787192727834528,-0.0046471927278345275,0.00014000000000000001,0.14,50
vw_gr_top_n_50,2020-02-29,-0.07380992516525366,-0.07368992516525366,0.00012,0.12,48
vw_gr_top_n_50,2020-03-31,-0.1439377488509797,-0.1436377488509797,0.0003000000000000001,0.30000000000000004,46
vw_gr_top_n_50,2020-04-30,0.17333049161224154,0.17365049161224153,0.0003199999999999999,0.31999999999999995,50
vw_gr_top_n_50,2020-05-31,0.07269082773279574,0.07297082773279574,0.00028000000000000003,0.28,49
vw_gr_top_n_50,2020-06-30,0.03321286704515629,0.03353286704515629,0.0003199999999999999,0.31999999999999995,49
vw_gr_top_n_50,2020-07-31,0.059725698434060365,0.059865698434060366,0.00014000000000000001,0.14,50
vw_gr_top_n_50,2020-08-31,0.04225057546541782,0.04231057546541782,6.0000000000000056e-05,0.06000000000000005,50
vw_gr_top_n_50,2020-09-30,-0.029366903545819185,-0.029066903545819183,0.0003000000000000001,0.30000000000000004,50
vw_gr_top_n_50,2020-10-31,-0.01394106674302055,-0.01382106674302055,0.00012,0.12,50
vw_gr_top_n_50,2020-11-30,0.08854835604659358,0.08862835604659358,7.999999999999997e-05,0.07999999999999996,50
vw_gr_top_n_50,2020-12-31,0.04266696351435981,0.042906963514359804,0.00024,0.24,50
vw_gr_top_n_50,2021-01-31,0.026964641033464607,0.02710464103346461,0.00014000000000000001,0.14,50
vw_gr_top_n_50,2021-02-28,0.01963309754443748,0.01973309754443748,9.999999999999998e-05,0.09999999999999998,50
vw_gr_top_n_50,2021-03-31,0.07101204458830258,0.07119204458830258,0.00018000000000000007,0.18000000000000005,50
vw_gr_top_n_50,2021-04-30,0.05561661764473739,0.05595661764473739,0.00033999999999999997,0.33999999999999997,50
vw_gr_top_n_50,2021-05-31,0.019092036437441055,0.019192036437441055,9.999999999999998e-05,0.09999999999999998,49
vw_gr_top_n_50,2021-06-30,-0.000984362996480468,-0.0008243629964804679,0.00016000000000000004,0.16000000000000003,50
vw_gr_top_n_50,2021-07-31,0.044958551205495315,0.04503855120549531,7.999999999999997e-05,0.07999999999999996,50
vw_gr_top_n_50,2021-08-31,0.016575276903554915,0.016635276903554916,6.0000000000000056e-05,0.06000000000000005,47
vw_gr_top_n_50,2021-09-30,-0.0410814753036887,-0.0409014753036887,0.00018000000000000007,0.18000000000000005,49
vw_gr_top_n_50,2021-10-31,0.057252591589238455,0.05747259158923845,0.00021999999999999998,0.21999999999999997,50
vw_gr_top_n_50,2021-11-30,0.0075713663407217325,0.007671366340721733,9.999999999999998e-05,0.09999999999999998,49
vw_gr_top_n_50,2021-12-31,0.05506682703570435,0.05540682703570435,0.00033999999999999997,0.33999999999999997,49
vw_gr_top_n_50,2022-01-31,-0.06634607736699881,-0.06616607736699881,0.00018000000000000007,0.18000000000000005,50
vw_gr_top_n_50,2022-02-28,0.0081577091203143,0.0082377091203143,7.999999999999997e-05,0.07999999999999996,50
vw_gr_top_n_50,2022-03-31,-0.0007941823958724639,-0.0006941823958724639,9.999999999999998e-05,0.09999999999999998,49
vw_gr_top_n_50,2022-04-30,-0.055591367100540856,-0.05537136710054086,0.00021999999999999998,0.21999999999999997,50
vw_gr_top_n_50,2022-05-31,0.00016976596027675094,0.00030976596027675095,0.00014000000000000001,0.14,50
vw_gr_top_n_50,2022-06-30,-0.1248907129056114,-0.1247107129056114,0.00018000000000000007,0.18000000000000005,49
vw_gr_top_n_50,2022-07-31,0.11306748823383615,0.11318748823383615,0.00012,0.12,50
vw_gr_top_n_50,2022-08-31,-0.004226278037307539,-0.004106278037307539,0.00012,0.12,50
vw_gr_top_n_50,2022-09-30,-0.08332989619117584,-0.08314989619117584,0.00018000000000000007,0.18000000000000005,49
vw_gr_top_n_50,2022-10-31,0.12491920530864158,0.12499920530864157,7.999999999999997e-05,0.07999999999999996,50
vw_gr_top_n_50,2022-11-30,0.09645025649820281,0.0965702564982028,0.00012,0.12,50
vw_gr_top_n_50,2022-12-31,-0.05414907304587471,-0.05402907304587471,0.00012,0.12,50
vw_gr_top_n_50,2023-01-31,0.0827336330104209,0.0827936330104209,6.0000000000000056e-05,0.06000000000000005,50
vw_gr_top_n_50,2023-02-28,-0.029026947593556212,-0.028946947593556212,7.999999999999997e-05,0.07999999999999996,50
vw_gr_top_n_50,2023-03-31,-0.0035219188964433225,-0.0034419188964433228,7.999999999999997e-05,0.07999999999999996,50
vw_gr_top_n_50,2023-04-30,-0.021070150443816403,-0.020870150443816404,0.00019999999999999996,0.19999999999999996,49
vw_gr_top_n_50,2023-05-31,-0.02265264244231977,-0.02251264244231977,0.00014000000000000001,0.14,48
vw_gr_top_n_50,2023-06-30,0.11090220937046039,0.11106220937046038,0.00016000000000000004,0.16000000000000003,50
vw_gr_top_n_50,2023-07-31,0.07268134424186871,0.07280134424186871,0.00012,0.12,50
vw_gr_top_n_50,2023-08-31,-0.00820244204249147,-0.00810244204249147,9.999999999999998e-05,0.09999999999999998,50
vw_gr_top_n_50,2023-09-30,-0.04244645076046707,-0.04224645076046707,0.00019999999999999996,0.19999999999999996,50
vw_gr_top_n_50,2023-10-31,-0.03985235278305846,-0.03979235278305846,6.0000000000000056e-05,0.06000000000000005,50
vw_gr_top_n_50,2023-11-30,0.09874856891585021,0.09880856891585021,6.0000000000000056e-05,0.06000000000000005,50
vw_gr_top_n_50,2023-12-31,0.08509810534669564,0.08531810534669564,0.00021999999999999998,0.21999999999999997,50
vw_gr_top_n_50,2024-01-31,0.017184251647734256,0.017284251647734256,9.999999999999998e-05,0.09999999999999998,49
vw_gr_top_n_50,2024-02-29,0.09070169521221517,0.09076169521221518,6.0000000000000056e-05,0.06000000000000005,50
vw_gr_top_n_50,2024-03-31,0.07327001307623328,0.07355001307623328,0.00028000000000000003,0.28,50
vw_gr_top_n_50,2024-04-30,-0.06505717977393397,-0.06495717977393396,9.999999999999998e-05,0.09999999999999998,50
vw_gr_top_n_50,2024-05-31,0.06614961127490719,0.0662496112749072,9.999999999999998e-05,0.09999999999999998,50
vw_gr_top_n_50,2024-06-30,-0.015105308107533947,-0.014925308107533947,0.00018000000000000007,0.18000000000000005,50
vw_gr_top_n_50,2024-07-31,0.04574400806572314,0.045824008065723135,7.999999999999997e-05,0.07999999999999996,50
vw_gr_top_n_50,2024-08-31,-0.021187539619071476,-0.021067539619071478,0.00012,0.12,50
vw_gr_top_n_50,2024-09-30,0.02784654864378839,0.02806654864378839,0.00021999999999999998,0.21999999999999997,49
vw_gr_top_n_50,2024-10-31,-0.03563880521906667,-0.03547880521906667,0.00016000000000000004,0.16000000000000003,50
vw_gr_top_n_50,2024-11-30,0.0702412521395147,0.0703012521395147,6.0000000000000056e-05,0.06000000000000005,49
vw_gr_top_n_50,2024-12-31,-0.049510158418167784,-0.04921015841816778,0.0003000000000000001,0.30000000000000004,49
vw_gr_top_n_50,2025-01-31,-0.004999988995925081,-0.00485998899592508,0.00014000000000000001,0.14,50
vw_gr_top_n_50,2025-02-28,-0.03830981661560793,-0.03826981661560793,4.000000000000004e-05,0.040000000000000036,49
vw_gr_top_n_50,2025-03-31,0.0037231942059311567,0.0038031942059311564,7.999999999999997e-05,0.07999999999999996,49
vw_gr_top_n_50,2025-04-30,-0.043255208609909584,-0.042935208609909584,0.0003199999999999999,0.31999999999999995,49
vw_gr_top_n_50,2025-05-31,0.04440468052880597,0.04460468052880597,0.00019999999999999996,0.19999999999999996,49
vw_gr_top_n_50,2025-06-30,0.011672208936534392,0.011972208936534392,0.0003000000000000001,0.30000000000000004,50
vw_gr_top_n_50,2025-07-31,0.012497050954228272,0.012677050954228272,0.00018000000000000007,0.18000000000000005,49
vw_gr_top_n_50,2025-08-31,0.064989759670651,0.065069759670651,7.999999999999997e-05,0.07999999999999996,50
vw_gr_top_n_50,2025-09-30,0.019908522009795298,0.020168522009795298,0.00026000000000000003,0.26,50
vw_gr_top_n_50,2025-10-31,-0.026382241282930253,-0.026282241282930253,9.999999999999998e-05,0.09999999999999998,50
vw_gr_top_n_50,2025-11-30,0.03426950698491505,0.03434950698491505,7.999999999999997e-05,0.07999999999999996,50
vw_gr_top_n_50,2025-12-31,0.011553070028651713,0.011933070028651713,0.00038,0.38,50
vw_gr_top_n_50,2026-01-31,0.06536645533207057,0.06550645533207057,0.00014000000000000001,0.14,50
vw_gr_top_n_50,2026-02-28,0.09020962762683479,0.0903496276268348,0.00014000000000000001,0.14,50
vw_gr_top_n_50,2026-03-31,-0.043815003672016364,-0.04367500367201636,0.00014000000000000001,0.14,50
vw_gr_top_n_50,2026-04-30,0.10943371961651194,0.10977371961651193,0.00033999999999999997,0.33999999999999997,50
vw_gr_top_n_50,2026-05-31,0.0012983152922009774,0.0014183152922009775,0.00012,0.12,50
vw_gr_top_n_25,2008-11-30,0.028320987654321006,0.029320987654321007,0.001,1.0,1
vw_gr_top_n_25,2008-12-31,0.07196401799100438,0.07196401799100438,0.0,0.0,1
vw_gr_top_n_25,2009-01-31,-0.12494172494172495,-0.12494172494172495,0.0,0.0,1
vw_gr_top_n_25,2009-02-28,-0.008597912004735253,-0.008597912004735253,0.0,0.0,1
vw_gr_top_n_25,2009-03-31,0.22460186710598573,0.22460186710598573,0.0,0.0,1
vw_gr_top_n_25,2009-04-30,0.07937219730941703,0.07937219730941703,0.0,0.0,1
vw_gr_top_n_25,2009-05-31,0.16825924387204005,0.16825924387204005,0.0,0.0,1
vw_gr_top_n_25,2009-06-30,0.033926669094396865,0.034593335761063534,0.0006666666666666669,0.6666666666666667,3
vw_gr_top_n_25,2009-07-31,0.11228076618900788,0.11311409952234122,0.0008333333333333334,0.8333333333333334,6
vw_gr_top_n_25,2009-08-31,0.03338160025907204,0.03388160025907204,0.0005,0.5,12
vw_gr_top_n_25,2009-09-30,0.05736522340807443,0.05786522340807443,0.0005,0.5,24
vw_gr_top_n_25,2009-10-31,0.008375177159915438,0.008495177159915438,0.00012,0.12,25
vw_gr_top_n_25,2009-11-30,0.05724995031916073,0.05748995031916073,0.00024,0.24,25
vw_gr_top_n_25,2009-12-31,0.01856341345391114,0.01904341345391114,0.00048,0.48,25
vw_gr_top_n_25,2010-01-31,-0.0252135315673715,-0.0250535315673715,0.00016000000000000004,0.16000000000000003,24
vw_gr_top_n_25,2010-02-28,0.059552426729055384,0.059672426729055386,0.00012,0.12,24
vw_gr_top_n_25,2010-03-31,0.05477697749105972,0.05509697749105972,0.0003199999999999999,0.31999999999999995,25
vw_gr_top_n_25,2010-04-30,0.03190724972245435,0.03242724972245435,0.0005200000000000001,0.52,25
vw_gr_top_n_25,2010-05-31,-0.051614179528523985,-0.05153417952852399,7.999999999999997e-05,0.07999999999999996,25
vw_gr_top_n_25,2010-06-30,-0.032034081627568205,-0.031874081627568204,0.00016000000000000004,0.16000000000000003,24
vw_gr_top_n_25,2010-07-31,0.05118244764667281,0.05122244764667281,4.000000000000004e-05,0.040000000000000036,25
vw_gr_top_n_25,2010-08-31,-0.02852421367714398,-0.02844421367714398,7.999999999999997e-05,0.07999999999999996,25
vw_gr_top_n_25,2010-09-30,0.10697051329639874,0.10717051329639875,0.00019999999999999996,0.19999999999999996,24
vw_gr_top_n_25,2010-10-31,0.048009165749555605,0.048169165749555605,0.00016000000000000004,0.16000000000000003,25
vw_gr_top_n_25,2010-11-30,0.012072290764542007,0.012312290764542008,0.00024,0.24,25
vw_gr_top_n_25,2010-12-31,0.04216914845187816,0.04240914845187816,0.00024,0.24,25
vw_gr_top_n_25,2011-01-31,0.008600484453078011,0.008720484453078011,0.00012,0.12,25
vw_gr_top_n_25,2011-02-28,0.04285326267324841,0.04289326267324841,4.000000000000004e-05,0.040000000000000036,25
vw_gr_top_n_25,2011-03-31,0.015021374412003435,0.015141374412003436,0.00012,0.12,25
vw_gr_top_n_25,2011-04-30,0.05779333849820076,0.05815333849820076,0.00035999999999999997,0.36,25
vw_gr_top_n_25,2011-05-31,0.009787269470717123,0.009947269470717123,0.00016000000000000004,0.16000000000000003,25
vw_gr_top_n_25,2011-06-30,-0.009009634794593189,-0.008849634794593188,0.00016000000000000004,0.16000000000000003,25
vw_gr_top_n_25,2011-07-31,-0.008895887110010775,-0.008775887110010774,0.00012,0.12,24
vw_gr_top_n_25,2011-08-31,-0.027500473513221158,-0.02738047351322116,0.00012,0.12,24
vw_gr_top_n_25,2011-09-30,-0.09739925338479935,-0.09715925338479935,0.00024,0.24,24
vw_gr_top_n_25,2011-10-31,0.1306001444234407,0.1307601444234407,0.00016000000000000004,0.16000000000000003,25
vw_gr_top_n_25,2011-11-30,0.012198291399796259,0.012358291399796259,0.00016000000000000004,0.16000000000000003,24
vw_gr_top_n_25,2011-12-31,0.026705156686884245,0.027025156686884245,0.0003199999999999999,0.31999999999999995,25
vw_gr_top_n_25,2012-01-31,0.048264820023391775,0.048424820023391775,0.00016000000000000004,0.16000000000000003,25
vw_gr_top_n_25,2012-02-29,0.04213185247247559,0.04233185247247559,0.00019999999999999996,0.19999999999999996,25
vw_gr_top_n_25,2012-03-31,0.03577309632564979,0.03609309632564979,0.0003199999999999999,0.31999999999999995,25
vw_gr_top_n_25,2012-04-30,0.029802828456649156,0.029882828456649156,7.999999999999997e-05,0.07999999999999996,25
vw_gr_top_n_25,2012-05-31,-0.028712898129650274,-0.028592898129650275,0.00012,0.12,24
vw_gr_top_n_25,2012-06-30,0.024948209271646902,0.025188209271646902,0.00024,0.24,25
vw_gr_top_n_25,2012-07-31,-0.0024183627673457536,-0.002338362767345754,7.999999999999997e-05,0.07999999999999996,25
vw_gr_top_n_25,2012-08-31,0.014614679606817593,0.014694679606817593,7.999999999999997e-05,0.07999999999999996,24
vw_gr_top_n_25,2012-09-30,0.00863170536857756,0.008911705368577562,0.00028000000000000003,0.28,25
vw_gr_top_n_25,2012-10-31,-0.015239104066408897,-0.014999104066408897,0.00024,0.24,24
vw_gr_top_n_25,2012-11-30,0.01460227811325275,0.014762278113252751,0.00016000000000000004,0.16000000000000003,24
vw_gr_top_n_25,2012-12-31,-0.0007658639165611433,-0.0004858639165611433,0.00028000000000000003,0.28,24
vw_gr_top_n_25,2013-01-31,0.062391024230965604,0.0625110242309656,0.00012,0.12,24
vw_gr_top_n_25,2013-02-28,0.024302733894877276,0.024422733894877275,0.00012,0.12,25
vw_gr_top_n_25,2013-03-31,0.046222068849821746,0.046262068849821744,4.000000000000004e-05,0.040000000000000036,24
vw_gr_top_n_25,2013-04-30,0.0008328531566123077,0.0011528531566123077,0.0003199999999999999,0.31999999999999995,25
vw_gr_top_n_25,2013-05-31,0.025743379501359825,0.025783379501359824,4.000000000000004e-05,0.040000000000000036,24
vw_gr_top_n_25,2013-06-30,-0.013289152366933111,-0.01304915236693311,0.00024,0.24,25
vw_gr_top_n_25,2013-07-31,0.046847905271232095,0.04692790527123209,7.999999999999997e-05,0.07999999999999996,25
vw_gr_top_n_25,2013-08-31,-0.02864855520596049,-0.02848855520596049,0.00016000000000000004,0.16000000000000003,23
vw_gr_top_n_25,2013-09-30,0.04676126842394505,0.04704126842394505,0.00028000000000000003,0.28,25
vw_gr_top_n_25,2013-10-31,0.05255433614640298,0.05271433614640298,0.00016000000000000004,0.16000000000000003,25
vw_gr_top_n_25,2013-11-30,0.042242097574064705,0.04236209757406471,0.00012,0.12,25
vw_gr_top_n_25,2013-12-31,0.02973037907250032,0.029930379072500318,0.00019999999999999996,0.19999999999999996,25
vw_gr_top_n_25,2014-01-31,-0.04294293592000771,-0.04274293592000771,0.00019999999999999996,0.19999999999999996,24
vw_gr_top_n_25,2014-02-28,0.06724366491049659,0.06740366491049658,0.00016000000000000004,0.16000000000000003,25
vw_gr_top_n_25,2014-03-31,0.01978003067981203,0.01994003067981203,0.00016000000000000004,0.16000000000000003,25
vw_gr_top_n_25,2014-04-30,0.0014893026121495373,0.0019293026121495374,0.00043999999999999996,0.43999999999999995,25
vw_gr_top_n_25,2014-05-31,0.01588318444107553,0.015923184441075527,4.000000000000004e-05,0.040000000000000036,25
vw_gr_top_n_25,2014-06-30,0.0032552964448894096,0.0035752964448894095,0.0003199999999999999,0.31999999999999995,24
vw_gr_top_n_25,2014-07-31,-0.0015014627069442064,-0.0013814627069442063,0.00012,0.12,25
vw_gr_top_n_25,2014-08-31,0.05619243385434366,0.056272433854343655,7.999999999999997e-05,0.07999999999999996,24
vw_gr_top_n_25,2014-09-30,-0.023682307558443045,-0.023322307558443046,0.00035999999999999997,0.36,24
vw_gr_top_n_25,2014-10-31,0.029383547145840454,0.029583547145840453,0.00019999999999999996,0.19999999999999996,25
vw_gr_top_n_25,2014-11-30,0.033861362246550654,0.034021362246550654,0.00016000000000000004,0.16000000000000003,25
vw_gr_top_n_25,2014-12-31,0.0032534784704880927,0.0035734784704880927,0.0003199999999999999,0.31999999999999995,24
vw_gr_top_n_25,2015-01-31,-0.0021629819730931347,-0.0020029819730931347,0.00016000000000000004,0.16000000000000003,25
vw_gr_top_n_25,2015-02-28,0.03962986565574531,0.039749865655745314,0.00012,0.12,25
vw_gr_top_n_25,2015-03-31,0.007297599247919571,0.0073775992479195715,7.999999999999997e-05,0.07999999999999996,25
vw_gr_top_n_25,2015-04-30,0.0038256737332089197,0.00422567373320892,0.0004,0.4,25
vw_gr_top_n_25,2015-05-31,0.027959040517526974,0.028119040517526974,0.00016000000000000004,0.16000000000000003,25
vw_gr_top_n_25,2015-06-30,-0.013892861596499157,-0.013572861596499158,0.0003199999999999999,0.31999999999999995,25
vw_gr_top_n_25,2015-07-31,0.041476226098342374,0.041636226098342374,0.00016000000000000004,0.16000000000000003,25
vw_gr_top_n_25,2015-08-31,-0.057224359017300774,-0.05714435901730078,7.999999999999997e-05,0.07999999999999996,24
vw_gr_top_n_25,2015-09-30,-0.008558614259045255,-0.008318614259045254,0.00024,0.24,24
vw_gr_top_n_25,2015-10-31,0.05546831849338196,0.05550831849338196,4.000000000000004e-05,0.040000000000000036,25
vw_gr_top_n_25,2015-11-30,-0.0018130751445552702,-0.0016530751445552703,0.00016000000000000004,0.16000000000000003,25
vw_gr_top_n_25,2015-12-31,-0.0043727731896091426,-0.004212773189609142,0.00016000000000000004,0.16000000000000003,25
vw_gr_top_n_25,2016-01-31,-0.030552462047570346,-0.030472462047570346,7.999999999999997e-05,0.07999999999999996,25
vw_gr_top_n_25,2016-02-29,0.02296790073899429,0.023087900738994287,0.00012,0.12,25
vw_gr_top_n_25,2016-03-31,0.06036427053939515,0.060644270539395154,0.00028000000000000003,0.28,25
vw_gr_top_n_25,2016-04-30,-0.028616573010980587,-0.028536573010980587,7.999999999999997e-05,0.07999999999999996,25
vw_gr_top_n_25,2016-05-31,0.006675762484539896,0.006795762484539896,0.00012,0.12,25
vw_gr_top_n_25,2016-06-30,0.010974311685785032,0.01129431168578503,0.0003199999999999999,0.31999999999999995,25
vw_gr_top_n_25,2016-07-31,0.029185065691198324,0.029345065691198324,0.00016000000000000004,0.16000000000000003,25
vw_gr_top_n_25,2016-08-31,-0.014645032696030512,-0.014485032696030511,0.00016000000000000004,0.16000000000000003,23
vw_gr_top_n_25,2016-09-30,0.004749261098364848,0.005029261098364848,0.00028000000000000003,0.28,25
vw_gr_top_n_25,2016-10-31,-0.03010634496556961,-0.02994634496556961,0.00016000000000000004,0.16000000000000003,25
vw_gr_top_n_25,2016-11-30,0.05400608890336867,0.054126088903368674,0.00012,0.12,25
vw_gr_top_n_25,2016-12-31,0.013653170561180155,0.013893170561180156,0.00024,0.24,25
vw_gr_top_n_25,2017-01-31,0.02226812111597129,0.02246812111597129,0.00019999999999999996,0.19999999999999996,25
vw_gr_top_n_25,2017-02-28,0.030683535040060692,0.03072353504006069,4.000000000000004e-05,0.040000000000000036,25
vw_gr_top_n_25,2017-03-31,0.011896530966869597,0.011936530966869597,4.000000000000004e-05,0.040000000000000036,24
vw_gr_top_n_25,2017-04-30,0.01911637959088988,0.019436379590889882,0.0003199999999999999,0.31999999999999995,24
vw_gr_top_n_25,2017-05-31,0.006313233321603709,0.006473233321603709,0.00016000000000000004,0.16000000000000003,25
vw_gr_top_n_25,2017-06-30,-0.011133577362446054,-0.010813577362446055,0.0003199999999999999,0.31999999999999995,25
vw_gr_top_n_25,2017-07-31,0.026930096500403303,0.0269700965004033,4.000000000000004e-05,0.040000000000000036,25
vw_gr_top_n_25,2017-08-31,0.01523094017321721,0.01527094017321721,4.000000000000004e-05,0.040000000000000036,25
vw_gr_top_n_25,2017-09-30,0.02723741608428225,0.027477416084282252,0.00024,0.24,25
vw_gr_top_n_25,2017-10-31,0.03409192211578844,0.03429192211578844,0.00019999999999999996,0.19999999999999996,24
vw_gr_top_n_25,2017-11-30,0.02666795172612654,0.026787951726126538,0.00012,0.12,24
vw_gr_top_n_25,2017-12-31,0.005246147378420682,0.005486147378420682,0.00024,0.24,25
vw_gr_top_n_25,2018-01-31,0.05982614744946837,0.06002614744946837,0.00019999999999999996,0.19999999999999996,25
vw_gr_top_n_25,2018-02-28,-0.03155993196573219,-0.031439931965732186,0.00012,0.12,25
vw_gr_top_n_25,2018-03-31,0.0026389094741803734,0.0026789094741803735,4.000000000000004e-05,0.040000000000000036,25
vw_gr_top_n_25,2018-04-30,0.004997867904051957,0.005277867904051957,0.00028000000000000003,0.28,25
vw_gr_top_n_25,2018-05-31,0.055184319614428504,0.055304319614428506,0.00012,0.12,25
vw_gr_top_n_25,2018-06-30,-0.00014870342194264646,9.129657805735355e-05,0.00024,0.24,25
vw_gr_top_n_25,2018-07-31,0.022581633553816555,0.022701633553816554,0.00012,0.12,25
vw_gr_top_n_25,2018-08-31,0.05836661483585895,0.05848661483585895,0.00012,0.12,25
vw_gr_top_n_25,2018-09-30,-0.007639872117341289,-0.0073998721173412895,0.00024,0.24,25
vw_gr_top_n_25,2018-10-31,-0.09815376740026714,-0.09795376740026714,0.00019999999999999996,0.19999999999999996,25
vw_gr_top_n_25,2018-11-30,0.01411318622856762,0.01415318622856762,4.000000000000004e-05,0.040000000000000036,24
vw_gr_top_n_25,2018-12-31,-0.07474640359256392,-0.07454640359256391,0.00019999999999999996,0.19999999999999996,25
vw_gr_top_n_25,2019-01-31,0.0824104422968353,0.0824904422968353,7.999999999999997e-05,0.07999999999999996,25
vw_gr_top_n_25,2019-02-28,0.04621195777534297,0.046291957775342965,7.999999999999997e-05,0.07999999999999996,24
vw_gr_top_n_25,2019-03-31,0.03301654908648803,0.03309654908648803,7.999999999999997e-05,0.07999999999999996,25
vw_gr_top_n_25,2019-04-30,0.03066113205826081,0.03102113205826081,0.00035999999999999997,0.36,25
vw_gr_top_n_25,2019-05-31,-0.09224332269381036,-0.09204332269381035,0.00019999999999999996,0.19999999999999996,25
vw_gr_top_n_25,2019-06-30,0.08915963509057385,0.08947963509057386,0.0003199999999999999,0.31999999999999995,25
vw_gr_top_n_25,2019-07-31,0.03478961835965431,0.03506961835965431,0.00028000000000000003,0.28,25
vw_gr_top_n_25,2019-08-31,-0.02012279448100669,-0.02000279448100669,0.00012,0.12,25
vw_gr_top_n_25,2019-09-30,-0.0011898624685126018,-0.000989862468512602,0.00019999999999999996,0.19999999999999996,25
vw_gr_top_n_25,2019-10-31,0.03956793524869706,0.03964793524869706,7.999999999999997e-05,0.07999999999999996,25
vw_gr_top_n_25,2019-11-30,0.04182236621463927,0.04194236621463927,0.00012,0.12,24
vw_gr_top_n_25,2019-12-31,0.02594636555629799,0.02626636555629799,0.0003199999999999999,0.31999999999999995,25
vw_gr_top_n_25,2020-01-31,0.014059007635110966,0.014139007635110966,7.999999999999997e-05,0.07999999999999996,25
vw_gr_top_n_25,2020-02-29,-0.07920385531132153,-0.07908385531132153,0.00012,0.12,24
vw_gr_top_n_25,2020-03-31,-0.13550158424796452,-0.13526158424796453,0.00024,0.24,23
vw_gr_top_n_25,2020-04-30,0.19393232077449285,0.19425232077449284,0.0003199999999999999,0.31999999999999995,25
vw_gr_top_n_25,2020-05-31,0.07749437466841728,0.07777437466841729,0.00028000000000000003,0.28,24
vw_gr_top_n_25,2020-06-30,0.030377005597494542,0.03065700559749454,0.00028000000000000003,0.28,25
vw_gr_top_n_25,2020-07-31,0.07139787913424822,0.07151787913424822,0.00012,0.12,25
vw_gr_top_n_25,2020-08-31,0.050164006772183495,0.0502840067721835,0.00012,0.12,25
vw_gr_top_n_25,2020-09-30,-0.01367539876452343,-0.013235398764523431,0.00043999999999999996,0.43999999999999995,25
vw_gr_top_n_25,2020-10-31,-0.00012826513471925148,7.173486528074847e-05,0.00019999999999999996,0.19999999999999996,25
vw_gr_top_n_25,2020-11-30,0.08135663567303285,0.08147663567303284,0.00012,0.12,25
vw_gr_top_n_25,2020-12-31,0.041283011293846004,0.041443011293846005,0.00016000000000000004,0.16000000000000003,25
vw_gr_top_n_25,2021-01-31,0.013378998371245019,0.013538998371245019,0.00016000000000000004,0.16000000000000003,25
vw_gr_top_n_25,2021-02-28,0.04559099406931448,0.04559099406931448,0.0,0.0,25
vw_gr_top_n_25,2021-03-31,0.06815936027985595,0.06823936027985594,7.999999999999997e-05,0.07999999999999996,25
vw_gr_top_n_25,2021-04-30,0.06679048699525043,0.06711048699525043,0.0003199999999999999,0.31999999999999995,25
vw_gr_top_n_25,2021-05-31,0.023788681512479253,0.02390868151247925,0.00012,0.12,25
vw_gr_top_n_25,2021-06-30,0.02430334953476376,0.02458334953476376,0.00028000000000000003,0.28,25
vw_gr_top_n_25,2021-07-31,0.01666530395738907,0.01682530395738907,0.00016000000000000004,0.16000000000000003,25
vw_gr_top_n_25,2021-08-31,0.040614953882344415,0.04069495388234441,7.999999999999997e-05,0.07999999999999996,24
vw_gr_top_n_25,2021-09-30,-0.04612916358727861,-0.045849163587278606,0.00028000000000000003,0.28,25
vw_gr_top_n_25,2021-10-31,0.06437741464641202,0.06449741464641201,0.00012,0.12,25
vw_gr_top_n_25,2021-11-30,0.02994544835264346,0.03002544835264346,7.999999999999997e-05,0.07999999999999996,24
vw_gr_top_n_25,2021-12-31,0.07095339133522427,0.07131339133522427,0.00035999999999999997,0.36,25
vw_gr_top_n_25,2022-01-31,-0.07661204383871795,-0.07649204383871795,0.00012,0.12,25
vw_gr_top_n_25,2022-02-28,0.0128460230782168,0.0129260230782168,7.999999999999997e-05,0.07999999999999996,25
vw_gr_top_n_25,2022-03-31,-0.006889847750341872,-0.006729847750341872,0.00016000000000000004,0.16000000000000003,24
vw_gr_top_n_25,2022-04-30,-0.04849320579230214,-0.04817320579230214,0.0003199999999999999,0.31999999999999995,25
vw_gr_top_n_25,2022-05-31,0.010523626987395424,0.010683626987395424,0.00016000000000000004,0.16000000000000003,25
vw_gr_top_n_25,2022-06-30,-0.13219298071620733,-0.13203298071620734,0.00016000000000000004,0.16000000000000003,24
vw_gr_top_n_25,2022-07-31,0.11954858165028985,0.11978858165028985,0.00024,0.24,25
vw_gr_top_n_25,2022-08-31,-0.00753158946408659,-0.00745158946408659,7.999999999999997e-05,0.07999999999999996,25
vw_gr_top_n_25,2022-09-30,-0.08985339217957115,-0.08965339217957115,0.00019999999999999996,0.19999999999999996,25
vw_gr_top_n_25,2022-10-31,0.12039837642661444,0.12051837642661443,0.00012,0.12,25
vw_gr_top_n_25,2022-11-30,0.09351490155308029,0.09363490155308028,0.00012,0.12,25
vw_gr_top_n_25,2022-12-31,-0.05279142713032589,-0.05263142713032589,0.00016000000000000004,0.16000000000000003,25
vw_gr_top_n_25,2023-01-31,0.046576408040978935,0.04665640804097893,7.999999999999997e-05,0.07999999999999996,25
vw_gr_top_n_25,2023-02-28,-0.009404990436329282,-0.009364990436329282,4.000000000000004e-05,0.040000000000000036,25
vw_gr_top_n_25,2023-03-31,0.0007197571444012851,0.0007997571444012851,7.999999999999997e-05,0.07999999999999996,25
vw_gr_top_n_25,2023-04-30,-0.03821106828546891,-0.038131068285468916,7.999999999999997e-05,0.07999999999999996,24
vw_gr_top_n_25,2023-05-31,-0.01769838725063824,-0.01753838725063824,0.00016000000000000004,0.16000000000000003,24
vw_gr_top_n_25,2023-06-30,0.11935512012739836,0.11955512012739837,0.00019999999999999996,0.19999999999999996,25
vw_gr_top_n_25,2023-07-31,0.06968818877761832,0.06968818877761832,0.0,0.0,25
vw_gr_top_n_25,2023-08-31,0.0019694560068627765,0.0020094560068627766,4.000000000000004e-05,0.040000000000000036,25
vw_gr_top_n_25,2023-09-30,-0.03411109423831943,-0.03379109423831943,0.0003199999999999999,0.31999999999999995,25
vw_gr_top_n_25,2023-10-31,-0.02956601019805784,-0.02932601019805784,0.00024,0.24,25
vw_gr_top_n_25,2023-11-30,0.09018333060263398,0.09030333060263397,0.00012,0.12,25
vw_gr_top_n_25,2023-12-31,0.07164829598277625,0.07192829598277625,0.00028000000000000003,0.28,25
vw_gr_top_n_25,2024-01-31,0.06452181614903009,0.06460181614903009,7.999999999999997e-05,0.07999999999999996,24
vw_gr_top_n_25,2024-02-29,0.07599093724217093,0.07611093724217093,0.00012,0.12,25
vw_gr_top_n_25,2024-03-31,0.0901544419493141,0.0904344419493141,0.00028000000000000003,0.28,25
vw_gr_top_n_25,2024-04-30,-0.030906660349144445,-0.030746660349144445,0.00016000000000000004,0.16000000000000003,25
vw_gr_top_n_25,2024-05-31,0.11600120003154404,0.11620120003154405,0.00019999999999999996,0.19999999999999996,25
vw_gr_top_n_25,2024-06-30,0.004838469908255267,0.005118469908255267,0.00028000000000000003,0.28,25
vw_gr_top_n_25,2024-07-31,0.015970367016477756,0.016170367016477755,0.00019999999999999996,0.19999999999999996,25
vw_gr_top_n_25,2024-08-31,-0.020981459713030944,-0.020861459713030946,0.00012,0.12,25
vw_gr_top_n_25,2024-09-30,0.045191353749265015,0.04547135374926502,0.00028000000000000003,0.28,25
vw_gr_top_n_25,2024-10-31,-0.02334650482099911,-0.02310650482099911,0.00024,0.24,25
vw_gr_top_n_25,2024-11-30,0.060198129062008894,0.06043812906200889,0.00024,0.24,24
vw_gr_top_n_25,2024-12-31,-0.053033266826954015,-0.052673266826954016,0.00035999999999999997,0.36,24
vw_gr_top_n_25,2025-01-31,-0.006354181277347797,-0.006154181277347797,0.00019999999999999996,0.19999999999999996,25
vw_gr_top_n_25,2025-02-28,-0.03134116958061408,-0.03126116958061408,7.999999999999997e-05,0.07999999999999996,24
vw_gr_top_n_25,2025-03-31,-0.00032076463267283266,-0.00016076463267283262,0.00016000000000000004,0.16000000000000003,24
vw_gr_top_n_25,2025-04-30,-0.027251683141157265,-0.026771683141157264,0.00048,0.48,24
vw_gr_top_n_25,2025-05-31,0.04632703261272392,0.046527032612723916,0.00019999999999999996,0.19999999999999996,25
vw_gr_top_n_25,2025-06-30,0.0014005173548889093,0.0018005173548889092,0.0004,0.4,25
vw_gr_top_n_25,2025-07-31,0.0265812855873545,0.0267812855873545,0.00019999999999999996,0.19999999999999996,25
vw_gr_top_n_25,2025-08-31,0.07197727409426613,0.07205727409426613,7.999999999999997e-05,0.07999999999999996,25
vw_gr_top_n_25,2025-09-30,0.03208831314194685,0.03236831314194685,0.00028000000000000003,0.28,25
vw_gr_top_n_25,2025-10-31,-0.028440506331969418,-0.028280506331969418,0.00016000000000000004,0.16000000000000003,25
vw_gr_top_n_25,2025-11-30,0.050748005280653756,0.05082800528065375,7.999999999999997e-05,0.07999999999999996,25
vw_gr_top_n_25,2025-12-31,0.020303702612887053,0.020623702612887054,0.0003199999999999999,0.31999999999999995,25
vw_gr_top_n_25,2026-01-31,0.08167047850777918,0.08183047850777918,0.00016000000000000004,0.16000000000000003,25
vw_gr_top_n_25,2026-02-28,0.05516704994513653,0.05532704994513653,0.00016000000000000004,0.16000000000000003,25
vw_gr_top_n_25,2026-03-31,-0.05167444709463108,-0.05159444709463108,7.999999999999997e-05,0.07999999999999996,25
vw_gr_top_n_25,2026-04-30,0.06855042191001627,0.06887042191001627,0.0003199999999999999,0.31999999999999995,25
vw_gr_top_n_25,2026-05-31,-0.00968786595838347,-0.00960786595838347,7.999999999999997e-05,0.07999999999999996,25
vw_gr_top_n_10,2008-11-30,0.028320987654321006,0.029320987654321007,0.001,1.0,1
vw_gr_top_n_10,2008-12-31,0.07196401799100438,0.07196401799100438,0.0,0.0,1
vw_gr_top_n_10,2009-01-31,-0.12494172494172495,-0.12494172494172495,0.0,0.0,1
vw_gr_top_n_10,2009-02-28,-0.008597912004735253,-0.008597912004735253,0.0,0.0,1
vw_gr_top_n_10,2009-03-31,0.22460186710598573,0.22460186710598573,0.0,0.0,1
vw_gr_top_n_10,2009-04-30,0.07937219730941703,0.07937219730941703,0.0,0.0,1
vw_gr_top_n_10,2009-05-31,0.16825924387204005,0.16825924387204005,0.0,0.0,1
vw_gr_top_n_10,2009-06-30,0.033926669094396865,0.034593335761063534,0.0006666666666666669,0.6666666666666667,3
vw_gr_top_n_10,2009-07-31,0.11228076618900788,0.11311409952234122,0.0008333333333333334,0.8333333333333334,6
vw_gr_top_n_10,2009-08-31,0.020915452523146822,0.021515452523146822,0.0006000000000000001,0.6,10
vw_gr_top_n_10,2009-09-30,0.07838087996058071,0.07888087996058071,0.0005,0.5,10
vw_gr_top_n_10,2009-10-31,0.0037039070114405627,0.0039039070114405628,0.00019999999999999996,0.19999999999999996,10
vw_gr_top_n_10,2009-11-30,0.08528161671801868,0.08568161671801867,0.0004,0.4,10
vw_gr_top_n_10,2009-12-31,0.006489398723040347,0.006989398723040347,0.0005,0.5,10
vw_gr_top_n_10,2010-01-31,-0.017861875479833797,-0.017661875479833798,0.00019999999999999996,0.19999999999999996,10
vw_gr_top_n_10,2010-02-28,0.07708323776437265,0.07728323776437265,0.00019999999999999996,0.19999999999999996,10
vw_gr_top_n_10,2010-03-31,0.07300397125073152,0.07320397125073153,0.00019999999999999996,0.19999999999999996,10
vw_gr_top_n_10,2010-04-30,0.030765386052817364,0.031165386052817365,0.0004,0.4,10
vw_gr_top_n_10,2010-05-31,-0.06589186330876486,-0.06579186330876485,9.999999999999998e-05,0.09999999999999998,10
vw_gr_top_n_10,2010-06-30,-0.04021313604487502,-0.039913136044875015,0.0003000000000000001,0.30000000000000004,10
vw_gr_top_n_10,2010-07-31,0.032270840827436274,0.03237084082743628,9.999999999999998e-05,0.09999999999999998,10
vw_gr_top_n_10,2010-08-31,-0.05177343463441377,-0.05167343463441377,9.999999999999998e-05,0.09999999999999998,10
vw_gr_top_n_10,2010-09-30,0.1414540353457062,0.1416540353457062,0.00019999999999999996,0.19999999999999996,10
vw_gr_top_n_10,2010-10-31,0.06461206337008346,0.06471206337008346,9.999999999999998e-05,0.09999999999999998,10
vw_gr_top_n_10,2010-11-30,-0.0066919326081776925,-0.006291932608177692,0.0004,0.4,10
vw_gr_top_n_10,2010-12-31,0.05014900304430479,0.05044900304430479,0.0003000000000000001,0.30000000000000004,10
vw_gr_top_n_10,2011-01-31,0.03510078767337502,0.03520078767337502,9.999999999999998e-05,0.09999999999999998,10
vw_gr_top_n_10,2011-02-28,0.054201557498500114,0.054201557498500114,0.0,0.0,10
vw_gr_top_n_10,2011-03-31,0.041615314876628534,0.04171531487662854,9.999999999999998e-05,0.09999999999999998,10
vw_gr_top_n_10,2011-04-30,0.05721536322132041,0.05761536322132041,0.0004,0.4,10
vw_gr_top_n_10,2011-05-31,0.0016232219813686636,0.0016232219813686636,0.0,0.0,10
vw_gr_top_n_10,2011-06-30,-0.014682652963638212,-0.014382652963638212,0.0003000000000000001,0.30000000000000004,10
vw_gr_top_n_10,2011-07-31,-0.015247956731365859,-0.015147956731365859,9.999999999999998e-05,0.09999999999999998,9
vw_gr_top_n_10,2011-08-31,-0.04596466032688518,-0.045764660326885184,0.00019999999999999996,0.19999999999999996,9
vw_gr_top_n_10,2011-09-30,-0.12855714240199045,-0.12825714240199046,0.0003000000000000001,0.30000000000000004,9
vw_gr_top_n_10,2011-10-31,0.17321133862052507,0.17341133862052507,0.00019999999999999996,0.19999999999999996,10
vw_gr_top_n_10,2011-11-30,0.004369289193492918,0.004769289193492918,0.0004,0.4,9
vw_gr_top_n_10,2011-12-31,0.002540446242678218,0.002940446242678218,0.0004,0.4,10
vw_gr_top_n_10,2012-01-31,0.0695081242611409,0.0695081242611409,0.0,0.0,10
vw_gr_top_n_10,2012-02-29,0.08067023378696682,0.08097023378696681,0.0003000000000000001,0.30000000000000004,10
vw_gr_top_n_10,2012-03-31,0.02944117616704263,0.02974117616704263,0.0003000000000000001,0.30000000000000004,10
vw_gr_top_n_10,2012-04-30,0.03161200608121314,0.03181200608121314,0.00019999999999999996,0.19999999999999996,10
vw_gr_top_n_10,2012-05-31,-0.08518755313849345,-0.08508755313849345,9.999999999999998e-05,0.09999999999999998,9
vw_gr_top_n_10,2012-06-30,0.048327967036890414,0.04892796703689042,0.0006000000000000001,0.6,10
vw_gr_top_n_10,2012-07-31,0.007271335795908189,0.007471335795908188,0.00019999999999999996,0.19999999999999996,10
vw_gr_top_n_10,2012-08-31,0.00995858344969055,0.010158583449690551,0.00019999999999999996,0.19999999999999996,10
vw_gr_top_n_10,2012-09-30,-0.003585247037926158,-0.003285247037926158,0.0003000000000000001,0.30000000000000004,10
vw_gr_top_n_10,2012-10-31,-0.047147787001662375,-0.046847787001662373,0.0003000000000000001,0.30000000000000004,9
vw_gr_top_n_10,2012-11-30,0.01337208046210669,0.01357208046210669,0.00019999999999999996,0.19999999999999996,10
vw_gr_top_n_10,2012-12-31,0.011533215589808202,0.011933215589808201,0.0004,0.4,9
vw_gr_top_n_10,2013-01-31,0.12845100695106956,0.12855100695106955,9.999999999999998e-05,0.09999999999999998,10
vw_gr_top_n_10,2013-02-28,0.016745833239241205,0.017145833239241206,0.0004,0.4,10
vw_gr_top_n_10,2013-03-31,0.06554252485328813,0.06574252485328813,0.00019999999999999996,0.19999999999999996,9
vw_gr_top_n_10,2013-04-30,0.015902075418614464,0.016502075418614464,0.0006000000000000001,0.6,10
vw_gr_top_n_10,2013-05-31,0.0057859798637403615,0.005985979863740361,0.00019999999999999996,0.19999999999999996,10
vw_gr_top_n_10,2013-06-30,-0.002035984870132972,-0.001735984870132972,0.0003000000000000001,0.30000000000000004,10
vw_gr_top_n_10,2013-07-31,-0.0032944010074206108,-0.003194401007420611,9.999999999999998e-05,0.09999999999999998,10
vw_gr_top_n_10,2013-08-31,-0.023188302530625936,-0.023088302530625937,9.999999999999998e-05,0.09999999999999998,9
vw_gr_top_n_10,2013-09-30,0.041731215852204254,0.04213121585220425,0.0004,0.4,10
vw_gr_top_n_10,2013-10-31,0.0450313943968652,0.045131394396865206,9.999999999999998e-05,0.09999999999999998,10
vw_gr_top_n_10,2013-11-30,0.06053300677048224,0.060633006770482244,9.999999999999998e-05,0.09999999999999998,10
vw_gr_top_n_10,2013-12-31,0.043754340588473446,0.044154340588473444,0.0004,0.4,10
vw_gr_top_n_10,2014-01-31,-0.02949890556707031,-0.029198905567070308,0.0003000000000000001,0.30000000000000004,9
vw_gr_top_n_10,2014-02-28,0.05854111404236069,0.05874111404236069,0.00019999999999999996,0.19999999999999996,10
vw_gr_top_n_10,2014-03-31,0.02419800445172892,0.02439800445172892,0.00019999999999999996,0.19999999999999996,10
vw_gr_top_n_10,2014-04-30,-0.012889225425212305,-0.012589225425212305,0.0003000000000000001,0.30000000000000004,10
vw_gr_top_n_10,2014-05-31,0.021282518183233224,0.021282518183233224,0.0,0.0,10
vw_gr_top_n_10,2014-06-30,0.018223313175887962,0.018523313175887963,0.0003000000000000001,0.30000000000000004,9
vw_gr_top_n_10,2014-07-31,0.021836286831554554,0.022136286831554556,0.0003000000000000001,0.30000000000000004,10
vw_gr_top_n_10,2014-08-31,0.059132502501118345,0.05923250250111835,9.999999999999998e-05,0.09999999999999998,10
vw_gr_top_n_10,2014-09-30,-0.008835842333154147,-0.008635842333154146,0.00019999999999999996,0.19999999999999996,10
vw_gr_top_n_10,2014-10-31,0.043868524614548446,0.04426852461454844,0.0004,0.4,10
vw_gr_top_n_10,2014-11-30,0.0617559385666333,0.0619559385666333,0.00019999999999999996,0.19999999999999996,10
vw_gr_top_n_10,2014-12-31,-0.003621748777542392,-0.0033217487775423923,0.0003000000000000001,0.30000000000000004,10
vw_gr_top_n_10,2015-01-31,-0.008217575485572809,-0.008217575485572809,0.0,0.0,10
vw_gr_top_n_10,2015-02-28,0.05557360211459158,0.05577360211459158,0.00019999999999999996,0.19999999999999996,10
vw_gr_top_n_10,2015-03-31,-0.004507051176358074,-0.004507051176358074,0.0,0.0,10
vw_gr_top_n_10,2015-04-30,-0.022931384427722436,-0.022731384427722438,0.00019999999999999996,0.19999999999999996,10
vw_gr_top_n_10,2015-05-31,0.0456544260751854,0.0457544260751854,9.999999999999998e-05,0.09999999999999998,10
vw_gr_top_n_10,2015-06-30,-0.010933535560481992,-0.010533535560481993,0.0004,0.4,10
vw_gr_top_n_10,2015-07-31,0.08521355073268594,0.08521355073268594,0.0,0.0,10
vw_gr_top_n_10,2015-08-31,-0.041105575436912636,-0.041005575436912634,9.999999999999998e-05,0.09999999999999998,10
vw_gr_top_n_10,2015-09-30,-0.004805978422343017,-0.004405978422343017,0.0004,0.4,9
vw_gr_top_n_10,2015-10-31,0.053344196240796574,0.053444196240796576,9.999999999999998e-05,0.09999999999999998,10
vw_gr_top_n_10,2015-11-30,0.009318550363363027,0.009418550363363027,9.999999999999998e-05,0.09999999999999998,10
vw_gr_top_n_10,2015-12-31,-0.00021129598815929806,8.870401184070203e-05,0.0003000000000000001,0.30000000000000004,10
vw_gr_top_n_10,2016-01-31,-0.041103518068163744,-0.041103518068163744,0.0,0.0,10
vw_gr_top_n_10,2016-02-29,-0.0026598993787696644,-0.0026598993787696644,0.0,0.0,10
vw_gr_top_n_10,2016-03-31,0.05836361585293396,0.05876361585293396,0.0004,0.4,10
vw_gr_top_n_10,2016-04-30,-0.03658946993061933,-0.03648946993061933,9.999999999999998e-05,0.09999999999999998,10
vw_gr_top_n_10,2016-05-31,0.020110653539175394,0.020210653539175394,9.999999999999998e-05,0.09999999999999998,10
vw_gr_top_n_10,2016-06-30,-0.015147571666605323,-0.014747571666605324,0.0004,0.4,10
vw_gr_top_n_10,2016-07-31,0.05303897065785787,0.05303897065785787,0.0,0.0,10
vw_gr_top_n_10,2016-08-31,-0.005701240839005145,-0.005501240839005145,0.00019999999999999996,0.19999999999999996,9
vw_gr_top_n_10,2016-09-30,0.0036915270423856176,0.004091527042385618,0.0004,0.4,10
vw_gr_top_n_10,2016-10-31,-0.01788473029059869,-0.01788473029059869,0.0,0.0,10
vw_gr_top_n_10,2016-11-30,0.006912945642678555,0.006912945642678555,0.0,0.0,10
vw_gr_top_n_10,2016-12-31,0.015561140860721544,0.015661140860721543,9.999999999999998e-05,0.09999999999999998,10
vw_gr_top_n_10,2017-01-31,0.0319288985108335,0.0319288985108335,0.0,0.0,10
vw_gr_top_n_10,2017-02-28,0.04083808899060469,0.04083808899060469,0.0,0.0,10
vw_gr_top_n_10,2017-03-31,0.01660514362144591,0.01660514362144591,0.0,0.0,10
vw_gr_top_n_10,2017-04-30,0.02298542389693,0.02318542389693,0.00019999999999999996,0.19999999999999996,10
vw_gr_top_n_10,2017-05-31,0.027154122714569646,0.027254122714569645,9.999999999999998e-05,0.09999999999999998,10
vw_gr_top_n_10,2017-06-30,-0.01684521082094895,-0.01644521082094895,0.0004,0.4,10
vw_gr_top_n_10,2017-07-31,0.026265411689641843,0.02646541168964184,0.00019999999999999996,0.19999999999999996,10
vw_gr_top_n_10,2017-08-31,0.016393853063096715,0.016393853063096715,0.0,0.0,10
vw_gr_top_n_10,2017-09-30,0.026328744860534027,0.026528744860534026,0.00019999999999999996,0.19999999999999996,10
vw_gr_top_n_10,2017-10-31,0.03946304371462027,0.03956304371462027,9.999999999999998e-05,0.09999999999999998,10
vw_gr_top_n_10,2017-11-30,0.007686275349313904,0.007886275349313904,0.00019999999999999996,0.19999999999999996,9
vw_gr_top_n_10,2017-12-31,0.012284845179790994,0.012684845179790993,0.0004,0.4,10
vw_gr_top_n_10,2018-01-31,0.06630871256234966,0.06640871256234966,9.999999999999998e-05,0.09999999999999998,10
vw_gr_top_n_10,2018-02-28,-0.02726206902301789,-0.02706206902301789,0.00019999999999999996,0.19999999999999996,10
vw_gr_top_n_10,2018-03-31,-0.010026177491525607,-0.010026177491525607,0.0,0.0,10
vw_gr_top_n_10,2018-04-30,-0.009668153884043055,-0.009368153884043055,0.0003000000000000001,0.30000000000000004,10
vw_gr_top_n_10,2018-05-31,0.04717996520101186,0.04727996520101186,9.999999999999998e-05,0.09999999999999998,10
vw_gr_top_n_10,2018-06-30,-0.004289635120002186,-0.0040896351200021865,0.00019999999999999996,0.19999999999999996,10
vw_gr_top_n_10,2018-07-31,0.04560156889110561,0.04580156889110561,0.00019999999999999996,0.19999999999999996,10
vw_gr_top_n_10,2018-08-31,0.021741436107689832,0.02184143610768983,9.999999999999998e-05,0.09999999999999998,10
vw_gr_top_n_10,2018-09-30,-0.015144917102895521,-0.01494491710289552,0.00019999999999999996,0.19999999999999996,10
vw_gr_top_n_10,2018-10-31,-0.10547086152083754,-0.10537086152083754,9.999999999999998e-05,0.09999999999999998,10
vw_gr_top_n_10,2018-11-30,0.033608129383111536,0.03370812938311154,9.999999999999998e-05,0.09999999999999998,10
vw_gr_top_n_10,2018-12-31,-0.048089570838584575,-0.04778957083858457,0.0003000000000000001,0.30000000000000004,10
vw_gr_top_n_10,2019-01-31,0.07146962547940205,0.07156962547940206,9.999999999999998e-05,0.09999999999999998,10
vw_gr_top_n_10,2019-02-28,0.021061312953751153,0.021161312953751153,9.999999999999998e-05,0.09999999999999998,10
vw_gr_top_n_10,2019-03-31,0.044544732592676,0.044544732592676,0.0,0.0,10
vw_gr_top_n_10,2019-04-30,0.027156229724693007,0.027656229724693008,0.0005,0.5,10
vw_gr_top_n_10,2019-05-31,-0.09912798291728639,-0.09892798291728638,0.00019999999999999996,0.19999999999999996,10
vw_gr_top_n_10,2019-06-30,0.061661565391882424,0.062161565391882424,0.0005,0.5,10
vw_gr_top_n_10,2019-07-31,0.058284293894654594,0.05848429389465459,0.00019999999999999996,0.19999999999999996,10
vw_gr_top_n_10,2019-08-31,-0.011493921229825722,-0.011293921229825721,0.00019999999999999996,0.19999999999999996,10
vw_gr_top_n_10,2019-09-30,0.022795250893123772,0.023195250893123773,0.0004,0.4,10
vw_gr_top_n_10,2019-10-31,0.04266430892914766,0.04276430892914766,9.999999999999998e-05,0.09999999999999998,10
vw_gr_top_n_10,2019-11-30,0.029729152131451962,0.02982915213145196,9.999999999999998e-05,0.09999999999999998,9
vw_gr_top_n_10,2019-12-31,0.025518770116610762,0.025918770116610763,0.0004,0.4,10
vw_gr_top_n_10,2020-01-31,0.01766863807109673,0.01776863807109673,9.999999999999998e-05,0.09999999999999998,10
vw_gr_top_n_10,2020-02-29,-0.04582486453302153,-0.04572486453302153,9.999999999999998e-05,0.09999999999999998,9
vw_gr_top_n_10,2020-03-31,-0.1191008308754699,-0.1188008308754699,0.0003000000000000001,0.30000000000000004,9
vw_gr_top_n_10,2020-04-30,0.17004870171078207,0.17034870171078206,0.0003000000000000001,0.30000000000000004,10
vw_gr_top_n_10,2020-05-31,0.0587332421856983,0.0589332421856983,0.00019999999999999996,0.19999999999999996,10
vw_gr_top_n_10,2020-06-30,0.020294154010976322,0.02039415401097632,9.999999999999998e-05,0.09999999999999998,10
vw_gr_top_n_10,2020-07-31,0.08096891206059934,0.08106891206059934,9.999999999999998e-05,0.09999999999999998,10
vw_gr_top_n_10,2020-08-31,0.0340263653547076,0.0341263653547076,9.999999999999998e-05,0.09999999999999998,10
vw_gr_top_n_10,2020-09-30,-0.03999681276905813,-0.03969681276905813,0.0003000000000000001,0.30000000000000004,10
vw_gr_top_n_10,2020-10-31,-0.0001265724612653831,7.342753873461685e-05,0.00019999999999999996,0.19999999999999996,10
vw_gr_top_n_10,2020-11-30,0.08740980875336576,0.08750980875336577,9.999999999999998e-05,0.09999999999999998,10
vw_gr_top_n_10,2020-12-31,0.028053193275227213,0.028353193275227215,0.0003000000000000001,0.30000000000000004,10
vw_gr_top_n_10,2021-01-31,0.02323338905887915,0.02343338905887915,0.00019999999999999996,0.19999999999999996,10
vw_gr_top_n_10,2021-02-28,0.01465720083041423,0.014757200830414229,9.999999999999998e-05,0.09999999999999998,10
vw_gr_top_n_10,2021-03-31,0.038747512414962756,0.038747512414962756,0.0,0.0,10
vw_gr_top_n_10,2021-04-30,0.08342261648115006,0.08372261648115005,0.0003000000000000001,0.30000000000000004,10
vw_gr_top_n_10,2021-05-31,0.004953978739322109,0.005053978739322109,9.999999999999998e-05,0.09999999999999998,10
vw_gr_top_n_10,2021-06-30,0.015541275219853353,0.015941275219853352,0.0004,0.4,10
vw_gr_top_n_10,2021-07-31,0.04635370801793745,0.04635370801793745,0.0,0.0,10
vw_gr_top_n_10,2021-08-31,0.015733808924273576,0.015733808924273576,0.0,0.0,10
vw_gr_top_n_10,2021-09-30,-0.06058902015824353,-0.06008902015824353,0.0005,0.5,10
vw_gr_top_n_10,2021-10-31,0.08878414961191053,0.08888414961191053,9.999999999999998e-05,0.09999999999999998,10
vw_gr_top_n_10,2021-11-30,0.020658855455162075,0.020658855455162075,0.0,0.0,9
vw_gr_top_n_10,2021-12-31,0.09738558338481769,0.09778558338481769,0.0004,0.4,10
vw_gr_top_n_10,2022-01-31,-0.08625908339350898,-0.08615908339350897,9.999999999999998e-05,0.09999999999999998,10
vw_gr_top_n_10,2022-02-28,0.012579577040227366,0.012579577040227366,0.0,0.0,10
vw_gr_top_n_10,2022-03-31,0.01026283155864315,0.01026283155864315,0.0,0.0,10
vw_gr_top_n_10,2022-04-30,-0.09400976999646785,-0.09370976999646785,0.0003000000000000001,0.30000000000000004,10
vw_gr_top_n_10,2022-05-31,-0.0008090172767219828,-0.0005090172767219826,0.0003000000000000001,0.30000000000000004,10
vw_gr_top_n_10,2022-06-30,-0.1311087047181695,-0.13070870471816948,0.0004,0.4,10
vw_gr_top_n_10,2022-07-31,0.12434085680334933,0.12474085680334933,0.0004,0.4,10
vw_gr_top_n_10,2022-08-31,-0.04227411901144756,-0.04207411901144756,0.00019999999999999996,0.19999999999999996,10
vw_gr_top_n_10,2022-09-30,-0.08656998768470041,-0.08626998768470041,0.0003000000000000001,0.30000000000000004,10
vw_gr_top_n_10,2022-10-31,0.11187551723517694,0.11207551723517695,0.00019999999999999996,0.19999999999999996,10
vw_gr_top_n_10,2022-11-30,0.12149022786448442,0.12179022786448442,0.0003000000000000001,0.30000000000000004,10
vw_gr_top_n_10,2022-12-31,-0.08622373372296781,-0.08582373372296781,0.0004,0.4,10
vw_gr_top_n_10,2023-01-31,0.03588585440013151,0.035985854400131516,9.999999999999998e-05,0.09999999999999998,10
vw_gr_top_n_10,2023-02-28,0.03603719649985378,0.036237196499853776,0.00019999999999999996,0.19999999999999996,10
vw_gr_top_n_10,2023-03-31,0.011630077112291219,0.011730077112291218,9.999999999999998e-05,0.09999999999999998,10
vw_gr_top_n_10,2023-04-30,-0.055859629098243324,-0.055659629098243325,0.00019999999999999996,0.19999999999999996,10
vw_gr_top_n_10,2023-05-31,0.017007486469726902,0.0172074864697269,0.00019999999999999996,0.19999999999999996,9
vw_gr_top_n_10,2023-06-30,0.0790122398959762,0.0792122398959762,0.00019999999999999996,0.19999999999999996,10
vw_gr_top_n_10,2023-07-31,0.026960597340950382,0.02716059734095038,0.00019999999999999996,0.19999999999999996,10
vw_gr_top_n_10,2023-08-31,-0.013677436824782774,-0.013577436824782775,9.999999999999998e-05,0.09999999999999998,10
vw_gr_top_n_10,2023-09-30,-0.02493007279228501,-0.02443007279228501,0.0005,0.5,10
vw_gr_top_n_10,2023-10-31,-0.03442675272957734,-0.03432675272957734,9.999999999999998e-05,0.09999999999999998,10
vw_gr_top_n_10,2023-11-30,0.07152639274600489,0.07152639274600489,0.0,0.0,10
vw_gr_top_n_10,2023-12-31,0.06835235628074153,0.06855235628074154,0.00019999999999999996,0.19999999999999996,10
vw_gr_top_n_10,2024-01-31,0.08590718971692109,0.08610718971692109,0.00019999999999999996,0.19999999999999996,9
vw_gr_top_n_10,2024-02-29,0.09814245662418042,0.09824245662418042,9.999999999999998e-05,0.09999999999999998,10
vw_gr_top_n_10,2024-03-31,0.06482699285355954,0.06512699285355954,0.0003000000000000001,0.30000000000000004,10
vw_gr_top_n_10,2024-04-30,-0.029225414521383306,-0.029025414521383307,0.00019999999999999996,0.19999999999999996,10
vw_gr_top_n_10,2024-05-31,0.13041919909575778,0.13061919909575778,0.00019999999999999996,0.19999999999999996,10
vw_gr_top_n_10,2024-06-30,0.02719331298199574,0.02749331298199574,0.0003000000000000001,0.30000000000000004,10
vw_gr_top_n_10,2024-07-31,0.02246895636352471,0.022668956363524707,0.00019999999999999996,0.19999999999999996,10
vw_gr_top_n_10,2024-08-31,-0.009899889979431434,-0.009899889979431434,0.0,0.0,10
vw_gr_top_n_10,2024-09-30,0.006773646771519951,0.007173646771519951,0.0004,0.4,10
vw_gr_top_n_10,2024-10-31,-0.043467872510752924,-0.04316787251075292,0.0003000000000000001,0.30000000000000004,10
vw_gr_top_n_10,2024-11-30,0.048350857045780314,0.04855085704578031,0.00019999999999999996,0.19999999999999996,9
vw_gr_top_n_10,2024-12-31,-0.016127298477709662,-0.015527298477709662,0.0006000000000000001,0.6,10
vw_gr_top_n_10,2025-01-31,-0.0005808425422732402,-0.0002808425422732401,0.0003000000000000001,0.30000000000000004,10
vw_gr_top_n_10,2025-02-28,-0.040842396807279996,-0.04074239680727999,9.999999999999998e-05,0.09999999999999998,9
vw_gr_top_n_10,2025-03-31,-0.015560005705106754,-0.015360005705106754,0.00019999999999999996,0.19999999999999996,10
vw_gr_top_n_10,2025-04-30,0.07797671732754297,0.07857671732754297,0.0006000000000000001,0.6,10
vw_gr_top_n_10,2025-05-31,0.04240053762589098,0.04270053762589098,0.0003000000000000001,0.30000000000000004,10
vw_gr_top_n_10,2025-06-30,0.009859943429814161,0.010159943429814161,0.0003000000000000001,0.30000000000000004,10
vw_gr_top_n_10,2025-07-31,0.05162761117200681,0.05192761117200681,0.0003000000000000001,0.30000000000000004,10
vw_gr_top_n_10,2025-08-31,0.11172163236076435,0.11172163236076435,0.0,0.0,10
vw_gr_top_n_10,2025-09-30,0.03191883634325717,0.03221883634325717,0.0003000000000000001,0.30000000000000004,10
vw_gr_top_n_10,2025-10-31,-0.028060224912633883,-0.02776022491263388,0.0003000000000000001,0.30000000000000004,10
vw_gr_top_n_10,2025-11-30,0.03042275757923242,0.03052275757923242,9.999999999999998e-05,0.09999999999999998,10
vw_gr_top_n_10,2025-12-31,0.030105206582593712,0.030405206582593713,0.0003000000000000001,0.30000000000000004,10
vw_gr_top_n_10,2026-01-31,0.07204078422536785,0.07214078422536785,9.999999999999998e-05,0.09999999999999998,10
vw_gr_top_n_10,2026-02-28,0.05853299235673187,0.058632992356731875,9.999999999999998e-05,0.09999999999999998,10
vw_gr_top_n_10,2026-03-31,-0.021639856342498858,-0.02153985634249886,9.999999999999998e-05,0.09999999999999998,10
vw_gr_top_n_10,2026-04-30,0.05091088622020107,0.05151088622020107,0.0006000000000000001,0.6,10
vw_gr_top_n_10,2026-05-31,-0.027375185817894446,-0.027075185817894445,0.0003000000000000001,0.30000000000000004,10
SPY,1999-12-31,0.05708988364416778,0.05708988364416778,0.0,0.0,1
SPY,2000-01-31,-0.04978723404255314,-0.04978723404255314,0.0,0.0,1
SPY,2000-02-29,-0.015226153157187672,-0.015226153157187672,0.0,0.0,1
SPY,2000-03-31,0.09689493875120925,0.09689493875120925,0.0,0.0,1
SPY,2000-04-30,-0.0351208379052369,-0.0351208379052369,0.0,0.0,1
SPY,2000-05-31,-0.015722281099116442,-0.015722281099116442,0.0,0.0,1
SPY,2000-06-30,0.019704105680511175,0.019704105680511175,0.0,0.0,1
SPY,2000-07-31,-0.015701989914676084,-0.015701989914676084,0.0,0.0,1
SPY,2000-08-31,0.06534058741258741,0.06534058741258741,0.0,0.0,1
SPY,2000-09-30,-0.05480692763282968,-0.05480692763282968,0.0,0.0,1
SPY,2000-10-31,-0.00467819669277636,-0.00467819669277636,0.0,0.0,1
SPY,2000-11-30,-0.07465308865577958,-0.07465308865577958,0.0,0.0,1
SPY,2000-12-31,-0.005153315909471989,-0.005153315909471989,0.0,0.0,1
SPY,2001-01-31,0.044459296808003756,0.044459296808003756,0.0,0.0,1
SPY,2001-02-28,-0.09538758296927219,-0.09538758296927219,0.0,0.0,1
SPY,2001-03-31,-0.05598932133317569,-0.05598932133317569,0.0,0.0,1
SPY,2001-04-30,0.08544007052120883,0.08544007052120883,0.0,0.0,1
SPY,2001-05-31,-0.005605613276310928,-0.005605613276310928,0.0,0.0,1
SPY,2001-06-30,-0.023830303259896213,-0.023830303259896213,0.0,0.0,1
SPY,2001-07-31,-0.010195758730762838,-0.010195758730762838,0.0,0.0,1
SPY,2001-08-31,-0.05933247728607294,-0.05933247728607294,0.0,0.0,1
SPY,2001-09-30,-0.08159299778244256,-0.08159299778244256,0.0,0.0,1
SPY,2001-10-31,0.013021840041711252,0.013021840041711252,0.0,0.0,1
SPY,2001-11-30,0.07797731347890413,0.07797731347890413,0.0,0.0,1
SPY,2001-12-31,0.005616387843991211,0.005616387843991211,0.0,0.0,1
SPY,2002-01-31,-0.009798801142638536,-0.009798801142638536,0.0,0.0,1
SPY,2002-02-28,-0.017936013429934783,-0.017936013429934783,0.0,0.0,1
SPY,2002-03-31,0.03324274680085626,0.03324274680085626,0.0,0.0,1
SPY,2002-04-30,-0.05815574724473682,-0.05815574724473682,0.0,0.0,1
SPY,2002-05-31,-0.005933617597500218,-0.005933617597500218,0.0,0.0,1
SPY,2002-06-30,-0.07375275984842822,-0.07375275984842822,0.0,0.0,1
SPY,2002-07-31,-0.07881967541248658,-0.07881967541248658,0.0,0.0,1
SPY,2002-08-31,0.006801173461993271,0.006801173461993271,0.0,0.0,1
SPY,2002-09-30,-0.104852618498808,-0.104852618498808,0.0,0.0,1
SPY,2002-10-31,0.08228384787524323,0.08228384787524323,0.0,0.0,1
SPY,2002-11-30,0.06168104592231294,0.06168104592231294,0.0,0.0,1
SPY,2002-12-31,-0.05663634652599825,-0.05663634652599825,0.0,0.0,1
SPY,2003-01-31,-0.024594864855666088,-0.024594864855666088,0.0,0.0,1
SPY,2003-02-28,-0.013478921995791704,-0.013478921995791704,0.0,0.0,1
SPY,2003-03-31,0.002059981233584196,0.002059981233584196,0.0,0.0,1
SPY,2003-04-30,0.08461182640103448,0.08461182640103448,0.0,0.0,1
SPY,2003-05-31,0.0548361743080763,0.0548361743080763,0.0,0.0,1
SPY,2003-06-30,0.010662122418041209,0.010662122418041209,0.0,0.0,1
SPY,2003-07-31,0.0180272667631034,0.0180272667631034,0.0,0.0,1
SPY,2003-08-31,0.02062584787831634,0.02062584787831634,0.0,0.0,1
SPY,2003-09-30,-0.010886241833391486,-0.010886241833391486,0.0,0.0,1
SPY,2003-10-31,0.05352682501831407,0.05352682501831407,0.0,0.0,1
SPY,2003-11-30,0.01092112029664416,0.01092112029664416,0.0,0.0,1
SPY,2003-12-31,0.050322783570031504,0.050322783570031504,0.0,0.0,1
SPY,2004-01-31,0.01976998579951461,0.01976998579951461,0.0,0.0,1
SPY,2004-02-29,0.013570620014875967,0.013570620014875967,0.0,0.0,1
SPY,2004-03-31,-0.01319759963782674,-0.01319759963782674,0.0,0.0,1
SPY,2004-04-30,-0.018921300069342117,-0.018921300069342117,0.0,0.0,1
SPY,2004-05-31,0.017123305850065718,0.017123305850065718,0.0,0.0,1
SPY,2004-06-30,0.018492248374959663,0.018492248374959663,0.0,0.0,1
SPY,2004-07-31,-0.032218659147984496,-0.032218659147984496,0.0,0.0,1
SPY,2004-08-31,0.0024359889006131397,0.0024359889006131397,0.0,0.0,1
SPY,2004-09-30,0.010017300203514878,0.010017300203514878,0.0,0.0,1
SPY,2004-10-31,0.012884708072929296,0.012884708072929296,0.0,0.0,1
SPY,2004-11-30,0.04451005917733952,0.04451005917733952,0.0,0.0,1
SPY,2004-12-31,0.030152626343960875,0.030152626343960875,0.0,0.0,1
SPY,2005-01-31,-0.0224207738292187,-0.0224207738292187,0.0,0.0,1
SPY,2005-02-28,0.020903799224651243,0.020903799224651243,0.0,0.0,1
SPY,2005-03-31,-0.01828063889712961,-0.01828063889712961,0.0,0.0,1
SPY,2005-04-30,-0.018735156143906084,-0.018735156143906084,0.0,0.0,1
SPY,2005-05-31,0.03222464794816404,0.03222464794816404,0.0,0.0,1
SPY,2005-06-30,0.0014969687984429658,0.0014969687984429658,0.0,0.0,1
SPY,2005-07-31,0.03826143648263125,0.03826143648263125,0.0,0.0,1
SPY,2005-08-31,-0.009374462734353717,-0.009374462734353717,0.0,0.0,1
SPY,2005-09-30,0.007992705591423954,0.007992705591423954,0.0,0.0,1
SPY,2005-10-31,-0.023650877571107953,-0.023650877571107953,0.0,0.0,1
SPY,2005-11-30,0.04395244428416989,0.04395244428416989,0.0,0.0,1
SPY,2005-12-31,-0.0018990966596083014,-0.0018990966596083014,0.0,0.0,1
SPY,2006-01-31,0.02401411896210548,0.02401411896210548,0.0,0.0,1
SPY,2006-02-28,0.005725458823529372,0.005725458823529372,0.0,0.0,1
SPY,2006-03-31,0.0165042057120115,0.0165042057120115,0.0,0.0,1
SPY,2006-04-30,0.012631895361135292,0.012631895361135292,0.0,0.0,1
SPY,2006-05-31,-0.030120932303027814,-0.030120932303027814,0.0,0.0,1
SPY,2006-06-30,0.002644395621419049,0.002644395621419049,0.0,0.0,1
SPY,2006-07-31,0.004478307703317919,0.004478307703317919,0.0,0.0,1
SPY,2006-08-31,0.021822456344504637,0.021822456344504637,0.0,0.0,1
SPY,2006-09-30,0.026993686785874216,0.026993686785874216,0.0,0.0,1
SPY,2006-10-31,0.03151662626865348,0.03151662626865348,0.0,0.0,1
SPY,2006-11-30,0.019885377307479635,0.019885377307479635,0.0,0.0,1
SPY,2006-12-31,0.013368224132956907,0.013368224132956907,0.0,0.0,1
SPY,2007-01-31,0.01504028438922056,0.01504028438922056,0.0,0.0,1
SPY,2007-02-28,-0.019617440000000097,-0.019617440000000097,0.0,0.0,1
SPY,2007-03-31,0.011602112370858064,0.011602112370858064,0.0,0.0,1
SPY,2007-04-30,0.04429572535211279,0.04429572535211279,0.0,0.0,1
SPY,2007-05-31,0.033920117590132914,0.033920117590132914,0.0,0.0,1
SPY,2007-06-30,-0.014647280833798515,-0.014647280833798515,0.0,0.0,1
SPY,2007-07-31,-0.031310192243378054,-0.031310192243378054,0.0,0.0,1
SPY,2007-08-31,0.012832795684650122,0.012832795684650122,0.0,0.0,1
SPY,2007-09-30,0.03869917383114396,0.03869917383114396,0.0,0.0,1
SPY,2007-10-31,0.013566600949448171,0.013566600949448171,0.0,0.0,1
SPY,2007-11-30,-0.03873255889036764,-0.03873255889036764,0.0,0.0,1
SPY,2007-12-31,-0.011332150468549629,-0.011332150468549629,0.0,0.0,1
SPY,2008-01-31,-0.060461059960143615,-0.060461059960143615,0.0,0.0,1
SPY,2008-02-29,-0.02584252842114443,-0.02584252842114443,0.0,0.0,1
SPY,2008-03-31,-0.009031464474252737,-0.009031464474252737,0.0,0.0,1
SPY,2008-04-30,0.04766230167718177,0.04766230167718177,0.0,0.0,1
SPY,2008-05-31,0.01511652738017255,0.01511652738017255,0.0,0.0,1
SPY,2008-06-30,-0.08349905383942746,-0.08349905383942746,0.0,0.0,1
SPY,2008-07-31,-0.008985786631056869,-0.008985786631056869,0.0,0.0,1
SPY,2008-08-31,0.01545368579273565,0.01545368579273565,0.0,0.0,1
SPY,2008-09-30,-0.09437325667108099,-0.09437325667108099,0.0,0.0,1
SPY,2008-10-31,-0.16518662238445758,-0.16518662238445758,0.0,0.0,1
SPY,2008-11-30,-0.06960658742937953,-0.06960658742937953,0.0,0.0,1
SPY,2008-12-31,0.009835311975912697,0.009835311975912697,0.0,0.0,1
SPY,2009-01-31,-0.08211431919579615,-0.08211431919579615,0.0,0.0,1
SPY,2009-02-28,-0.10744901346253732,-0.10744901346253732,0.0,0.0,1
SPY,2009-03-31,0.08348428231254257,0.08348428231254257,0.0,0.0,1
SPY,2009-04-30,0.09934609278217166,0.09934609278217166,0.0,0.0,1
SPY,2009-05-31,0.05845345592435258,0.05845345592435258,0.0,0.0,1
SPY,2009-06-30,-0.0006734975454644188,-0.0006734975454644188,0.0,0.0,1
SPY,2009-07-31,0.07460577731177076,0.07460577731177076,0.0,0.0,1
SPY,2009-08-31,0.03693960200262336,0.03693960200262336,0.0,0.0,1
SPY,2009-09-30,0.03545722789651928,0.03545722789651928,0.0,0.0,1
SPY,2009-10-31,-0.019225305426650352,-0.019225305426650352,0.0,0.0,1
SPY,2009-11-30,0.06160679799150248,0.06160679799150248,0.0,0.0,1
SPY,2009-12-31,0.01907201039139439,0.01907201039139439,0.0,0.0,1
SPY,2010-01-31,-0.036342426417803275,-0.036342426417803275,0.0,0.0,1
SPY,2010-02-28,0.031194710866933484,0.031194710866933484,0.0,0.0,1
SPY,2010-03-31,0.06090524242839668,0.06090524242839668,0.0,0.0,1
SPY,2010-04-30,0.015470085470085548,0.015470085470085548,0.0,0.0,1
SPY,2010-05-31,-0.07945459136436317,-0.07945459136436317,0.0,0.0,1
SPY,2010-06-30,-0.05174348855479738,-0.05174348855479738,0.0,0.0,1
SPY,2010-07-31,0.06830071691532646,0.06830071691532646,0.0,0.0,1
SPY,2010-08-31,-0.04498050240319207,-0.04498050240319207,0.0,0.0,1
SPY,2010-09-30,0.08955377929583341,0.08955377929583341,0.0,0.0,1
SPY,2010-10-31,0.03820205029352497,0.03820205029352497,0.0,0.0,1
SPY,2010-11-30,0.0,0.0,0.0,0.0,1
SPY,2010-12-31,0.06684424557418578,0.06684424557418578,0.0,0.0,1
SPY,2011-01-31,0.02330019880715728,0.02330019880715728,0.0,0.0,1
SPY,2011-02-28,0.03473733291886849,0.03473733291886849,0.0,0.0,1
SPY,2011-03-31,0.00010693508364245652,0.00010693508364245652,0.0,0.0,1
SPY,2011-04-30,0.028961460140282114,0.028961460140282114,0.0,0.0,1
SPY,2011-05-31,-0.011214542256102078,-0.011214542256102078,0.0,0.0,1
SPY,2011-06-30,-0.016887142113227616,-0.016887142113227616,0.0,0.0,1
SPY,2011-07-31,-0.020004546487838115,-0.020004546487838115,0.0,0.0,1
SPY,2011-08-31,-0.05497564370215724,-0.05497564370215724,0.0,0.0,1
SPY,2011-09-30,-0.069449278945378,-0.069449278945378,0.0,0.0,1
SPY,2011-10-31,0.10914714980114892,0.10914714980114892,0.0,0.0,1
SPY,2011-11-30,-0.004063745019920351,-0.004063745019920351,0.0,0.0,1
SPY,2011-12-31,0.010439997301930681,0.010439997301930681,0.0,0.0,1
SPY,2012-01-31,0.04637450199203186,0.04637450199203186,0.0,0.0,1
SPY,2012-02-29,0.04340542187024066,0.04340542187024066,0.0,0.0,1
SPY,2012-03-31,0.032156776614492344,0.032156776614492344,0.0,0.0,1
SPY,2012-04-30,-0.006675662239897795,-0.006675662239897795,0.0,0.0,1
SPY,2012-05-31,-0.06005576606849217,-0.06005576606849217,0.0,0.0,1
SPY,2012-06-30,0.04052876382211057,0.04052876382211057,0.0,0.0,1
SPY,2012-07-31,0.011829537105069843,0.011829537105069843,0.0,0.0,1
SPY,2012-08-31,0.02505264686660369,0.02505264686660369,0.0,0.0,1
SPY,2012-09-30,0.025356315051328293,0.025356315051328293,0.0,0.0,1
SPY,2012-10-31,-0.01819823574355761,-0.01819823574355761,0.0,0.0,1
SPY,2012-11-30,0.0056597099398656425,0.0056597099398656425,0.0,0.0,1
SPY,2012-12-31,0.008998316244160476,0.008998316244160476,0.0,0.0,1
SPY,2013-01-31,0.05119022540551921,0.05119022540551921,0.0,0.0,1
SPY,2013-02-28,0.012758851035404195,0.012758851035404195,0.0,0.0,1
SPY,2013-03-31,0.03797545999914509,0.03797545999914509,0.0,0.0,1
SPY,2013-04-30,0.019212357183889806,0.019212357183889806,0.0,0.0,1
SPY,2013-05-31,0.023609719438877574,0.023609719438877574,0.0,0.0,1
SPY,2013-06-30,-0.01336040704474828,-0.01336040704474828,0.0,0.0,1
SPY,2013-07-31,0.05167684827328278,0.05167684827328278,0.0,0.0,1
SPY,2013-08-31,-0.02999229446980023,-0.02999229446980023,0.0,0.0,1
SPY,2013-09-30,0.0316813225007595,0.0316813225007595,0.0,0.0,1
SPY,2013-10-31,0.046306767454318276,0.046306767454318276,0.0,0.0,1
SPY,2013-11-30,0.029637635815461527,0.029637635815461527,0.0,0.0,1
SPY,2013-12-31,0.025895850830555123,0.025895850830555123,0.0,0.0,1
SPY,2014-01-31,-0.03524825383074337,-0.03524825383074337,0.0,0.0,1
SPY,2014-02-28,0.0455157705690874,0.0455157705690874,0.0,0.0,1
SPY,2014-03-31,0.00831068326994866,0.00831068326994866,0.0,0.0,1
SPY,2014-04-30,0.006951499919790383,0.006951499919790383,0.0,0.0,1
SPY,2014-05-31,0.02320641495406517,0.02320641495406517,0.0,0.0,1
SPY,2014-06-30,0.020633372904887093,0.020633372904887093,0.0,0.0,1
SPY,2014-07-31,-0.013437563866748214,-0.013437563866748214,0.0,0.0,1
SPY,2014-08-31,0.03946346263400469,0.03946346263400469,0.0,0.0,1
SPY,2014-09-30,-0.013791195372024667,-0.013791195372024667,0.0,0.0,1
SPY,2014-10-31,0.023550908537204318,0.023550908537204318,0.0,0.0,1
SPY,2014-11-30,0.027471982544877482,0.027471982544877482,0.0,0.0,1
SPY,2014-12-31,-0.002560161869763933,-0.002560161869763933,0.0,0.0,1
SPY,2015-01-31,-0.029629269241996714,-0.029629269241996714,0.0,0.0,1
SPY,2015-02-28,0.05620456254700423,0.05620456254700423,0.0,0.0,1
SPY,2015-03-31,-0.015744786341719386,-0.015744786341719386,0.0,0.0,1
SPY,2015-04-30,0.009833841980332325,0.009833841980332325,0.0,0.0,1
SPY,2015-05-31,0.012856183440468127,0.012856183440468127,0.0,0.0,1
SPY,2015-06-30,-0.0201002668444622,-0.0201002668444622,0.0,0.0,1
SPY,2015-07-31,0.022147748797901823,0.022147748797901823,0.0,0.0,1
SPY,2015-08-31,-0.06134473746733182,-0.06134473746733182,0.0,0.0,1
SPY,2015-09-30,-0.024989940412756595,-0.024989940412756595,0.0,0.0,1
SPY,2015-10-31,0.08528628842841468,0.08528628842841468,0.0,0.0,1
SPY,2015-11-30,0.003655076227576659,0.003655076227576659,0.0,0.0,1
SPY,2015-12-31,-0.017179213160671503,-0.017179213160671503,0.0,0.0,1
SPY,2016-01-31,-0.04978662382891064,-0.04978662382891064,0.0,0.0,1
SPY,2016-02-29,-0.0008259498202253246,-0.0008259498202253246,0.0,0.0,1
SPY,2016-03-31,0.06724253284681447,0.06724253284681447,0.0,0.0,1
SPY,2016-04-30,0.003941212457352794,0.003941212457352794,0.0,0.0,1
SPY,2016-05-31,0.017011554141311835,0.017011554141311835,0.0,0.0,1
SPY,2016-06-30,0.0034974219116676863,0.0034974219116676863,0.0,0.0,1
SPY,2016-07-31,0.03647125809568941,0.03647125809568941,0.0,0.0,1
SPY,2016-08-31,0.0011975405581601262,0.0011975405581601262,0.0,0.0,1
SPY,2016-09-30,7.785911459556871e-05,7.785911459556871e-05,0.0,0.0,1
SPY,2016-10-31,-0.01733703165968048,-0.01733703165968048,0.0,0.0,1
SPY,2016-11-30,0.03683839985643278,0.03683839985643278,0.0,0.0,1
SPY,2016-12-31,0.020283178700863047,0.020283178700863047,0.0,0.0,1
SPY,2017-01-31,0.017894689830871613,0.017894689830871613,0.0,0.0,1
SPY,2017-02-28,0.03929153095983606,0.03929153095983606,0.0,0.0,1
SPY,2017-03-31,0.0012580853219585908,0.0012580853219585908,0.0,0.0,1
SPY,2017-04-30,0.009926176933779285,0.009926176933779285,0.0,0.0,1
SPY,2017-05-31,0.01411290310725044,0.01411290310725044,0.0,0.0,1
SPY,2017-06-30,0.006374309073897244,0.006374309073897244,0.0,0.0,1
SPY,2017-07-31,0.02055416434382762,0.02055416434382762,0.0,0.0,1
SPY,2017-08-31,0.002917696640596601,0.002917696640596601,0.0,0.0,1
SPY,2017-09-30,0.020140938502966055,0.020140938502966055,0.0,0.0,1
SPY,2017-10-31,0.02356406480117812,0.02356406480117812,0.0,0.0,1
SPY,2017-11-30,0.030565817616177382,0.030565817616177382,0.0,0.0,1
SPY,2017-12-31,0.012086742640577741,0.012086742640577741,0.0,0.0,1
SPY,2018-01-31,0.05635913962377259,0.05635913962377259,0.0,0.0,1
SPY,2018-02-28,-0.03636041149343738,-0.03636041149343738,0.0,0.0,1
SPY,2018-03-31,-0.027415494916322336,-0.027415494916322336,0.0,0.0,1
SPY,2018-04-30,0.005168155044651401,0.005168155044651401,0.0,0.0,1
SPY,2018-05-31,0.024309099844996407,0.024309099844996407,0.0,0.0,1
SPY,2018-06-30,0.005755172168014022,0.005755172168014022,0.0,0.0,1
SPY,2018-07-31,0.037046593925095905,0.037046593925095905,0.0,0.0,1
SPY,2018-08-31,0.031919809476415706,0.031919809476415706,0.0,0.0,1
SPY,2018-09-30,0.00594828768862099,0.00594828768862099,0.0,0.0,1
SPY,2018-10-31,-0.06910429279031383,-0.06910429279031383,0.0,0.0,1
SPY,2018-11-30,0.018549310867235658,0.018549310867235658,0.0,0.0,1
SPY,2018-12-31,-0.08793621289137099,-0.08793621289137099,0.0,0.0,1
SPY,2019-01-31,0.08006562099871983,0.08006562099871983,0.0,0.0,1
SPY,2019-02-28,0.03241581150668682,0.03241581150668682,0.0,0.0,1
SPY,2019-03-31,0.018078902690893628,0.018078902690893628,0.0,0.0,1
SPY,2019-04-30,0.04085244973095414,0.04085244973095414,0.0,0.0,1
SPY,2019-05-31,-0.06377117202911364,-0.06377117202911364,0.0,0.0,1
SPY,2019-06-30,0.06959251139697353,0.06959251139697353,0.0,0.0,1
SPY,2019-07-31,0.01511945392491465,0.01511945392491465,0.0,0.0,1
SPY,2019-08-31,-0.016743435430185416,-0.016743435430185416,0.0,0.0,1
SPY,2019-09-30,0.01947893529135092,0.01947893529135092,0.0,0.0,1
SPY,2019-10-31,0.022104660174546042,0.022104660174546042,0.0,0.0,1
SPY,2019-11-30,0.03619819998021945,0.03619819998021945,0.0,0.0,1
SPY,2019-12-31,0.029033538366242118,0.029033538366242118,0.0,0.0,1
SPY,2020-01-31,-0.0004039023177778711,-0.0004039023177778711,0.0,0.0,1
SPY,2020-02-29,-0.07916576010940857,-0.07916576010940857,0.0,0.0,1
SPY,2020-03-31,-0.12464253025347116,-0.12464253025347116,0.0,0.0,1
SPY,2020-04-30,0.12698351115421924,0.12698351115421924,0.0,0.0,1
SPY,2020-05-31,0.04764527678325514,0.04764527678325514,0.0,0.0,1
SPY,2020-06-30,0.017760917906562312,0.017760917906562312,0.0,0.0,1
SPY,2020-07-31,0.05889220391749905,0.05889220391749905,0.0,0.0,1
SPY,2020-08-31,0.06979664339091007,0.06979664339091007,0.0,0.0,1
SPY,2020-09-30,-0.037398307596904656,-0.037398307596904656,0.0,0.0,1
SPY,2020-10-31,-0.02493356027352256,-0.02493356027352256,0.0,0.0,1
SPY,2020-11-30,0.10877687266491076,0.10877687266491076,0.0,0.0,1
SPY,2020-12-31,0.037065996931793244,0.037065996931793244,0.0,0.0,1
SPY,2021-01-31,-0.010190435433829026,-0.010190435433829026,0.0,0.0,1
SPY,2021-02-28,0.02780555030129439,0.02780555030129439,0.0,0.0,1
SPY,2021-03-31,0.04540504039253701,0.04540504039253701,0.0,0.0,1
SPY,2021-04-30,0.052910453410037084,0.052910453410037084,0.0,0.0,1
SPY,2021-05-31,0.006566019650131816,0.006566019650131816,0.0,0.0,1
SPY,2021-06-30,0.022472734141670392,0.022472734141670392,0.0,0.0,1
SPY,2021-07-31,0.024412465542213768,0.024412465542213768,0.0,0.0,1
SPY,2021-08-31,0.02975986864609692,0.02975986864609692,0.0,0.0,1
SPY,2021-09-30,-0.04657531517793656,-0.04657531517793656,0.0,0.0,1
SPY,2021-10-31,0.07016358297991343,0.07016358297991343,0.0,0.0,1
SPY,2021-11-30,-0.008034839412085049,-0.008034839412085049,0.0,0.0,1
SPY,2021-12-31,0.04628827280290726,0.04628827280290726,0.0,0.0,1
SPY,2022-01-31,-0.0527412834765032,-0.0527412834765032,0.0,0.0,1
SPY,2022-02-28,-0.029517014514013895,-0.029517014514013895,0.0,0.0,1
SPY,2022-03-31,0.03755557049360636,0.03755557049360636,0.0,0.0,1
SPY,2022-04-30,-0.08776901957311134,-0.08776901957311134,0.0,0.0,1
SPY,2022-05-31,0.002257281553398105,0.002257281553398105,0.0,0.0,1
SPY,2022-06-30,-0.08246927482066568,-0.08246927482066568,0.0,0.0,1
SPY,2022-07-31,0.09208747514910542,0.09208747514910542,0.0,0.0,1
SPY,2022-08-31,-0.040801961212650784,-0.040801961212650784,0.0,0.0,1
SPY,2022-09-30,-0.09241638853144585,-0.09241638853144585,0.0,0.0,1
SPY,2022-10-31,0.0812755473430764,0.0812755473430764,0.0,0.0,1
SPY,2022-11-30,0.055591517568162496,0.055591517568162496,0.0,0.0,1
SPY,2022-12-31,-0.0575758051280727,-0.0575758051280727,0.0,0.0,1
SPY,2023-01-31,0.06288732578511103,0.06288732578511103,0.0,0.0,1
SPY,2023-02-28,-0.02514268844715606,-0.02514268844715606,0.0,0.0,1
SPY,2023-03-31,0.0371249430046523,0.0371249430046523,0.0,0.0,1
SPY,2023-04-30,0.0159749871760424,0.0159749871760424,0.0,0.0,1
SPY,2023-05-31,0.004616161373308003,0.004616161373308003,0.0,0.0,1
SPY,2023-06-30,0.06481418806411954,0.06481418806411954,0.0,0.0,1
SPY,2023-07-31,0.032733261144197945,0.032733261144197945,0.0,0.0,1
SPY,2023-08-31,-0.016251993272024312,-0.016251993272024312,0.0,0.0,1
SPY,2023-09-30,-0.04739329503100631,-0.04739329503100631,0.0,0.0,1
SPY,2023-10-31,-0.02170861794703849,-0.02170861794703849,0.0,0.0,1
SPY,2023-11-30,0.0913438546150167,0.0913438546150167,0.0,0.0,1
SPY,2023-12-31,0.04566248763868974,0.04566248763868974,0.0,0.0,1
SPY,2024-01-31,0.01592644800235643,0.01592644800235643,0.0,0.0,1
SPY,2024-02-29,0.052186878727634056,0.052186878727634056,0.0,0.0,1
SPY,2024-03-31,0.03272389509918061,0.03272389509918061,0.0,0.0,1
SPY,2024-04-30,-0.040319651289502434,-0.040319651289502434,0.0,0.0,1
SPY,2024-05-31,0.050579704370691925,0.050579704370691925,0.0,0.0,1
SPY,2024-06-30,0.03528469037541826,0.03528469037541826,0.0,0.0,1
SPY,2024-07-31,0.012109073536437087,0.012109073536437087,0.0,0.0,1
SPY,2024-08-31,0.023365588860042585,0.023365588860042585,0.0,0.0,1
SPY,2024-09-30,0.021009183278409838,0.021009183278409838,0.0,0.0,1
SPY,2024-10-31,-0.008923591745677584,-0.008923591745677584,0.0,0.0,1
SPY,2024-11-30,0.059633511536297146,0.059633511536297146,0.0,0.0,1
SPY,2024-12-31,-0.02409975857464941,-0.02409975857464941,0.0,0.0,1
SPY,2025-01-31,0.0268564018564017,0.0268564018564017,0.0,0.0,1
SPY,2025-02-28,-0.01269482569539071,-0.01269482569539071,0.0,0.0,1
SPY,2025-03-31,-0.05572094517023174,-0.05572094517023174,0.0,0.0,1
SPY,2025-04-30,-0.008670158565580288,-0.008670158565580288,0.0,0.0,1
SPY,2025-05-31,0.06284488044144698,0.06284488044144698,0.0,0.0,1
SPY,2025-06-30,0.05139375529710288,0.05139375529710288,0.0,0.0,1
SPY,2025-07-31,0.023031480132718274,0.023031480132718274,0.0,0.0,1
SPY,2025-08-31,0.020519554486773783,0.020519554486773783,0.0,0.0,1
SPY,2025-09-30,0.0356064742141442,0.0356064742141442,0.0,0.0,1
SPY,2025-10-31,0.0238374013029512,0.0238374013029512,0.0,0.0,1
SPY,2025-11-30,0.0019499750755067602,0.0019499750755067602,0.0,0.0,1
SPY,2025-12-31,0.0007715410138429135,0.0007715410138429135,0.0,0.0,1
SPY,2026-01-31,0.014737799155326359,0.014737799155326359,0.0,0.0,1
SPY,2026-02-28,-0.008641993149992033,-0.008641993149992033,0.0,0.0,1
SPY,2026-03-31,-0.049341968314916884,-0.049341968314916884,0.0,0.0,1
SPY,2026-04-30,0.10505274164283285,0.10505274164283285,0.0,0.0,1
SPY,2026-05-31,0.026382433974341257,0.026382433974341257,0.0,0.0,1
