portfolio,date,net_return,gross_return,tc_cost,turnover,n_stocks
top_pct_20,2005-04-30,-0.09749749821300924,-0.09649749821300924,0.001,1.0,1
top_pct_20,2005-05-31,-0.007120253164557,-0.007120253164557,0.0,0.0,1
top_pct_20,2005-06-30,0.08764940239043817,0.08764940239043817,0.0,0.0,1
top_pct_20,2005-07-31,0.0849816849816849,0.0849816849816849,0.0,0.0,1
top_pct_20,2005-08-31,0.05705604321404456,0.05705604321404456,0.0,0.0,1
top_pct_20,2005-09-30,0.10178169643271806,0.10178169643271806,0.0,0.0,1
top_pct_20,2005-10-31,-0.09157401989467517,-0.09157401989467517,0.0,0.0,1
top_pct_20,2005-11-30,0.03607085346215788,0.03607085346215788,0.0,0.0,1
top_pct_20,2005-12-31,0.03885607709045691,0.03885607709045691,0.0,0.0,1
top_pct_20,2006-01-31,0.18043087971274696,0.18043087971274696,0.0,0.0,1
top_pct_20,2006-02-28,-0.08517110266159689,-0.08517110266159689,0.0,0.0,1
top_pct_20,2006-03-31,0.11483038653748223,0.11483038653748223,0.0,0.0,1
top_pct_20,2006-04-30,0.037190086144545886,0.03769008614454589,0.0005,0.5,2
top_pct_20,2006-05-31,-0.03393836867799175,-0.03360503534465842,0.00033333333333333343,0.33333333333333337,3
top_pct_20,2006-06-30,-0.03902016275017315,-0.03842016275017315,0.0006000000000000001,0.6,5
top_pct_20,2006-07-31,-0.02720321299241619,-0.026647657436860633,0.0005555555555555556,0.5555555555555556,9
top_pct_20,2006-08-31,0.021286730437467594,0.021386730437467593,9.999999999999998e-05,0.09999999999999998,10
top_pct_20,2006-09-30,0.03817491939034796,0.03844764666307523,0.00027272727272727274,0.2727272727272727,11
top_pct_20,2006-10-31,0.057622203456532184,0.058302203456532184,0.0006799999999999999,0.6799999999999999,25
top_pct_20,2006-11-30,0.02354059102290153,0.02382184102290153,0.00028125000000000003,0.28125,32
top_pct_20,2006-12-31,-0.006626538733972977,-0.006479479910443566,0.0001470588235294118,0.1470588235294118,33
top_pct_20,2007-01-31,0.03755569348482123,0.038311507438309605,0.0007558139534883722,0.7558139534883721,86
top_pct_20,2007-02-28,0.0009407623158543295,0.000986216861308875,4.545454545454542e-05,0.045454545454545414,87
top_pct_20,2007-03-31,0.021109359288579682,0.021164914844135237,5.5555555555555585e-05,0.05555555555555558,90
top_pct_20,2007-04-30,0.04278947498780126,0.04294164890084474,0.00015217391304347827,0.15217391304347827,91
top_pct_20,2007-05-31,0.05520308796487798,0.05527917492139972,7.608695652173914e-05,0.07608695652173914,92
top_pct_20,2007-06-30,-0.007666287931021164,-0.007478787931021164,0.0001875,0.1875,95
top_pct_20,2007-07-31,-0.025454278388108906,-0.02536244165341503,9.183673469387755e-05,0.09183673469387754,97
top_pct_20,2007-08-31,0.006466822770093018,0.006497750605144564,3.0927835051546395e-05,0.030927835051546393,95
top_pct_20,2007-09-30,0.0414293006098158,0.041561953671040285,0.00013265306122448983,0.13265306122448983,95
top_pct_20,2007-10-31,0.024906050351613692,0.024958681930561062,5.263157894736848e-05,0.052631578947368474,95
top_pct_20,2007-11-30,-0.04913430371724986,-0.04904152021209522,9.278350515463918e-05,0.09278350515463918,94
top_pct_20,2007-12-31,0.0024283716915484235,0.00257270158845564,0.00014432989690721655,0.14432989690721654,96
top_pct_20,2008-01-31,-0.04197436283000682,-0.041880612830006825,9.375e-05,0.09375,92
top_pct_20,2008-02-29,0.009223762166730499,0.009339551640414709,0.00011578947368421056,0.11578947368421055,94
top_pct_20,2008-03-31,-0.0017009489659193682,-0.0015094596042172406,0.00019148936170212773,0.19148936170212771,92
top_pct_20,2008-04-30,0.05248459332784955,0.05255986214505385,7.526881720430112e-05,0.07526881720430112,91
top_pct_20,2008-05-31,0.03446529492944756,0.03462318966628967,0.00015789473684210532,0.1578947368421053,95
top_pct_20,2008-06-30,-0.04990466062889743,-0.049746765892055324,0.00015789473684210532,0.1578947368421053,85
top_pct_20,2008-07-31,-0.046874958585093565,-0.04675136307947559,0.0001235955056179775,0.1235955056179775,88
top_pct_20,2008-08-31,0.009583107086132595,0.009694218197243705,0.00011111111111111117,0.11111111111111116,90
top_pct_20,2008-09-30,-0.13258213614416073,-0.1324502680122926,0.00013186813186813186,0.13186813186813184,84
top_pct_20,2008-10-31,-0.2000386684428097,-0.19990073740832695,0.00013793103448275868,0.13793103448275867,74
top_pct_20,2008-11-30,-0.08123669427615968,-0.08104438658385199,0.0001923076923076923,0.1923076923076923,72
top_pct_20,2008-12-31,0.04187098030567253,0.04205153586122809,0.0001805555555555556,0.18055555555555558,72
top_pct_20,2009-01-31,-0.06551976414723368,-0.06537502730512841,0.00014473684210526317,0.14473684210526316,71
top_pct_20,2009-02-28,-0.0944971629987079,-0.09438605188759679,0.00011111111111111117,0.11111111111111116,69
top_pct_20,2009-03-31,0.10545152597647912,0.1055284490534022,7.692307692307687e-05,0.07692307692307687,63
top_pct_20,2009-04-30,0.096597234349766,0.09692117801173783,0.000323943661971831,0.323943661971831,70
top_pct_20,2009-05-31,0.05004178273246724,0.050249574940259445,0.00020779220779220778,0.20779220779220775,76
top_pct_20,2009-06-30,0.019790364706472916,0.02003395445006266,0.00024358974358974363,0.2435897435897436,75
top_pct_20,2009-07-31,0.0676113220767337,0.06775234771775934,0.0001410256410256411,0.14102564102564108,77
top_pct_20,2009-08-31,0.023084727550658504,0.023195838661769615,0.00011111111111111117,0.11111111111111116,80
top_pct_20,2009-09-30,0.05179411278195141,0.05200142985512214,0.00020731707317073167,0.20731707317073167,82
top_pct_20,2009-10-31,-0.03015822415586,-0.03000528297938941,0.00015294117647058825,0.15294117647058825,83
top_pct_20,2009-11-30,0.062143681945099075,0.06229002340851371,0.00014634146341463417,0.14634146341463417,81
top_pct_20,2009-12-31,0.03674065125149721,0.03697874648959245,0.00023809523809523815,0.23809523809523814,83
top_pct_20,2010-01-31,-0.0429503761257416,-0.04275497382689103,0.0001954022988505747,0.1954022988505747,84
top_pct_20,2010-02-28,0.03700863975460809,0.03710166301042204,9.302325581395355e-05,0.09302325581395354,85
top_pct_20,2010-03-31,0.07764501696961637,0.07775737652017817,0.00011235955056179781,0.1123595505617978,88
top_pct_20,2010-04-30,0.030306367423546893,0.030581092698272166,0.0002747252747252747,0.27472527472527475,91
top_pct_20,2010-05-31,-0.06221906246582707,-0.062091402891358984,0.00012765957446808507,0.12765957446808507,92
top_pct_20,2010-06-30,-0.06153246163014044,-0.061392676683903885,0.00013978494623655913,0.13978494623655913,88
top_pct_20,2010-07-31,0.07432917218541521,0.07438472774097077,5.5555555555555585e-05,0.05555555555555558,89
top_pct_20,2010-08-31,-0.06569559316030682,-0.06562965909437275,6.593406593406593e-05,0.06593406593406592,88
top_pct_20,2010-09-30,0.11812853124176248,0.11829898578721702,0.00017045454545454541,0.17045454545454541,87
top_pct_20,2010-10-31,0.05340933026298286,0.053530209383861986,0.0001208791208791209,0.1208791208791209,89
top_pct_20,2010-11-30,0.021039131815999652,0.021125153321375996,8.602150537634412e-05,0.08602150537634412,93
top_pct_20,2010-12-31,0.06089989716528138,0.061097813831948046,0.00019791666666666663,0.19791666666666663,96
top_pct_20,2011-01-31,0.011964944813032492,0.012083756694220611,0.00011881188118811881,0.1188118811881188,100
top_pct_20,2011-02-28,0.04859967756502874,0.04866898449572181,6.930693069306926e-05,0.06930693069306926,101
top_pct_20,2011-03-31,0.021664673926920498,0.021768447511826158,0.00010377358490566036,0.10377358490566035,106
top_pct_20,2011-04-30,0.03177407469953484,0.031989027970562876,0.0002149532710280374,0.2149532710280374,106
top_pct_20,2011-05-31,-0.01459630600368674,-0.0145402312373316,5.6074766355140194e-05,0.05607476635514019,107
top_pct_20,2011-06-30,-0.005224535105432656,-0.005065656600759759,0.00015887850467289721,0.15887850467289721,107
top_pct_20,2011-07-31,-0.014048533562858562,-0.013955075618933329,9.345794392523365e-05,0.09345794392523366,105
top_pct_20,2011-08-31,-0.048546426614592776,-0.04848982284100787,5.6603773584905654e-05,0.05660377358490565,101
top_pct_20,2011-09-30,-0.09122194707563616,-0.09106956612325522,0.0001523809523809524,0.1523809523809524,99
top_pct_20,2011-10-31,0.14631950251440098,0.14639950251440098,7.999999999999997e-05,0.07999999999999996,98
top_pct_20,2011-11-30,-0.0015165679373849857,-0.0013561905788944198,0.00016037735849056602,0.160377358490566,103
top_pct_20,2011-12-31,0.0029304294249745916,0.003074660194205361,0.00014423076923076927,0.14423076923076927,103
top_pct_20,2012-01-31,0.07899018534388716,0.07906565704200037,7.547169811320754e-05,0.07547169811320753,105
top_pct_20,2012-02-29,0.04875882824521343,0.048850571364479484,9.174311926605506e-05,0.09174311926605505,108
top_pct_20,2012-03-31,0.026375701710784755,0.026559187949316866,0.00018348623853211012,0.1834862385321101,108
top_pct_20,2012-04-30,0.012853721268705034,0.012944630359614125,9.090909090909094e-05,0.09090909090909094,109
top_pct_20,2012-05-31,-0.0527786983592427,-0.05271388354442788,6.481481481481478e-05,0.06481481481481477,106
top_pct_20,2012-06-30,0.026518526625903337,0.02671118717636205,0.00019266055045871557,0.19266055045871555,107
top_pct_20,2012-07-31,0.013527535267604411,0.013645717085786229,0.00011818181818181817,0.11818181818181817,108
top_pct_20,2012-08-31,0.02331212985293286,0.02341304728412552,0.00010091743119266051,0.1009174311926605,105
top_pct_20,2012-09-30,0.019289170910690254,0.01945583757735692,0.00016666666666666663,0.16666666666666663,107
top_pct_20,2012-10-31,-0.011889591058749349,-0.0118070222514099,8.25688073394495e-05,0.08256880733944949,107
top_pct_20,2012-11-30,0.01161749744266707,0.011736763497712943,0.00011926605504587151,0.11926605504587151,108
top_pct_20,2012-12-31,0.018474539460023077,0.018639677074701978,0.0001651376146788991,0.1651376146788991,108
top_pct_20,2013-01-31,0.06548644307818481,0.06562037164961339,0.0001339285714285714,0.1339285714285714,110
top_pct_20,2013-02-28,0.015801565458013644,0.01596535856146192,0.00016379310344827593,0.1637931034482759,116
top_pct_20,2013-03-31,0.049006439772897356,0.049117550884008467,0.00011111111111111117,0.11111111111111116,116
top_pct_20,2013-04-30,0.006205795246728212,0.0064261342297790595,0.00022033898305084742,0.22033898305084743,115
top_pct_20,2013-05-31,0.01928794592802118,0.019381963022038276,9.401709401709401e-05,0.09401709401709402,114
top_pct_20,2013-06-30,-0.013547002701099674,-0.013372002701099674,0.00017500000000000005,0.17500000000000004,118
top_pct_20,2013-07-31,0.059183486853837536,0.05932398272160613,0.00014049586776859502,0.14049586776859502,120
top_pct_20,2013-08-31,-0.029881031395003435,-0.029807860663296118,7.317073170731703e-05,0.07317073170731703,118
top_pct_20,2013-09-30,0.051018668499721524,0.05118395775591987,0.00016528925619834712,0.1652892561983471,120
top_pct_20,2013-10-31,0.044089469250373964,0.04421142046988616,0.00012195121951219512,0.12195121951219512,119
top_pct_20,2013-11-30,0.03125870603520098,0.03136894225567342,0.00011023622047244098,0.11023622047244097,126
top_pct_20,2013-12-31,0.029418409898657932,0.02962153489865793,0.00020312500000000002,0.203125,126
top_pct_20,2014-01-31,-0.027702847254595077,-0.027564385716133538,0.00013846153846153842,0.1384615384615384,129
top_pct_20,2014-02-28,0.06485151267636352,0.06492670064628833,7.518796992481203e-05,0.07518796992481203,132
top_pct_20,2014-03-31,0.008502392764943252,0.00858327511788443,8.088235294117652e-05,0.08088235294117652,133
top_pct_20,2014-04-30,-0.0034653058962188323,-0.0032875281184410543,0.0001777777777777778,0.1777777777777778,134
top_pct_20,2014-05-31,0.024424266068395283,0.024498340142469356,7.407407407407407e-05,0.07407407407407407,133
top_pct_20,2014-06-30,0.025326317327576873,0.02554690556287099,0.00022058823529411768,0.22058823529411764,135
top_pct_20,2014-07-31,-0.023537517038661214,-0.02348604645042592,5.147058823529416e-05,0.05147058823529416,136
top_pct_20,2014-08-31,0.05567676460956564,0.055720560230003595,4.3795620437956155e-05,0.04379562043795615,133
top_pct_20,2014-09-30,-0.02810206757897555,-0.02787072429539346,0.0002313432835820896,0.23134328358208955,133
top_pct_20,2014-10-31,0.022563488057676852,0.022660502983049988,9.701492537313428e-05,0.09701492537313428,133
top_pct_20,2014-11-30,0.029478274328531538,0.029550738096647478,7.246376811594203e-05,0.07246376811594202,137
top_pct_20,2014-12-31,-0.0012419153357175732,-0.0010594335838927558,0.00018248175182481753,0.18248175182481752,135
top_pct_20,2015-01-31,-0.016265716002558033,-0.016180001716843747,8.571428571428575e-05,0.08571428571428574,139
top_pct_20,2015-02-28,0.06754989916802959,0.06765479427292469,0.0001048951048951049,0.1048951048951049,143
top_pct_20,2015-03-31,-0.004965894106847557,-0.004862445830985488,0.00010344827586206895,0.10344827586206895,144
top_pct_20,2015-04-30,-0.011887031158209207,-0.011715798281496879,0.0001712328767123288,0.17123287671232879,145
top_pct_20,2015-05-31,0.023598439716102756,0.023721727387335634,0.00012328767123287676,0.12328767123287676,144
top_pct_20,2015-06-30,-0.015814270618492637,-0.015656736371917297,0.00015753424657534245,0.15753424657534243,144
top_pct_20,2015-07-31,0.01781486290895586,0.017876506744572297,6.164383561643838e-05,0.06164383561643838,146
top_pct_20,2015-08-31,-0.05494261916609772,-0.054826972907594314,0.00011564625850340138,0.11564625850340138,144
top_pct_20,2015-09-30,-0.021166315716535475,-0.021041315716535475,0.000125,0.125,143
top_pct_20,2015-10-31,0.06021002529760142,0.06028094728341703,7.092198581560284e-05,0.07092198581560283,138
top_pct_20,2015-11-30,0.007180612028420883,0.007306486154295009,0.00012587412587412584,0.12587412587412583,143
top_pct_20,2015-12-31,-0.029315572445021053,-0.029150055203641743,0.00016551724137931035,0.16551724137931034,145
top_pct_20,2016-01-31,-0.05549300549899037,-0.05538811039409526,0.0001048951048951049,0.1048951048951049,140
top_pct_20,2016-02-29,0.029495251366870565,0.02958744994843085,9.219858156028371e-05,0.09219858156028371,137
top_pct_20,2016-03-31,0.07030816359738885,0.07050674515767254,0.0001985815602836879,0.1985815602836879,141
top_pct_20,2016-04-30,-0.016385495565713167,-0.016226874876057996,0.0001586206896551724,0.1586206896551724,143
top_pct_20,2016-05-31,0.012661128988159642,0.012777567344324026,0.00011643835616438359,0.11643835616438358,145
top_pct_20,2016-06-30,0.014746544945714684,0.014938325767632493,0.0001917808219178082,0.1917808219178082,145
top_pct_20,2016-07-31,0.04631091533178576,0.04642656159028916,0.00011564625850340138,0.11564625850340138,146
top_pct_20,2016-08-31,0.0017673173529507821,0.0018873173529507822,0.00012,0.12,146
top_pct_20,2016-09-30,-0.0021610885690739666,-0.002005683163668561,0.00015540540540540538,0.15540540540540537,145
top_pct_20,2016-10-31,-0.018497522540847394,-0.01834316012474001,0.00015436241610738256,0.15436241610738255,149
top_pct_20,2016-11-30,0.0744095136757124,0.07449170545653432,8.219178082191781e-05,0.0821917808219178,146
top_pct_20,2016-12-31,0.004690863635597597,0.004892162336896298,0.00020129870129870133,0.2012987012987013,154
top_pct_20,2017-01-31,0.03230610045208348,0.032440715836698865,0.00013461538461538458,0.13461538461538458,154
top_pct_20,2017-02-28,0.021618668924087495,0.021689636666022978,7.096774193548383e-05,0.07096774193548383,154
top_pct_20,2017-03-31,0.001077867390951187,0.001142802455886252,6.493506493506496e-05,0.06493506493506496,153
top_pct_20,2017-04-30,0.010017388247750635,0.010254567734930121,0.00023717948717948725,0.23717948717948723,153
top_pct_20,2017-05-31,0.010155463328308008,0.01023879666164134,8.333333333333337e-05,0.08333333333333337,155
top_pct_20,2017-06-30,0.007127098465215014,0.0073065856447021935,0.00017948717948717952,0.17948717948717952,154
top_pct_20,2017-07-31,0.01595364902751276,0.016037519995254695,8.387096774193548e-05,0.08387096774193548,153
top_pct_20,2017-08-31,-0.0025942109095413507,-0.0025296947805090926,6.451612903225812e-05,0.06451612903225812,155
top_pct_20,2017-09-30,0.04751262353373502,0.04769852096963245,0.0001858974358974359,0.1858974358974359,156
top_pct_20,2017-10-31,0.026252929787914277,0.02636052472462314,0.00010759493670886079,0.10759493670886078,155
top_pct_20,2017-11-30,0.03745694565686362,0.03751427049762795,5.73248407643312e-05,0.0573248407643312,156
top_pct_20,2017-12-31,0.012220962235217675,0.012395962235217675,0.00017500000000000005,0.17500000000000004,158
top_pct_20,2018-01-31,0.05774487000897516,0.05788151597170808,0.0001366459627329193,0.1366459627329193,160
top_pct_20,2018-02-28,-0.038458505027306585,-0.03839018204594012,6.832298136645965e-05,0.06832298136645965,160
top_pct_20,2018-03-31,-0.009317029485185353,-0.009249128250617451,6.790123456790121e-05,0.0679012345679012,161
top_pct_20,2018-04-30,-0.006513165202806287,-0.006299750568659945,0.00021341463414634144,0.21341463414634143,164
top_pct_20,2018-05-31,0.04586419691619584,0.045950616669282254,8.64197530864198e-05,0.0864197530864198,162
top_pct_20,2018-06-30,0.006324280591381738,0.006476719615771982,0.00015243902439024393,0.15243902439024393,163
top_pct_20,2018-07-31,0.02788548713345382,0.027975848579236955,9.036144578313255e-05,0.09036144578313254,166
top_pct_20,2018-08-31,0.04700424769657622,0.0470830355753641,7.878787878787875e-05,0.07878787878787874,163
top_pct_20,2018-09-30,-0.0047375163771069305,-0.0045758397304003435,0.00016167664670658688,0.16167664670658688,166
top_pct_20,2018-10-31,-0.09423540484855931,-0.09415106749916173,8.433734939759041e-05,0.08433734939759041,161
top_pct_20,2018-11-30,0.013606826815683246,0.013698851355560546,9.202453987730065e-05,0.09202453987730064,161
top_pct_20,2018-12-31,-0.09229747370848115,-0.09211955959805171,0.00017791411042944783,0.17791411042944782,160
top_pct_20,2019-01-31,0.10283663905888837,0.10291738440050328,8.074534161490688e-05,0.08074534161490687,161
top_pct_20,2019-02-28,0.037188192036321656,0.03727355788998019,8.536585365853655e-05,0.08536585365853655,160
top_pct_20,2019-03-31,0.000606268997470453,0.0006428543633241116,3.658536585365857e-05,0.03658536585365857,163
top_pct_20,2019-04-30,0.03383389734636721,0.034009654922124787,0.00017575757575757578,0.17575757575757578,163
top_pct_20,2019-05-31,-0.07886941473684021,-0.07877850564593113,9.090909090909094e-05,0.09090909090909094,163
top_pct_20,2019-06-30,0.0803239842111788,0.08050189832160824,0.00017791411042944783,0.17791411042944782,162
top_pct_20,2019-07-31,0.026727019403198944,0.026882708025953436,0.00015568862275449103,0.15568862275449102,166
top_pct_20,2019-08-31,-0.0274599253858055,-0.027371167989355794,8.875739644970415e-05,0.08875739644970415,168
top_pct_20,2019-09-30,0.010030444038484397,0.010180144637286793,0.00014970059880239518,0.14970059880239517,165
top_pct_20,2019-10-31,0.02505234975257204,0.02518252726736494,0.0001301775147928994,0.1301775147928994,167
top_pct_20,2019-11-30,0.04450276552183266,0.04458609885516599,8.333333333333337e-05,0.08333333333333337,167
top_pct_20,2019-12-31,0.02778827145436019,0.028001289205839483,0.00021301775147928993,0.21301775147928992,169
top_pct_20,2020-01-31,-0.020418680660908097,-0.020302401591140655,0.00011627906976744185,0.11627906976744184,171
top_pct_20,2020-02-29,-0.08288406133112401,-0.08278464612644565,9.941520467836263e-05,0.09941520467836262,164
top_pct_20,2020-03-31,-0.1581536024082906,-0.15793931669400488,0.00021428571428571433,0.2142857142857143,155
top_pct_20,2020-04-30,0.1838651209550903,0.1840370954773833,0.0001719745222929936,0.1719745222929936,157
top_pct_20,2020-05-31,0.0834388752185755,0.08369497277955111,0.00025609756097560977,0.25609756097560976,163
top_pct_20,2020-06-30,0.03468966893412418,0.03493517791616011,0.0002455089820359282,0.2455089820359282,164
top_pct_20,2020-07-31,0.0766680186597739,0.07678111389786914,0.00011309523809523815,0.11309523809523814,167
top_pct_20,2020-08-31,0.04082597496498398,0.040891451155460175,6.547619047619047e-05,0.06547619047619047,166
top_pct_20,2020-09-30,-0.019256641597574755,-0.019061375325385405,0.00019526627218934911,0.1952662721893491,166
top_pct_20,2020-10-31,-0.011813025877854419,-0.011735181566477173,7.784431137724546e-05,0.07784431137724546,166
top_pct_20,2020-11-30,0.12281300148840123,0.1228668937039701,5.389221556886226e-05,0.053892215568862256,167
top_pct_20,2020-12-31,0.05408150208281386,0.05425491248743814,0.00017341040462427748,0.17341040462427748,173
top_pct_20,2021-01-31,0.03242196308317553,0.03250670884588739,8.474576271186441e-05,0.0847457627118644,176
top_pct_20,2021-02-28,0.041424486665949056,0.04146917940337922,4.4692737430167554e-05,0.04469273743016755,178
top_pct_20,2021-03-31,0.07276557610652433,0.07291392775487598,0.0001483516483516484,0.14835164835164838,182
top_pct_20,2021-04-30,0.0450971057955814,0.04532953822801383,0.0002324324324324324,0.2324324324324324,183
top_pct_20,2021-05-31,0.023496036051448115,0.02361079014980877,0.00011475409836065575,0.11475409836065575,181
top_pct_20,2021-06-30,0.0011361298712550864,0.0013000642974845945,0.00016393442622950817,0.16393442622950816,183
top_pct_20,2021-07-31,0.02182458099415069,0.021889445859015554,6.486486486486487e-05,0.06486486486486487,184
top_pct_20,2021-08-31,0.017644576702135033,0.01768282806825525,3.8251366120218625e-05,0.03825136612021862,177
top_pct_20,2021-09-30,-0.03314700547145756,-0.0329849942982732,0.00016201117318435755,0.16201117318435754,178
top_pct_20,2021-10-31,0.04529647990622174,0.045450326060067894,0.00015384615384615385,0.15384615384615385,181
top_pct_20,2021-11-30,-0.0024142678090750443,-0.002353494328412061,6.077348066298338e-05,0.06077348066298338,180
top_pct_20,2021-12-31,0.05613857397597901,0.05637226962815292,0.0002336956521739131,0.23369565217391308,183
top_pct_20,2022-01-31,-0.06246626335037103,-0.06227166875577644,0.00019459459459459462,0.1945945945945946,183
top_pct_20,2022-02-28,0.022562202070807873,0.02263787774648355,7.567567567567568e-05,0.07567567567567568,185
top_pct_20,2022-03-31,0.0233854712621521,0.02345574153242237,7.027027027027022e-05,0.07027027027027022,184
top_pct_20,2022-04-30,-0.05595411013133861,-0.05576593808832785,0.00018817204301075274,0.18817204301075274,184
top_pct_20,2022-05-31,0.029028691811970132,0.029158421541699862,0.00012972972972972974,0.12972972972972974,185
top_pct_20,2022-06-30,-0.11890770539348137,-0.11876716485294084,0.00014054054054054056,0.14054054054054055,178
top_pct_20,2022-07-31,0.11626015024893505,0.11634302317711184,8.28729281767956e-05,0.08287292817679559,181
top_pct_20,2022-08-31,-0.020301742768451484,-0.020176742768451484,0.000125,0.125,183
top_pct_20,2022-09-30,-0.08678417373845602,-0.08664681110109339,0.00013736263736263734,0.13736263736263732,177
top_pct_20,2022-10-31,0.12371463792292951,0.12379241570070729,7.777777777777773e-05,0.07777777777777772,180
top_pct_20,2022-11-30,0.08162438109748789,0.08171133761922703,8.69565217391305e-05,0.08695652173913049,184
top_pct_20,2022-12-31,-0.05456039653023789,-0.05439910620765725,0.00016129032258064513,0.16129032258064513,185
top_pct_20,2023-01-31,0.08157649840206825,0.08165802014119869,8.152173913043482e-05,0.08152173913043481,184
top_pct_20,2023-02-28,-0.024888673967241932,-0.02482985043783017,5.882352941176472e-05,0.05882352941176472,184
top_pct_20,2023-03-31,0.0013176714305610533,0.0013875639036793328,6.989247311827962e-05,0.06989247311827962,184
top_pct_20,2023-04-30,-0.010841414285819306,-0.01067120151986186,0.00017021276595744684,0.17021276595744683,186
top_pct_20,2023-05-31,-0.013133383591302205,-0.013047362085925862,8.602150537634412e-05,0.08602150537634412,183
top_pct_20,2023-06-30,0.11543694853176219,0.11559823885434284,0.00016129032258064513,0.16129032258064513,185
top_pct_20,2023-07-31,0.0611492788539471,0.06126568097034922,0.0001164021164021164,0.1164021164021164,188
top_pct_20,2023-08-31,-0.014616352321853593,-0.014526405231906504,8.994708994709e-05,0.08994708994709,187
top_pct_20,2023-09-30,-0.04192149528007419,-0.04178392914250805,0.00013756613756613756,0.13756613756613756,187
top_pct_20,2023-10-31,-0.03737825004747541,-0.037287824515560515,9.042553191489367e-05,0.09042553191489366,186
top_pct_20,2023-11-30,0.08513540419704309,0.08516766226155922,3.2258064516129006e-05,0.032258064516129004,185
top_pct_20,2023-12-31,0.08354255716614924,0.08369763738005298,0.00015508021390374328,0.15508021390374327,186
top_pct_20,2024-01-31,0.0005522220287836437,0.00064169571299417,8.947368421052626e-05,0.08947368421052626,189
top_pct_20,2024-02-29,0.07783960789341819,0.07788748023384372,4.7872340425531906e-05,0.0478723404255319,188
top_pct_20,2024-03-31,0.05758081220878984,0.05774923326142142,0.00016842105263157892,0.16842105263157892,189
top_pct_20,2024-04-30,-0.05716640196292316,-0.05706795636706824,9.84455958549223e-05,0.0984455958549223,190
top_pct_20,2024-05-31,0.05201167589266355,0.052080096945295126,6.842105263157895e-05,0.06842105263157894,190
top_pct_20,2024-06-30,-0.017833821415220826,-0.01766715474855416,0.00016666666666666663,0.16666666666666663,190
top_pct_20,2024-07-31,0.06162730785650728,0.061720572105211945,9.326424870466322e-05,0.09326424870466321,193
top_pct_20,2024-08-31,-0.007548395268532681,-0.0074514564930224765,9.693877551020414e-05,0.09693877551020413,193
top_pct_20,2024-09-30,0.025150325898108325,0.025268274616057042,0.00011794871794871798,0.11794871794871797,194
top_pct_20,2024-10-31,-0.005767365096029507,-0.00566022223888665,0.0001071428571428571,0.1071428571428571,195
top_pct_20,2024-11-30,0.09056917907409119,0.09066054963246682,9.137055837563458e-05,0.09137055837563457,195
top_pct_20,2024-12-31,-0.06599405083368505,-0.06583827193921268,0.00015577889447236182,0.15577889447236182,197
top_pct_20,2025-01-31,0.029103975237795128,0.029240338874158764,0.00013636363636363637,0.13636363636363635,195
top_pct_20,2025-02-28,-0.04753468506478359,-0.04748443380850218,5.0251256281407036e-05,0.05025125628140703,197
top_pct_20,2025-03-31,-0.034313433747269924,-0.034252209257474006,6.122448979591832e-05,0.061224489795918324,194
top_pct_20,2025-04-30,-0.01921661772978965,-0.01899610490927683,0.00022051282051282055,0.2205128205128205,194
top_pct_20,2025-05-31,0.07329748432168072,0.0733851131876601,8.762886597938147e-05,0.08762886597938147,191
top_pct_20,2025-06-30,0.02275182085753769,0.022905667011383843,0.00015384615384615385,0.15384615384615385,195
top_pct_20,2025-07-31,0.020124766318747916,0.02020090845072761,7.614213197969545e-05,0.07614213197969544,196
top_pct_20,2025-08-31,0.061596414212406324,0.06165732791799008,6.091370558375631e-05,0.060913705583756306,197
top_pct_20,2025-09-30,0.019606235921497815,0.019786235921497815,0.00018000000000000007,0.18000000000000005,200
top_pct_20,2025-10-31,-0.01628830890603061,-0.01620330890603061,8.499999999999997e-05,0.08499999999999996,200
top_pct_20,2025-11-30,0.03079578670299043,0.030885786702990428,8.999999999999998e-05,0.08999999999999997,200
top_pct_20,2025-12-31,0.004573790897812593,0.004757870499802643,0.00018407960199004982,0.1840796019900498,201
top_pct_20,2026-01-31,0.058510440370955985,0.05861491798289628,0.00010447761194029848,0.10447761194029848,201
top_pct_20,2026-02-28,0.05227817751422663,0.05234285413114205,6.467661691542292e-05,0.06467661691542292,200
top_pct_20,2026-03-31,-0.03634157305645697,-0.03627192131516344,6.965174129353236e-05,0.06965174129353235,200
top_pct_20,2026-04-30,0.08379139546653834,0.08402139546653833,0.00022999999999999998,0.22999999999999998,200
top_pct_20,2026-05-31,0.013563015512942813,0.013652124423833902,8.910891089108908e-05,0.08910891089108908,201
top_pct_10,2005-04-30,-0.09749749821300924,-0.09649749821300924,0.001,1.0,1
top_pct_10,2005-05-31,-0.007120253164557,-0.007120253164557,0.0,0.0,1
top_pct_10,2005-06-30,0.08764940239043817,0.08764940239043817,0.0,0.0,1
top_pct_10,2005-07-31,0.0849816849816849,0.0849816849816849,0.0,0.0,1
top_pct_10,2005-08-31,0.05705604321404456,0.05705604321404456,0.0,0.0,1
top_pct_10,2005-09-30,0.10178169643271806,0.10178169643271806,0.0,0.0,1
top_pct_10,2005-10-31,-0.09157401989467517,-0.09157401989467517,0.0,0.0,1
top_pct_10,2005-11-30,0.03607085346215788,0.03607085346215788,0.0,0.0,1
top_pct_10,2005-12-31,0.03885607709045691,0.03885607709045691,0.0,0.0,1
top_pct_10,2006-01-31,0.18043087971274696,0.18043087971274696,0.0,0.0,1
top_pct_10,2006-02-28,-0.08517110266159689,-0.08517110266159689,0.0,0.0,1
top_pct_10,2006-03-31,0.11483038653748223,0.11483038653748223,0.0,0.0,1
top_pct_10,2006-04-30,0.14328732747804263,0.14328732747804263,0.0,0.0,1
top_pct_10,2006-05-31,-0.016157882397751788,-0.015657882397751788,0.0005,0.5,2
top_pct_10,2006-06-30,-0.048867785605812064,-0.048201118939145395,0.0006666666666666669,0.6666666666666667,3
top_pct_10,2006-07-31,-0.04034958943189226,-0.039949589431892266,0.0004,0.4,5
top_pct_10,2006-08-31,0.024215283763654206,0.024215283763654206,0.0,0.0,5
top_pct_10,2006-09-30,0.008728873755815658,0.009062207089148991,0.00033333333333333343,0.33333333333333337,6
top_pct_10,2006-10-31,0.07445190179138175,0.07514420948368944,0.0006923076923076924,0.6923076923076923,13
top_pct_10,2006-11-30,0.029960663637901765,0.030210663637901765,0.00025,0.25,16
top_pct_10,2006-12-31,0.009339225613840627,0.00963334326089945,0.00029411764705882345,0.2941176470588235,16
top_pct_10,2007-01-31,0.03751816894347313,0.03833212243184522,0.0008139534883720931,0.813953488372093,43
top_pct_10,2007-02-28,-0.013985860841369817,-0.013963133568642544,2.272727272727271e-05,0.022727272727272707,44
top_pct_10,2007-03-31,0.024869429181579902,0.024891651403802124,2.2222222222222254e-05,0.022222222222222254,45
top_pct_10,2007-04-30,0.035720822769260266,0.035851257551868965,0.0001304347826086957,0.13043478260869568,46
top_pct_10,2007-05-31,0.0750771870712006,0.07512066533207017,4.347826086956519e-05,0.04347826086956519,46
top_pct_10,2007-06-30,0.0056530227401030385,0.005965522740103039,0.0003125,0.3125,47
top_pct_10,2007-07-31,-0.015608459204666693,-0.015486010225074856,0.00012244897959183676,0.12244897959183676,48
top_pct_10,2007-08-31,0.002527947783187332,0.0025687641097179442,4.081632653061229e-05,0.04081632653061229,48
top_pct_10,2007-09-30,0.044144192222245235,0.04428704936510238,0.00014285714285714292,0.1428571428571429,48
top_pct_10,2007-10-31,0.03244339035181465,0.03248505701848132,4.166666666666663e-05,0.04166666666666663,48
top_pct_10,2007-11-30,-0.06158668572516492,-0.061525461235369006,6.122448979591832e-05,0.061224489795918324,48
top_pct_10,2007-12-31,0.001956781783342505,0.002099638926199648,0.00014285714285714292,0.1428571428571429,48
top_pct_10,2008-01-31,-0.030689547674233975,-0.03060621434090064,8.333333333333337e-05,0.08333333333333337,44
top_pct_10,2008-02-29,0.03371758053004091,0.03386341386337424,0.00014583333333333337,0.14583333333333337,48
top_pct_10,2008-03-31,-0.023649349346167033,-0.023436583388720223,0.0002127659574468085,0.21276595744680848,45
top_pct_10,2008-04-30,0.04845124474462132,0.04853635112760005,8.510638297872342e-05,0.08510638297872342,45
top_pct_10,2008-05-31,0.03309263508520364,0.03321763508520364,0.000125,0.125,48
top_pct_10,2008-06-30,-0.046502830232305344,-0.04629449689897201,0.0002083333333333334,0.20833333333333337,39
top_pct_10,2008-07-31,-0.053520248867259444,-0.05329802664503722,0.00022222222222222223,0.2222222222222222,44
top_pct_10,2008-08-31,0.01704171752859271,0.01715282863970382,0.00011111111111111117,0.11111111111111116,45
top_pct_10,2008-09-30,-0.14386387027151007,-0.14360300070629267,0.0002608695652173914,0.26086956521739135,41
top_pct_10,2008-10-31,-0.20574105058399733,-0.20553650512945187,0.0002045454545454546,0.20454545454545459,36
top_pct_10,2008-11-30,-0.08660941884519022,-0.08635300858877996,0.0002564102564102564,0.2564102564102564,35
top_pct_10,2008-12-31,0.049013409262851304,0.049263409262851304,0.00025,0.25,36
top_pct_10,2009-01-31,-0.0676424417636742,-0.0674845470268321,0.00015789473684210532,0.1578947368421053,35
top_pct_10,2009-02-28,-0.0994135641988632,-0.09924689753219654,0.00016666666666666663,0.16666666666666663,34
top_pct_10,2009-03-31,0.11758207884023589,0.117703290961448,0.00012121212121212122,0.12121212121212122,31
top_pct_10,2009-04-30,0.08302474820941746,0.08352474820941747,0.0005,0.5,36
top_pct_10,2009-05-31,0.0404623822270905,0.0406675104322187,0.0002051282051282052,0.20512820512820518,39
top_pct_10,2009-06-30,0.029748518629914164,0.030030569911965448,0.00028205128205128203,0.28205128205128205,36
top_pct_10,2009-07-31,0.06304762517484153,0.06327839440561076,0.00023076923076923076,0.23076923076923073,38
top_pct_10,2009-08-31,0.02919318626399305,0.02943708870301744,0.00024390243902439024,0.24390243902439024,41
top_pct_10,2009-09-30,0.052719634256569205,0.05301231718339847,0.00029268292682926834,0.29268292682926833,41
top_pct_10,2009-10-31,-0.04015303238868547,-0.0398972184351971,0.0002558139534883721,0.2558139534883721,42
top_pct_10,2009-11-30,0.07894217782219387,0.07911290952951094,0.00017073170731707321,0.1707317073170732,40
top_pct_10,2009-12-31,0.02771599234295668,0.027954087581051917,0.00023809523809523815,0.23809523809523814,42
top_pct_10,2010-01-31,-0.046134018151711455,-0.045906745424438726,0.0002272727272727273,0.2272727272727273,43
top_pct_10,2010-02-28,0.0448032102194378,0.04496600091711222,0.00016279069767441857,0.16279069767441856,43
top_pct_10,2010-03-31,0.07899461738747161,0.07915017294302717,0.00015555555555555556,0.15555555555555556,44
top_pct_10,2010-04-30,0.028392765421696598,0.02874059150865312,0.00034782608695652176,0.34782608695652173,46
top_pct_10,2010-05-31,-0.06853317589109231,-0.0684480695081136,8.510638297872342e-05,0.08510638297872342,47
top_pct_10,2010-06-30,-0.06673111902983489,-0.06662473605111148,0.00010638297872340431,0.1063829787234043,47
top_pct_10,2010-07-31,0.07848762215924304,0.07853206660368749,4.44444444444444e-05,0.0444444444444444,45
top_pct_10,2010-08-31,-0.07467264078967546,-0.07454220600706676,0.0001304347826086957,0.13043478260869568,43
top_pct_10,2010-09-30,0.12708616799445777,0.12731344072173048,0.0002272727272727273,0.2272727272727273,43
top_pct_10,2010-10-31,0.051701472686580846,0.051875385730059106,0.00017391304347826088,0.17391304347826086,45
top_pct_10,2010-11-30,0.009007295551343565,0.009177508317301011,0.00017021276595744684,0.17021276595744683,47
top_pct_10,2010-12-31,0.06594183478236276,0.0661501681156961,0.0002083333333333334,0.20833333333333337,48
top_pct_10,2011-01-31,0.019159780813010438,0.019336251401245733,0.00017647058823529416,0.17647058823529416,51
top_pct_10,2011-02-28,0.05461028961034977,0.054688720982898786,7.843137254901966e-05,0.07843137254901966,51
top_pct_10,2011-03-31,0.024508827352066154,0.024659770748292568,0.00015094339622641508,0.15094339622641506,53
top_pct_10,2011-04-30,0.03645992535657284,0.03675622165286913,0.0002962962962962963,0.2962962962962963,54
top_pct_10,2011-05-31,-0.012595325329431374,-0.012539769773875819,5.5555555555555585e-05,0.05555555555555558,54
top_pct_10,2011-06-30,-0.013517459187808108,-0.013332274002622923,0.00018518518518518523,0.18518518518518523,54
top_pct_10,2011-07-31,0.005340318080853767,0.005469947710483397,0.00012962962962962966,0.12962962962962965,52
top_pct_10,2011-08-31,-0.04266095846074155,-0.04256661883810004,9.433962264150942e-05,0.09433962264150941,50
top_pct_10,2011-09-30,-0.10551182200228976,-0.10534201068153504,0.00016981132075471694,0.16981132075471694,50
top_pct_10,2011-10-31,0.1494864223434692,0.1495664223434692,7.999999999999997e-05,0.07999999999999996,49
top_pct_10,2011-11-30,-0.003645513688546654,-0.0034757023677919373,0.00016981132075471694,0.16981132075471694,50
top_pct_10,2011-12-31,0.006797062557760582,0.007027831788529813,0.00023076923076923076,0.23076923076923073,51
top_pct_10,2012-01-31,0.0922372823637386,0.09242596160902161,0.00018867924528301883,0.18867924528301883,53
top_pct_10,2012-02-29,0.05736935832412882,0.05753299468776519,0.00016363636363636369,0.1636363636363637,55
top_pct_10,2012-03-31,0.026020053945370877,0.026220053945370875,0.00019999999999999996,0.19999999999999996,54
top_pct_10,2012-04-30,0.025026303433633112,0.025189939797269474,0.00016363636363636369,0.1636363636363637,54
top_pct_10,2012-05-31,-0.05592380681300241,-0.055849732738928334,7.407407407407407e-05,0.07407407407407407,53
top_pct_10,2012-06-30,0.03564844418264786,0.03577571690992059,0.0001272727272727273,0.12727272727272732,55
top_pct_10,2012-07-31,0.014058489245455566,0.014149398336364657,9.090909090909094e-05,0.09090909090909094,53
top_pct_10,2012-08-31,0.02644248584827397,0.02655157675736488,0.00010909090909090913,0.10909090909090913,52
top_pct_10,2012-09-30,0.016767047552659394,0.016970751256363097,0.00020370370370370372,0.20370370370370372,53
top_pct_10,2012-10-31,-0.0017033518061391958,-0.0015760790788664685,0.0001272727272727273,0.12727272727272732,53
top_pct_10,2012-11-30,0.014887435500837577,0.01506925368265576,0.00018181818181818178,0.18181818181818177,54
top_pct_10,2012-12-31,0.02811763817705853,0.02833581999524035,0.00021818181818181818,0.21818181818181814,54
top_pct_10,2013-01-31,0.07814515661585224,0.07830587090156653,0.0001607142857142857,0.1607142857142857,55
top_pct_10,2013-02-28,0.01422758420059353,0.014382756614386634,0.00015517241379310343,0.15517241379310343,58
top_pct_10,2013-03-31,0.05532468403503634,0.05542637895029058,0.00010169491525423725,0.10169491525423724,58
top_pct_10,2013-04-30,0.0009634467019081961,0.0012176839900437894,0.0002542372881355932,0.2542372881355932,57
top_pct_10,2013-05-31,0.026421023628876737,0.02655661684921572,0.00013559322033898302,0.13559322033898302,57
top_pct_10,2013-06-30,-0.008577650954621204,-0.00834431762128787,0.0002333333333333333,0.23333333333333328,59
top_pct_10,2013-07-31,0.05887430347369441,0.05898905757205507,0.00011475409836065575,0.11475409836065575,60
top_pct_10,2013-08-31,-0.031055826207988427,-0.03099131007895617,6.451612903225812e-05,0.06451612903225812,58
top_pct_10,2013-09-30,0.052423431872378135,0.052636546626476495,0.0002131147540983607,0.21311475409836067,60
top_pct_10,2013-10-31,0.053047284043204475,0.05322470339804319,0.00017741935483870963,0.17741935483870963,61
top_pct_10,2013-11-30,0.03490717544268366,0.03498530044268366,7.8125e-05,0.078125,63
top_pct_10,2013-12-31,0.038296197432456235,0.03853057243245624,0.00023437500000000002,0.234375,64
top_pct_10,2014-01-31,-0.03245515733017559,-0.03231669579171405,0.00013846153846153842,0.1384615384615384,64
top_pct_10,2014-02-28,0.06885477887264045,0.06892940573831209,7.462686567164179e-05,0.07462686567164178,66
top_pct_10,2014-03-31,0.01159398440864134,0.011696925585111928,0.00010294117647058821,0.1029411764705882,67
top_pct_10,2014-04-30,-0.004799495567507325,-0.0045936132145661486,0.00020588235294117656,0.20588235294117652,67
top_pct_10,2014-05-31,0.015189100716971392,0.015292041893441981,0.00010294117647058821,0.1029411764705882,68
top_pct_10,2014-06-30,0.02376251487193549,0.024056632518994314,0.00029411764705882345,0.2941176470588235,67
top_pct_10,2014-07-31,-0.009985814107652612,-0.009868167048829082,0.00011764705882352944,0.11764705882352944,68
top_pct_10,2014-08-31,0.05862492498856275,0.0586828960030555,5.797101449275366e-05,0.05797101449275366,66
top_pct_10,2014-09-30,-0.0281206583736322,-0.027837076284079963,0.0002835820895522389,0.28358208955223885,66
top_pct_10,2014-10-31,0.0239791355551797,0.024128389286522983,0.00014925373134328358,0.14925373134328357,67
top_pct_10,2014-11-30,0.03004863951536088,0.0301500887907232,0.00010144927536231885,0.10144927536231885,68
top_pct_10,2014-12-31,-0.003498883756072935,-0.0032235214372323554,0.0002753623188405797,0.2753623188405797,68
top_pct_10,2015-01-31,-0.006207990347701821,-0.006093704633416107,0.00011428571428571432,0.11428571428571432,70
top_pct_10,2015-02-28,0.06388782577215603,0.06401282577215603,0.000125,0.125,72
top_pct_10,2015-03-31,-0.01330389293658879,-0.013221701155766872,8.219178082191781e-05,0.0821917808219178,73
top_pct_10,2015-04-30,0.0006214100307179081,0.0008268894827727027,0.00020547945205479456,0.20547945205479456,73
top_pct_10,2015-05-31,0.03051703310511392,0.030681416666757756,0.00016438356164383562,0.1643835616438356,73
top_pct_10,2015-06-30,-0.00658099837929353,-0.0063344230368277766,0.0002465753424657534,0.2465753424657534,72
top_pct_10,2015-07-31,0.015476582417753546,0.01561356871912341,0.000136986301369863,0.136986301369863,73
top_pct_10,2015-08-31,-0.05191788447709671,-0.05179626285547508,0.0001216216216216216,0.1216216216216216,73
top_pct_10,2015-09-30,-0.01650028149599828,-0.016333614829331614,0.00016666666666666663,0.16666666666666663,71
top_pct_10,2015-10-31,0.0615214763156464,0.06159189885085767,7.042253521126762e-05,0.07042253521126762,69
top_pct_10,2015-11-30,0.005619806609315549,0.005717028831537772,9.722222222222222e-05,0.09722222222222221,72
top_pct_10,2015-12-31,-0.03111424786408964,-0.030936165672308818,0.00017808219178082197,0.17808219178082196,73
top_pct_10,2016-01-31,-0.05254982710043865,-0.05246649376710532,8.333333333333337e-05,0.08333333333333337,70
top_pct_10,2016-02-29,0.03427330477220985,0.03438598082854788,0.00011267605633802813,0.11267605633802813,70
top_pct_10,2016-03-31,0.07027660800143462,0.07053012912819519,0.0002535211267605634,0.2535211267605634,71
top_pct_10,2016-04-30,-0.019998219328142868,-0.019792739876088074,0.00020547945205479456,0.20547945205479456,71
top_pct_10,2016-05-31,0.013704119180606692,0.01378631096142861,8.219178082191781e-05,0.0821917808219178,73
top_pct_10,2016-06-30,0.017223302007477036,0.017497274610216763,0.000273972602739726,0.273972602739726,73
top_pct_10,2016-07-31,0.05087608225247312,0.050970676847067714,9.459459459459463e-05,0.09459459459459463,73
top_pct_10,2016-08-31,-0.00490448151533156,-0.004797814848664894,0.0001066666666666667,0.10666666666666669,72
top_pct_10,2016-09-30,-0.001510538774292197,-0.0012672955310489538,0.0002432432432432432,0.2432432432432432,73
top_pct_10,2016-10-31,-0.02891081127082126,-0.02879081127082126,0.00012,0.12,75
top_pct_10,2016-11-30,0.07082291831338665,0.07090511009420856,8.219178082191781e-05,0.0821917808219178,73
top_pct_10,2016-12-31,-0.0037829917537895983,-0.0035751995459973904,0.00020779220779220778,0.20779220779220775,77
top_pct_10,2017-01-31,0.03822748589981254,0.038419793592120235,0.0001923076923076923,0.1923076923076923,78
top_pct_10,2017-02-28,0.023079892860284924,0.02319527747566954,0.00011538461538461542,0.11538461538461542,78
top_pct_10,2017-03-31,0.004542759874734305,0.004646655978630409,0.00010389610389610394,0.10389610389610393,76
top_pct_10,2017-04-30,0.004889804826187201,0.005171856108238483,0.00028205128205128203,0.28205128205128205,77
top_pct_10,2017-05-31,0.007517570717332062,0.007607314307075652,8.974358974358976e-05,0.08974358974358976,77
top_pct_10,2017-06-30,0.005117967726261696,0.005323095931389901,0.0002051282051282052,0.20512820512820518,77
top_pct_10,2017-07-31,0.031774583352564084,0.03187714745512819,0.00010256410256410253,0.10256410256410253,78
top_pct_10,2017-08-31,0.0034394144098197363,0.0036317221021274285,0.0001923076923076923,0.1923076923076923,78
top_pct_10,2017-09-30,0.04579030637786754,0.04598261407017523,0.0001923076923076923,0.1923076923076923,78
top_pct_10,2017-10-31,0.024219481830843485,0.024358722337172598,0.0001392405063291139,0.1392405063291139,77
top_pct_10,2017-11-30,0.03902767763148197,0.039154259909962984,0.00012658227848101267,0.12658227848101267,78
top_pct_10,2017-12-31,0.0050145960431472285,0.005214596043147228,0.00019999999999999996,0.19999999999999996,80
top_pct_10,2018-01-31,0.06208436376047989,0.062269548945665075,0.00018518518518518523,0.18518518518518523,80
top_pct_10,2018-02-28,-0.03965472524981469,-0.039568305496728275,8.64197530864198e-05,0.0864197530864198,80
top_pct_10,2018-03-31,-0.007189589606675158,-0.007115515532601083,7.407407407407407e-05,0.07407407407407407,81
top_pct_10,2018-04-30,0.0021679134303963484,0.002411815869420739,0.00024390243902439024,0.24390243902439024,82
top_pct_10,2018-05-31,0.04871821244136017,0.04890339762654535,0.00018518518518518523,0.18518518518518523,81
top_pct_10,2018-06-30,-0.0002906900122118427,-0.0001199583048947695,0.00017073170731707321,0.1707317073170732,81
top_pct_10,2018-07-31,0.02114874502351993,0.021281275144001858,0.0001325301204819277,0.1325301204819277,83
top_pct_10,2018-08-31,0.0640762282194675,0.064148517376094,7.228915662650603e-05,0.07228915662650603,82
top_pct_10,2018-09-30,0.0012978150691511647,0.0014644817358178315,0.00016666666666666663,0.16666666666666663,84
top_pct_10,2018-10-31,-0.11161914186828183,-0.11153480451888424,8.433734939759041e-05,0.08433734939759041,82
top_pct_10,2018-11-30,0.0008053641037810699,0.0008663397135371675,6.0975609756097615e-05,0.060975609756097615,80
top_pct_10,2018-12-31,-0.09015786290774817,-0.08991396046872378,0.00024390243902439024,0.24390243902439024,81
top_pct_10,2019-01-31,0.10862009524531459,0.1087312063564257,0.00011111111111111117,0.11111111111111116,81
top_pct_10,2019-02-28,0.05407773525519529,0.05415090598690261,7.317073170731703e-05,0.07317073170731703,81
top_pct_10,2019-03-31,0.0006796004874510744,0.00078935658501205,0.0001097560975609756,0.1097560975609756,81
top_pct_10,2019-04-30,0.03842599971563457,0.03867901176382734,0.0002530120481927711,0.2530120481927711,82
top_pct_10,2019-05-31,-0.0779065985749525,-0.07782226122555491,8.433734939759041e-05,0.08433734939759041,81
top_pct_10,2019-06-30,0.08674770408825855,0.08705258213703904,0.00030487804878048786,0.30487804878048785,82
top_pct_10,2019-07-31,0.031275455001208735,0.031513550239303974,0.00023809523809523815,0.23809523809523814,83
top_pct_10,2019-08-31,-0.025466697485736243,-0.025325521015148008,0.00014117647058823536,0.14117647058823535,85
top_pct_10,2019-09-30,-0.0023050231083093877,-0.0020907373940236736,0.00021428571428571433,0.2142857142857143,83
top_pct_10,2019-10-31,0.024492324781135034,0.024621736545840916,0.00012941176470588234,0.12941176470588234,84
top_pct_10,2019-11-30,0.0455821948567094,0.04566552819004273,8.333333333333337e-05,0.08333333333333337,83
top_pct_10,2019-12-31,0.029799846961461145,0.030082199902637614,0.00028235294117647056,0.2823529411764706,85
top_pct_10,2020-01-31,-0.018287362365321164,-0.018182711202530465,0.00010465116279069764,0.10465116279069764,86
top_pct_10,2020-02-29,-0.0816386412350719,-0.08152236216530447,0.00011627906976744185,0.11627906976744184,82
top_pct_10,2020-03-31,-0.1509242372060905,-0.15062661815847145,0.0002976190476190477,0.29761904761904767,76
top_pct_10,2020-04-30,0.18429490922363326,0.1845480737805953,0.00025316455696202533,0.25316455696202533,79
top_pct_10,2020-05-31,0.08699628614188766,0.08724018858091205,0.00024390243902439024,0.24390243902439024,81
top_pct_10,2020-06-30,0.039849022411132314,0.04014664145875136,0.0002976190476190477,0.29761904761904767,83
top_pct_10,2020-07-31,0.08164057141394108,0.08179533331870299,0.00015476190476190478,0.15476190476190477,84
top_pct_10,2020-08-31,0.047385103126600665,0.04749224598374352,0.0001071428571428571,0.1071428571428571,84
top_pct_10,2020-09-30,-0.02314215028301527,-0.02282450322419174,0.0003176470588235294,0.3176470588235294,83
top_pct_10,2020-10-31,-0.01906563013250412,-0.018934677751551738,0.00013095238095238093,0.13095238095238093,84
top_pct_10,2020-11-30,0.13325174174987955,0.13333507508321288,8.333333333333337e-05,0.08333333333333337,84
top_pct_10,2020-12-31,0.05788165184899892,0.058088548400723056,0.0002068965517241379,0.2068965517241379,87
top_pct_10,2021-01-31,0.050152098513080064,0.05026445806364186,0.00011235955056179781,0.1123595505617978,89
top_pct_10,2021-02-28,0.03158044163385645,0.031635997189412006,5.5555555555555585e-05,0.05555555555555558,90
top_pct_10,2021-03-31,0.06247165129639189,0.06261450843924904,0.00014285714285714292,0.1428571428571429,91
top_pct_10,2021-04-30,0.04783456268523899,0.048189401394916405,0.00035483870967741943,0.3548387096774194,92
top_pct_10,2021-05-31,0.03638548140322527,0.03652678575105136,0.00014130434782608692,0.14130434782608692,91
top_pct_10,2021-06-30,0.013369875164362721,0.013587266468710547,0.0002173913043478261,0.21739130434782605,92
top_pct_10,2021-07-31,0.021334127614663155,0.021398643743695413,6.451612903225812e-05,0.06451612903225812,93
top_pct_10,2021-08-31,0.02272862748939864,0.022750366619833425,2.1739130434782597e-05,0.021739130434782594,88
top_pct_10,2021-09-30,-0.031993842185506355,-0.03178273107439524,0.00021111111111111116,0.21111111111111114,89
top_pct_10,2021-10-31,0.04113480110993559,0.04132161429674877,0.00018681318681318683,0.18681318681318682,90
top_pct_10,2021-11-30,0.0041136904729299935,0.00419061354985307,7.692307692307687e-05,0.07692307692307687,90
top_pct_10,2021-12-31,0.04794074858516771,0.0482016181503851,0.0002608695652173914,0.26086956521739135,91
top_pct_10,2022-01-31,-0.05767556452406682,-0.057428252696109836,0.00024731182795698927,0.24731182795698925,93
top_pct_10,2022-02-28,0.034035032917733354,0.03413180711128174,9.677419354838712e-05,0.09677419354838712,93
top_pct_10,2022-03-31,0.031458282849410144,0.03158731510747466,0.00012903225806451613,0.12903225806451613,92
top_pct_10,2022-04-30,-0.06494736711147109,-0.06474306603620227,0.00020430107526881724,0.20430107526881724,92
top_pct_10,2022-05-31,0.025588413284016148,0.025695940165736578,0.00010752688172043013,0.10752688172043012,93
top_pct_10,2022-06-30,-0.1367808554447014,-0.13661956512212076,0.00016129032258064513,0.16129032258064513,89
top_pct_10,2022-07-31,0.12399922252613098,0.12410911263602109,0.00010989010989010994,0.10989010989010994,91
top_pct_10,2022-08-31,-0.014684374482462457,-0.014575678830288544,0.00010869565217391309,0.10869565217391308,91
top_pct_10,2022-09-30,-0.09007350155280348,-0.0898866883659903,0.00018681318681318683,0.18681318681318682,88
top_pct_10,2022-10-31,0.13111307778526668,0.1312353000074889,0.00012222222222222224,0.12222222222222223,90
top_pct_10,2022-11-30,0.0711813129569505,0.0713008781743418,0.00011956521739130432,0.11956521739130432,92
top_pct_10,2022-12-31,-0.06334328678310795,-0.06317124377235527,0.00017204301075268813,0.17204301075268813,92
top_pct_10,2023-01-31,0.08641586408605752,0.08648108147736186,6.521739130434778e-05,0.06521739130434778,92
top_pct_10,2023-02-28,-0.02985957687920278,-0.029785108794096397,7.446808510638303e-05,0.07446808510638303,92
top_pct_10,2023-03-31,-0.0028858751872046433,-0.002821359058172385,6.451612903225812e-05,0.06451612903225812,92
top_pct_10,2023-04-30,-0.006820819731382078,-0.006597415476062929,0.00022340425531914898,0.22340425531914898,92
top_pct_10,2023-05-31,-0.01595935177428138,-0.01581956682804482,0.00013978494623655913,0.13978494623655913,91
top_pct_10,2023-06-30,0.11900750904383944,0.11920105743093622,0.00019354838709677424,0.19354838709677424,93
top_pct_10,2023-07-31,0.07523682764393823,0.07533156448604349,9.473684210526312e-05,0.09473684210526312,94
top_pct_10,2023-08-31,-0.008226313518608823,-0.008163155623871982,6.315789473684208e-05,0.06315789473684208,94
top_pct_10,2023-09-30,-0.04140514537041621,-0.04122619800199516,0.00017894736842105264,0.17894736842105263,95
top_pct_10,2023-10-31,-0.038447304150218894,-0.03838347436298485,6.382978723404254e-05,0.06382978723404253,93
top_pct_10,2023-11-30,0.09767089905003937,0.0977031571145555,3.2258064516129006e-05,0.032258064516129004,93
top_pct_10,2023-12-31,0.07629565014739209,0.07648713950909422,0.00019148936170212773,0.19148936170212771,93
top_pct_10,2024-01-31,0.010849760045739431,0.010944496887844695,9.473684210526312e-05,0.09473684210526312,94
top_pct_10,2024-02-29,0.08715308412889006,0.08722755221399645,7.446808510638303e-05,0.07446808510638303,94
top_pct_10,2024-03-31,0.06479565466897758,0.06500618098476706,0.0002105263157894737,0.21052631578947367,95
top_pct_10,2024-04-30,-0.046365210180304574,-0.04626211739679942,0.00010309278350515462,0.1030927835051546,97
top_pct_10,2024-05-31,0.06329113502006263,0.06336481923058894,7.36842105263158e-05,0.0736842105263158,95
top_pct_10,2024-06-30,-0.004965256852062968,-0.004798590185396302,0.00016666666666666663,0.16666666666666663,95
top_pct_10,2024-07-31,0.042094606639998276,0.04220800870185395,0.00011340206185567015,0.11340206185567014,97
top_pct_10,2024-08-31,-0.005916103604478382,-0.005814062788151851,0.00010204081632653062,0.10204081632653061,97
top_pct_10,2024-09-30,0.037947305115660926,0.03812077450341603,0.00017346938775510202,0.173469387755102,97
top_pct_10,2024-10-31,0.004257840786312449,0.004421106092434898,0.00016326530612244895,0.16326530612244894,98
top_pct_10,2024-11-30,0.0996319375366505,0.09971274561745859,8.080808080808078e-05,0.08080808080808077,97
top_pct_10,2024-12-31,-0.05863638781484888,-0.05837638781484888,0.00026000000000000003,0.26,98
top_pct_10,2025-01-31,0.021971407851658836,0.022102720982971967,0.00013131313131313128,0.13131313131313127,98
top_pct_10,2025-02-28,-0.043075462566454246,-0.04303546256645425,4.000000000000004e-05,0.040000000000000036,98
top_pct_10,2025-03-31,-0.017424719512479713,-0.01731247461452053,0.00011224489795918369,0.11224489795918369,96
top_pct_10,2025-04-30,-0.013958730657383234,-0.013703628616566908,0.0002551020408163265,0.2551020408163265,97
top_pct_10,2025-05-31,0.07600184948565758,0.07617710721761635,0.00017525773195876295,0.17525773195876293,95
top_pct_10,2025-06-30,0.020370546512793918,0.02066646488014086,0.0002959183673469388,0.29591836734693877,98
top_pct_10,2025-07-31,0.020520907304770263,0.020702725486588445,0.00018181818181818178,0.18181818181818177,98
top_pct_10,2025-08-31,0.07185005750633626,0.07193086558714434,8.080808080808078e-05,0.08080808080808077,99
top_pct_10,2025-09-30,0.014508464951581403,0.014698464951581402,0.00018999999999999996,0.18999999999999995,100
top_pct_10,2025-10-31,-0.01354302538724308,-0.013433025387243079,0.00010999999999999999,0.10999999999999999,100
top_pct_10,2025-11-30,0.021528551604565512,0.021618551604565512,8.999999999999998e-05,0.08999999999999997,100
top_pct_10,2025-12-31,0.005209049872213206,0.005466475614787463,0.00025742574257425744,0.25742574257425743,101
top_pct_10,2026-01-31,0.04556713650005798,0.04572555234164214,0.00015841584158415845,0.15841584158415845,101
top_pct_10,2026-02-28,0.0709926970214226,0.07108180593231368,8.910891089108908e-05,0.08910891089108908,100
top_pct_10,2026-03-31,-0.026310914562723664,-0.026182201691436535,0.00012871287128712872,0.12871287128712872,101
top_pct_10,2026-04-30,0.09753416060778011,0.09784416060778012,0.00031000000000000005,0.31000000000000005,100
top_pct_10,2026-05-31,0.024164633204898353,0.024273544095987462,0.0001089108910891089,0.1089108910891089,101
top_n_50,2005-04-30,-0.09749749821300924,-0.09649749821300924,0.001,1.0,1
top_n_50,2005-05-31,-0.007120253164557,-0.007120253164557,0.0,0.0,1
top_n_50,2005-06-30,0.08764940239043817,0.08764940239043817,0.0,0.0,1
top_n_50,2005-07-31,0.01732123896661336,0.017821238966613362,0.0005,0.5,2
top_n_50,2005-08-31,0.06253945279013218,0.06253945279013218,0.0,0.0,2
top_n_50,2005-09-30,0.18483500179402035,0.18483500179402035,0.0,0.0,2
top_n_50,2005-10-31,-0.09155438778629144,-0.09155438778629144,0.0,0.0,2
top_n_50,2005-11-30,0.08432330551895773,0.08432330551895773,0.0,0.0,2
top_n_50,2005-12-31,0.10906014556863985,0.10906014556863985,0.0,0.0,2
top_n_50,2006-01-31,0.258961894762783,0.258961894762783,0.0,0.0,2
top_n_50,2006-02-28,-0.06973178327358481,-0.06973178327358481,0.0,0.0,2
top_n_50,2006-03-31,0.051792161329919706,0.051792161329919706,0.0,0.0,2
top_n_50,2006-04-30,0.018393384962941607,0.019193384962941606,0.0008,0.8,10
top_n_50,2006-05-31,-0.07306389439675874,-0.07283312516598951,0.00023076923076923076,0.23076923076923073,13
top_n_50,2006-06-30,-0.004502593951038813,-0.004121641570086432,0.00038095238095238096,0.38095238095238093,20
top_n_50,2006-07-31,-0.03644642170545227,-0.035898802657833226,0.0005476190476190477,0.5476190476190477,41
top_n_50,2006-08-31,0.030274779319081964,0.03040521410169066,0.0001304347826086957,0.13043478260869568,43
top_n_50,2006-09-30,0.04455643228266559,0.04468143228266559,0.000125,0.125,47
top_n_50,2006-10-31,0.047857211806415674,0.04827721180641567,0.00042,0.42000000000000004,50
top_n_50,2006-11-30,0.020619539818050963,0.020879539818050963,0.00026000000000000003,0.26,48
top_n_50,2006-12-31,-0.002805686919471629,-0.002665686919471629,0.00014000000000000001,0.14,48
top_n_50,2007-01-31,0.037078470198664996,0.037798470198664995,0.0007199999999999999,0.72,50
top_n_50,2007-02-28,-0.008594324021538969,-0.00857432402153897,2.000000000000002e-05,0.020000000000000018,50
top_n_50,2007-03-31,0.025427827059437205,0.025447827059437204,2.000000000000002e-05,0.020000000000000018,50
top_n_50,2007-04-30,0.0372531935014448,0.0373931935014448,0.00014000000000000001,0.14,50
top_n_50,2007-05-31,0.07444046486968116,0.07450046486968116,6.0000000000000056e-05,0.06000000000000005,50
top_n_50,2007-06-30,0.0024916764619038615,0.0027916764619038614,0.0003000000000000001,0.30000000000000004,49
top_n_50,2007-07-31,-0.014345266943680927,-0.014245266943680928,9.999999999999998e-05,0.09999999999999998,49
top_n_50,2007-08-31,0.0030338527227888913,0.0030738527227888914,4.000000000000004e-05,0.040000000000000036,49
top_n_50,2007-09-30,0.044842960760881394,0.044982960760881395,0.00014000000000000001,0.14,49
top_n_50,2007-10-31,0.031730140954027375,0.03177014095402737,4.000000000000004e-05,0.040000000000000036,50
top_n_50,2007-11-30,-0.060729700134617516,-0.06066970013461752,6.0000000000000056e-05,0.06000000000000005,49
top_n_50,2007-12-31,0.0011375177016798852,0.0012975177016798852,0.00016000000000000004,0.16000000000000003,49
top_n_50,2008-01-31,-0.031013429733737996,-0.030913429733737997,9.999999999999998e-05,0.09999999999999998,46
top_n_50,2008-02-29,0.030001900106786987,0.030141900106786988,0.00014000000000000001,0.14,50
top_n_50,2008-03-31,-0.021482791824652275,-0.021242791824652274,0.00024,0.24,48
top_n_50,2008-04-30,0.05295967020758261,0.05301967020758261,6.0000000000000056e-05,0.06000000000000005,48
top_n_50,2008-05-31,0.03235094130142774,0.032430941301427735,7.999999999999997e-05,0.07999999999999996,50
top_n_50,2008-06-30,-0.047272032977902716,-0.04707203297790272,0.00019999999999999996,0.19999999999999996,41
top_n_50,2008-07-31,-0.04938456995232414,-0.04918456995232414,0.00019999999999999996,0.19999999999999996,49
top_n_50,2008-08-31,0.01563349086491845,0.01577349086491845,0.00014000000000000001,0.14,50
top_n_50,2008-09-30,-0.14831275840491118,-0.14811275840491117,0.00019999999999999996,0.19999999999999996,45
top_n_50,2008-10-31,-0.1958771803722276,-0.19561718037222758,0.00026000000000000003,0.26,41
top_n_50,2008-11-30,-0.08418904597860462,-0.08388904597860462,0.0003000000000000001,0.30000000000000004,45
top_n_50,2008-12-31,0.03575803804733991,0.03607803804733991,0.0003199999999999999,0.31999999999999995,50
top_n_50,2009-01-31,-0.0613017933747937,-0.0611617933747937,0.00014000000000000001,0.14,46
top_n_50,2009-02-28,-0.08892105107766879,-0.0887610510776688,0.00016000000000000004,0.16000000000000003,48
top_n_50,2009-03-31,0.09741465386269514,0.09755465386269514,0.00014000000000000001,0.14,48
top_n_50,2009-04-30,0.09289435783500201,0.09321435783500201,0.0003199999999999999,0.31999999999999995,50
top_n_50,2009-05-31,0.04361193670958583,0.04375193670958583,0.00014000000000000001,0.14,50
top_n_50,2009-06-30,0.020947155713533196,0.021167155713533198,0.00021999999999999998,0.21999999999999997,47
top_n_50,2009-07-31,0.06055659634573887,0.06075659634573887,0.00019999999999999996,0.19999999999999996,49
top_n_50,2009-08-31,0.027765241532772992,0.027925241532772992,0.00016000000000000004,0.16000000000000003,50
top_n_50,2009-09-30,0.04761848897166589,0.04789848897166589,0.00028000000000000003,0.28,50
top_n_50,2009-10-31,-0.03891419510245852,-0.03873419510245852,0.00018000000000000007,0.18000000000000005,49
top_n_50,2009-11-30,0.07105633830204901,0.07123633830204901,0.00018000000000000007,0.18000000000000005,49
top_n_50,2009-12-31,0.03313834695301344,0.03339834695301344,0.00026000000000000003,0.26,50
top_n_50,2010-01-31,-0.0474876759205415,-0.0473276759205415,0.00016000000000000004,0.16000000000000003,49
top_n_50,2010-02-28,0.044780298114011984,0.04486029811401198,7.999999999999997e-05,0.07999999999999996,50
top_n_50,2010-03-31,0.08433213769434446,0.08447213769434446,0.00014000000000000001,0.14,49
top_n_50,2010-04-30,0.027173990715292994,0.027513990715292994,0.00033999999999999997,0.33999999999999997,50
top_n_50,2010-05-31,-0.06851881973809584,-0.06847881973809584,4.000000000000004e-05,0.040000000000000036,50
top_n_50,2010-06-30,-0.06611996280780219,-0.0659999628078022,0.00012,0.12,50
top_n_50,2010-07-31,0.07938122447158724,0.07942122447158724,4.000000000000004e-05,0.040000000000000036,50
top_n_50,2010-08-31,-0.07191221473254489,-0.07179221473254489,0.00012,0.12,47
top_n_50,2010-09-30,0.12636894884546696,0.12658894884546695,0.00021999999999999998,0.21999999999999997,49
top_n_50,2010-10-31,0.04851173218313455,0.04863173218313455,0.00012,0.12,49
top_n_50,2010-11-30,0.016456876347019884,0.016576876347019882,0.00012,0.12,50
top_n_50,2010-12-31,0.06435348683690376,0.06457348683690375,0.00021999999999999998,0.21999999999999997,50
top_n_50,2011-01-31,0.018765429524471584,0.018925429524471585,0.00016000000000000004,0.16000000000000003,50
top_n_50,2011-02-28,0.05677336154428905,0.05685336154428905,7.999999999999997e-05,0.07999999999999996,50
top_n_50,2011-03-31,0.02641562682391596,0.026555626823915962,0.00014000000000000001,0.14,50
top_n_50,2011-04-30,0.03652327251502635,0.03684327251502635,0.0003199999999999999,0.31999999999999995,50
top_n_50,2011-05-31,-0.01522075814633562,-0.01514075814633562,7.999999999999997e-05,0.07999999999999996,50
top_n_50,2011-06-30,-0.016525100743351007,-0.016325100743351008,0.00019999999999999996,0.19999999999999996,50
top_n_50,2011-07-31,0.011606721946637082,0.011746721946637081,0.00014000000000000001,0.14,48
top_n_50,2011-08-31,-0.041694116378977346,-0.041574116378977344,0.00012,0.12,47
top_n_50,2011-09-30,-0.1093512158691716,-0.1092112158691716,0.00014000000000000001,0.14,47
top_n_50,2011-10-31,0.1494865899595919,0.14960658995959192,0.00012,0.12,50
top_n_50,2011-11-30,-0.006381756654936823,-0.006241756654936823,0.00014000000000000001,0.14,47
top_n_50,2011-12-31,0.008144805192816034,0.008364805192816033,0.00021999999999999998,0.21999999999999997,49
top_n_50,2012-01-31,0.09712152279317722,0.09726152279317722,0.00014000000000000001,0.14,50
top_n_50,2012-02-29,0.05733489931638929,0.05747489931638929,0.00014000000000000001,0.14,50
top_n_50,2012-03-31,0.03405502950407131,0.03421502950407131,0.00016000000000000004,0.16000000000000003,49
top_n_50,2012-04-30,0.023434826739499336,0.023574826739499337,0.00014000000000000001,0.14,49
top_n_50,2012-05-31,-0.06158968404582871,-0.061489684045828705,9.999999999999998e-05,0.09999999999999998,49
top_n_50,2012-06-30,0.03359776636912414,0.03375776636912414,0.00016000000000000004,0.16000000000000003,50
top_n_50,2012-07-31,0.01672613089268772,0.016786130892687722,6.0000000000000056e-05,0.06000000000000005,49
top_n_50,2012-08-31,0.030703635018232332,0.03082363501823233,0.00012,0.12,47
top_n_50,2012-09-30,0.016806713714455312,0.01700671371445531,0.00019999999999999996,0.19999999999999996,49
top_n_50,2012-10-31,-0.004655392156275331,-0.00447539215627533,0.00018000000000000007,0.18000000000000005,48
top_n_50,2012-11-30,0.0191305337467463,0.019310533746746298,0.00018000000000000007,0.18000000000000005,49
top_n_50,2012-12-31,0.02474300629179845,0.024963006291798453,0.00021999999999999998,0.21999999999999997,49
top_n_50,2013-01-31,0.08090187411395061,0.0810618741139506,0.00016000000000000004,0.16000000000000003,49
top_n_50,2013-02-28,0.01761748989269546,0.017737489892695458,0.00012,0.12,50
top_n_50,2013-03-31,0.05820560638327813,0.058325606383278134,0.00012,0.12,49
top_n_50,2013-04-30,-0.0013354371659176124,-0.0010554371659176123,0.00028000000000000003,0.28,48
top_n_50,2013-05-31,0.023684012578421152,0.023744012578421153,6.0000000000000056e-05,0.06000000000000005,48
top_n_50,2013-06-30,-0.014562459868269356,-0.014342459868269356,0.00021999999999999998,0.21999999999999997,49
top_n_50,2013-07-31,0.05241363343867077,0.05251363343867077,9.999999999999998e-05,0.09999999999999998,49
top_n_50,2013-08-31,-0.03505795823073803,-0.03491795823073803,0.00014000000000000001,0.14,46
top_n_50,2013-09-30,0.05633905311378037,0.056579053113780364,0.00024,0.24,49
top_n_50,2013-10-31,0.05258088188450955,0.05280088188450955,0.00021999999999999998,0.21999999999999997,49
top_n_50,2013-11-30,0.03691657689238708,0.03699657689238708,7.999999999999997e-05,0.07999999999999996,50
top_n_50,2013-12-31,0.0441752335227491,0.0444152335227491,0.00024,0.24,50
top_n_50,2014-01-31,-0.022119653576375842,-0.021959653576375842,0.00016000000000000004,0.16000000000000003,49
top_n_50,2014-02-28,0.07244180715211361,0.0725618071521136,0.00012,0.12,49
top_n_50,2014-03-31,0.005614372958290938,0.005754372958290939,0.00014000000000000001,0.14,49
top_n_50,2014-04-30,-0.006727210678491282,-0.006447210678491282,0.00028000000000000003,0.28,50
top_n_50,2014-05-31,0.019678503974211572,0.019738503974211574,6.0000000000000056e-05,0.06000000000000005,50
top_n_50,2014-06-30,0.017020629902055922,0.01738062990205592,0.00035999999999999997,0.36,49
top_n_50,2014-07-31,-0.01377234794882968,-0.01365234794882968,0.00012,0.12,50
top_n_50,2014-08-31,0.06780852115266921,0.06786852115266921,6.0000000000000056e-05,0.06000000000000005,48
top_n_50,2014-09-30,-0.029148641606186524,-0.028848641606186522,0.0003000000000000001,0.30000000000000004,49
top_n_50,2014-10-31,0.023544053537213488,0.023724053537213487,0.00018000000000000007,0.18000000000000005,50
top_n_50,2014-11-30,0.022272148193450983,0.022352148193450983,7.999999999999997e-05,0.07999999999999996,49
top_n_50,2014-12-31,-0.002373307022738227,-0.002053307022738227,0.0003199999999999999,0.31999999999999995,49
top_n_50,2015-01-31,-0.00041367924994765374,-0.00031367924994765375,9.999999999999998e-05,0.09999999999999998,50
top_n_50,2015-02-28,0.06305370425931409,0.06317370425931408,0.00012,0.12,50
top_n_50,2015-03-31,-0.009667967775643126,-0.009607967775643126,6.0000000000000056e-05,0.06000000000000005,50
top_n_50,2015-04-30,-0.004473743400118053,-0.004273743400118053,0.00019999999999999996,0.19999999999999996,50
top_n_50,2015-05-31,0.03323048613459034,0.03341048613459034,0.00018000000000000007,0.18000000000000005,50
top_n_50,2015-06-30,-0.0025301803805373936,-0.0021901803805373936,0.00033999999999999997,0.33999999999999997,49
top_n_50,2015-07-31,0.014309023419819948,0.014429023419819949,0.00012,0.12,50
top_n_50,2015-08-31,-0.045394036876226986,-0.04529403687622698,9.999999999999998e-05,0.09999999999999998,49
top_n_50,2015-09-30,-0.02100284034433623,-0.02076284034433623,0.00024,0.24,49
top_n_50,2015-10-31,0.06483854550859809,0.0649385455085981,9.999999999999998e-05,0.09999999999999998,48
top_n_50,2015-11-30,0.004645060656200799,0.004745060656200799,9.999999999999998e-05,0.09999999999999998,50
top_n_50,2015-12-31,-0.025328914841701883,-0.025148914841701883,0.00018000000000000007,0.18000000000000005,50
top_n_50,2016-01-31,-0.05527118825238671,-0.055151188252386706,0.00012,0.12,49
top_n_50,2016-02-29,0.03616082985286658,0.03628082985286658,0.00012,0.12,49
top_n_50,2016-03-31,0.0669563152250547,0.0671963152250547,0.00024,0.24,50
top_n_50,2016-04-30,-0.021531725236894426,-0.021351725236894426,0.00018000000000000007,0.18000000000000005,50
top_n_50,2016-05-31,0.010369384880496227,0.010469384880496226,9.999999999999998e-05,0.09999999999999998,50
top_n_50,2016-06-30,0.015054143114440652,0.015274143114440652,0.00021999999999999998,0.21999999999999997,50
top_n_50,2016-07-31,0.0517963657611765,0.0519163657611765,0.00012,0.12,50
top_n_50,2016-08-31,0.00035033141213292924,0.0005103314121329293,0.00016000000000000004,0.16000000000000003,47
top_n_50,2016-09-30,0.008857815825787173,0.009137815825787174,0.00028000000000000003,0.28,49
top_n_50,2016-10-31,-0.02518492478502141,-0.02508492478502141,9.999999999999998e-05,0.09999999999999998,50
top_n_50,2016-11-30,0.08019748563502975,0.08033748563502975,0.00014000000000000001,0.14,50
top_n_50,2016-12-31,-0.0003367028795411595,-5.670287954115949e-05,0.00028000000000000003,0.28,50
top_n_50,2017-01-31,0.046952171562947925,0.047152171562947924,0.00019999999999999996,0.19999999999999996,50
top_n_50,2017-02-28,0.03136976105286491,0.03146976105286491,9.999999999999998e-05,0.09999999999999998,50
top_n_50,2017-03-31,0.0091331169260146,0.0092331169260146,9.999999999999998e-05,0.09999999999999998,49
top_n_50,2017-04-30,-0.005872112906541964,-0.005472112906541964,0.0004,0.4,49
top_n_50,2017-05-31,0.007075277240338569,0.007215277240338569,0.00014000000000000001,0.14,49
top_n_50,2017-06-30,0.0083884137719777,0.008708413771977699,0.0003199999999999999,0.31999999999999995,49
top_n_50,2017-07-31,0.032635579933298,0.032735579933298,9.999999999999998e-05,0.09999999999999998,50
top_n_50,2017-08-31,0.016473303188379976,0.016513303188379975,4.000000000000004e-05,0.040000000000000036,50
top_n_50,2017-09-30,0.02924594269069784,0.02944594269069784,0.00019999999999999996,0.19999999999999996,50
top_n_50,2017-10-31,0.029542713560514678,0.02968271356051468,0.00014000000000000001,0.14,48
top_n_50,2017-11-30,0.03675534528140801,0.03687534528140801,0.00012,0.12,49
top_n_50,2017-12-31,0.0022822628848993796,0.00252226288489938,0.00024,0.24,50
top_n_50,2018-01-31,0.06705062877901294,0.06721062877901293,0.00016000000000000004,0.16000000000000003,49
top_n_50,2018-02-28,-0.04939255704193356,-0.04931255704193356,7.999999999999997e-05,0.07999999999999996,50
top_n_50,2018-03-31,-0.004533922530905994,-0.004493922530905994,4.000000000000004e-05,0.040000000000000036,50
top_n_50,2018-04-30,0.007404018544577298,0.007684018544577298,0.00028000000000000003,0.28,50
top_n_50,2018-05-31,0.044401550006318895,0.0445015500063189,9.999999999999998e-05,0.09999999999999998,50
top_n_50,2018-06-30,0.0023898261486406296,0.0025898261486406297,0.00019999999999999996,0.19999999999999996,49
top_n_50,2018-07-31,0.027014343778328592,0.02721434377832859,0.00019999999999999996,0.19999999999999996,50
top_n_50,2018-08-31,0.0688723049580891,0.0690123049580891,0.00014000000000000001,0.14,49
top_n_50,2018-09-30,0.01303073856912429,0.01329073856912429,0.00026000000000000003,0.26,50
top_n_50,2018-10-31,-0.10493616058980407,-0.10479616058980407,0.00014000000000000001,0.14,50
top_n_50,2018-11-30,0.010051150046004105,0.010111150046004104,6.0000000000000056e-05,0.06000000000000005,48
top_n_50,2018-12-31,-0.08345282462160222,-0.08321282462160222,0.00024,0.24,50
top_n_50,2019-01-31,0.10903421719078374,0.10917421719078374,0.00014000000000000001,0.14,50
top_n_50,2019-02-28,0.06633390865355075,0.06641390865355075,7.999999999999997e-05,0.07999999999999996,49
top_n_50,2019-03-31,0.008726549236395242,0.008786549236395241,6.0000000000000056e-05,0.06000000000000005,49
top_n_50,2019-04-30,0.030682008568640295,0.030982008568640296,0.0003000000000000001,0.30000000000000004,50
top_n_50,2019-05-31,-0.07711781470268785,-0.07701781470268784,9.999999999999998e-05,0.09999999999999998,48
top_n_50,2019-06-30,0.07959260086198451,0.07995260086198451,0.00035999999999999997,0.36,50
top_n_50,2019-07-31,0.04252529177495442,0.04272529177495442,0.00019999999999999996,0.19999999999999996,49
top_n_50,2019-08-31,-0.02018653515772865,-0.020066535157728653,0.00012,0.12,50
top_n_50,2019-09-30,-0.007875572815306757,-0.007615572815306756,0.00026000000000000003,0.26,49
top_n_50,2019-10-31,0.03324063439258893,0.033360634392588934,0.00012,0.12,50
top_n_50,2019-11-30,0.053565774352753955,0.05366577435275396,9.999999999999998e-05,0.09999999999999998,49
top_n_50,2019-12-31,0.03149149787643804,0.03173149787643804,0.00024,0.24,50
top_n_50,2020-01-31,-0.004952253724469129,-0.004852253724469129,9.999999999999998e-05,0.09999999999999998,50
top_n_50,2020-02-29,-0.06641691425439263,-0.06633691425439263,7.999999999999997e-05,0.07999999999999996,47
top_n_50,2020-03-31,-0.14438289062335108,-0.1440028906233511,0.00038,0.38,44
top_n_50,2020-04-30,0.18132529372280917,0.18158529372280918,0.00026000000000000003,0.26,50
top_n_50,2020-05-31,0.10067087007601427,0.10091087007601428,0.00024,0.24,49
top_n_50,2020-06-30,0.041392277255186634,0.041732277255186634,0.00033999999999999997,0.33999999999999997,49
top_n_50,2020-07-31,0.07543504918611278,0.07559504918611278,0.00016000000000000004,0.16000000000000003,50
top_n_50,2020-08-31,0.04642108480035135,0.04652108480035135,9.999999999999998e-05,0.09999999999999998,50
top_n_50,2020-09-30,-0.01975217732019148,-0.01947217732019148,0.00028000000000000003,0.28,49
top_n_50,2020-10-31,-0.010905316765148495,-0.010745316765148494,0.00016000000000000004,0.16000000000000003,50
top_n_50,2020-11-30,0.13401645800877626,0.13411645800877625,9.999999999999998e-05,0.09999999999999998,50
top_n_50,2020-12-31,0.053808294032506046,0.054028294032506044,0.00021999999999999998,0.21999999999999997,50
top_n_50,2021-01-31,0.06205199969065954,0.06221199969065954,0.00016000000000000004,0.16000000000000003,50
top_n_50,2021-02-28,0.01600600921244215,0.016106009212442148,9.999999999999998e-05,0.09999999999999998,50
top_n_50,2021-03-31,0.06988601146166751,0.0701060114616675,0.00021999999999999998,0.21999999999999997,50
top_n_50,2021-04-30,0.052745156781731035,0.053085156781731035,0.00033999999999999997,0.33999999999999997,49
top_n_50,2021-05-31,0.04937924346857328,0.04957924346857328,0.00019999999999999996,0.19999999999999996,50
top_n_50,2021-06-30,0.02479089813407886,0.025010898134078863,0.00021999999999999998,0.21999999999999997,50
top_n_50,2021-07-31,0.01511659633290883,0.01521659633290883,9.999999999999998e-05,0.09999999999999998,50
top_n_50,2021-08-31,0.025339672638082875,0.025379672638082874,4.000000000000004e-05,0.040000000000000036,48
top_n_50,2021-09-30,-0.030573238735450228,-0.030353238735450226,0.00021999999999999998,0.21999999999999997,49
top_n_50,2021-10-31,0.0442580846182333,0.0443780846182333,0.00012,0.12,50
top_n_50,2021-11-30,0.01371951081285684,0.01379951081285684,7.999999999999997e-05,0.07999999999999996,49
top_n_50,2021-12-31,0.05446462620804022,0.05482462620804022,0.00035999999999999997,0.36,49
top_n_50,2022-01-31,-0.07195172301434302,-0.07165172301434303,0.0003000000000000001,0.30000000000000004,50
top_n_50,2022-02-28,0.019420474403086505,0.019520474403086505,9.999999999999998e-05,0.09999999999999998,50
top_n_50,2022-03-31,0.03740663047981914,0.03750663047981914,9.999999999999998e-05,0.09999999999999998,49
top_n_50,2022-04-30,-0.06056144659608585,-0.06028144659608585,0.00028000000000000003,0.28,50
top_n_50,2022-05-31,0.0332851181368042,0.033425118136804204,0.00014000000000000001,0.14,50
top_n_50,2022-06-30,-0.1523784516639356,-0.15219845166393559,0.00018000000000000007,0.18000000000000005,47
top_n_50,2022-07-31,0.13617235294697863,0.13641235294697862,0.00024,0.24,50
top_n_50,2022-08-31,-0.004547043037257667,-0.004407043037257667,0.00014000000000000001,0.14,49
top_n_50,2022-09-30,-0.09687324388645989,-0.09663324388645989,0.00024,0.24,49
top_n_50,2022-10-31,0.12491878659802891,0.1249587865980289,4.000000000000004e-05,0.040000000000000036,50
top_n_50,2022-11-30,0.07463002135883072,0.07469002135883072,6.0000000000000056e-05,0.06000000000000005,50
top_n_50,2022-12-31,-0.048948591572227564,-0.048748591572227565,0.00019999999999999996,0.19999999999999996,50
top_n_50,2023-01-31,0.07679094423940892,0.07689094423940893,9.999999999999998e-05,0.09999999999999998,50
top_n_50,2023-02-28,-0.01684590683347588,-0.01680590683347588,4.000000000000004e-05,0.040000000000000036,49
top_n_50,2023-03-31,-0.003864439007738751,-0.003744439007738751,0.00012,0.12,50
top_n_50,2023-04-30,0.002009787918493079,0.0022097879184930793,0.00019999999999999996,0.19999999999999996,49
top_n_50,2023-05-31,-0.016440996096788518,-0.016260996096788518,0.00018000000000000007,0.18000000000000005,48
top_n_50,2023-06-30,0.12249081619046896,0.12269081619046897,0.00019999999999999996,0.19999999999999996,50
top_n_50,2023-07-31,0.07495974662277333,0.07507974662277332,0.00012,0.12,50
top_n_50,2023-08-31,-0.019022519975729076,-0.018922519975729076,9.999999999999998e-05,0.09999999999999998,49
top_n_50,2023-09-30,-0.04053959279431885,-0.040319592794318855,0.00021999999999999998,0.21999999999999997,50
top_n_50,2023-10-31,-0.035862337073842045,-0.03574233707384204,0.00012,0.12,49
top_n_50,2023-11-30,0.10963650166819142,0.10971650166819141,7.999999999999997e-05,0.07999999999999996,50
top_n_50,2023-12-31,0.08033641764383571,0.08061641764383572,0.00028000000000000003,0.28,50
top_n_50,2024-01-31,0.02731872535000076,0.02741872535000076,9.999999999999998e-05,0.09999999999999998,49
top_n_50,2024-02-29,0.10753846485210608,0.10761846485210608,7.999999999999997e-05,0.07999999999999996,50
top_n_50,2024-03-31,0.0666039384069746,0.06686393840697459,0.00026000000000000003,0.26,50
top_n_50,2024-04-30,-0.044859466386540515,-0.04477946638654052,7.999999999999997e-05,0.07999999999999996,50
top_n_50,2024-05-31,0.08606113529319276,0.08614113529319276,7.999999999999997e-05,0.07999999999999996,50
top_n_50,2024-06-30,0.0074135119356729855,0.007693511935672985,0.00028000000000000003,0.28,50
top_n_50,2024-07-31,0.033440603422185536,0.03354060342218554,9.999999999999998e-05,0.09999999999999998,50
top_n_50,2024-08-31,-0.015262055868699833,-0.015162055868699833,9.999999999999998e-05,0.09999999999999998,49
top_n_50,2024-09-30,0.06216982565385486,0.06244982565385486,0.00028000000000000003,0.28,50
top_n_50,2024-10-31,0.027417272811853296,0.027597272811853295,0.00018000000000000007,0.18000000000000005,50
top_n_50,2024-11-30,0.09582832786622736,0.09594832786622735,0.00012,0.12,48
top_n_50,2024-12-31,-0.05651890877182835,-0.05619890877182835,0.0003199999999999999,0.31999999999999995,48
top_n_50,2025-01-31,0.03779195816060486,0.03797195816060486,0.00018000000000000007,0.18000000000000005,50
top_n_50,2025-02-28,-0.03707804330633264,-0.03699804330633264,7.999999999999997e-05,0.07999999999999996,49
top_n_50,2025-03-31,-0.011658836723181493,-0.011538836723181492,0.00012,0.12,49
top_n_50,2025-04-30,-0.005710350276334906,-0.005350350276334906,0.00035999999999999997,0.36,49
top_n_50,2025-05-31,0.08691543916409354,0.08707543916409353,0.00016000000000000004,0.16000000000000003,50
top_n_50,2025-06-30,0.016758665800352956,0.016998665800352957,0.00024,0.24,50
top_n_50,2025-07-31,0.023083065398999122,0.023243065398999122,0.00016000000000000004,0.16000000000000003,50
top_n_50,2025-08-31,0.07898080783661893,0.07908080783661893,9.999999999999998e-05,0.09999999999999998,50
top_n_50,2025-09-30,0.03240598330935594,0.032665983309355946,0.00026000000000000003,0.26,50
top_n_50,2025-10-31,-0.015318007909113843,-0.015178007909113844,0.00014000000000000001,0.14,50
top_n_50,2025-11-30,0.03161997585505829,0.031699975855058286,7.999999999999997e-05,0.07999999999999996,50
top_n_50,2025-12-31,-0.004796415400978127,-0.004476415400978127,0.0003199999999999999,0.31999999999999995,50
top_n_50,2026-01-31,0.047985354697469076,0.04814535469746908,0.00016000000000000004,0.16000000000000003,50
top_n_50,2026-02-28,0.06643336587533956,0.06657336587533956,0.00014000000000000001,0.14,49
top_n_50,2026-03-31,-0.04239673233630077,-0.042316732336300775,7.999999999999997e-05,0.07999999999999996,50
top_n_50,2026-04-30,0.10846899327855239,0.10878899327855239,0.0003199999999999999,0.31999999999999995,50
top_n_50,2026-05-31,0.015811808543379418,0.015891808543379418,7.999999999999997e-05,0.07999999999999996,50
top_n_25,2005-04-30,-0.09749749821300924,-0.09649749821300924,0.001,1.0,1
top_n_25,2005-05-31,-0.007120253164557,-0.007120253164557,0.0,0.0,1
top_n_25,2005-06-30,0.08764940239043817,0.08764940239043817,0.0,0.0,1
top_n_25,2005-07-31,0.01732123896661336,0.017821238966613362,0.0005,0.5,2
top_n_25,2005-08-31,0.06253945279013218,0.06253945279013218,0.0,0.0,2
top_n_25,2005-09-30,0.18483500179402035,0.18483500179402035,0.0,0.0,2
top_n_25,2005-10-31,-0.09155438778629144,-0.09155438778629144,0.0,0.0,2
top_n_25,2005-11-30,0.08432330551895773,0.08432330551895773,0.0,0.0,2
top_n_25,2005-12-31,0.10906014556863985,0.10906014556863985,0.0,0.0,2
top_n_25,2006-01-31,0.258961894762783,0.258961894762783,0.0,0.0,2
top_n_25,2006-02-28,-0.06973178327358481,-0.06973178327358481,0.0,0.0,2
top_n_25,2006-03-31,0.051792161329919706,0.051792161329919706,0.0,0.0,2
top_n_25,2006-04-30,0.018393384962941607,0.019193384962941606,0.0008,0.8,10
top_n_25,2006-05-31,-0.07306389439675874,-0.07283312516598951,0.00023076923076923076,0.23076923076923073,13
top_n_25,2006-06-30,-0.004502593951038813,-0.004121641570086432,0.00038095238095238096,0.38095238095238093,20
top_n_25,2006-07-31,-0.0382188557332932,-0.0376588557332932,0.0005600000000000001,0.56,25
top_n_25,2006-08-31,0.04439832583080803,0.04459832583080803,0.00019999999999999996,0.19999999999999996,24
top_n_25,2006-09-30,0.04144342244236124,0.04164342244236124,0.00019999999999999996,0.19999999999999996,24
top_n_25,2006-10-31,0.057145662573602395,0.0575856625736024,0.00043999999999999996,0.43999999999999995,25
top_n_25,2006-11-30,0.02994389006925154,0.030143890069251538,0.00019999999999999996,0.19999999999999996,25
top_n_25,2006-12-31,-0.007328336483049834,-0.007168336483049834,0.00016000000000000004,0.16000000000000003,24
top_n_25,2007-01-31,0.04390450230240181,0.04466450230240181,0.00076,0.76,25
top_n_25,2007-02-28,-0.008857720583321859,-0.008817720583321859,4.000000000000004e-05,0.040000000000000036,25
top_n_25,2007-03-31,0.032718046442573506,0.032758046442573505,4.000000000000004e-05,0.040000000000000036,25
top_n_25,2007-04-30,0.039557289579698146,0.03967728957969815,0.00012,0.12,25
top_n_25,2007-05-31,0.08554161384848018,0.08562161384848017,7.999999999999997e-05,0.07999999999999996,25
top_n_25,2007-06-30,-0.00864688045816537,-0.008366880458165369,0.00028000000000000003,0.28,25
top_n_25,2007-07-31,-0.022459215719081434,-0.022419215719081436,4.000000000000004e-05,0.040000000000000036,24
top_n_25,2007-08-31,0.0053324192265517415,0.005412419226551742,7.999999999999997e-05,0.07999999999999996,24
top_n_25,2007-09-30,0.048538000621502896,0.048738000621502894,0.00019999999999999996,0.19999999999999996,25
top_n_25,2007-10-31,0.036659953256726704,0.036819953256726705,0.00016000000000000004,0.16000000000000003,25
top_n_25,2007-11-30,-0.06738324159887639,-0.0672632415988764,0.00012,0.12,24
top_n_25,2007-12-31,-0.001547669549845904,-0.001267669549845904,0.00028000000000000003,0.28,24
top_n_25,2008-01-31,-0.041498623380604074,-0.04137862338060407,0.00012,0.12,23
top_n_25,2008-02-29,0.07040144683207383,0.07056144683207383,0.00016000000000000004,0.16000000000000003,25
top_n_25,2008-03-31,-0.02454424522323374,-0.02422424522323374,0.0003199999999999999,0.31999999999999995,24
top_n_25,2008-04-30,0.06719686245407275,0.06731686245407274,0.00012,0.12,23
top_n_25,2008-05-31,0.02567525542248377,0.02583525542248377,0.00016000000000000004,0.16000000000000003,25
top_n_25,2008-06-30,-0.051342252205469556,-0.05114225220546956,0.00019999999999999996,0.19999999999999996,22
top_n_25,2008-07-31,-0.046541684958010573,-0.04638168495801057,0.00016000000000000004,0.16000000000000003,24
top_n_25,2008-08-31,0.0007942813935867222,0.0009542813935867222,0.00016000000000000004,0.16000000000000003,25
top_n_25,2008-09-30,-0.13772613237365303,-0.13740613237365304,0.0003199999999999999,0.31999999999999995,22
top_n_25,2008-10-31,-0.23060155941286725,-0.23036155941286726,0.00024,0.24,21
top_n_25,2008-11-30,-0.07833472678775578,-0.07793472678775579,0.0004,0.4,23
top_n_25,2008-12-31,0.049881836025736315,0.050201836025736316,0.0003199999999999999,0.31999999999999995,25
top_n_25,2009-01-31,-0.06527216159314123,-0.06511216159314123,0.00016000000000000004,0.16000000000000003,24
top_n_25,2009-02-28,-0.08121557765680859,-0.08101557765680859,0.00019999999999999996,0.19999999999999996,24
top_n_25,2009-03-31,0.11399295686010448,0.11423295686010448,0.00024,0.24,23
top_n_25,2009-04-30,0.08207140265188385,0.08259140265188386,0.0005200000000000001,0.52,25
top_n_25,2009-05-31,0.049720930248718355,0.05000093024871836,0.00028000000000000003,0.28,25
top_n_25,2009-06-30,0.03889588902012427,0.039375889020124274,0.00048,0.48,22
top_n_25,2009-07-31,0.06941056467461025,0.06969056467461025,0.00028000000000000003,0.28,24
top_n_25,2009-08-31,0.03621306721236741,0.03645306721236741,0.00024,0.24,25
top_n_25,2009-09-30,0.03589030276184056,0.03625030276184056,0.00035999999999999997,0.36,25
top_n_25,2009-10-31,-0.04641719139297269,-0.04609719139297269,0.0003199999999999999,0.31999999999999995,24
top_n_25,2009-11-30,0.06011508194925727,0.06027508194925727,0.00016000000000000004,0.16000000000000003,25
top_n_25,2009-12-31,0.024339262091228605,0.024619262091228604,0.00028000000000000003,0.28,25
top_n_25,2010-01-31,-0.03879620590288843,-0.03863620590288843,0.00016000000000000004,0.16000000000000003,24
top_n_25,2010-02-28,0.014093259875704556,0.014253259875704557,0.00016000000000000004,0.16000000000000003,25
top_n_25,2010-03-31,0.08378794994608897,0.08390794994608897,0.00012,0.12,25
top_n_25,2010-04-30,0.04194096521773575,0.04234096521773575,0.0004,0.4,25
top_n_25,2010-05-31,-0.08151474271296438,-0.08139474271296439,0.00012,0.12,25
top_n_25,2010-06-30,-0.07517606759524546,-0.07501606759524547,0.00016000000000000004,0.16000000000000003,25
top_n_25,2010-07-31,0.06037479821117056,0.06045479821117056,7.999999999999997e-05,0.07999999999999996,25
top_n_25,2010-08-31,-0.08038486508072715,-0.08034486508072715,4.000000000000004e-05,0.040000000000000036,23
top_n_25,2010-09-30,0.13537846595644173,0.13557846595644174,0.00019999999999999996,0.19999999999999996,25
top_n_25,2010-10-31,0.06482276576788489,0.06490276576788488,7.999999999999997e-05,0.07999999999999996,24
top_n_25,2010-11-30,0.008996872131649193,0.009316872131649192,0.0003199999999999999,0.31999999999999995,25
top_n_25,2010-12-31,0.06003504372281103,0.06027504372281103,0.00024,0.24,25
top_n_25,2011-01-31,0.026197099356851113,0.026357099356851113,0.00016000000000000004,0.16000000000000003,25
top_n_25,2011-02-28,0.049517709799777355,0.04963770979977736,0.00012,0.12,25
top_n_25,2011-03-31,0.06414141039705455,0.06426141039705455,0.00012,0.12,25
top_n_25,2011-04-30,0.01457972743977953,0.015019727439779529,0.00043999999999999996,0.43999999999999995,25
top_n_25,2011-05-31,-0.018331736085225276,-0.018211736085225277,0.00012,0.12,25
top_n_25,2011-06-30,-0.01651508377028228,-0.01623508377028228,0.00028000000000000003,0.28,25
top_n_25,2011-07-31,0.007180961542529445,0.007380961542529444,0.00019999999999999996,0.19999999999999996,23
top_n_25,2011-08-31,-0.03720182104461563,-0.037041821044615626,0.00016000000000000004,0.16000000000000003,23
top_n_25,2011-09-30,-0.1432708359627438,-0.1429508359627438,0.0003199999999999999,0.31999999999999995,23
top_n_25,2011-10-31,0.17695535983692426,0.17707535983692427,0.00012,0.12,25
top_n_25,2011-11-30,-0.011629034720391847,-0.011429034720391846,0.00019999999999999996,0.19999999999999996,22
top_n_25,2011-12-31,0.0015897493065849802,0.0019497493065849802,0.00035999999999999997,0.36,25
top_n_25,2012-01-31,0.10657858517724857,0.10665858517724856,7.999999999999997e-05,0.07999999999999996,25
top_n_25,2012-02-29,0.056569359185193874,0.056729359185193874,0.00016000000000000004,0.16000000000000003,25
top_n_25,2012-03-31,0.027393862265072864,0.027633862265072865,0.00024,0.24,24
top_n_25,2012-04-30,0.0231303870800486,0.023330387080048597,0.00019999999999999996,0.19999999999999996,24
top_n_25,2012-05-31,-0.08987407043820678,-0.08975407043820678,0.00012,0.12,24
top_n_25,2012-06-30,0.02933475941438639,0.02961475941438639,0.00028000000000000003,0.28,25
top_n_25,2012-07-31,0.02434598180862701,0.024465981808627007,0.00012,0.12,24
top_n_25,2012-08-31,0.02267889410373712,0.022918894103737122,0.00024,0.24,24
top_n_25,2012-09-30,0.010944841010459515,0.011224841010459516,0.00028000000000000003,0.28,25
top_n_25,2012-10-31,-0.015954310788049982,-0.015794310788049982,0.00016000000000000004,0.16000000000000003,23
top_n_25,2012-11-30,0.018317651713051053,0.018597651713051052,0.00028000000000000003,0.28,25
top_n_25,2012-12-31,0.032066136599114246,0.032306136599114244,0.00024,0.24,24
top_n_25,2013-01-31,0.08143480466976516,0.08163480466976517,0.00019999999999999996,0.19999999999999996,25
top_n_25,2013-02-28,0.010595519869013685,0.010835519869013686,0.00024,0.24,25
top_n_25,2013-03-31,0.05949913922725977,0.05965913922725977,0.00016000000000000004,0.16000000000000003,24
top_n_25,2013-04-30,0.00023282547966584262,0.0007528254796658427,0.0005200000000000001,0.52,24
top_n_25,2013-05-31,0.032087470958891265,0.032287470958891264,0.00019999999999999996,0.19999999999999996,23
top_n_25,2013-06-30,-0.01100599610309985,-0.010685996103099851,0.0003199999999999999,0.31999999999999995,24
top_n_25,2013-07-31,0.0347358587124627,0.0349358587124627,0.00019999999999999996,0.19999999999999996,25
top_n_25,2013-08-31,-0.03503508055486611,-0.03495508055486611,7.999999999999997e-05,0.07999999999999996,23
top_n_25,2013-09-30,0.04976935852794386,0.050049358527943864,0.00028000000000000003,0.28,24
top_n_25,2013-10-31,0.03626494737209676,0.03646494737209676,0.00019999999999999996,0.19999999999999996,25
top_n_25,2013-11-30,0.04484696777030883,0.044966967770308834,0.00012,0.12,25
top_n_25,2013-12-31,0.050416744824758664,0.050696744824758666,0.00028000000000000003,0.28,25
top_n_25,2014-01-31,-0.013452149010267922,-0.013252149010267921,0.00019999999999999996,0.19999999999999996,24
top_n_25,2014-02-28,0.0764801245559362,0.07660012455593619,0.00012,0.12,24
top_n_25,2014-03-31,0.0057950285122482376,0.005995028512248237,0.00019999999999999996,0.19999999999999996,25
top_n_25,2014-04-30,-0.018115159753247154,-0.017835159753247155,0.00028000000000000003,0.28,25
top_n_25,2014-05-31,0.01923692540062021,0.019276925400620207,4.000000000000004e-05,0.040000000000000036,25
top_n_25,2014-06-30,0.026429170528653026,0.026789170528653025,0.00035999999999999997,0.36,24
top_n_25,2014-07-31,-0.013110323070059696,-0.012910323070059695,0.00019999999999999996,0.19999999999999996,25
top_n_25,2014-08-31,0.07100144265698849,0.07104144265698849,4.000000000000004e-05,0.040000000000000036,24
top_n_25,2014-09-30,-0.009382832435250819,-0.009102832435250818,0.00028000000000000003,0.28,24
top_n_25,2014-10-31,0.048994953200611806,0.049194953200611805,0.00019999999999999996,0.19999999999999996,25
top_n_25,2014-11-30,0.02656004106732759,0.02668004106732759,0.00012,0.12,25
top_n_25,2014-12-31,-0.002007794183327196,-0.001727794183327196,0.00028000000000000003,0.28,24
top_n_25,2015-01-31,0.01031668544349892,0.010396685443498921,7.999999999999997e-05,0.07999999999999996,25
top_n_25,2015-02-28,0.06400406558078826,0.06412406558078826,0.00012,0.12,25
top_n_25,2015-03-31,-0.004461269741236102,-0.004381269741236102,7.999999999999997e-05,0.07999999999999996,25
top_n_25,2015-04-30,-0.0032450258104391103,-0.0029250258104391103,0.0003199999999999999,0.31999999999999995,25
top_n_25,2015-05-31,0.03178455367008979,0.03190455367008979,0.00012,0.12,25
top_n_25,2015-06-30,-0.008335680434318067,-0.008055680434318067,0.00028000000000000003,0.28,25
top_n_25,2015-07-31,-0.008379125330340385,-0.008179125330340384,0.00019999999999999996,0.19999999999999996,25
top_n_25,2015-08-31,-0.04100100102268096,-0.040841001022680956,0.00016000000000000004,0.16000000000000003,24
top_n_25,2015-09-30,-0.019938129804327385,-0.019618129804327384,0.0003199999999999999,0.31999999999999995,24
top_n_25,2015-10-31,0.07876760373240138,0.07888760373240138,0.00012,0.12,24
top_n_25,2015-11-30,-0.007741355004350807,-0.007621355004350807,0.00012,0.12,25
top_n_25,2015-12-31,-0.01001332578197195,-0.00981332578197195,0.00019999999999999996,0.19999999999999996,25
top_n_25,2016-01-31,-0.038027584075297466,-0.037867584075297465,0.00016000000000000004,0.16000000000000003,24
top_n_25,2016-02-29,0.034960593244668374,0.035080593244668376,0.00012,0.12,25
top_n_25,2016-03-31,0.06064836359573682,0.061048363595736815,0.0004,0.4,25
top_n_25,2016-04-30,-0.003954448335051524,-0.0038344483350515237,0.00012,0.12,25
top_n_25,2016-05-31,0.016002531311552312,0.01612253131155231,0.00012,0.12,25
top_n_25,2016-06-30,0.005371562431069656,0.005611562431069656,0.00024,0.24,25
top_n_25,2016-07-31,0.051037620098434766,0.051197620098434767,0.00016000000000000004,0.16000000000000003,25
top_n_25,2016-08-31,-0.013702976396576295,-0.013382976396576296,0.0003199999999999999,0.31999999999999995,23
top_n_25,2016-09-30,0.006540443414004093,0.006860443414004093,0.0003199999999999999,0.31999999999999995,24
top_n_25,2016-10-31,-0.036003870443331296,-0.035883870443331294,0.00012,0.12,25
top_n_25,2016-11-30,0.06554030592153554,0.06562030592153553,7.999999999999997e-05,0.07999999999999996,25
top_n_25,2016-12-31,0.0028453807326583648,0.003085380732658365,0.00024,0.24,25
top_n_25,2017-01-31,0.06166452589731373,0.06178452589731373,0.00012,0.12,25
top_n_25,2017-02-28,0.04800675559151582,0.04812675559151582,0.00012,0.12,25
top_n_25,2017-03-31,-0.0006951845189981664,-0.0006551845189981664,4.000000000000004e-05,0.040000000000000036,25
top_n_25,2017-04-30,-0.00022909994086669957,9.090005913330035e-05,0.0003199999999999999,0.31999999999999995,24
top_n_25,2017-05-31,-0.0039608393461709615,-0.0038808393461709613,7.999999999999997e-05,0.07999999999999996,25
top_n_25,2017-06-30,0.007299563493658355,0.007659563493658355,0.00035999999999999997,0.36,25
top_n_25,2017-07-31,0.04079857133065933,0.04087857133065933,7.999999999999997e-05,0.07999999999999996,25
top_n_25,2017-08-31,0.007243904749206149,0.007283904749206149,4.000000000000004e-05,0.040000000000000036,25
top_n_25,2017-09-30,0.020448913622542045,0.020688913622542045,0.00024,0.24,25
top_n_25,2017-10-31,0.021132534774147848,0.02129253477414785,0.00016000000000000004,0.16000000000000003,24
top_n_25,2017-11-30,0.04399664896547914,0.04415664896547914,0.00016000000000000004,0.16000000000000003,24
top_n_25,2017-12-31,0.007338880876385829,0.007698880876385829,0.00035999999999999997,0.36,25
top_n_25,2018-01-31,0.060758654189488184,0.060918654189488185,0.00016000000000000004,0.16000000000000003,24
top_n_25,2018-02-28,-0.05037705008834827,-0.05025705008834827,0.00012,0.12,25
top_n_25,2018-03-31,-0.003567708518884291,-0.0034877085188842914,7.999999999999997e-05,0.07999999999999996,25
top_n_25,2018-04-30,-0.000911442832263489,-0.000591442832263489,0.0003199999999999999,0.31999999999999995,25
top_n_25,2018-05-31,0.03473854561847559,0.03481854561847559,7.999999999999997e-05,0.07999999999999996,25
top_n_25,2018-06-30,0.010674528161249728,0.010874528161249728,0.00019999999999999996,0.19999999999999996,25
top_n_25,2018-07-31,0.032502222863196414,0.032662222863196415,0.00016000000000000004,0.16000000000000003,25
top_n_25,2018-08-31,0.04092102738332505,0.04104102738332505,0.00012,0.12,25
top_n_25,2018-09-30,0.03350305364773403,0.03362305364773403,0.00012,0.12,25
top_n_25,2018-10-31,-0.11667610920298667,-0.11655610920298667,0.00012,0.12,25
top_n_25,2018-11-30,0.020005443259177216,0.020045443259177214,4.000000000000004e-05,0.040000000000000036,24
top_n_25,2018-12-31,-0.06821382193661302,-0.06785382193661302,0.00035999999999999997,0.36,25
top_n_25,2019-01-31,0.11897107002994928,0.11913107002994927,0.00016000000000000004,0.16000000000000003,25
top_n_25,2019-02-28,0.052830410376359896,0.052990410376359896,0.00016000000000000004,0.16000000000000003,24
top_n_25,2019-03-31,0.007491530377240098,0.007531530377240098,4.000000000000004e-05,0.040000000000000036,25
top_n_25,2019-04-30,0.026260333012855266,0.026540333012855265,0.00028000000000000003,0.28,25
top_n_25,2019-05-31,-0.043721629671974994,-0.043561629671974994,0.00016000000000000004,0.16000000000000003,24
top_n_25,2019-06-30,0.08598273610154883,0.08638273610154883,0.0004,0.4,25
top_n_25,2019-07-31,0.042567192441985896,0.042767192441985895,0.00019999999999999996,0.19999999999999996,24
top_n_25,2019-08-31,-0.005552099099735943,-0.005392099099735943,0.00016000000000000004,0.16000000000000003,25
top_n_25,2019-09-30,-0.016434944274618956,-0.016194944274618955,0.00024,0.24,24
top_n_25,2019-10-31,0.061518050604979564,0.06159805060497956,7.999999999999997e-05,0.07999999999999996,25
top_n_25,2019-11-30,0.09474632220642967,0.09482632220642967,7.999999999999997e-05,0.07999999999999996,24
top_n_25,2019-12-31,0.037263547021036514,0.037583547021036515,0.0003199999999999999,0.31999999999999995,25
top_n_25,2020-01-31,-0.00021710940137544368,-9.710940137544366e-05,0.00012,0.12,25
top_n_25,2020-02-29,-0.044109704717234195,-0.0440297047172342,7.999999999999997e-05,0.07999999999999996,23
top_n_25,2020-03-31,-0.15587465989038524,-0.15555465989038525,0.0003199999999999999,0.31999999999999995,23
top_n_25,2020-04-30,0.19446160773053708,0.19462160773053708,0.00016000000000000004,0.16000000000000003,25
top_n_25,2020-05-31,0.0815181286510618,0.08167812865106179,0.00016000000000000004,0.16000000000000003,24
top_n_25,2020-06-30,0.027475368015910544,0.027755368015910543,0.00028000000000000003,0.28,25
top_n_25,2020-07-31,0.07301450820468251,0.07313450820468251,0.00012,0.12,25
top_n_25,2020-08-31,0.059639876093631944,0.05971987609363194,7.999999999999997e-05,0.07999999999999996,25
top_n_25,2020-09-30,-0.028064993679831524,-0.027664993679831523,0.0004,0.4,25
top_n_25,2020-10-31,0.003918942061467195,0.004118942061467195,0.00019999999999999996,0.19999999999999996,25
top_n_25,2020-11-30,0.16206476341805587,0.16214476341805587,7.999999999999997e-05,0.07999999999999996,25
top_n_25,2020-12-31,0.062415261904580105,0.06269526190458011,0.00028000000000000003,0.28,25
top_n_25,2021-01-31,0.023723758176218593,0.023883758176218593,0.00016000000000000004,0.16000000000000003,25
top_n_25,2021-02-28,0.02921390766774501,0.02929390766774501,7.999999999999997e-05,0.07999999999999996,25
top_n_25,2021-03-31,0.0663697006507523,0.06656970065075231,0.00019999999999999996,0.19999999999999996,25
top_n_25,2021-04-30,0.07439728892814856,0.07479728892814856,0.0004,0.4,24
top_n_25,2021-05-31,0.06288663774123436,0.06320663774123436,0.0003199999999999999,0.31999999999999995,25
top_n_25,2021-06-30,0.04431769389681458,0.04463769389681458,0.0003199999999999999,0.31999999999999995,25
top_n_25,2021-07-31,0.0211946601587768,0.0212746601587768,7.999999999999997e-05,0.07999999999999996,25
top_n_25,2021-08-31,0.015237776383886957,0.015317776383886957,7.999999999999997e-05,0.07999999999999996,25
top_n_25,2021-09-30,-0.026244817737149668,-0.02604481773714967,0.00019999999999999996,0.19999999999999996,25
top_n_25,2021-10-31,0.04378370312727805,0.04394370312727805,0.00016000000000000004,0.16000000000000003,25
top_n_25,2021-11-30,0.016799525106943842,0.016799525106943842,0.0,0.0,24
top_n_25,2021-12-31,0.06137890579400315,0.06161890579400315,0.00024,0.24,25
top_n_25,2022-01-31,-0.07212376933806076,-0.07188376933806076,0.00024,0.24,25
top_n_25,2022-02-28,0.015478210461914697,0.015518210461914697,4.000000000000004e-05,0.040000000000000036,25
top_n_25,2022-03-31,0.040460459820295155,0.040620459820295156,0.00016000000000000004,0.16000000000000003,24
top_n_25,2022-04-30,-0.06980620048363895,-0.06948620048363895,0.0003199999999999999,0.31999999999999995,25
top_n_25,2022-05-31,0.050425898050485474,0.05062589805048547,0.00019999999999999996,0.19999999999999996,25
top_n_25,2022-06-30,-0.1428613474131305,-0.1425813474131305,0.00028000000000000003,0.28,24
top_n_25,2022-07-31,0.1553649607106559,0.15568496071065588,0.0003199999999999999,0.31999999999999995,25
top_n_25,2022-08-31,0.0012323502239664432,0.0013923502239664431,0.00016000000000000004,0.16000000000000003,25
top_n_25,2022-09-30,-0.07305878890446035,-0.07277878890446035,0.00028000000000000003,0.28,25
top_n_25,2022-10-31,0.12817153547007865,0.12825153547007864,7.999999999999997e-05,0.07999999999999996,25
top_n_25,2022-11-30,0.0910015861057186,0.09108158610571859,7.999999999999997e-05,0.07999999999999996,25
top_n_25,2022-12-31,-0.036814703029484065,-0.036614703029484066,0.00019999999999999996,0.19999999999999996,25
top_n_25,2023-01-31,0.06904289011125589,0.06912289011125589,7.999999999999997e-05,0.07999999999999996,25
top_n_25,2023-02-28,0.005360190879848489,0.005400190879848489,4.000000000000004e-05,0.040000000000000036,24
top_n_25,2023-03-31,-0.006278637629624884,-0.006198637629624883,7.999999999999997e-05,0.07999999999999996,25
top_n_25,2023-04-30,0.009591865117302789,0.00983186511730279,0.00024,0.24,25
top_n_25,2023-05-31,-0.006941426578330403,-0.006821426578330403,0.00012,0.12,24
top_n_25,2023-06-30,0.10294075611434476,0.10326075611434476,0.0003199999999999999,0.31999999999999995,25
top_n_25,2023-07-31,0.07527908041683376,0.07535908041683376,7.999999999999997e-05,0.07999999999999996,25
top_n_25,2023-08-31,-0.024776527779089272,-0.024656527779089273,0.00012,0.12,24
top_n_25,2023-09-30,-0.0416460974042537,-0.0414060974042537,0.00024,0.24,25
top_n_25,2023-10-31,-0.03308286268336049,-0.03292286268336049,0.00016000000000000004,0.16000000000000003,25
top_n_25,2023-11-30,0.08744024137604357,0.08752024137604357,7.999999999999997e-05,0.07999999999999996,25
top_n_25,2023-12-31,0.07016698610992592,0.07044698610992592,0.00028000000000000003,0.28,25
top_n_25,2024-01-31,0.06013261445522068,0.06029261445522068,0.00016000000000000004,0.16000000000000003,24
top_n_25,2024-02-29,0.10850830997863709,0.10866830997863708,0.00016000000000000004,0.16000000000000003,25
top_n_25,2024-03-31,0.05546250903609723,0.05582250903609723,0.00035999999999999997,0.36,25
top_n_25,2024-04-30,-0.03223537139963943,-0.032155371399639435,7.999999999999997e-05,0.07999999999999996,25
top_n_25,2024-05-31,0.09279943463942301,0.09287943463942301,7.999999999999997e-05,0.07999999999999996,25
top_n_25,2024-06-30,0.020732929040051196,0.020972929040051196,0.00024,0.24,25
top_n_25,2024-07-31,0.0010830220302363316,0.0012430220302363315,0.00016000000000000004,0.16000000000000003,25
top_n_25,2024-08-31,0.002014228495147621,0.002094228495147621,7.999999999999997e-05,0.07999999999999996,24
top_n_25,2024-09-30,0.06639738239595323,0.06671738239595323,0.0003199999999999999,0.31999999999999995,25
top_n_25,2024-10-31,0.029349621819312825,0.029549621819312824,0.00019999999999999996,0.19999999999999996,25
top_n_25,2024-11-30,0.11503597933481467,0.11511597933481467,7.999999999999997e-05,0.07999999999999996,23
top_n_25,2024-12-31,-0.04643763715396681,-0.04603763715396681,0.0004,0.4,25
top_n_25,2025-01-31,0.028455699292138814,0.028655699292138813,0.00019999999999999996,0.19999999999999996,25
top_n_25,2025-02-28,-0.03944745693884707,-0.03940745693884707,4.000000000000004e-05,0.040000000000000036,24
top_n_25,2025-03-31,-0.031723084081097044,-0.03160308408109704,0.00012,0.12,25
top_n_25,2025-04-30,0.06279471546391069,0.06311471546391069,0.0003199999999999999,0.31999999999999995,25
top_n_25,2025-05-31,0.15220851120371442,0.15236851120371442,0.00016000000000000004,0.16000000000000003,25
top_n_25,2025-06-30,0.01752263151930309,0.01780263151930309,0.00028000000000000003,0.28,25
top_n_25,2025-07-31,0.0237715641620555,0.0240115641620555,0.00024,0.24,25
top_n_25,2025-08-31,0.09164690543798858,0.09172690543798857,7.999999999999997e-05,0.07999999999999996,25
top_n_25,2025-09-30,0.05679788770961422,0.05699788770961422,0.00019999999999999996,0.19999999999999996,25
top_n_25,2025-10-31,-0.05403150795223034,-0.05391150795223034,0.00012,0.12,25
top_n_25,2025-11-30,0.03460788620361938,0.03468788620361938,7.999999999999997e-05,0.07999999999999996,25
top_n_25,2025-12-31,-0.007138382904763687,-0.006858382904763687,0.00028000000000000003,0.28,25
top_n_25,2026-01-31,0.017648219195530713,0.017888219195530713,0.00024,0.24,25
top_n_25,2026-02-28,0.08080296409144337,0.08092296409144337,0.00012,0.12,24
top_n_25,2026-03-31,-0.044040617617635294,-0.043840617617635295,0.00019999999999999996,0.19999999999999996,25
top_n_25,2026-04-30,0.07823937572255285,0.07875937572255286,0.0005200000000000001,0.52,25
top_n_25,2026-05-31,0.005792806026130752,0.005952806026130753,0.00016000000000000004,0.16000000000000003,25
xgb_top_pct_20,2005-04-30,-0.09749749821300924,-0.09649749821300924,0.001,1.0,1
xgb_top_pct_20,2005-05-31,-0.007120253164557,-0.007120253164557,0.0,0.0,1
xgb_top_pct_20,2005-06-30,0.08764940239043817,0.08764940239043817,0.0,0.0,1
xgb_top_pct_20,2005-07-31,0.0849816849816849,0.0849816849816849,0.0,0.0,1
xgb_top_pct_20,2005-08-31,0.05705604321404456,0.05705604321404456,0.0,0.0,1
xgb_top_pct_20,2005-09-30,0.10178169643271806,0.10178169643271806,0.0,0.0,1
xgb_top_pct_20,2005-10-31,-0.09157401989467517,-0.09157401989467517,0.0,0.0,1
xgb_top_pct_20,2005-11-30,0.03607085346215788,0.03607085346215788,0.0,0.0,1
xgb_top_pct_20,2005-12-31,0.03885607709045691,0.03885607709045691,0.0,0.0,1
xgb_top_pct_20,2006-01-31,0.18043087971274696,0.18043087971274696,0.0,0.0,1
xgb_top_pct_20,2006-02-28,-0.08517110266159689,-0.08517110266159689,0.0,0.0,1
xgb_top_pct_20,2006-03-31,0.11483038653748223,0.11483038653748223,0.0,0.0,1
xgb_top_pct_20,2006-04-30,0.03751319372281381,0.03801319372281381,0.0005,0.5,2
xgb_top_pct_20,2006-05-31,-0.03379675183224843,-0.03279675183224843,0.001,1.0,3
xgb_top_pct_20,2006-06-30,0.0018444547166663664,0.0024444547166663664,0.0006000000000000001,0.6,5
xgb_top_pct_20,2006-07-31,-0.026870432922153697,-0.02609265514437592,0.0007777777777777778,0.7777777777777778,8
xgb_top_pct_20,2006-08-31,0.021841168299783928,0.02224116829978393,0.0004,0.4,9
xgb_top_pct_20,2006-09-30,0.021461446394972317,0.021825082758608682,0.00036363636363636367,0.36363636363636365,10
xgb_top_pct_20,2006-10-31,0.06640438728220381,0.0672443872822038,0.00084,0.84,25
xgb_top_pct_20,2006-11-30,0.042666261541068874,0.042978761541068874,0.0003125,0.3125,30
xgb_top_pct_20,2006-12-31,-0.007246470129834707,-0.006922940718070001,0.00032352941176470585,0.32352941176470584,33
xgb_top_pct_20,2007-01-31,0.02662755282473676,0.027418250499155365,0.0007906976744186047,0.7906976744186046,86
xgb_top_pct_20,2007-02-28,0.00897815682162162,0.009114520457985257,0.00013636363636363637,0.13636363636363635,83
xgb_top_pct_20,2007-03-31,0.017955442353722102,0.018077664575944324,0.00012222222222222224,0.12222222222222223,90
xgb_top_pct_20,2007-04-30,0.031226302534278428,0.03143282427340886,0.00020652173913043482,0.2065217391304348,89
xgb_top_pct_20,2007-05-31,0.03187304186969127,0.03199260708708257,0.00011956521739130432,0.11956521739130432,92
xgb_top_pct_20,2007-06-30,-0.013984595376792593,-0.01374501204345926,0.0002395833333333334,0.23958333333333337,96
xgb_top_pct_20,2007-07-31,-0.038798657495428886,-0.038696616679102354,0.00010204081632653062,0.10204081632653061,95
xgb_top_pct_20,2007-08-31,0.001656502964078993,0.0017802143042851787,0.00012371134020618558,0.12371134020618557,95
xgb_top_pct_20,2007-09-30,0.02389283139306086,0.024198953842040453,0.0003061224489795919,0.30612244897959184,94
xgb_top_pct_20,2007-10-31,0.048459836724371805,0.04859667882963496,0.0001368421052631579,0.13684210526315788,94
xgb_top_pct_20,2007-11-30,-0.058707990115459595,-0.05859458805360392,0.00011340206185567015,0.11340206185567014,92
xgb_top_pct_20,2007-12-31,-0.0002347046996227984,3.3336537490603695e-05,0.0002680412371134021,0.2680412371134021,93
xgb_top_pct_20,2008-01-31,-0.03414887621275885,-0.03397179287942551,0.00017708333333333337,0.17708333333333337,94
xgb_top_pct_20,2008-02-29,-0.017844896953591188,-0.01762384432201224,0.0002210526315789474,0.2210526315789474,92
xgb_top_pct_20,2008-03-31,-0.010596058746685958,-0.010319463002005107,0.00027659574468085103,0.276595744680851,92
xgb_top_pct_20,2008-04-30,0.06772223355335248,0.067851265811417,0.00012903225806451613,0.12903225806451613,90
xgb_top_pct_20,2008-05-31,0.042720500967625766,0.043267869388678395,0.0005473684210526316,0.5473684210526315,92
xgb_top_pct_20,2008-06-30,-0.07344679287130462,-0.07313100339762041,0.00031578947368421053,0.3157894736842105,82
xgb_top_pct_20,2008-07-31,-0.01934674303910503,-0.019032136297531997,0.0003146067415730337,0.3146067415730337,85
xgb_top_pct_20,2008-08-31,0.029627029479053317,0.02993814059016443,0.0003111111111111111,0.3111111111111111,88
xgb_top_pct_20,2008-09-30,-0.1209604536358461,-0.12060880528419775,0.00035164835164835164,0.3516483516483516,81
xgb_top_pct_20,2008-10-31,-0.18002948624577905,-0.1797651184296871,0.00026436781609195405,0.26436781609195403,78
xgb_top_pct_20,2008-11-30,-0.07244123508856833,-0.07217200431933755,0.0002692307692307693,0.2692307692307693,68
xgb_top_pct_20,2008-12-31,0.07856114990851362,0.07889448324184696,0.00033333333333333343,0.33333333333333337,71
xgb_top_pct_20,2009-01-31,-0.07833185469647246,-0.07806869680173562,0.00026315789473684215,0.26315789473684215,72
xgb_top_pct_20,2009-02-28,-0.10291089424281599,-0.10274422757614933,0.00016666666666666663,0.16666666666666663,58
xgb_top_pct_20,2009-03-31,0.10574084077858374,0.10604853308627606,0.0003076923076923077,0.3076923076923077,63
xgb_top_pct_20,2009-04-30,0.21671668797114962,0.21718147670354399,0.00046478873239436623,0.46478873239436624,68
xgb_top_pct_20,2009-05-31,0.054877069712152886,0.055292654127737303,0.00041558441558441566,0.4155844155844156,77
xgb_top_pct_20,2009-06-30,-0.007479916093229298,-0.007197864811178016,0.00028205128205128203,0.28205128205128205,74
xgb_top_pct_20,2009-07-31,0.14877906428338392,0.1490482950526147,0.0002692307692307693,0.2692307692307693,78
xgb_top_pct_20,2009-08-31,0.06241526599354688,0.06271156228984318,0.0002962962962962963,0.2962962962962963,79
xgb_top_pct_20,2009-09-30,0.06852196913303575,0.0688634325476699,0.0003414634146341463,0.3414634146341463,81
xgb_top_pct_20,2009-10-31,-0.04370897570079645,-0.04342662275961998,0.00028235294117647056,0.2823529411764706,78
xgb_top_pct_20,2009-11-30,0.052318995540064896,0.052611678466894164,0.00029268292682926834,0.29268292682926833,79
xgb_top_pct_20,2009-12-31,0.053847257125718376,0.05429963807809933,0.00045238095238095237,0.45238095238095233,82
xgb_top_pct_20,2010-01-31,-0.028850241179620838,-0.028631850375023138,0.00021839080459770113,0.2183908045977011,84
xgb_top_pct_20,2010-02-28,0.05365561819197186,0.05379515307569279,0.00013953488372093028,0.13953488372093026,86
xgb_top_pct_20,2010-03-31,0.07972301569060104,0.08011627411756733,0.0003932584269662921,0.3932584269662921,88
xgb_top_pct_20,2010-04-30,0.04578479212306703,0.0461584184966934,0.00037362637362637366,0.37362637362637363,90
xgb_top_pct_20,2010-05-31,-0.08920750742440968,-0.08898410316909053,0.00022340425531914898,0.22340425531914898,90
xgb_top_pct_20,2010-06-30,-0.0843792869160303,-0.0840782116472131,0.00030107526881720427,0.30107526881720426,89
xgb_top_pct_20,2010-07-31,0.07587263013172064,0.07619485235394287,0.0003222222222222222,0.3222222222222222,87
xgb_top_pct_20,2010-08-31,-0.0462785848636372,-0.04605880464385698,0.0002197802197802198,0.21978021978021978,87
xgb_top_pct_20,2010-09-30,0.12137373846580042,0.12171464755670951,0.00034090909090909094,0.34090909090909094,87
xgb_top_pct_20,2010-10-31,0.04241422294618326,0.042809827341787655,0.0003956043956043956,0.39560439560439564,89
xgb_top_pct_20,2010-11-30,0.014237295056164405,0.014420090755089137,0.00018279569892473113,0.18279569892473113,92
xgb_top_pct_20,2010-12-31,0.0756443736712169,0.07597770700455024,0.00033333333333333343,0.33333333333333337,96
xgb_top_pct_20,2011-01-31,0.025749506901120125,0.025987130663496363,0.00023762376237623762,0.2376237623762376,101
xgb_top_pct_20,2011-02-28,0.03848553601998863,0.0386538528516718,0.00016831683168316836,0.16831683168316836,101
xgb_top_pct_20,2011-03-31,0.028958797040416505,0.02911917439890707,0.00016037735849056602,0.160377358490566,106
xgb_top_pct_20,2011-04-30,0.035245352317356975,0.03559114670988034,0.0003457943925233646,0.3457943925233645,103
xgb_top_pct_20,2011-05-31,-0.013444609760040065,-0.013136198545086793,0.0003084112149532711,0.30841121495327106,103
xgb_top_pct_20,2011-06-30,-0.03233385752588921,-0.03206282948850603,0.00027102803738317764,0.2710280373831776,106
xgb_top_pct_20,2011-07-31,-0.03652462183949949,-0.03625359380211631,0.00027102803738317764,0.2710280373831776,101
xgb_top_pct_20,2011-08-31,-0.06130353795217619,-0.06109599078236487,0.00020754716981132072,0.2075471698113207,101
xgb_top_pct_20,2011-09-30,-0.1020315818908022,-0.10174586760508791,0.0002857142857142857,0.2857142857142857,95
xgb_top_pct_20,2011-10-31,0.16217970115968539,0.16249970115968537,0.0003199999999999999,0.31999999999999995,99
xgb_top_pct_20,2011-11-30,0.011534073387091667,0.011779356405959592,0.0002452830188679245,0.24528301886792447,102
xgb_top_pct_20,2011-12-31,-0.006720881423663219,-0.00643241988520168,0.00028846153846153843,0.28846153846153844,104
xgb_top_pct_20,2012-01-31,0.10528904648453992,0.10547772572982293,0.00018867924528301883,0.18867924528301883,104
xgb_top_pct_20,2012-02-29,0.03934081967411145,0.03955182884842338,0.00021100917431192656,0.21100917431192656,107
xgb_top_pct_20,2012-03-31,0.003910823172367007,0.004176878218238566,0.0002660550458715596,0.2660550458715596,107
xgb_top_pct_20,2012-04-30,-0.0010224663459644139,-0.0007315572550553229,0.0002909090909090909,0.2909090909090909,100
xgb_top_pct_20,2012-05-31,-0.06787126922962705,-0.06762126922962705,0.00025,0.25,106
xgb_top_pct_20,2012-06-30,0.035301140253589394,0.035631415482947196,0.0003302752293577982,0.3302752293577982,107
xgb_top_pct_20,2012-07-31,-0.002615319817623028,-0.0023607743630775736,0.0002545454545454545,0.2545454545454545,106
xgb_top_pct_20,2012-08-31,0.045996686527803754,0.04618017276633586,0.00018348623853211012,0.1834862385321101,104
xgb_top_pct_20,2012-09-30,0.03258854333465438,0.03285706185317289,0.0002685185185185185,0.2685185185185185,108
xgb_top_pct_20,2012-10-31,0.001189461108709594,0.001427993218801337,0.00023853211009174313,0.23853211009174313,106
xgb_top_pct_20,2012-11-30,0.012676760602574565,0.012869421153033281,0.00019266055045871557,0.19266055045871555,108
xgb_top_pct_20,2012-12-31,0.030970080209040258,0.031217786631058606,0.00024770642201834864,0.24770642201834858,108
xgb_top_pct_20,2013-01-31,0.06413502866393839,0.06446538580679553,0.00033035714285714287,0.3303571428571429,111
xgb_top_pct_20,2013-02-28,-2.7495712197575918e-05,0.00014491808090587237,0.0001724137931034483,0.1724137931034483,114
xgb_top_pct_20,2013-03-31,0.05529969930891851,0.055504827514046715,0.0002051282051282052,0.20512820512820518,115
xgb_top_pct_20,2013-04-30,0.010178429207582648,0.010534361410972479,0.0003559322033898306,0.35593220338983056,115
xgb_top_pct_20,2013-05-31,0.041056731555584196,0.04121057770943035,0.00015384615384615385,0.15384615384615385,111
xgb_top_pct_20,2013-06-30,-0.01751840128864777,-0.01716840128864777,0.00035,0.35,113
xgb_top_pct_20,2013-07-31,0.05143519664701952,0.05174924623379638,0.00031404958677685947,0.31404958677685946,121
xgb_top_pct_20,2013-08-31,-0.018611907158484174,-0.01843304536986629,0.00017886178861788616,0.17886178861788615,120
xgb_top_pct_20,2013-09-30,0.0545172965784618,0.05479002385118907,0.00027272727272727274,0.2727272727272727,121
xgb_top_pct_20,2013-10-31,0.04505354686350616,0.04521614848952242,0.00016260162601626016,0.16260162601626016,121
xgb_top_pct_20,2013-11-30,0.019107522524061622,0.019304372917762408,0.0001968503937007874,0.19685039370078738,125
xgb_top_pct_20,2013-12-31,0.026746972469003143,0.027028222469003143,0.00028125000000000003,0.28125,123
xgb_top_pct_20,2014-01-31,-0.015387005146789486,-0.015133158992943332,0.00025384615384615387,0.25384615384615383,124
xgb_top_pct_20,2014-02-28,0.06074138285763931,0.06092183398545886,0.00018045112781954887,0.18045112781954886,132
xgb_top_pct_20,2014-03-31,0.013359411188240475,0.013624117070593416,0.00026470588235294115,0.2647058823529411,130
xgb_top_pct_20,2014-04-30,0.0037097637757796506,0.0040727267387426136,0.00036296296296296294,0.36296296296296293,130
xgb_top_pct_20,2014-05-31,0.014971614976240218,0.015156800161425404,0.00018518518518518523,0.18518518518518523,134
xgb_top_pct_20,2014-06-30,0.04597754237169793,0.04624224825405087,0.00026470588235294115,0.2647058823529411,135
xgb_top_pct_20,2014-07-31,-0.03868607081575116,-0.03851695316869233,0.0001691176470588235,0.16911764705882348,133
xgb_top_pct_20,2014-08-31,0.06023767886723141,0.06038366426869126,0.00014598540145985405,0.14598540145985406,130
xgb_top_pct_20,2014-09-30,-0.03726872161963,-0.03702245296291358,0.00024626865671641796,0.24626865671641796,130
xgb_top_pct_20,2014-10-31,0.11434721735802825,0.11454124720877451,0.00019402985074626867,0.19402985074626866,131
xgb_top_pct_20,2014-11-30,0.030589589193076114,0.030777994990177564,0.00018840579710144924,0.18840579710144922,136
xgb_top_pct_20,2014-12-31,0.006551475880218025,0.006755855442261821,0.0002043795620437956,0.2043795620437956,135
xgb_top_pct_20,2015-01-31,-0.018392946114509756,-0.01820723182879547,0.00018571428571428572,0.18571428571428572,131
xgb_top_pct_20,2015-02-28,0.0689295388966381,0.06914632211342131,0.00021678321678321675,0.21678321678321677,142
xgb_top_pct_20,2015-03-31,-0.024833567162056053,-0.02465425681722847,0.00017931034482758623,0.17931034482758623,142
xgb_top_pct_20,2015-04-30,0.013039773160823621,0.013293197818357867,0.0002534246575342466,0.2534246575342466,143
xgb_top_pct_20,2015-05-31,0.0009219481813503643,0.001230167359432556,0.0003082191780821918,0.3082191780821918,142
xgb_top_pct_20,2015-06-30,-0.019507524840619322,-0.019267798813222062,0.00023972602739726022,0.23972602739726023,143
xgb_top_pct_20,2015-07-31,-0.016967048987467995,-0.016768418850481692,0.00019863013698630139,0.1986301369863014,143
xgb_top_pct_20,2015-08-31,-0.04184740251548865,-0.04157529367195124,0.0002721088435374149,0.27210884353741494,136
xgb_top_pct_20,2015-09-30,-0.05446501692722307,-0.05422890581611196,0.00023611111111111117,0.23611111111111116,140
xgb_top_pct_20,2015-10-31,0.06568658837990282,0.0658497089472787,0.00016312056737588656,0.16312056737588654,141
xgb_top_pct_20,2015-11-30,0.015915953002928918,0.016055813142789057,0.00013986013986013991,0.1398601398601399,139
xgb_top_pct_20,2015-12-31,-0.03798009442753972,-0.03771802546202248,0.00026206896551724137,0.26206896551724135,138
xgb_top_pct_20,2016-01-31,-0.0724623200289521,-0.07230148086811294,0.00016083916083916083,0.16083916083916083,137
xgb_top_pct_20,2016-02-29,0.052259874553395744,0.05244427171651631,0.00018439716312056742,0.18439716312056742,140
xgb_top_pct_20,2016-03-31,0.11682611573279071,0.1171310802717978,0.00030496453900709223,0.3049645390070922,140
xgb_top_pct_20,2016-04-30,0.036296239502010774,0.03646865329511422,0.0001724137931034483,0.1724137931034483,142
xgb_top_pct_20,2016-05-31,0.004493953437953933,0.004651487684529275,0.00015753424657534245,0.15753424657534243,141
xgb_top_pct_20,2016-06-30,0.001660167927086736,0.0019409898448949554,0.0002808219178082192,0.2808219178082192,142
xgb_top_pct_20,2016-07-31,0.08015424981575392,0.08031071240078794,0.00015646258503401356,0.15646258503401356,146
xgb_top_pct_20,2016-08-31,0.011711074957634914,0.011871074957634915,0.00016000000000000004,0.16000000000000003,149
xgb_top_pct_20,2016-09-30,0.020461819144623708,0.02070506238786695,0.0002432432432432432,0.2432432432432432,147
xgb_top_pct_20,2016-10-31,-0.021504545563625625,-0.021289780462954485,0.000214765100671141,0.21476510067114096,146
xgb_top_pct_20,2016-11-30,0.09164602702298444,0.0917761640092858,0.00013013698630136983,0.13013698630136983,146
xgb_top_pct_20,2016-12-31,0.018702409054880173,0.01894266879513991,0.00024025974025974027,0.24025974025974028,154
xgb_top_pct_20,2017-01-31,0.044419243095634865,0.044662832839224606,0.00024358974358974363,0.2435897435897436,154
xgb_top_pct_20,2017-02-28,0.014156723946549495,0.014292207817517236,0.00013548387096774196,0.13548387096774195,154
xgb_top_pct_20,2017-03-31,0.0046073098941056155,0.0047371800239757456,0.00012987012987012992,0.1298701298701299,150
xgb_top_pct_20,2017-04-30,0.010848489715688456,0.011130540997739738,0.00028205128205128203,0.28205128205128205,155
xgb_top_pct_20,2017-05-31,-0.0056755045323464036,-0.00550242760926948,0.00017307692307692315,0.17307692307692313,153
xgb_top_pct_20,2017-06-30,0.019829134122857188,0.02005349309721616,0.00022435897435897436,0.22435897435897434,153
xgb_top_pct_20,2017-07-31,0.023375953993958944,0.023511437864926685,0.00013548387096774196,0.13548387096774195,154
xgb_top_pct_20,2017-08-31,-0.003130291618241453,-0.002969001295660808,0.00016129032258064513,0.16129032258064513,155
xgb_top_pct_20,2017-09-30,0.050941785021709034,0.05117896450888852,0.00023717948717948725,0.23717948717948723,154
xgb_top_pct_20,2017-10-31,0.011510210588004263,0.01168109666395363,0.0001708860759493671,0.1708860759493671,155
xgb_top_pct_20,2017-11-30,0.04560956331136494,0.045749690699899974,0.00014012738853503182,0.14012738853503182,157
xgb_top_pct_20,2017-12-31,0.029658530696679862,0.029964780696679863,0.00030625,0.30625,159
xgb_top_pct_20,2018-01-31,0.04686980560301334,0.04709961926760962,0.00022981366459627327,0.22981366459627328,160
xgb_top_pct_20,2018-02-28,-0.03747805477213731,-0.03733519762928016,0.00014285714285714292,0.1428571428571429,157
xgb_top_pct_20,2018-03-31,-0.0057624838536875795,-0.0056019900265270855,0.00016049382716049388,0.16049382716049387,160
xgb_top_pct_20,2018-04-30,0.014962794480671544,0.015237184724573983,0.00027439024390243905,0.27439024390243905,161
xgb_top_pct_20,2018-05-31,0.04146527396382385,0.04160724927246583,0.00014197530864197528,0.14197530864197527,160
xgb_top_pct_20,2018-06-30,0.026923092135400197,0.027185287257351417,0.00026219512195121953,0.2621951219512195,162
xgb_top_pct_20,2018-07-31,0.028966772840819444,0.02917159211792788,0.0002048192771084337,0.20481927710843373,164
xgb_top_pct_20,2018-08-31,0.03429360309541239,0.03441481521662451,0.00012121212121212122,0.12121212121212122,161
xgb_top_pct_20,2018-09-30,-0.008447148707538042,-0.008189663677597922,0.0002574850299401198,0.2574850299401198,160
xgb_top_pct_20,2018-10-31,-0.0742691932057349,-0.07411256669971081,0.00015662650602409634,0.15662650602409633,161
xgb_top_pct_20,2018-11-30,0.026660072987104294,0.026807312250907975,0.00014723926380368104,0.14723926380368102,161
xgb_top_pct_20,2018-12-31,-0.1059141510591848,-0.10572396701010504,0.00019018404907975462,0.1901840490797546,158
xgb_top_pct_20,2019-01-31,0.12246478568473126,0.12262006518783686,0.00015527950310559004,0.15527950310559002,160
xgb_top_pct_20,2019-02-28,0.037911651473727284,0.03805189537616631,0.0001402439024390244,0.1402439024390244,160
xgb_top_pct_20,2019-03-31,-0.008999577050971753,-0.008883723392435167,0.00011585365853658536,0.11585365853658536,161
xgb_top_pct_20,2019-04-30,0.05313128153021795,0.05350097849991492,0.0003696969696969697,0.36969696969696975,163
xgb_top_pct_20,2019-05-31,-0.10526970881010592,-0.10512425426465137,0.0001454545454545455,0.1454545454545455,159
xgb_top_pct_20,2019-06-30,0.09712280207826332,0.09738047078991977,0.0002576687116564417,0.2576687116564417,162
xgb_top_pct_20,2019-07-31,0.021253898450391964,0.021469467312667412,0.00021556886227544912,0.21556886227544914,164
xgb_top_pct_20,2019-08-31,-0.06048590563290958,-0.060337976638826736,0.0001479289940828402,0.14792899408284022,166
xgb_top_pct_20,2019-09-30,0.05631762883903446,0.05656912584502249,0.00025149700598802393,0.25149700598802394,165
xgb_top_pct_20,2019-10-31,0.021540445517238382,0.0217652975882443,0.0002248520710059172,0.2248520710059172,166
xgb_top_pct_20,2019-11-30,0.04858608971562107,0.04871108971562107,0.000125,0.125,166
xgb_top_pct_20,2019-12-31,0.04432344315631606,0.04456604670661192,0.00024260355029585804,0.242603550295858,167
xgb_top_pct_20,2020-01-31,-0.04452350740506394,-0.044261879498087194,0.0002616279069767442,0.2616279069767442,170
xgb_top_pct_20,2020-02-29,-0.08612732419754018,-0.0859635815074817,0.00016374269005847952,0.16374269005847952,160
xgb_top_pct_20,2020-03-31,-0.22837323460125677,-0.22812918698220916,0.00024404761904761908,0.24404761904761907,141
xgb_top_pct_20,2020-04-30,0.17988604012682186,0.1801662949038919,0.00028025477707006375,0.28025477707006374,157
xgb_top_pct_20,2020-05-31,0.07265974003760388,0.07291583759857949,0.00025609756097560977,0.25609756097560976,163
xgb_top_pct_20,2020-06-30,0.044201413402554804,0.04451279064806379,0.00031137724550898206,0.31137724550898205,164
xgb_top_pct_20,2020-07-31,0.04766314638804563,0.047847670197569435,0.00018452380952380955,0.18452380952380953,163
xgb_top_pct_20,2020-08-31,0.07639028879364884,0.07654505069841075,0.00015476190476190478,0.15476190476190477,167
xgb_top_pct_20,2020-09-30,-0.036354616707060465,-0.036123847476291236,0.00023076923076923076,0.23076923076923073,167
xgb_top_pct_20,2020-10-31,0.02701750600107445,0.027251038935206185,0.00023353293413173648,0.23353293413173648,160
xgb_top_pct_20,2020-11-30,0.22488308390141765,0.22505074857207633,0.00016766467065868263,0.16766467065868262,166
xgb_top_pct_20,2020-12-31,0.06049573831406531,0.06079053600192658,0.0002947976878612717,0.2947976878612717,173
xgb_top_pct_20,2021-01-31,0.019127646002313883,0.01935928442039298,0.00023163841807909602,0.23163841807909602,176
xgb_top_pct_20,2021-02-28,0.08306226066162688,0.08319633887391738,0.00013407821229050276,0.13407821229050276,177
xgb_top_pct_20,2021-03-31,0.06993102847101254,0.0700848746248587,0.00015384615384615385,0.15384615384615385,181
xgb_top_pct_20,2021-04-30,0.027641946550049024,0.027933838441940917,0.00029189189189189195,0.2918918918918919,181
xgb_top_pct_20,2021-05-31,0.03899386057161087,0.039130472593468794,0.00013661202185792355,0.13661202185792354,180
xgb_top_pct_20,2021-06-30,-0.014132439004183303,-0.013892001845713358,0.00024043715846994542,0.2404371584699454,182
xgb_top_pct_20,2021-07-31,-0.00987654309146843,-0.009725191740117078,0.00015135135135135137,0.15135135135135136,184
xgb_top_pct_20,2021-08-31,0.01724563262132403,0.017376780162307637,0.0001311475409836066,0.1311475409836066,178
xgb_top_pct_20,2021-09-30,-0.01549417503532999,-0.015220432018570214,0.0002737430167597765,0.2737430167597765,177
xgb_top_pct_20,2021-10-31,0.05351579311892739,0.05368062828376255,0.0001648351648351648,0.1648351648351648,182
xgb_top_pct_20,2021-11-30,-0.0220829245165241,-0.02196690241707659,0.00011602209944751386,0.11602209944751385,181
xgb_top_pct_20,2021-12-31,0.0675806489203523,0.06788499674643926,0.00030434782608695655,0.30434782608695654,182
xgb_top_pct_20,2022-01-31,-0.03676674642453621,-0.03660998966777945,0.0001567567567567567,0.1567567567567567,182
xgb_top_pct_20,2022-02-28,0.027417274879278256,0.027547004609007986,0.00012972972972972974,0.12972972972972974,185
xgb_top_pct_20,2022-03-31,0.03931462725273279,0.039541654279759815,0.00022702702702702703,0.22702702702702704,183
xgb_top_pct_20,2022-04-30,-0.06882370138676834,-0.06847423902117694,0.0003494623655913979,0.34946236559139787,183
xgb_top_pct_20,2022-05-31,0.02637988677309492,0.026574481367689515,0.00019459459459459462,0.1945945945945946,182
xgb_top_pct_20,2022-06-30,-0.1076581387246999,-0.10729057115713234,0.0003675675675675676,0.3675675675675676,174
xgb_top_pct_20,2022-07-31,0.11353085369727799,0.1137297487249023,0.00019889502762430946,0.19889502762430944,180
xgb_top_pct_20,2022-08-31,-0.030646361918353807,-0.030472448874875546,0.00017391304347826088,0.17391304347826086,178
xgb_top_pct_20,2022-09-30,-0.10896591680161002,-0.10865272998842321,0.0003131868131868132,0.3131868131868132,175
xgb_top_pct_20,2022-10-31,0.11888417638959145,0.11905639861181368,0.0001722222222222223,0.17222222222222228,179
xgb_top_pct_20,2022-11-30,0.09025343721876013,0.09043278504484709,0.00017934782608695655,0.17934782608695654,181
xgb_top_pct_20,2022-12-31,-0.05760173810965508,-0.05726302843223573,0.0003387096774193549,0.33870967741935487,180
xgb_top_pct_20,2023-01-31,0.12487938029190962,0.1250369889875618,0.00015760869565217397,0.15760869565217395,182
xgb_top_pct_20,2023-02-28,-0.013904727869197643,-0.013717562093796574,0.00018716577540106949,0.1871657754010695,180
xgb_top_pct_20,2023-03-31,-0.007586745327108829,-0.007425455004528184,0.00016129032258064513,0.16129032258064513,180
xgb_top_pct_20,2023-04-30,0.0020878192745159806,0.002422925657494704,0.00033510638297872344,0.3351063829787234,183
xgb_top_pct_20,2023-05-31,0.002670323307677793,0.0027939792216562878,0.00012365591397849463,0.12365591397849462,180
xgb_top_pct_20,2023-06-30,0.0912207963800611,0.09152724799296433,0.0003064516129032258,0.30645161290322576,184
xgb_top_pct_20,2023-07-31,0.06679766130090042,0.06699871950195863,0.00020105820105820104,0.20105820105820105,187
xgb_top_pct_20,2023-08-31,-0.0347796622709111,-0.03461564110688994,0.00016402116402116406,0.16402116402116407,184
xgb_top_pct_20,2023-09-30,-0.0564544201081801,-0.056084049737809734,0.00037037037037037035,0.37037037037037035,183
xgb_top_pct_20,2023-10-31,-0.0578546224431787,-0.05763121818785955,0.00022340425531914898,0.22340425531914898,177
xgb_top_pct_20,2023-11-30,0.09121444586116698,0.09135960715148955,0.00014516129032258063,0.14516129032258063,186
xgb_top_pct_20,2023-12-31,0.1121918776441862,0.11248599529124502,0.00029411764705882345,0.2941176470588235,183
xgb_top_pct_20,2024-01-31,-0.034395067811123815,-0.0341213836005975,0.0002736842105263158,0.27368421052631575,186
xgb_top_pct_20,2024-02-29,0.05774665424668772,0.057868994672219634,0.00012234042553191493,0.12234042553191493,185
xgb_top_pct_20,2024-03-31,0.06480785297909092,0.06510785297909091,0.0003000000000000001,0.30000000000000004,188
xgb_top_pct_20,2024-04-30,-0.03608193176867655,-0.03586949653551593,0.00021243523316062172,0.21243523316062174,190
xgb_top_pct_20,2024-05-31,0.0565419402044983,0.056662992836077244,0.00012105263157894742,0.12105263157894741,190
xgb_top_pct_20,2024-06-30,-0.022553036194328985,-0.022308244527662318,0.0002447916666666666,0.24479166666666663,191
xgb_top_pct_20,2024-07-31,0.06272340729978049,0.062873666367138,0.00015025906735751293,0.15025906735751293,192
xgb_top_pct_20,2024-08-31,-0.0036214150693289933,-0.0034683538448391973,0.00015306122448979588,0.15306122448979587,193
xgb_top_pct_20,2024-09-30,0.026753721628416452,0.027046029320724144,0.00029230769230769224,0.29230769230769227,192
xgb_top_pct_20,2024-10-31,0.008946762644997195,0.009155946318466583,0.00020918367346938773,0.2091836734693877,194
xgb_top_pct_20,2024-11-30,0.11623138244976294,0.11638366671372233,0.0001522842639593909,0.15228426395939088,195
xgb_top_pct_20,2024-12-31,-0.05747606418240004,-0.057204707398480444,0.00027135678391959796,0.27135678391959794,196
xgb_top_pct_20,2025-01-31,0.033683741224278495,0.03387566041619769,0.00019191919191919194,0.19191919191919193,194
xgb_top_pct_20,2025-02-28,-0.045889389323067555,-0.045758736056735895,0.0001306532663316583,0.1306532663316583,192
xgb_top_pct_20,2025-03-31,-0.04515500578774405,-0.045037658848968536,0.00011734693877551018,0.11734693877551017,187
xgb_top_pct_20,2025-04-30,-0.0387071540750115,-0.03841484638270381,0.00029230769230769224,0.29230769230769227,193
xgb_top_pct_20,2025-05-31,0.08174643321504402,0.08189076311195123,0.00014432989690721655,0.14432989690721654,193
xgb_top_pct_20,2025-06-30,0.05309567414912348,0.05338285363630297,0.00028717948717948716,0.28717948717948716,193
xgb_top_pct_20,2025-07-31,0.04001811988501501,0.0402211655702942,0.0002030456852791879,0.20304568527918787,194
xgb_top_pct_20,2025-08-31,0.06706022464346996,0.0671972804810334,0.00013705583756345175,0.13705583756345174,196
xgb_top_pct_20,2025-09-30,0.018945575286417944,0.019220575286417945,0.000275,0.275,197
xgb_top_pct_20,2025-10-31,0.013572422570743321,0.013727422570743322,0.00015500000000000003,0.15500000000000003,195
xgb_top_pct_20,2025-11-30,0.01821447645710807,0.01833447645710807,0.00012,0.12,199
xgb_top_pct_20,2025-12-31,0.02819367962172369,0.028437460716251053,0.00024378109452736317,0.24378109452736318,198
xgb_top_pct_20,2026-01-31,0.07647973908414661,0.07663894306424611,0.00015920398009950255,0.15920398009950254,200
xgb_top_pct_20,2026-02-28,0.06352319666444352,0.06367742552016491,0.000154228855721393,0.154228855721393,198
xgb_top_pct_20,2026-03-31,-0.028557774650268552,-0.02840852091892527,0.00014925373134328358,0.14925373134328357,198
xgb_top_pct_20,2026-04-30,0.09859508791242827,0.09889508791242826,0.0003000000000000001,0.30000000000000004,199
xgb_top_pct_20,2026-05-31,-0.006487955602762452,-0.006289935800782254,0.00019801980198019798,0.19801980198019797,200
xgb_top_pct_10,2005-04-30,-0.09749749821300924,-0.09649749821300924,0.001,1.0,1
xgb_top_pct_10,2005-05-31,-0.007120253164557,-0.007120253164557,0.0,0.0,1
xgb_top_pct_10,2005-06-30,0.08764940239043817,0.08764940239043817,0.0,0.0,1
xgb_top_pct_10,2005-07-31,0.0849816849816849,0.0849816849816849,0.0,0.0,1
xgb_top_pct_10,2005-08-31,0.05705604321404456,0.05705604321404456,0.0,0.0,1
xgb_top_pct_10,2005-09-30,0.10178169643271806,0.10178169643271806,0.0,0.0,1
xgb_top_pct_10,2005-10-31,-0.09157401989467517,-0.09157401989467517,0.0,0.0,1
xgb_top_pct_10,2005-11-30,0.03607085346215788,0.03607085346215788,0.0,0.0,1
xgb_top_pct_10,2005-12-31,0.03885607709045691,0.03885607709045691,0.0,0.0,1
xgb_top_pct_10,2006-01-31,0.18043087971274696,0.18043087971274696,0.0,0.0,1
xgb_top_pct_10,2006-02-28,-0.08517110266159689,-0.08517110266159689,0.0,0.0,1
xgb_top_pct_10,2006-03-31,0.11483038653748223,0.11483038653748223,0.0,0.0,1
xgb_top_pct_10,2006-04-30,0.14328732747804263,0.14328732747804263,0.0,0.0,1
xgb_top_pct_10,2006-05-31,-0.015445457129136808,-0.014445457129136807,0.001,1.0,2
xgb_top_pct_10,2006-06-30,-0.004093719196414843,-0.0037603858630815092,0.00033333333333333343,0.33333333333333337,3
xgb_top_pct_10,2006-07-31,-0.007248651365604963,-0.006448651365604963,0.0008,0.8,4
xgb_top_pct_10,2006-08-31,0.03189733010430333,0.03229733010430333,0.0004,0.4,4
xgb_top_pct_10,2006-09-30,0.012355617339193896,0.013022284005860562,0.0006666666666666669,0.6666666666666667,5
xgb_top_pct_10,2006-10-31,0.03826650227091768,0.03911265611707152,0.0008461538461538462,0.8461538461538461,13
xgb_top_pct_10,2006-11-30,0.04955403566886417,0.04999153566886417,0.0004375,0.4375,15
xgb_top_pct_10,2006-12-31,-0.01494511115475267,-0.014533346448870317,0.0004117647058823529,0.4117647058823529,17
xgb_top_pct_10,2007-01-31,0.029213336737924298,0.03007380185420337,0.0008604651162790697,0.8604651162790697,43
xgb_top_pct_10,2007-02-28,0.016000403848143555,0.01613676748450719,0.00013636363636363637,0.13636363636363635,41
xgb_top_pct_10,2007-03-31,0.015075882150898355,0.015275882150898356,0.00019999999999999996,0.19999999999999996,45
xgb_top_pct_10,2007-04-30,0.0322578109300092,0.03256215875609616,0.00030434782608695655,0.30434782608695654,44
xgb_top_pct_10,2007-05-31,0.02988695268068326,0.030017387463291956,0.0001304347826086957,0.13043478260869568,46
xgb_top_pct_10,2007-06-30,-0.019762479667318283,-0.019470813000651618,0.00029166666666666664,0.29166666666666663,48
xgb_top_pct_10,2007-07-31,-0.035443521272923266,-0.035341480456596734,0.00010204081632653062,0.10204081632653061,48
xgb_top_pct_10,2007-08-31,0.00550095643746617,0.0056846299068539245,0.0001836734693877551,0.18367346938775508,47
xgb_top_pct_10,2007-09-30,0.028170358472183635,0.028476480921163227,0.0003061224489795919,0.30612244897959184,47
xgb_top_pct_10,2007-10-31,0.03376352934135947,0.03399269600802614,0.0002291666666666666,0.22916666666666663,47
xgb_top_pct_10,2007-11-30,-0.06761226114417926,-0.06746940400132212,0.00014285714285714292,0.1428571428571429,46
xgb_top_pct_10,2007-12-31,0.004514932707089492,0.004821055156069084,0.0003061224489795919,0.30612244897959184,46
xgb_top_pct_10,2008-01-31,-0.013471651804128158,-0.013325818470794825,0.00014583333333333337,0.14583333333333337,47
xgb_top_pct_10,2008-02-29,-0.023495701848341013,-0.023308201848341013,0.0001875,0.1875,45
xgb_top_pct_10,2008-03-31,-0.02203346719159484,-0.02171431825542463,0.00031914893617021275,0.3191489361702128,47
xgb_top_pct_10,2008-04-30,0.08502484464175987,0.08517378081197263,0.00014893617021276596,0.14893617021276595,46
xgb_top_pct_10,2008-05-31,0.043843079399355174,0.044363912732688505,0.0005208333333333332,0.5208333333333333,47
xgb_top_pct_10,2008-06-30,-0.0733385361053239,-0.07292186943865724,0.00041666666666666664,0.41666666666666663,43
xgb_top_pct_10,2008-07-31,-0.020210146860065725,-0.019899035748954613,0.0003111111111111111,0.3111111111111111,42
xgb_top_pct_10,2008-08-31,0.041178183782369836,0.04162262822681428,0.00044444444444444447,0.4444444444444444,44
xgb_top_pct_10,2008-09-30,-0.12278663063104032,-0.12237358715277946,0.00041304347826086953,0.4130434782608695,42
xgb_top_pct_10,2008-10-31,-0.1621673965009222,-0.16187194195546767,0.0002954545454545454,0.2954545454545454,37
xgb_top_pct_10,2008-11-30,-0.09429356205987076,-0.09390894667525537,0.0003846153846153846,0.3846153846153846,34
xgb_top_pct_10,2008-12-31,0.08359166936615864,0.08409166936615864,0.0005,0.5,35
xgb_top_pct_10,2009-01-31,-0.07389008133429939,-0.0735479760711415,0.0003421052631578947,0.3421052631578947,36
xgb_top_pct_10,2009-02-28,-0.09901004830692645,-0.09870449275137089,0.0003055555555555556,0.3055555555555556,26
xgb_top_pct_10,2009-03-31,0.09848058239724893,0.09884421876088528,0.00036363636363636367,0.36363636363636365,32
xgb_top_pct_10,2009-04-30,0.26940556903288354,0.26996112458843907,0.0005555555555555556,0.5555555555555556,35
xgb_top_pct_10,2009-05-31,0.08374305869199701,0.08415331510225342,0.00041025641025641023,0.41025641025641024,39
xgb_top_pct_10,2009-06-30,-0.009164333887861507,-0.008831000554528174,0.00033333333333333343,0.33333333333333337,37
xgb_top_pct_10,2009-07-31,0.1567854995360625,0.1570931918437548,0.0003076923076923077,0.3076923076923077,39
xgb_top_pct_10,2009-08-31,0.06797327677871598,0.068363520681155,0.0003902439024390244,0.3902439024390244,41
xgb_top_pct_10,2009-09-30,0.09259707091388018,0.09308487579192896,0.0004878048780487805,0.4878048780487805,41
xgb_top_pct_10,2009-10-31,-0.043691231265460366,-0.04336564987011153,0.00032558139534883724,0.32558139534883723,39
xgb_top_pct_10,2009-11-30,0.0564608086316579,0.05692422326580424,0.00046341463414634144,0.46341463414634143,40
xgb_top_pct_10,2009-12-31,0.06723707163245525,0.0677846906800743,0.0005476190476190477,0.5476190476190477,42
xgb_top_pct_10,2010-01-31,-0.019757550392120155,-0.019439368573938336,0.00031818181818181826,0.31818181818181823,42
xgb_top_pct_10,2010-02-28,0.05887578952681924,0.059085091852400635,0.00020930232558139536,0.2093023255813954,43
xgb_top_pct_10,2010-03-31,0.08436628112515517,0.08478850334737739,0.0004222222222222223,0.4222222222222223,45
xgb_top_pct_10,2010-04-30,0.06266948789184963,0.06316948789184963,0.0005,0.5,45
xgb_top_pct_10,2010-05-31,-0.09451136262872649,-0.09421349028830096,0.0002978723404255319,0.2978723404255319,44
xgb_top_pct_10,2010-06-30,-0.08472533654853612,-0.08432108122938718,0.00040425531914893624,0.4042553191489362,46
xgb_top_pct_10,2010-07-31,0.0767213604537615,0.0771213604537615,0.0004,0.4,44
xgb_top_pct_10,2010-08-31,-0.03815997474728902,-0.03787736605163685,0.00028260869565217394,0.28260869565217395,44
xgb_top_pct_10,2010-09-30,0.10910956605278367,0.1095868387800564,0.0004772727272727274,0.4772727272727273,44
xgb_top_pct_10,2010-10-31,0.030510866755550464,0.030923910233811334,0.00041304347826086953,0.4130434782608695,44
xgb_top_pct_10,2010-11-30,0.0059182103509373045,0.006130976308384113,0.0002127659574468085,0.21276595744680848,46
xgb_top_pct_10,2010-12-31,0.07710362976841967,0.07752029643508633,0.00041666666666666664,0.41666666666666663,48
xgb_top_pct_10,2011-01-31,0.02599691428301524,0.026291031930074062,0.00029411764705882345,0.2941176470588235,51
xgb_top_pct_10,2011-02-28,0.03195012744342772,0.03222463724734929,0.0002745098039215686,0.27450980392156865,51
xgb_top_pct_10,2011-03-31,0.04192973768984723,0.04213728485965855,0.00020754716981132072,0.2075471698113207,53
xgb_top_pct_10,2011-04-30,0.038690215575523434,0.03920873409404195,0.0005185185185185186,0.5185185185185186,50
xgb_top_pct_10,2011-05-31,-0.011822868587371513,-0.011396942661445588,0.00042592592592592595,0.42592592592592593,53
xgb_top_pct_10,2011-06-30,-0.03407000921845843,-0.033755194403643614,0.0003148148148148148,0.31481481481481477,53
xgb_top_pct_10,2011-07-31,-0.04660818000852338,-0.046237809638153014,0.00037037037037037035,0.37037037037037035,50
xgb_top_pct_10,2011-08-31,-0.0670368941886986,-0.06684821494341558,0.00018867924528301883,0.18867924528301883,49
xgb_top_pct_10,2011-09-30,-0.09806102942914299,-0.09772140678763355,0.000339622641509434,0.339622641509434,46
xgb_top_pct_10,2011-10-31,0.15829499138623077,0.15871499138623077,0.00042,0.42000000000000004,49
xgb_top_pct_10,2011-11-30,0.02000604860806336,0.020251331626931282,0.0002452830188679245,0.24528301886792447,50
xgb_top_pct_10,2011-12-31,-0.004918339218057915,-0.004610646910365608,0.0003076923076923077,0.3076923076923077,52
xgb_top_pct_10,2012-01-31,0.11908532688106839,0.11934947782446462,0.0002641509433962265,0.26415094339622647,52
xgb_top_pct_10,2012-02-29,0.04647742049298007,0.046768329583889164,0.0002909090909090909,0.2909090909090909,54
xgb_top_pct_10,2012-03-31,0.0003421018694817403,0.0006511927785726494,0.0003090909090909091,0.3090909090909091,53
xgb_top_pct_10,2012-04-30,-0.0065298819704968395,-0.0062207910614059305,0.0003090909090909091,0.3090909090909091,49
xgb_top_pct_10,2012-05-31,-0.06078624557499363,-0.06050846779721585,0.0002777777777777778,0.2777777777777778,53
xgb_top_pct_10,2012-06-30,0.03628790668872107,0.03663336123417561,0.0003454545454545455,0.34545454545454546,55
xgb_top_pct_10,2012-07-31,-0.004417634398309089,-0.00410854348921818,0.0003090909090909091,0.3090909090909091,55
xgb_top_pct_10,2012-08-31,0.05551087082868981,0.055656325374144354,0.0001454545454545455,0.1454545454545455,51
xgb_top_pct_10,2012-09-30,0.030854568789468892,0.031206420641320745,0.0003518518518518519,0.35185185185185186,54
xgb_top_pct_10,2012-10-31,0.011568275279716274,0.011841002552443547,0.00027272727272727274,0.2727272727272727,53
xgb_top_pct_10,2012-11-30,0.00578207322378535,0.006018436860148986,0.00023636363636363633,0.23636363636363633,54
xgb_top_pct_10,2012-12-31,0.02753530337102647,0.02784439428011738,0.0003090909090909091,0.3090909090909091,54
xgb_top_pct_10,2013-01-31,0.06705005470523016,0.06742505470523016,0.000375,0.375,55
xgb_top_pct_10,2013-02-28,0.001230643071051908,0.0014547810020863908,0.00022413793103448276,0.22413793103448276,56
xgb_top_pct_10,2013-03-31,0.07341884147545744,0.07365612961105066,0.00023728813559322038,0.23728813559322037,59
xgb_top_pct_10,2013-04-30,0.018143843804539952,0.018686216685895884,0.0005423728813559322,0.5423728813559322,57
xgb_top_pct_10,2013-05-31,0.044375006641169626,0.044595345624220475,0.00022033898305084742,0.22033898305084743,58
xgb_top_pct_10,2013-06-30,-0.02059829921031598,-0.020181632543649314,0.00041666666666666664,0.41666666666666663,56
xgb_top_pct_10,2013-07-31,0.06175253466644257,0.06212958384677044,0.00037704918032786886,0.3770491803278688,61
xgb_top_pct_10,2013-08-31,-0.028048034050702126,-0.027822227599089224,0.00022580645161290327,0.22580645161290325,60
xgb_top_pct_10,2013-09-30,0.051364155169049144,0.05165923713626226,0.00029508196721311476,0.29508196721311475,61
xgb_top_pct_10,2013-10-31,0.043153425977112636,0.04334697436420941,0.00019354838709677424,0.19354838709677424,61
xgb_top_pct_10,2013-11-30,0.015773709147131464,0.015992459147131464,0.00021875,0.21875,63
xgb_top_pct_10,2013-12-31,0.01689177970563907,0.01718865470563907,0.000296875,0.296875,60
xgb_top_pct_10,2014-01-31,-0.020340454704262528,-0.020017377781185605,0.00032307692307692305,0.32307692307692304,63
xgb_top_pct_10,2014-02-28,0.06455181259544278,0.06479061856559203,0.00023880597014925377,0.23880597014925375,66
xgb_top_pct_10,2014-03-31,0.011464064456919882,0.011787593868684587,0.00032352941176470585,0.32352941176470584,67
xgb_top_pct_10,2014-04-30,0.01020509072751666,0.010675678962810778,0.00047058823529411766,0.47058823529411764,65
xgb_top_pct_10,2014-05-31,0.01940494530930113,0.019625533544595248,0.00022058823529411768,0.22058823529411764,67
xgb_top_pct_10,2014-06-30,0.04851611347159835,0.04881023111865718,0.00029411764705882345,0.2941176470588235,68
xgb_top_pct_10,2014-07-31,-0.03628112882926691,-0.03601642294691397,0.00026470588235294115,0.2647058823529411,67
xgb_top_pct_10,2014-08-31,0.06377630887522966,0.06402268568682386,0.0002463768115942029,0.24637681159420288,65
xgb_top_pct_10,2014-09-30,-0.040108919862096026,-0.03969100941433483,0.000417910447761194,0.417910447761194,64
xgb_top_pct_10,2014-10-31,0.20626326186566288,0.20653191858208078,0.00026865671641791044,0.26865671641791045,67
xgb_top_pct_10,2014-11-30,0.033972083122137335,0.034174981672861975,0.0002028985507246377,0.2028985507246377,69
xgb_top_pct_10,2014-12-31,0.011555318598128783,0.011830680916969363,0.0002753623188405797,0.2753623188405797,68
xgb_top_pct_10,2015-01-31,-0.022847165227574746,-0.022590022370431888,0.00025714285714285715,0.2571428571428571,66
xgb_top_pct_10,2015-02-28,0.07361676850580447,0.07386676850580447,0.00025,0.25,71
xgb_top_pct_10,2015-03-31,-0.029396968913219936,-0.029177790831028155,0.00021917808219178083,0.2191780821917808,71
xgb_top_pct_10,2015-04-30,0.017641566336038222,0.017997730719599866,0.00035616438356164383,0.3561643835616438,73
xgb_top_pct_10,2015-05-31,-0.013484772716067347,-0.013183402853053649,0.0003013698630136986,0.3013698630136986,69
xgb_top_pct_10,2015-06-30,-0.025719527719944457,-0.025363363336382814,0.00035616438356164383,0.3561643835616438,72
xgb_top_pct_10,2015-07-31,-0.027687138925659122,-0.027413166322919395,0.000273972602739726,0.273972602739726,71
xgb_top_pct_10,2015-08-31,-0.02899990117212415,-0.028716117388340366,0.00028378378378378377,0.28378378378378377,68
xgb_top_pct_10,2015-09-30,-0.044336544186908036,-0.04404487752024137,0.00029166666666666664,0.29166666666666663,70
xgb_top_pct_10,2015-10-31,0.05751703458807339,0.057700133179622685,0.00018309859154929577,0.18309859154929575,71
xgb_top_pct_10,2015-11-30,0.018869480117058808,0.019063924561503253,0.00019444444444444443,0.19444444444444442,70
xgb_top_pct_10,2015-12-31,-0.03744390476615447,-0.0371151376428668,0.00032876712328767124,0.3287671232876712,71
xgb_top_pct_10,2016-01-31,-0.06976478868290903,-0.06962589979402015,0.00013888888888888883,0.13888888888888884,69
xgb_top_pct_10,2016-02-29,0.05297856569648693,0.05317574879507848,0.00019718309859154926,0.19718309859154926,71
xgb_top_pct_10,2016-03-31,0.12982895496413666,0.13012472961202398,0.000295774647887324,0.295774647887324,71
xgb_top_pct_10,2016-04-30,0.05091414976266981,0.05114702647499857,0.00023287671232876718,0.23287671232876717,72
xgb_top_pct_10,2016-05-31,0.021367370942760464,0.02155915176467827,0.0001917808219178082,0.1917808219178082,69
xgb_top_pct_10,2016-06-30,0.017235725551099684,0.01753709541411338,0.0003013698630136986,0.3013698630136986,73
xgb_top_pct_10,2016-07-31,0.08502343824047608,0.08526668148371933,0.0002432432432432432,0.2432432432432432,73
xgb_top_pct_10,2016-08-31,0.004468455150916649,0.004681788484249982,0.0002133333333333334,0.21333333333333337,75
xgb_top_pct_10,2016-09-30,0.019840511991951297,0.02012429577573508,0.00028378378378378377,0.28378378378378377,74
xgb_top_pct_10,2016-10-31,-0.013273401209267047,-0.012993401209267046,0.00028000000000000003,0.28,75
xgb_top_pct_10,2016-11-30,0.07019031001478161,0.07034099494628847,0.00015068493150684938,0.15068493150684936,73
xgb_top_pct_10,2016-12-31,0.02399798557681148,0.02425772583655174,0.00025974025974025974,0.2597402597402597,77
xgb_top_pct_10,2017-01-31,0.05655312395690326,0.056899277803057105,0.0003461538461538462,0.34615384615384615,76
xgb_top_pct_10,2017-02-28,0.016344776882258473,0.01651144354892514,0.00016666666666666663,0.16666666666666663,77
xgb_top_pct_10,2017-03-31,0.011154522173463683,0.011323353342294852,0.00016883116883116878,0.16883116883116878,74
xgb_top_pct_10,2017-04-30,0.0109898340744967,0.011412910997573623,0.0004230769230769232,0.42307692307692313,78
xgb_top_pct_10,2017-05-31,-0.004294204394505098,-0.004089076189376893,0.0002051282051282052,0.20512820512820518,77
xgb_top_pct_10,2017-06-30,0.019552672786209927,0.01978344201697916,0.00023076923076923076,0.23076923076923073,76
xgb_top_pct_10,2017-07-31,0.026369806693716795,0.026574934898845,0.0002051282051282052,0.20512820512820518,77
xgb_top_pct_10,2017-08-31,-0.002276958895840672,-0.0021231127419945183,0.00015384615384615385,0.15384615384615385,78
xgb_top_pct_10,2017-09-30,0.06517905457388612,0.06548674688157843,0.0003076923076923077,0.3076923076923077,77
xgb_top_pct_10,2017-10-31,0.011880786996388105,0.012108635097653928,0.00022784810126582277,0.22784810126582278,77
xgb_top_pct_10,2017-11-30,0.05561507155812681,0.05576697029230403,0.00015189873417721523,0.15189873417721522,79
xgb_top_pct_10,2017-12-31,0.032120519160821155,0.03245801916082115,0.0003375,0.3375,80
xgb_top_pct_10,2018-01-31,0.05158886043256878,0.051786391296766314,0.00019753086419753085,0.19753086419753085,81
xgb_top_pct_10,2018-02-28,-0.02589498754677172,-0.02569745668257419,0.00019753086419753085,0.19753086419753085,80
xgb_top_pct_10,2018-03-31,-0.0020593800210917884,-0.001874194835906603,0.00018518518518518523,0.18518518518518523,81
xgb_top_pct_10,2018-04-30,0.014975495085728435,0.01535354386621624,0.0003780487804878049,0.3780487804878049,81
xgb_top_pct_10,2018-05-31,0.03758080826035915,0.037716610729494955,0.00013580246913580252,0.13580246913580252,79
xgb_top_pct_10,2018-06-30,0.022874315643685566,0.02326455954612459,0.0003902439024390244,0.3902439024390244,81
xgb_top_pct_10,2018-07-31,0.02120842276906275,0.02149757939556877,0.00028915662650602414,0.28915662650602414,81
xgb_top_pct_10,2018-08-31,0.03480144017217428,0.034982163063740544,0.0001807228915662651,0.1807228915662651,80
xgb_top_pct_10,2018-09-30,-0.0006696147163887872,-0.0003600909068649776,0.00030952380952380956,0.30952380952380953,81
xgb_top_pct_10,2018-10-31,-0.07365225568418836,-0.0734715327926221,0.0001807228915662651,0.1807228915662651,81
xgb_top_pct_10,2018-11-30,0.026815909517076682,0.026986641224393756,0.00017073170731707321,0.1707317073170732,81
xgb_top_pct_10,2018-12-31,-0.1079834407583811,-0.10770295295350304,0.0002804878048780488,0.2804878048780488,80
xgb_top_pct_10,2019-01-31,0.12670307691049582,0.12698702752777977,0.00028395061728395067,0.28395061728395066,81
xgb_top_pct_10,2019-02-28,0.04791053774477835,0.048117854817949085,0.00020731707317073167,0.20731707317073167,80
xgb_top_pct_10,2019-03-31,-0.018488535886519265,-0.018232438325543655,0.00025609756097560977,0.25609756097560976,80
xgb_top_pct_10,2019-04-30,0.043479540263508004,0.04392532339603813,0.00044578313253012056,0.4457831325301205,82
xgb_top_pct_10,2019-05-31,-0.09724336778176168,-0.09706264489019542,0.0001807228915662651,0.1807228915662651,80
xgb_top_pct_10,2019-06-30,0.10875240413683418,0.10908167242951711,0.0003292682926829268,0.3292682926829268,81
xgb_top_pct_10,2019-07-31,0.027042496766622216,0.027304401528526978,0.00026190476190476186,0.26190476190476186,81
xgb_top_pct_10,2019-08-31,-0.07710436745854256,-0.07690436745854255,0.00019999999999999996,0.19999999999999996,82
xgb_top_pct_10,2019-09-30,0.075703616140694,0.075953616140694,0.00025,0.25,83
xgb_top_pct_10,2019-10-31,0.016666642654223473,0.016878407360105825,0.000211764705882353,0.21176470588235297,83
xgb_top_pct_10,2019-11-30,0.06256681523386061,0.0627572914243368,0.00019047619047619048,0.19047619047619047,84
xgb_top_pct_10,2019-12-31,0.0600318086666801,0.06030239690197422,0.0002705882352941177,0.2705882352941177,83
xgb_top_pct_10,2020-01-31,-0.04883012132642595,-0.0486324469078213,0.0001976744186046512,0.19767441860465118,85
xgb_top_pct_10,2020-02-29,-0.0838268782825537,-0.0836408317709258,0.000186046511627907,0.18604651162790697,81
xgb_top_pct_10,2020-03-31,-0.2188512909872379,-0.21856557670152363,0.0002857142857142857,0.2857142857142857,71
xgb_top_pct_10,2020-04-30,0.18730101826395626,0.187642790415855,0.0003417721518987342,0.3417721518987342,79
xgb_top_pct_10,2020-05-31,0.07094346644791916,0.07116297864304111,0.0002195121951219512,0.2195121951219512,81
xgb_top_pct_10,2020-06-30,0.056185204783250835,0.05653044287848893,0.0003452380952380953,0.34523809523809523,83
xgb_top_pct_10,2020-07-31,0.03584504867469606,0.036047429627077014,0.00020238095238095234,0.20238095238095233,81
xgb_top_pct_10,2020-08-31,0.08426507581429764,0.08445555200477382,0.00019047619047619048,0.19047619047619047,83
xgb_top_pct_10,2020-09-30,-0.04667752325796689,-0.046453993846202184,0.0002235294117647059,0.22352941176470587,83
xgb_top_pct_10,2020-10-31,0.032744403243158325,0.03293487943363452,0.00019047619047619048,0.19047619047619047,82
xgb_top_pct_10,2020-11-30,0.23673282451752403,0.23687568166038117,0.00014285714285714292,0.1428571428571429,83
xgb_top_pct_10,2020-12-31,0.06475407224292408,0.06511039408200454,0.0003563218390804598,0.3563218390804598,87
xgb_top_pct_10,2021-01-31,0.012594138645430169,0.012908745387003203,0.0003146067415730337,0.3146067415730337,89
xgb_top_pct_10,2021-02-28,0.09144459901924944,0.091600154574805,0.00015555555555555556,0.15555555555555556,88
xgb_top_pct_10,2021-03-31,0.0579269236338286,0.058135714842619805,0.00020879120879120885,0.20879120879120883,91
xgb_top_pct_10,2021-04-30,0.029088877301799553,0.02936844719427267,0.00027956989247311827,0.27956989247311825,91
xgb_top_pct_10,2021-05-31,0.04198773137045604,0.04215077484871691,0.00016304347826086952,0.1630434782608695,92
xgb_top_pct_10,2021-06-30,-0.022038308753131283,-0.021733960927044327,0.00030434782608695655,0.30434782608695654,91
xgb_top_pct_10,2021-07-31,-0.015469532813816056,-0.015318995179407453,0.00015053763440860213,0.15053763440860213,92
xgb_top_pct_10,2021-08-31,0.014636737903431469,0.01481065094690973,0.00017391304347826088,0.17391304347826086,87
xgb_top_pct_10,2021-09-30,-0.018549486068055246,-0.01821615273472191,0.00033333333333333343,0.33333333333333337,88
xgb_top_pct_10,2021-10-31,0.04594961878538593,0.04619137702714417,0.0002417582417582418,0.2417582417582418,91
xgb_top_pct_10,2021-11-30,-0.030934485659496722,-0.030758661483672546,0.00017582417582417587,0.17582417582417587,91
xgb_top_pct_10,2021-12-31,0.06870305868629975,0.06904001520803889,0.0003369565217391305,0.3369565217391305,90
xgb_top_pct_10,2022-01-31,-0.040933970747255986,-0.04071891698381513,0.00021505376344086027,0.21505376344086025,92
xgb_top_pct_10,2022-02-28,0.030811829369825648,0.030983872380578335,0.00017204301075268813,0.17204301075268813,93
xgb_top_pct_10,2022-03-31,0.03995849086442566,0.04016279193969448,0.00020430107526881724,0.20430107526881724,92
xgb_top_pct_10,2022-04-30,-0.08581747351686111,-0.08539811867815143,0.00041935483870967743,0.4193548387096774,91
xgb_top_pct_10,2022-05-31,0.01852950150226892,0.018766060642053866,0.00023655913978494627,0.23655913978494625,91
xgb_top_pct_10,2022-06-30,-0.11610598543586656,-0.11568663059715688,0.00041935483870967743,0.4193548387096774,89
xgb_top_pct_10,2022-07-31,0.11806964081402,0.11832238806676725,0.00025274725274725276,0.25274725274725274,90
xgb_top_pct_10,2022-08-31,-0.043555240561236455,-0.043326979691671236,0.0002282608695652174,0.2282608695652174,89
xgb_top_pct_10,2022-09-30,-0.10515607994862916,-0.10481542060796982,0.00034065934065934073,0.34065934065934067,87
xgb_top_pct_10,2022-10-31,0.11630756013131588,0.11656311568687143,0.00025555555555555553,0.25555555555555554,89
xgb_top_pct_10,2022-11-30,0.08986120405314228,0.09002424753140315,0.00016304347826086952,0.1630434782608695,91
xgb_top_pct_10,2022-12-31,-0.06361455617517325,-0.06322745940097971,0.00038709677419354843,0.3870967741935484,88
xgb_top_pct_10,2023-01-31,0.13035720359532843,0.13057459489967627,0.0002173913043478261,0.21739130434782605,90
xgb_top_pct_10,2023-02-28,-0.014978431271173882,-0.014786941909471754,0.00019148936170212773,0.19148936170212771,90
xgb_top_pct_10,2023-03-31,-0.008016646026615342,-0.007790839575002439,0.00022580645161290327,0.22580645161290325,88
xgb_top_pct_10,2023-04-30,0.014822399219373424,0.015247931134267041,0.000425531914893617,0.42553191489361697,90
xgb_top_pct_10,2023-05-31,-0.01158764216580083,-0.011351083026015884,0.00023655913978494627,0.23655913978494625,89
xgb_top_pct_10,2023-06-30,0.09590727826028053,0.09630512772264613,0.00039784946236559143,0.3978494623655914,92
xgb_top_pct_10,2023-07-31,0.06590396187827784,0.06617764608880415,0.0002736842105263158,0.27368421052631575,93
xgb_top_pct_10,2023-08-31,-0.03325061972342949,-0.03301904077606107,0.00023157894736842112,0.2315789473684211,92
xgb_top_pct_10,2023-09-30,-0.06054069717342904,-0.06014069717342904,0.0004,0.4,91
xgb_top_pct_10,2023-10-31,-0.06174926885236382,-0.06148331140555531,0.00026595744680851064,0.26595744680851063,86
xgb_top_pct_10,2023-11-30,0.0943194239092939,0.09451297229639068,0.00019354838709677424,0.19354838709677424,93
xgb_top_pct_10,2023-12-31,0.11717995872176087,0.11750974595580342,0.0003297872340425532,0.32978723404255317,90
xgb_top_pct_10,2024-01-31,-0.04049233922950973,-0.04015549712424658,0.00033684210526315796,0.33684210526315794,93
xgb_top_pct_10,2024-02-29,0.05796617971915673,0.05810447759149715,0.00013829787234042557,0.13829787234042556,91
xgb_top_pct_10,2024-03-31,0.0704951290995631,0.07087407646798415,0.0003789473684210526,0.3789473684210526,93
xgb_top_pct_10,2024-04-30,-0.03326278949802459,-0.032994748260911186,0.0002680412371134021,0.2680412371134021,95
xgb_top_pct_10,2024-05-31,0.07543357725545327,0.07561252462387433,0.00017894736842105264,0.17894736842105263,95
xgb_top_pct_10,2024-06-30,-0.031053296780932757,-0.030688713447599422,0.0003645833333333334,0.36458333333333337,95
xgb_top_pct_10,2024-07-31,0.06346162186439966,0.06364718887470894,0.00018556701030927837,0.18556701030927836,96
xgb_top_pct_10,2024-08-31,-0.0036151765111997794,-0.0034212989601793715,0.00019387755102040816,0.19387755102040816,98
xgb_top_pct_10,2024-09-30,0.033374139069848076,0.03372107784535828,0.00034693877551020415,0.34693877551020413,96
xgb_top_pct_10,2024-10-31,0.02412687024324992,0.024341155957535634,0.00021428571428571433,0.2142857142857143,98
xgb_top_pct_10,2024-11-30,0.12638285609707162,0.1265646742788898,0.00018181818181818178,0.18181818181818177,99
xgb_top_pct_10,2024-12-31,-0.059931128338598316,-0.05958112833859831,0.00035,0.35,97
xgb_top_pct_10,2025-01-31,0.02189406445364292,0.022096084655663123,0.000202020202020202,0.202020202020202,96
xgb_top_pct_10,2025-02-28,-0.031387873103570815,-0.031237873103570818,0.00015000000000000004,0.15000000000000002,97
xgb_top_pct_10,2025-03-31,-0.05855037663983791,-0.05838711133371546,0.00016326530612244895,0.16326530612244894,91
xgb_top_pct_10,2025-04-30,-0.04550933749815749,-0.045193010967545244,0.0003163265306122449,0.3163265306122449,96
xgb_top_pct_10,2025-05-31,0.08778627610698214,0.08793060600388936,0.00014432989690721655,0.14432989690721654,97
xgb_top_pct_10,2025-06-30,0.05346663406701397,0.05381357284252417,0.00034693877551020415,0.34693877551020413,96
xgb_top_pct_10,2025-07-31,0.04170059802211462,0.04193292125443785,0.00023232323232323237,0.23232323232323238,99
xgb_top_pct_10,2025-08-31,0.07517431678222868,0.07530562991354181,0.00013131313131313128,0.13131313131313127,98
xgb_top_pct_10,2025-09-30,0.025762671441720692,0.02605267144172069,0.00029000000000000006,0.29000000000000004,98
xgb_top_pct_10,2025-10-31,0.02698407695633245,0.02712407695633245,0.00014000000000000001,0.14,97
xgb_top_pct_10,2025-11-30,-0.0021006646595282973,-0.0019506646595282972,0.00015000000000000004,0.15000000000000002,100
xgb_top_pct_10,2025-12-31,0.02088800784254831,0.021234542496013656,0.0003465346534653465,0.3465346534653465,100
xgb_top_pct_10,2026-01-31,0.06974984521344232,0.0699280630352245,0.00017821782178217827,0.17821782178217827,100
xgb_top_pct_10,2026-02-28,0.06215048793139889,0.06228910179278503,0.00013861386138613863,0.13861386138613863,99
xgb_top_pct_10,2026-03-31,-0.025102359472533836,-0.024904339670553638,0.00019801980198019798,0.19801980198019797,98
xgb_top_pct_10,2026-04-30,0.09909915211200002,0.09945915211200002,0.00035999999999999997,0.36,99
xgb_top_pct_10,2026-05-31,-0.004802178774363634,-0.0046140599624824455,0.00018811881188118807,0.18811881188118806,100
xgb_top_n_50,2005-04-30,-0.09749749821300924,-0.09649749821300924,0.001,1.0,1
xgb_top_n_50,2005-05-31,-0.007120253164557,-0.007120253164557,0.0,0.0,1
xgb_top_n_50,2005-06-30,0.08764940239043817,0.08764940239043817,0.0,0.0,1
xgb_top_n_50,2005-07-31,0.01732123896661336,0.017821238966613362,0.0005,0.5,2
xgb_top_n_50,2005-08-31,0.06253945279013218,0.06253945279013218,0.0,0.0,2
xgb_top_n_50,2005-09-30,0.18483500179402035,0.18483500179402035,0.0,0.0,2
xgb_top_n_50,2005-10-31,-0.09155438778629144,-0.09155438778629144,0.0,0.0,2
xgb_top_n_50,2005-11-30,0.08432330551895773,0.08432330551895773,0.0,0.0,2
xgb_top_n_50,2005-12-31,0.10906014556863985,0.10906014556863985,0.0,0.0,2
xgb_top_n_50,2006-01-31,0.258961894762783,0.258961894762783,0.0,0.0,2
xgb_top_n_50,2006-02-28,-0.06973178327358481,-0.06973178327358481,0.0,0.0,2
xgb_top_n_50,2006-03-31,0.051792161329919706,0.051792161329919706,0.0,0.0,2
xgb_top_n_50,2006-04-30,0.018393384962941607,0.019193384962941606,0.0008,0.8,10
xgb_top_n_50,2006-05-31,-0.07306389439675874,-0.07283312516598951,0.00023076923076923076,0.23076923076923073,13
xgb_top_n_50,2006-06-30,-0.004502593951038813,-0.004121641570086432,0.00038095238095238096,0.38095238095238093,20
xgb_top_n_50,2006-07-31,-0.03644642170545227,-0.035898802657833226,0.0005476190476190477,0.5476190476190477,41
xgb_top_n_50,2006-08-31,0.026155097463126702,0.026263793115300617,0.00010869565217391309,0.10869565217391308,43
xgb_top_n_50,2006-09-30,0.04600458558368244,0.04617125225034911,0.00016666666666666663,0.16666666666666663,47
xgb_top_n_50,2006-10-31,0.050329251335468166,0.05096925133546817,0.00064,0.64,49
xgb_top_n_50,2006-11-30,0.04557302946384236,0.04587302946384236,0.0003000000000000001,0.30000000000000004,46
xgb_top_n_50,2006-12-31,-0.010563706954439799,-0.010303706954439799,0.00026000000000000003,0.26,49
xgb_top_n_50,2007-01-31,0.026510474884428845,0.027210474884428845,0.0007,0.7,50
xgb_top_n_50,2007-02-28,0.019607049356914312,0.019747049356914313,0.00014000000000000001,0.14,47
xgb_top_n_50,2007-03-31,0.009845464206378775,0.010005464206378776,0.00016000000000000004,0.16000000000000003,50
xgb_top_n_50,2007-04-30,0.03132354006657405,0.03162354006657405,0.0003000000000000001,0.30000000000000004,48
xgb_top_n_50,2007-05-31,0.027471573806053758,0.027591573806053756,0.00012,0.12,50
xgb_top_n_50,2007-06-30,-0.02047770166144349,-0.020197701661443492,0.00028000000000000003,0.28,50
xgb_top_n_50,2007-07-31,-0.035667159907993795,-0.03556715990799379,9.999999999999998e-05,0.09999999999999998,49
xgb_top_n_50,2007-08-31,0.00459785208655755,0.00475785208655755,0.00016000000000000004,0.16000000000000003,48
xgb_top_n_50,2007-09-30,0.03006448736600475,0.030384487366004753,0.0003199999999999999,0.31999999999999995,48
xgb_top_n_50,2007-10-31,0.03400098230337764,0.03422098230337764,0.00021999999999999998,0.21999999999999997,49
xgb_top_n_50,2007-11-30,-0.0662058232391896,-0.0660858232391896,0.00012,0.12,47
xgb_top_n_50,2007-12-31,0.0067337013654558105,0.00703370136545581,0.0003000000000000001,0.30000000000000004,47
xgb_top_n_50,2008-01-31,-0.01654670656942345,-0.01638670656942345,0.00016000000000000004,0.16000000000000003,48
xgb_top_n_50,2008-02-29,-0.02064402400023046,-0.02046402400023046,0.00018000000000000007,0.18000000000000005,47
xgb_top_n_50,2008-03-31,-0.021215261864101304,-0.020955261864101304,0.00026000000000000003,0.26,50
xgb_top_n_50,2008-04-30,0.08563085519826498,0.08577085519826498,0.00014000000000000001,0.14,49
xgb_top_n_50,2008-05-31,0.04284897925596109,0.04338897925596109,0.0005400000000000001,0.54,49
xgb_top_n_50,2008-06-30,-0.0720560771505918,-0.0716560771505918,0.0004,0.4,45
xgb_top_n_50,2008-07-31,-0.017782167686934202,-0.017422167686934203,0.00035999999999999997,0.36,47
xgb_top_n_50,2008-08-31,0.035294301143025016,0.03573430114302502,0.00043999999999999996,0.43999999999999995,49
xgb_top_n_50,2008-09-30,-0.11776065876057461,-0.11736065876057461,0.0004,0.4,45
xgb_top_n_50,2008-10-31,-0.17847851079021262,-0.17813851079021262,0.00033999999999999997,0.33999999999999997,42
xgb_top_n_50,2008-11-30,-0.09228173028536159,-0.09190173028536158,0.00038,0.38,43
xgb_top_n_50,2008-12-31,0.07929354734194527,0.07971354734194527,0.00042,0.42000000000000004,49
xgb_top_n_50,2009-01-31,-0.0725533523488103,-0.0722733523488103,0.00028000000000000003,0.28,48
xgb_top_n_50,2009-02-28,-0.09334607656985788,-0.09310607656985788,0.00024,0.24,37
xgb_top_n_50,2009-03-31,0.11876592526071737,0.11910592526071737,0.00033999999999999997,0.33999999999999997,49
xgb_top_n_50,2009-04-30,0.2419847734787474,0.24244477347874738,0.00045999999999999996,0.45999999999999996,49
xgb_top_n_50,2009-05-31,0.07293406099163804,0.07333406099163804,0.0004,0.4,50
xgb_top_n_50,2009-06-30,-0.002784657787206091,-0.002484657787206091,0.0003000000000000001,0.30000000000000004,48
xgb_top_n_50,2009-07-31,0.15073504832700965,0.15099504832700966,0.00026000000000000003,0.26,50
xgb_top_n_50,2009-08-31,0.06419023185410581,0.06453023185410581,0.00033999999999999997,0.33999999999999997,50
xgb_top_n_50,2009-09-30,0.08829081181068249,0.08869081181068249,0.0004,0.4,49
xgb_top_n_50,2009-10-31,-0.0463819534349485,-0.0460619534349485,0.0003199999999999999,0.31999999999999995,45
xgb_top_n_50,2009-11-30,0.05323616091581286,0.053676160915812864,0.00043999999999999996,0.43999999999999995,49
xgb_top_n_50,2009-12-31,0.06837269771713424,0.06887269771713424,0.0005,0.5,50
xgb_top_n_50,2010-01-31,-0.026504899112049604,-0.026224899112049605,0.00028000000000000003,0.28,48
xgb_top_n_50,2010-02-28,0.05689373799723802,0.05709373799723802,0.00019999999999999996,0.19999999999999996,50
xgb_top_n_50,2010-03-31,0.08513043528312852,0.08557043528312852,0.00043999999999999996,0.43999999999999995,50
xgb_top_n_50,2010-04-30,0.05589208113443914,0.05637208113443914,0.00048,0.48,49
xgb_top_n_50,2010-05-31,-0.0929885130257117,-0.0927085130257117,0.00028000000000000003,0.28,47
xgb_top_n_50,2010-06-30,-0.08573689312219884,-0.08531689312219884,0.00042,0.42000000000000004,49
xgb_top_n_50,2010-07-31,0.07558533546339577,0.07600533546339577,0.00042,0.42000000000000004,49
xgb_top_n_50,2010-08-31,-0.03109902160171315,-0.03085902160171315,0.00024,0.24,48
xgb_top_n_50,2010-09-30,0.10721229352079248,0.10765229352079247,0.00043999999999999996,0.43999999999999995,50
xgb_top_n_50,2010-10-31,0.029382285168308174,0.029802285168308174,0.00042,0.42000000000000004,48
xgb_top_n_50,2010-11-30,0.00494262707561567,0.0051626270756156695,0.00021999999999999998,0.21999999999999997,49
xgb_top_n_50,2010-12-31,0.07686365288330409,0.07726365288330408,0.0004,0.4,50
xgb_top_n_50,2011-01-31,0.030790199040886816,0.031050199040886815,0.00026000000000000003,0.26,50
xgb_top_n_50,2011-02-28,0.03444627284943913,0.03472627284943913,0.00028000000000000003,0.28,50
xgb_top_n_50,2011-03-31,0.04629317315931127,0.04653317315931127,0.00024,0.24,50
xgb_top_n_50,2011-04-30,0.04343444667344482,0.04393444667344482,0.0005,0.5,46
xgb_top_n_50,2011-05-31,-0.010279012924221188,-0.009819012924221188,0.00045999999999999996,0.45999999999999996,49
xgb_top_n_50,2011-06-30,-0.03268526062356842,-0.03234526062356842,0.00033999999999999997,0.33999999999999997,49
xgb_top_n_50,2011-07-31,-0.04410461636910905,-0.04370461636910905,0.0004,0.4,46
xgb_top_n_50,2011-08-31,-0.06708906211407331,-0.06686906211407331,0.00021999999999999998,0.21999999999999997,46
xgb_top_n_50,2011-09-30,-0.09973786482224115,-0.09937786482224115,0.00035999999999999997,0.36,43
xgb_top_n_50,2011-10-31,0.15825499138623078,0.15871499138623077,0.00045999999999999996,0.45999999999999996,49
xgb_top_n_50,2011-11-30,0.02088384921733313,0.02108384921733313,0.00019999999999999996,0.19999999999999996,48
xgb_top_n_50,2011-12-31,-0.002039862747395411,-0.001759862747395411,0.00028000000000000003,0.28,50
xgb_top_n_50,2012-01-31,0.11497789161913377,0.11523789161913377,0.00026000000000000003,0.26,49
xgb_top_n_50,2012-02-29,0.0471283892918071,0.0474083892918071,0.00028000000000000003,0.28,49
xgb_top_n_50,2012-03-31,0.000513267740144001,0.0008732677401440009,0.00035999999999999997,0.36,48
xgb_top_n_50,2012-04-30,-0.008129688962231695,-0.007829688962231695,0.0003000000000000001,0.30000000000000004,44
xgb_top_n_50,2012-05-31,-0.05959617414281564,-0.05929617414281564,0.0003000000000000001,0.30000000000000004,49
xgb_top_n_50,2012-06-30,0.03399745828711325,0.03433745828711325,0.00033999999999999997,0.33999999999999997,50
xgb_top_n_50,2012-07-31,-0.005447924869936227,-0.005147924869936227,0.0003000000000000001,0.30000000000000004,50
xgb_top_n_50,2012-08-31,0.05693318473223187,0.05711318473223187,0.00018000000000000007,0.18000000000000005,46
xgb_top_n_50,2012-09-30,0.028308819541452063,0.02868881954145206,0.00038,0.38,50
xgb_top_n_50,2012-10-31,0.013370457928005574,0.013650457928005575,0.00028000000000000003,0.28,48
xgb_top_n_50,2012-11-30,0.006192492534484921,0.0064524925344849205,0.00026000000000000003,0.26,49
xgb_top_n_50,2012-12-31,0.028277707623400997,0.028617707623400997,0.00033999999999999997,0.33999999999999997,49
xgb_top_n_50,2013-01-31,0.06755686641276586,0.06791686641276586,0.00035999999999999997,0.36,49
xgb_top_n_50,2013-02-28,-0.0003030379255890162,-8.303792558901624e-05,0.00021999999999999998,0.21999999999999997,48
xgb_top_n_50,2013-03-31,0.0729302283141665,0.0731902283141665,0.00026000000000000003,0.26,50
xgb_top_n_50,2013-04-30,0.01816867154182243,0.018728671541822433,0.0005600000000000001,0.56,48
xgb_top_n_50,2013-05-31,0.04942397662743519,0.04968397662743519,0.00026000000000000003,0.26,49
xgb_top_n_50,2013-06-30,-0.025386761249581426,-0.024966761249581425,0.00042,0.42000000000000004,46
xgb_top_n_50,2013-07-31,0.0612925509226003,0.0616525509226003,0.00035999999999999997,0.36,50
xgb_top_n_50,2013-08-31,-0.03184661177166924,-0.03162661177166924,0.00021999999999999998,0.21999999999999997,48
xgb_top_n_50,2013-09-30,0.05406248625343213,0.05432248625343213,0.00026000000000000003,0.26,50
xgb_top_n_50,2013-10-31,0.04156443653812656,0.04180443653812656,0.00024,0.24,50
xgb_top_n_50,2013-11-30,0.02728001756523004,0.02752001756523004,0.00024,0.24,49
xgb_top_n_50,2013-12-31,0.016687429272009564,0.017027429272009564,0.00033999999999999997,0.33999999999999997,46
xgb_top_n_50,2014-01-31,-0.02529981641845614,-0.02499981641845614,0.0003000000000000001,0.30000000000000004,49
xgb_top_n_50,2014-02-28,0.06956557884741016,0.06980557884741016,0.00024,0.24,49
xgb_top_n_50,2014-03-31,0.015203198365207473,0.015503198365207473,0.0003000000000000001,0.30000000000000004,49
xgb_top_n_50,2014-04-30,0.017510515230633298,0.018050515230633297,0.0005400000000000001,0.54,47
xgb_top_n_50,2014-05-31,0.02843933418114942,0.028719334181149418,0.00028000000000000003,0.28,49
xgb_top_n_50,2014-06-30,0.04556555090822012,0.04592555090822012,0.00035999999999999997,0.36,50
xgb_top_n_50,2014-07-31,-0.030338563931893672,-0.029998563931893672,0.00033999999999999997,0.33999999999999997,49
xgb_top_n_50,2014-08-31,0.06873549806736833,0.06899549806736832,0.00026000000000000003,0.26,48
xgb_top_n_50,2014-09-30,-0.0592361613014442,-0.058776161301444196,0.00045999999999999996,0.45999999999999996,47
xgb_top_n_50,2014-10-31,0.2538945104396649,0.25421451043966486,0.0003199999999999999,0.31999999999999995,50
xgb_top_n_50,2014-11-30,0.032487299020612946,0.03274729902061295,0.00026000000000000003,0.26,50
xgb_top_n_50,2014-12-31,0.004168573349043344,0.004428573349043344,0.00026000000000000003,0.26,50
xgb_top_n_50,2015-01-31,-0.010743266242239256,-0.010483266242239256,0.00026000000000000003,0.26,47
xgb_top_n_50,2015-02-28,0.07040200953232598,0.07068200953232598,0.00028000000000000003,0.28,49
xgb_top_n_50,2015-03-31,-0.037594031858907875,-0.03735403185890788,0.00024,0.24,48
xgb_top_n_50,2015-04-30,0.03004017215755913,0.03040017215755913,0.00035999999999999997,0.36,50
xgb_top_n_50,2015-05-31,-0.01384585034606881,-0.013405850346068811,0.00043999999999999996,0.43999999999999995,46
xgb_top_n_50,2015-06-30,-0.03338159000563766,-0.03296159000563766,0.00042,0.42000000000000004,49
xgb_top_n_50,2015-07-31,-0.02815269330809301,-0.02791269330809301,0.00024,0.24,48
xgb_top_n_50,2015-08-31,-0.041286568826425916,-0.04088656882642592,0.0004,0.4,46
xgb_top_n_50,2015-09-30,-0.03311509316789978,-0.03275509316789978,0.00035999999999999997,0.36,48
xgb_top_n_50,2015-10-31,0.05778956993233425,0.058049569932334254,0.00026000000000000003,0.26,50
xgb_top_n_50,2015-11-30,0.01854669289698187,0.01878669289698187,0.00024,0.24,48
xgb_top_n_50,2015-12-31,-0.03084154033568721,-0.03050154033568721,0.00033999999999999997,0.33999999999999997,50
xgb_top_n_50,2016-01-31,-0.08196291077614415,-0.08178291077614415,0.00018000000000000007,0.18000000000000005,47
xgb_top_n_50,2016-02-29,0.049224903310415916,0.04952490331041592,0.0003000000000000001,0.30000000000000004,50
xgb_top_n_50,2016-03-31,0.12206633466647934,0.12242633466647934,0.00035999999999999997,0.36,50
xgb_top_n_50,2016-04-30,0.06452514243940492,0.06482514243940492,0.0003000000000000001,0.30000000000000004,49
xgb_top_n_50,2016-05-31,0.034580737824309205,0.034880737824309206,0.0003000000000000001,0.30000000000000004,48
xgb_top_n_50,2016-06-30,0.023821901018457374,0.024161901018457374,0.00033999999999999997,0.33999999999999997,50
xgb_top_n_50,2016-07-31,0.09423552572450371,0.0945355257245037,0.0003000000000000001,0.30000000000000004,50
xgb_top_n_50,2016-08-31,0.0016960892951404995,0.0019360892951404995,0.00024,0.24,50
xgb_top_n_50,2016-09-30,0.013018610991607608,0.013438610991607609,0.00042,0.42000000000000004,50
xgb_top_n_50,2016-10-31,-0.01137978144316856,-0.011139781443168559,0.00024,0.24,50
xgb_top_n_50,2016-11-30,0.07573732957262334,0.07595732957262334,0.00021999999999999998,0.21999999999999997,50
xgb_top_n_50,2016-12-31,0.020272435092963358,0.02059243509296336,0.0003199999999999999,0.31999999999999995,50
xgb_top_n_50,2017-01-31,0.04413662737812186,0.044516627378121856,0.00038,0.38,50
xgb_top_n_50,2017-02-28,0.011145320563893325,0.011385320563893325,0.00024,0.24,49
xgb_top_n_50,2017-03-31,0.01858014965029014,0.018780149650290137,0.00019999999999999996,0.19999999999999996,48
xgb_top_n_50,2017-04-30,0.01936273409635046,0.01986273409635046,0.0005,0.5,50
xgb_top_n_50,2017-05-31,-0.007889513713703415,-0.007609513713703415,0.00028000000000000003,0.28,50
xgb_top_n_50,2017-06-30,0.020338827941119443,0.020618827941119442,0.00028000000000000003,0.28,48
xgb_top_n_50,2017-07-31,0.03094033449934055,0.031160334499340553,0.00021999999999999998,0.21999999999999997,50
xgb_top_n_50,2017-08-31,-0.01677525337796048,-0.01657525337796048,0.00019999999999999996,0.19999999999999996,50
xgb_top_n_50,2017-09-30,0.07874860632778745,0.07902860632778745,0.00028000000000000003,0.28,49
xgb_top_n_50,2017-10-31,0.028192370623113916,0.028452370623113916,0.00026000000000000003,0.26,48
xgb_top_n_50,2017-11-30,0.0415969366300846,0.041776936630084596,0.00018000000000000007,0.18000000000000005,50
xgb_top_n_50,2017-12-31,0.036506027098010964,0.03690602709801096,0.0004,0.4,50
xgb_top_n_50,2018-01-31,0.06238717789987091,0.06264717789987091,0.00026000000000000003,0.26,50
xgb_top_n_50,2018-02-28,-0.0267014253512051,-0.026501425351205102,0.00019999999999999996,0.19999999999999996,49
xgb_top_n_50,2018-03-31,-0.00398076917289137,-0.0038207691728913695,0.00016000000000000004,0.16000000000000003,50
xgb_top_n_50,2018-04-30,0.02179282688236681,0.02219282688236681,0.0004,0.4,50
xgb_top_n_50,2018-05-31,0.040167404659243,0.040347404659243,0.00018000000000000007,0.18000000000000005,48
xgb_top_n_50,2018-06-30,0.034192549016742124,0.03461254901674212,0.00042,0.42000000000000004,49
xgb_top_n_50,2018-07-31,0.020387266736761254,0.020787266736761255,0.0004,0.4,50
xgb_top_n_50,2018-08-31,0.021837320281609528,0.022017320281609527,0.00018000000000000007,0.18000000000000005,47
xgb_top_n_50,2018-09-30,0.0020361236573377497,0.0023761236573377497,0.00033999999999999997,0.33999999999999997,47
xgb_top_n_50,2018-10-31,-0.07679444552961219,-0.07661444552961219,0.00018000000000000007,0.18000000000000005,50
xgb_top_n_50,2018-11-30,0.02362790606141023,0.02380790606141023,0.00018000000000000007,0.18000000000000005,49
xgb_top_n_50,2018-12-31,-0.09379108052710695,-0.09345108052710696,0.00033999999999999997,0.33999999999999997,49
xgb_top_n_50,2019-01-31,0.11546218121973915,0.11572218121973915,0.00026000000000000003,0.26,50
xgb_top_n_50,2019-02-28,0.049872151556064094,0.050152151556064097,0.00028000000000000003,0.28,48
xgb_top_n_50,2019-03-31,-0.017475616389026324,-0.017215616389026325,0.00026000000000000003,0.26,48
xgb_top_n_50,2019-04-30,0.03698390908851519,0.03754390908851519,0.0005600000000000001,0.56,49
xgb_top_n_50,2019-05-31,-0.07765117291433682,-0.07747117291433682,0.00018000000000000007,0.18000000000000005,48
xgb_top_n_50,2019-06-30,0.11238494199489195,0.11278494199489195,0.0004,0.4,49
xgb_top_n_50,2019-07-31,0.028657553562315866,0.028977553562315867,0.0003199999999999999,0.31999999999999995,49
xgb_top_n_50,2019-08-31,-0.07555711181302463,-0.07529711181302463,0.00026000000000000003,0.26,47
xgb_top_n_50,2019-09-30,0.08934406162495563,0.08956406162495563,0.00021999999999999998,0.21999999999999997,50
xgb_top_n_50,2019-10-31,0.007569850480790701,0.007789850480790701,0.00021999999999999998,0.21999999999999997,49
xgb_top_n_50,2019-11-30,0.06886748980183352,0.06908748980183352,0.00021999999999999998,0.21999999999999997,50
xgb_top_n_50,2019-12-31,0.0709308815998994,0.0712108815998994,0.00028000000000000003,0.28,48
xgb_top_n_50,2020-01-31,-0.027917663301681796,-0.027657663301681797,0.00026000000000000003,0.26,49
xgb_top_n_50,2020-02-29,-0.08831660114380349,-0.08811660114380349,0.00019999999999999996,0.19999999999999996,48
xgb_top_n_50,2020-03-31,-0.20843109657906372,-0.20805109657906373,0.00038,0.38,42
xgb_top_n_50,2020-04-30,0.18591047480176012,0.18629047480176011,0.00038,0.38,50
xgb_top_n_50,2020-05-31,0.08898460862581177,0.08922460862581177,0.00024,0.24,49
xgb_top_n_50,2020-06-30,0.05948584419627256,0.05994584419627256,0.00045999999999999996,0.45999999999999996,49
xgb_top_n_50,2020-07-31,0.060431425908592865,0.06069142590859287,0.00026000000000000003,0.26,48
xgb_top_n_50,2020-08-31,0.0760457224570816,0.0762657224570816,0.00021999999999999998,0.21999999999999997,49
xgb_top_n_50,2020-09-30,-0.04125042290864723,-0.040970422908647226,0.00028000000000000003,0.28,48
xgb_top_n_50,2020-10-31,0.053532475630545716,0.053752475630545714,0.00021999999999999998,0.21999999999999997,49
xgb_top_n_50,2020-11-30,0.23697273047498288,0.23717273047498288,0.00019999999999999996,0.19999999999999996,50
xgb_top_n_50,2020-12-31,0.06314845357507223,0.06348845357507223,0.00033999999999999997,0.33999999999999997,50
xgb_top_n_50,2021-01-31,0.02997110347292168,0.03021110347292168,0.00024,0.24,50
xgb_top_n_50,2021-02-28,0.06246377744103312,0.06262377744103312,0.00016000000000000004,0.16000000000000003,49
xgb_top_n_50,2021-03-31,0.031213164500735205,0.031373164500735205,0.00016000000000000004,0.16000000000000003,50
xgb_top_n_50,2021-04-30,0.03521946018436294,0.03557946018436294,0.00035999999999999997,0.36,48
xgb_top_n_50,2021-05-31,0.04409902394140311,0.04435902394140311,0.00026000000000000003,0.26,50
xgb_top_n_50,2021-06-30,-0.02237184758226389,-0.021991847582263892,0.00038,0.38,49
xgb_top_n_50,2021-07-31,-0.02479766637599598,-0.02461766637599598,0.00018000000000000007,0.18000000000000005,50
xgb_top_n_50,2021-08-31,-0.011021372975378236,-0.010741372975378236,0.00028000000000000003,0.28,46
xgb_top_n_50,2021-09-30,-0.027697493680821732,-0.02737749368082173,0.0003199999999999999,0.31999999999999995,49
xgb_top_n_50,2021-10-31,0.044808490429471264,0.04506849042947127,0.00026000000000000003,0.26,50
xgb_top_n_50,2021-11-30,-0.020285693598582972,-0.020185693598582972,9.999999999999998e-05,0.09999999999999998,50
xgb_top_n_50,2021-12-31,0.08330257568083634,0.08362257568083634,0.0003199999999999999,0.31999999999999995,50
xgb_top_n_50,2022-01-31,-0.03537720278480083,-0.03519720278480083,0.00018000000000000007,0.18000000000000005,49
xgb_top_n_50,2022-02-28,0.04960736295071794,0.049847362950717934,0.00024,0.24,50
xgb_top_n_50,2022-03-31,0.026795229149489196,0.027115229149489196,0.0003199999999999999,0.31999999999999995,49
xgb_top_n_50,2022-04-30,-0.1014004101531516,-0.1010204101531516,0.00038,0.38,48
xgb_top_n_50,2022-05-31,0.009081602791274871,0.009341602791274871,0.00026000000000000003,0.26,49
xgb_top_n_50,2022-06-30,-0.1276908825193574,-0.12715088251935738,0.0005400000000000001,0.54,48
xgb_top_n_50,2022-07-31,0.12565172259758012,0.1259517225975801,0.0003000000000000001,0.30000000000000004,50
xgb_top_n_50,2022-08-31,-0.046855886791598966,-0.04667588679159897,0.00018000000000000007,0.18000000000000005,50
xgb_top_n_50,2022-09-30,-0.1121221662388685,-0.11178216623886851,0.00033999999999999997,0.33999999999999997,47
xgb_top_n_50,2022-10-31,0.12105095413186238,0.12129095413186239,0.00024,0.24,50
xgb_top_n_50,2022-11-30,0.07298839458648647,0.07314839458648646,0.00016000000000000004,0.16000000000000003,49
xgb_top_n_50,2022-12-31,-0.06292183889650982,-0.062461838896509816,0.00045999999999999996,0.45999999999999996,49
xgb_top_n_50,2023-01-31,0.13459669857470788,0.13483669857470787,0.00024,0.24,49
xgb_top_n_50,2023-02-28,-0.03426304433939198,-0.03404304433939198,0.00021999999999999998,0.21999999999999997,48
xgb_top_n_50,2023-03-31,0.0004849813640371497,0.0006649813640371497,0.00018000000000000007,0.18000000000000005,47
xgb_top_n_50,2023-04-30,0.01224027933230455,0.01276027933230455,0.0005200000000000001,0.52,47
xgb_top_n_50,2023-05-31,0.003918114548038552,0.004178114548038552,0.00026000000000000003,0.26,50
xgb_top_n_50,2023-06-30,0.10761732141102259,0.10809732141102259,0.00048,0.48,50
xgb_top_n_50,2023-07-31,0.07236393795542496,0.07270393795542496,0.00033999999999999997,0.33999999999999997,49
xgb_top_n_50,2023-08-31,-0.043555025096611015,-0.04327502509661101,0.00028000000000000003,0.28,47
xgb_top_n_50,2023-09-30,-0.060752124409567475,-0.06029212440956747,0.00045999999999999996,0.45999999999999996,48
xgb_top_n_50,2023-10-31,-0.0640013557800683,-0.0637613557800683,0.00024,0.24,44
xgb_top_n_50,2023-11-30,0.09153955517364866,0.09179955517364866,0.00026000000000000003,0.26,50
xgb_top_n_50,2023-12-31,0.12015090668475407,0.12047090668475408,0.0003199999999999999,0.31999999999999995,49
xgb_top_n_50,2024-01-31,-0.06138309082776991,-0.06104309082776991,0.00033999999999999997,0.33999999999999997,49
xgb_top_n_50,2024-02-29,0.06636621262983824,0.06650621262983825,0.00014000000000000001,0.14,48
xgb_top_n_50,2024-03-31,0.06950075344445743,0.06996075344445743,0.00045999999999999996,0.45999999999999996,49
xgb_top_n_50,2024-04-30,-0.03091010162659188,-0.03069010162659188,0.00021999999999999998,0.21999999999999997,49
xgb_top_n_50,2024-05-31,0.06508469209710473,0.06534469209710472,0.00026000000000000003,0.26,50
xgb_top_n_50,2024-06-30,-0.016799121403196293,-0.016439121403196293,0.00035999999999999997,0.36,49
xgb_top_n_50,2024-07-31,0.07517079969357314,0.07535079969357314,0.00018000000000000007,0.18000000000000005,49
xgb_top_n_50,2024-08-31,-0.000713733666859375,-0.00041373366685937496,0.0003000000000000001,0.30000000000000004,50
xgb_top_n_50,2024-09-30,0.02745405902781985,0.02781405902781985,0.00035999999999999997,0.36,49
xgb_top_n_50,2024-10-31,0.038103390009810105,0.0383233900098101,0.00021999999999999998,0.21999999999999997,50
xgb_top_n_50,2024-11-30,0.15557129883620263,0.15575129883620265,0.00018000000000000007,0.18000000000000005,50
xgb_top_n_50,2024-12-31,-0.065261013399937,-0.064881013399937,0.00038,0.38,49
xgb_top_n_50,2025-01-31,0.018506226038035957,0.018826226038035958,0.0003199999999999999,0.31999999999999995,47
xgb_top_n_50,2025-02-28,-0.0233763314995894,-0.0231963314995894,0.00018000000000000007,0.18000000000000005,49
xgb_top_n_50,2025-03-31,-0.06340936124962848,-0.06324936124962849,0.00016000000000000004,0.16000000000000003,49
xgb_top_n_50,2025-04-30,-0.046865537868017726,-0.04644553786801773,0.00042,0.42000000000000004,48
xgb_top_n_50,2025-05-31,0.08705595108650173,0.08727595108650173,0.00021999999999999998,0.21999999999999997,50
xgb_top_n_50,2025-06-30,0.05953868500569638,0.05983868500569638,0.0003000000000000001,0.30000000000000004,48
xgb_top_n_50,2025-07-31,0.04385062112750297,0.04405062112750297,0.00019999999999999996,0.19999999999999996,50
xgb_top_n_50,2025-08-31,0.06826595296472535,0.06840595296472535,0.00014000000000000001,0.14,49
xgb_top_n_50,2025-09-30,0.022723029238094855,0.023043029238094856,0.0003199999999999999,0.31999999999999995,48
xgb_top_n_50,2025-10-31,0.0482227316063773,0.0484027316063773,0.00018000000000000007,0.18000000000000005,49
xgb_top_n_50,2025-11-30,-0.006219112931943731,-0.006059112931943731,0.00016000000000000004,0.16000000000000003,50
xgb_top_n_50,2025-12-31,0.012664654137897696,0.012964654137897696,0.0003000000000000001,0.30000000000000004,50
xgb_top_n_50,2026-01-31,0.0892319998404729,0.08933199984047291,9.999999999999998e-05,0.09999999999999998,49
xgb_top_n_50,2026-02-28,0.0831876874931456,0.0833276874931456,0.00014000000000000001,0.14,49
xgb_top_n_50,2026-03-31,0.013239054422173957,0.013379054422173957,0.00014000000000000001,0.14,48
xgb_top_n_50,2026-04-30,0.1435053391893222,0.1439453391893222,0.00043999999999999996,0.43999999999999995,49
xgb_top_n_50,2026-05-31,-0.011490103981420528,-0.011290103981420527,0.00019999999999999996,0.19999999999999996,49
xgb_top_n_25,2005-04-30,-0.09749749821300924,-0.09649749821300924,0.001,1.0,1
xgb_top_n_25,2005-05-31,-0.007120253164557,-0.007120253164557,0.0,0.0,1
xgb_top_n_25,2005-06-30,0.08764940239043817,0.08764940239043817,0.0,0.0,1
xgb_top_n_25,2005-07-31,0.01732123896661336,0.017821238966613362,0.0005,0.5,2
xgb_top_n_25,2005-08-31,0.06253945279013218,0.06253945279013218,0.0,0.0,2
xgb_top_n_25,2005-09-30,0.18483500179402035,0.18483500179402035,0.0,0.0,2
xgb_top_n_25,2005-10-31,-0.09155438778629144,-0.09155438778629144,0.0,0.0,2
xgb_top_n_25,2005-11-30,0.08432330551895773,0.08432330551895773,0.0,0.0,2
xgb_top_n_25,2005-12-31,0.10906014556863985,0.10906014556863985,0.0,0.0,2
xgb_top_n_25,2006-01-31,0.258961894762783,0.258961894762783,0.0,0.0,2
xgb_top_n_25,2006-02-28,-0.06973178327358481,-0.06973178327358481,0.0,0.0,2
xgb_top_n_25,2006-03-31,0.051792161329919706,0.051792161329919706,0.0,0.0,2
xgb_top_n_25,2006-04-30,0.018393384962941607,0.019193384962941606,0.0008,0.8,10
xgb_top_n_25,2006-05-31,-0.07306389439675874,-0.07283312516598951,0.00023076923076923076,0.23076923076923073,13
xgb_top_n_25,2006-06-30,-0.004502593951038813,-0.004121641570086432,0.00038095238095238096,0.38095238095238093,20
xgb_top_n_25,2006-07-31,-0.03170867364049815,-0.031188673640498144,0.0005200000000000001,0.52,24
xgb_top_n_25,2006-08-31,0.019317580039533794,0.019557580039533794,0.00024,0.24,24
xgb_top_n_25,2006-09-30,0.05523140904104992,0.055511409041049925,0.00028000000000000003,0.28,24
xgb_top_n_25,2006-10-31,0.06648438728220381,0.0672443872822038,0.00076,0.76,25
xgb_top_n_25,2006-11-30,0.042914328314417084,0.04319432831441709,0.00028000000000000003,0.28,24
xgb_top_n_25,2006-12-31,-0.012638934100735005,-0.012358934100735004,0.00028000000000000003,0.28,25
xgb_top_n_25,2007-01-31,0.012783163115874525,0.013543163115874526,0.00076,0.76,25
xgb_top_n_25,2007-02-28,0.03186608768908719,0.03202608768908719,0.00016000000000000004,0.16000000000000003,24
xgb_top_n_25,2007-03-31,0.015664089216310663,0.01586408921631066,0.00019999999999999996,0.19999999999999996,25
xgb_top_n_25,2007-04-30,0.024140261720122676,0.024460261720122677,0.0003199999999999999,0.31999999999999995,25
xgb_top_n_25,2007-05-31,0.05240826601237884,0.05260826601237884,0.00019999999999999996,0.19999999999999996,25
xgb_top_n_25,2007-06-30,-0.017145971696465905,-0.016865971696465906,0.00028000000000000003,0.28,25
xgb_top_n_25,2007-07-31,-0.01864361394441179,-0.018523613944411793,0.00012,0.12,24
xgb_top_n_25,2007-08-31,0.005351596480107337,0.005671596480107337,0.0003199999999999999,0.31999999999999995,23
xgb_top_n_25,2007-09-30,0.05059797624789789,0.05099797624789789,0.0004,0.4,24
xgb_top_n_25,2007-10-31,0.01429555343271617,0.01453555343271617,0.00024,0.24,25
xgb_top_n_25,2007-11-30,-0.10356629451503241,-0.1033662945150324,0.00019999999999999996,0.19999999999999996,23
xgb_top_n_25,2007-12-31,-0.01342327289811111,-0.01302327289811111,0.0004,0.4,22
xgb_top_n_25,2008-01-31,0.023238499296819967,0.023478499296819968,0.00024,0.24,25
xgb_top_n_25,2008-02-29,-0.037031667335050915,-0.03675166733505091,0.00028000000000000003,0.28,22
xgb_top_n_25,2008-03-31,-0.020402224022575584,-0.020042224022575585,0.00035999999999999997,0.36,25
xgb_top_n_25,2008-04-30,0.07302087393734075,0.07314087393734074,0.00012,0.12,25
xgb_top_n_25,2008-05-31,0.04884432919016774,0.049444329190167745,0.0006000000000000001,0.6,24
xgb_top_n_25,2008-06-30,-0.09549847357825453,-0.09497847357825452,0.0005200000000000001,0.52,22
xgb_top_n_25,2008-07-31,-0.0300054127432013,-0.0296054127432013,0.0004,0.4,22
xgb_top_n_25,2008-08-31,0.053249657904294916,0.05368965790429492,0.00043999999999999996,0.43999999999999995,24
xgb_top_n_25,2008-09-30,-0.11123938757451364,-0.11075938757451365,0.00048,0.48,22
xgb_top_n_25,2008-10-31,-0.1376421834123076,-0.1372421834123076,0.0004,0.4,21
xgb_top_n_25,2008-11-30,-0.08606205983135194,-0.08558205983135195,0.00048,0.48,20
xgb_top_n_25,2008-12-31,0.07345758536968851,0.07397758536968851,0.0005200000000000001,0.52,24
xgb_top_n_25,2009-01-31,-0.06681924328355843,-0.06637924328355843,0.00043999999999999996,0.43999999999999995,23
xgb_top_n_25,2009-02-28,-0.08460934515119789,-0.08420934515119789,0.0004,0.4,18
xgb_top_n_25,2009-03-31,0.09185000611243722,0.09229000611243722,0.00043999999999999996,0.43999999999999995,24
xgb_top_n_25,2009-04-30,0.30683147765371227,0.3073914776537123,0.0005600000000000001,0.56,25
xgb_top_n_25,2009-05-31,0.06752360236325779,0.06792360236325778,0.0004,0.4,25
xgb_top_n_25,2009-06-30,-0.004791568171385239,-0.004471568171385239,0.0003199999999999999,0.31999999999999995,24
xgb_top_n_25,2009-07-31,0.13948760289506149,0.13980760289506147,0.0003199999999999999,0.31999999999999995,25
xgb_top_n_25,2009-08-31,0.07418486911597663,0.07466486911597663,0.00048,0.48,25
xgb_top_n_25,2009-09-30,0.09267054571635054,0.09327054571635054,0.0006000000000000001,0.6,25
xgb_top_n_25,2009-10-31,-0.059723846631618775,-0.059363846631618776,0.00035999999999999997,0.36,22
xgb_top_n_25,2009-11-30,0.07263111599712495,0.07327111599712495,0.00064,0.64,24
xgb_top_n_25,2009-12-31,0.06230137349396985,0.06286137349396985,0.0005600000000000001,0.56,25
xgb_top_n_25,2010-01-31,-0.02668923577849233,-0.026369235778492327,0.0003199999999999999,0.31999999999999995,23
xgb_top_n_25,2010-02-28,0.05011787907693811,0.050437879076938114,0.0003199999999999999,0.31999999999999995,25
xgb_top_n_25,2010-03-31,0.09208117693997003,0.09268117693997004,0.0006000000000000001,0.6,25
xgb_top_n_25,2010-04-30,0.04730798176832367,0.04774798176832367,0.00043999999999999996,0.43999999999999995,25
xgb_top_n_25,2010-05-31,-0.0960987728993664,-0.0958587728993664,0.00024,0.24,24
xgb_top_n_25,2010-06-30,-0.08736984662164071,-0.08692984662164072,0.00043999999999999996,0.43999999999999995,25
xgb_top_n_25,2010-07-31,0.06904777519451025,0.06948777519451024,0.00043999999999999996,0.43999999999999995,25
xgb_top_n_25,2010-08-31,-0.05570218248609889,-0.05538218248609889,0.0003199999999999999,0.31999999999999995,24
xgb_top_n_25,2010-09-30,0.10633080633024193,0.10689080633024194,0.0005600000000000001,0.56,25
xgb_top_n_25,2010-10-31,0.016921672016234488,0.01740167201623449,0.00048,0.48,24
xgb_top_n_25,2010-11-30,-0.007110059733228295,-0.006990059733228295,0.00012,0.12,24
xgb_top_n_25,2010-12-31,0.07504374174839765,0.07548374174839764,0.00043999999999999996,0.43999999999999995,25
xgb_top_n_25,2011-01-31,0.03866602539872792,0.039066025398727916,0.0004,0.4,25
xgb_top_n_25,2011-02-28,0.040261152110877274,0.04062115211087727,0.00035999999999999997,0.36,25
xgb_top_n_25,2011-03-31,0.04766351842640149,0.04782351842640149,0.00016000000000000004,0.16000000000000003,25
xgb_top_n_25,2011-04-30,0.03955834966476043,0.04019834966476043,0.00064,0.64,23
xgb_top_n_25,2011-05-31,-0.006846755220965992,-0.006366755220965992,0.00048,0.48,25
xgb_top_n_25,2011-06-30,-0.04117938578481829,-0.04085938578481829,0.0003199999999999999,0.31999999999999995,24
xgb_top_n_25,2011-07-31,-0.03668911897587953,-0.03612911897587953,0.0005600000000000001,0.56,22
xgb_top_n_25,2011-08-31,-0.053432985635193775,-0.05319298563519378,0.00024,0.24,24
xgb_top_n_25,2011-09-30,-0.10587175159206853,-0.10547175159206854,0.0004,0.4,20
xgb_top_n_25,2011-10-31,0.14199281136175967,0.14251281136175967,0.0005200000000000001,0.52,24
xgb_top_n_25,2011-11-30,0.030690262151195562,0.03097026215119556,0.00028000000000000003,0.28,23
xgb_top_n_25,2011-12-31,0.035522114121850044,0.035842114121850045,0.0003199999999999999,0.31999999999999995,25
xgb_top_n_25,2012-01-31,0.0932848983748321,0.0936448983748321,0.00035999999999999997,0.36,24
xgb_top_n_25,2012-02-29,0.048872860395368055,0.049192860395368056,0.0003199999999999999,0.31999999999999995,25
xgb_top_n_25,2012-03-31,-0.017251675231277266,-0.016931675231277265,0.0003199999999999999,0.31999999999999995,24
xgb_top_n_25,2012-04-30,-0.009167881595892716,-0.008847881595892717,0.0003199999999999999,0.31999999999999995,21
xgb_top_n_25,2012-05-31,-0.07763723696419508,-0.07727723696419508,0.00035999999999999997,0.36,24
xgb_top_n_25,2012-06-30,0.03291755066038957,0.03331755066038957,0.0004,0.4,25
xgb_top_n_25,2012-07-31,0.020652778094326144,0.021012778094326143,0.00035999999999999997,0.36,25
xgb_top_n_25,2012-08-31,0.07039328052826141,0.0707932805282614,0.0004,0.4,21
xgb_top_n_25,2012-09-30,0.029954509103484676,0.030434509103484678,0.00048,0.48,25
xgb_top_n_25,2012-10-31,0.01464646739045394,0.014966467390453939,0.0003199999999999999,0.31999999999999995,24
xgb_top_n_25,2012-11-30,0.003205302987458119,0.003565302987458119,0.00035999999999999997,0.36,25
xgb_top_n_25,2012-12-31,0.014500941084062156,0.015020941084062156,0.0005200000000000001,0.52,24
xgb_top_n_25,2013-01-31,0.0665647838067665,0.06708478380676651,0.0005200000000000001,0.52,25
xgb_top_n_25,2013-02-28,-0.01933856689005011,-0.019058566890050112,0.00028000000000000003,0.28,24
xgb_top_n_25,2013-03-31,0.09099303969458769,0.0912330396945877,0.00024,0.24,25
xgb_top_n_25,2013-04-30,0.026143196517828215,0.026743196517828215,0.0006000000000000001,0.6,25
xgb_top_n_25,2013-05-31,0.07832656565253045,0.07852656565253045,0.00019999999999999996,0.19999999999999996,24
xgb_top_n_25,2013-06-30,-0.03363732548421472,-0.03319732548421472,0.00043999999999999996,0.43999999999999995,23
xgb_top_n_25,2013-07-31,0.03954199175692502,0.04006199175692502,0.0005200000000000001,0.52,25
xgb_top_n_25,2013-08-31,-0.038180738141342214,-0.03794073814134222,0.00024,0.24,24
xgb_top_n_25,2013-09-30,0.05498675427975802,0.05538675427975802,0.0004,0.4,25
xgb_top_n_25,2013-10-31,0.03300207827688107,0.03336207827688107,0.00035999999999999997,0.36,25
xgb_top_n_25,2013-11-30,0.034826563453086386,0.03514656345308639,0.0003199999999999999,0.31999999999999995,24
xgb_top_n_25,2013-12-31,0.03240949824301455,0.032809498243014545,0.0004,0.4,23
xgb_top_n_25,2014-01-31,-0.03721453721846028,-0.036894537218460276,0.0003199999999999999,0.31999999999999995,24
xgb_top_n_25,2014-02-28,0.06630793076207724,0.06658793076207724,0.00028000000000000003,0.28,24
xgb_top_n_25,2014-03-31,0.022708772000664148,0.023068772000664147,0.00035999999999999997,0.36,24
xgb_top_n_25,2014-04-30,0.007336737546082495,0.007976737546082495,0.00064,0.64,23
xgb_top_n_25,2014-05-31,0.03382783270838608,0.03418783270838608,0.00035999999999999997,0.36,24
xgb_top_n_25,2014-06-30,0.056310314338556725,0.05675031433855673,0.00043999999999999996,0.43999999999999995,25
xgb_top_n_25,2014-07-31,-0.0295040091743468,-0.029264009174346798,0.00024,0.24,24
xgb_top_n_25,2014-08-31,0.06453692783141447,0.06485692783141447,0.0003199999999999999,0.31999999999999995,24
xgb_top_n_25,2014-09-30,-0.055659876649837695,-0.0550998766498377,0.0005600000000000001,0.56,23
xgb_top_n_25,2014-10-31,0.01622529120204759,0.01662529120204759,0.0004,0.4,25
xgb_top_n_25,2014-11-30,0.010568425835993872,0.010888425835993872,0.0003199999999999999,0.31999999999999995,25
xgb_top_n_25,2014-12-31,-0.0008295733080890728,-0.000509573308089073,0.0003199999999999999,0.31999999999999995,25
xgb_top_n_25,2015-01-31,-0.021799274763041585,-0.021599274763041586,0.00019999999999999996,0.19999999999999996,23
xgb_top_n_25,2015-02-28,0.08396808367036006,0.08424808367036006,0.00028000000000000003,0.28,25
xgb_top_n_25,2015-03-31,-0.0375103959155958,-0.0371903959155958,0.0003199999999999999,0.31999999999999995,24
xgb_top_n_25,2015-04-30,0.01585854992347255,0.016338549923472553,0.00048,0.48,25
xgb_top_n_25,2015-05-31,-0.007100083651121067,-0.006660083651121067,0.00043999999999999996,0.43999999999999995,24
xgb_top_n_25,2015-06-30,-0.04717738236748724,-0.046577382367487236,0.0006000000000000001,0.6,24
xgb_top_n_25,2015-07-31,-0.02413632643057925,-0.023816326430579248,0.0003199999999999999,0.31999999999999995,23
xgb_top_n_25,2015-08-31,-0.02828622486968936,-0.02776622486968936,0.0005200000000000001,0.52,22
xgb_top_n_25,2015-09-30,-0.03357745188919216,-0.03305745188919216,0.0005200000000000001,0.52,23
xgb_top_n_25,2015-10-31,0.06805997610923094,0.06817997610923093,0.00012,0.12,25
xgb_top_n_25,2015-11-30,0.031743950447120126,0.03198395044712012,0.00024,0.24,24
xgb_top_n_25,2015-12-31,-0.021385026961989604,-0.020985026961989603,0.0004,0.4,25
xgb_top_n_25,2016-01-31,-0.060155484794223626,-0.05995548479422363,0.00019999999999999996,0.19999999999999996,23
xgb_top_n_25,2016-02-29,0.04643571639316915,0.04675571639316915,0.0003199999999999999,0.31999999999999995,25
xgb_top_n_25,2016-03-31,0.11323009089978041,0.1136700908997804,0.00043999999999999996,0.43999999999999995,25
xgb_top_n_25,2016-04-30,0.09031676749134714,0.09063676749134714,0.0003199999999999999,0.31999999999999995,24
xgb_top_n_25,2016-05-31,0.06402147190431262,0.06434147190431262,0.0003199999999999999,0.31999999999999995,25
xgb_top_n_25,2016-06-30,-0.022598463648069906,-0.022238463648069907,0.00035999999999999997,0.36,25
xgb_top_n_25,2016-07-31,0.1166909744186657,0.1170509744186657,0.00035999999999999997,0.36,25
xgb_top_n_25,2016-08-31,-0.0008624127183988326,-0.0006224127183988326,0.00024,0.24,25
xgb_top_n_25,2016-09-30,0.039453441374519,0.039733441374519,0.00028000000000000003,0.28,25
xgb_top_n_25,2016-10-31,-0.024710508125188862,-0.024350508125188863,0.00035999999999999997,0.36,25
xgb_top_n_25,2016-11-30,0.06019377633691819,0.06067377633691819,0.00048,0.48,25
xgb_top_n_25,2016-12-31,0.006839768163203574,0.007199768163203574,0.00035999999999999997,0.36,25
xgb_top_n_25,2017-01-31,0.05310328555613225,0.05342328555613225,0.0003199999999999999,0.31999999999999995,25
xgb_top_n_25,2017-02-28,0.018332424033093354,0.018492424033093355,0.00016000000000000004,0.16000000000000003,25
xgb_top_n_25,2017-03-31,0.023859499839317202,0.0240594998393172,0.00019999999999999996,0.19999999999999996,24
xgb_top_n_25,2017-04-30,0.014864633851150227,0.015504633851150227,0.00064,0.64,25
xgb_top_n_25,2017-05-31,0.016212332870870056,0.016412332870870055,0.00019999999999999996,0.19999999999999996,25
xgb_top_n_25,2017-06-30,0.027782084007925027,0.028222084007925027,0.00043999999999999996,0.43999999999999995,24
xgb_top_n_25,2017-07-31,0.035775862091833324,0.035935862091833325,0.00016000000000000004,0.16000000000000003,25
xgb_top_n_25,2017-08-31,-0.008514991641675681,-0.00831499164167568,0.00019999999999999996,0.19999999999999996,25
xgb_top_n_25,2017-09-30,0.0800747540875695,0.0804347540875695,0.00035999999999999997,0.36,25
xgb_top_n_25,2017-10-31,0.018721030195401278,0.019001030195401277,0.00028000000000000003,0.28,24
xgb_top_n_25,2017-11-30,0.029278414057231236,0.029478414057231235,0.00019999999999999996,0.19999999999999996,25
xgb_top_n_25,2017-12-31,0.00948893797460976,0.00996893797460976,0.00048,0.48,25
xgb_top_n_25,2018-01-31,0.07340630688488196,0.07376630688488196,0.00035999999999999997,0.36,25
xgb_top_n_25,2018-02-28,-0.062267595882841274,-0.06198759588284127,0.00028000000000000003,0.28,24
xgb_top_n_25,2018-03-31,-0.013082529877929279,-0.012882529877929278,0.00019999999999999996,0.19999999999999996,25
xgb_top_n_25,2018-04-30,0.012003235283343936,0.012483235283343936,0.00048,0.48,25
xgb_top_n_25,2018-05-31,0.04472855492382305,0.04500855492382305,0.00028000000000000003,0.28,24
xgb_top_n_25,2018-06-30,0.03847500273282478,0.03911500273282478,0.00064,0.64,24
xgb_top_n_25,2018-07-31,0.026539215432543378,0.026819215432543377,0.00028000000000000003,0.28,25
xgb_top_n_25,2018-08-31,0.04314814475443181,0.04330814475443181,0.00016000000000000004,0.16000000000000003,24
xgb_top_n_25,2018-09-30,-0.006998730199230927,-0.0065587301992309265,0.00043999999999999996,0.43999999999999995,24
xgb_top_n_25,2018-10-31,-0.06738083855391629,-0.06706083855391629,0.0003199999999999999,0.31999999999999995,25
xgb_top_n_25,2018-11-30,0.03423743823728311,0.03439743823728311,0.00016000000000000004,0.16000000000000003,24
xgb_top_n_25,2018-12-31,-0.10186678064149822,-0.10146678064149822,0.0004,0.4,25
xgb_top_n_25,2019-01-31,0.08084633322231465,0.08124633322231464,0.0004,0.4,25
xgb_top_n_25,2019-02-28,0.06421386982159748,0.06445386982159748,0.00024,0.24,24
xgb_top_n_25,2019-03-31,-0.005183239308508862,-0.004823239308508862,0.00035999999999999997,0.36,25
xgb_top_n_25,2019-04-30,0.021678551540959743,0.022198551540959743,0.0005200000000000001,0.52,24
xgb_top_n_25,2019-05-31,-0.09457042709295893,-0.09425042709295893,0.0003199999999999999,0.31999999999999995,24
xgb_top_n_25,2019-06-30,0.1417091616950579,0.1421091616950579,0.0004,0.4,24
xgb_top_n_25,2019-07-31,-0.007036386234630499,-0.0066763862346304985,0.00035999999999999997,0.36,25
xgb_top_n_25,2019-08-31,-0.07610041873810722,-0.07586041873810721,0.00024,0.24,24
xgb_top_n_25,2019-09-30,0.13467660975949822,0.13507660975949823,0.0004,0.4,25
xgb_top_n_25,2019-10-31,0.007323233247909387,0.007643233247909387,0.0003199999999999999,0.31999999999999995,24
xgb_top_n_25,2019-11-30,0.10638112358648019,0.1066611235864802,0.00028000000000000003,0.28,25
xgb_top_n_25,2019-12-31,0.0780155189483672,0.0784155189483672,0.0004,0.4,23
xgb_top_n_25,2020-01-31,-0.008190740774423392,-0.007790740774423393,0.0004,0.4,25
xgb_top_n_25,2020-02-29,-0.11160230029355986,-0.11136230029355985,0.00024,0.24,24
xgb_top_n_25,2020-03-31,-0.24944625593725006,-0.24912625593725007,0.0003199999999999999,0.31999999999999995,21
xgb_top_n_25,2020-04-30,0.20432779853473249,0.2047277985347325,0.0004,0.4,25
xgb_top_n_25,2020-05-31,0.09221920904863805,0.09265920904863804,0.00043999999999999996,0.43999999999999995,25
xgb_top_n_25,2020-06-30,0.0928421319836315,0.0933221319836315,0.00048,0.48,25
xgb_top_n_25,2020-07-31,0.06122827939335576,0.06158827939335576,0.00035999999999999997,0.36,25
xgb_top_n_25,2020-08-31,0.07531485710867235,0.07559485710867235,0.00028000000000000003,0.28,24
xgb_top_n_25,2020-09-30,-0.04861515628615228,-0.048215156286152284,0.0004,0.4,24
xgb_top_n_25,2020-10-31,0.03488600162205586,0.03520600162205586,0.0003199999999999999,0.31999999999999995,25
xgb_top_n_25,2020-11-30,0.251804348020805,0.251964348020805,0.00016000000000000004,0.16000000000000003,25
xgb_top_n_25,2020-12-31,0.07286573454154929,0.07334573454154929,0.00048,0.48,25
xgb_top_n_25,2021-01-31,0.06941128991185995,0.06961128991185996,0.00019999999999999996,0.19999999999999996,25
xgb_top_n_25,2021-02-28,0.09717550605059389,0.09733550605059388,0.00016000000000000004,0.16000000000000003,25
xgb_top_n_25,2021-03-31,0.06194910086262571,0.06222910086262571,0.00028000000000000003,0.28,25
xgb_top_n_25,2021-04-30,0.02048350075954466,0.020963500759544663,0.00048,0.48,24
xgb_top_n_25,2021-05-31,0.05694823322513993,0.05710823322513993,0.00016000000000000004,0.16000000000000003,25
xgb_top_n_25,2021-06-30,-0.02879537822018057,-0.02839537822018057,0.0004,0.4,24
xgb_top_n_25,2021-07-31,-0.04110406856243586,-0.040904068562435864,0.00019999999999999996,0.19999999999999996,25
xgb_top_n_25,2021-08-31,-0.014135696760012664,-0.013935696760012663,0.00019999999999999996,0.19999999999999996,23
xgb_top_n_25,2021-09-30,-0.00903102906971091,-0.00855102906971091,0.00048,0.48,24
xgb_top_n_25,2021-10-31,0.05261731993849959,0.05297731993849959,0.00035999999999999997,0.36,25
xgb_top_n_25,2021-11-30,-0.018132681894883852,-0.017932681894883853,0.00019999999999999996,0.19999999999999996,25
xgb_top_n_25,2021-12-31,0.08546222259848714,0.08586222259848714,0.0004,0.4,25
xgb_top_n_25,2022-01-31,-0.030412433565136184,-0.030092433565136183,0.0003199999999999999,0.31999999999999995,25
xgb_top_n_25,2022-02-28,0.035335151878107124,0.03573515187810712,0.0004,0.4,25
xgb_top_n_25,2022-03-31,0.02268538757582019,0.023085387575820192,0.0004,0.4,24
xgb_top_n_25,2022-04-30,-0.1367185851144144,-0.1363185851144144,0.0004,0.4,24
xgb_top_n_25,2022-05-31,0.05318114558493966,0.05346114558493966,0.00028000000000000003,0.28,24
xgb_top_n_25,2022-06-30,-0.13205431028096995,-0.13141431028096995,0.00064,0.64,23
xgb_top_n_25,2022-07-31,0.12764924417891582,0.12800924417891582,0.00035999999999999997,0.36,25
xgb_top_n_25,2022-08-31,-0.05494658538868211,-0.05466658538868211,0.00028000000000000003,0.28,25
xgb_top_n_25,2022-09-30,-0.12152566503595498,-0.12116566503595498,0.00035999999999999997,0.36,24
xgb_top_n_25,2022-10-31,0.12389094937952588,0.12425094937952588,0.00035999999999999997,0.36,25
xgb_top_n_25,2022-11-30,0.07552524259042008,0.07588524259042008,0.00035999999999999997,0.36,24
xgb_top_n_25,2022-12-31,-0.06807521906119003,-0.06763521906119004,0.00043999999999999996,0.43999999999999995,25
xgb_top_n_25,2023-01-31,0.13219099992642383,0.13263099992642383,0.00043999999999999996,0.43999999999999995,24
xgb_top_n_25,2023-02-28,-0.03273262710801678,-0.03241262710801678,0.0003199999999999999,0.31999999999999995,24
xgb_top_n_25,2023-03-31,0.02063769517045319,0.02095769517045319,0.0003199999999999999,0.31999999999999995,22
xgb_top_n_25,2023-04-30,0.012442124599283875,0.013002124599283875,0.0005600000000000001,0.56,25
xgb_top_n_25,2023-05-31,0.011843412305455074,0.012123412305455075,0.00028000000000000003,0.28,25
xgb_top_n_25,2023-06-30,0.11564154298906612,0.11612154298906611,0.00048,0.48,25
xgb_top_n_25,2023-07-31,0.07365830586854102,0.07393830586854103,0.00028000000000000003,0.28,25
xgb_top_n_25,2023-08-31,-0.030428715969798684,-0.030188715969798684,0.00024,0.24,23
xgb_top_n_25,2023-09-30,-0.04357048009719727,-0.04309048009719727,0.00048,0.48,23
xgb_top_n_25,2023-10-31,-0.0825725723467812,-0.0821725723467812,0.0004,0.4,21
xgb_top_n_25,2023-11-30,0.10035141810414275,0.10075141810414275,0.0004,0.4,25
xgb_top_n_25,2023-12-31,0.15758084781368395,0.15798084781368396,0.0004,0.4,25
xgb_top_n_25,2024-01-31,-0.07500468320268609,-0.0746446832026861,0.00035999999999999997,0.36,24
xgb_top_n_25,2024-02-29,0.06000396546008562,0.06024396546008562,0.00024,0.24,25
xgb_top_n_25,2024-03-31,0.0622184692881839,0.0626984692881839,0.00048,0.48,25
xgb_top_n_25,2024-04-30,-0.02886819595061501,-0.02858819595061501,0.00028000000000000003,0.28,24
xgb_top_n_25,2024-05-31,0.08100156940630561,0.08120156940630562,0.00019999999999999996,0.19999999999999996,25
xgb_top_n_25,2024-06-30,-0.009314339323682884,-0.009034339323682883,0.00028000000000000003,0.28,24
xgb_top_n_25,2024-07-31,0.08399675281465427,0.08419675281465427,0.00019999999999999996,0.19999999999999996,25
xgb_top_n_25,2024-08-31,-0.019293586627826716,-0.019053586627826715,0.00024,0.24,25
xgb_top_n_25,2024-09-30,0.027703440241381036,0.028143440241381035,0.00043999999999999996,0.43999999999999995,25
xgb_top_n_25,2024-10-31,0.011656699862785929,0.01189669986278593,0.00024,0.24,25
xgb_top_n_25,2024-11-30,0.14981507533573724,0.14993507533573724,0.00012,0.12,25
xgb_top_n_25,2024-12-31,-0.0667062809471031,-0.0663462809471031,0.00035999999999999997,0.36,24
xgb_top_n_25,2025-01-31,0.012482945907009834,0.012682945907009835,0.00019999999999999996,0.19999999999999996,23
xgb_top_n_25,2025-02-28,-0.01705538652998727,-0.016935386529987273,0.00012,0.12,25
xgb_top_n_25,2025-03-31,-0.07418928421636282,-0.07410928421636283,7.999999999999997e-05,0.07999999999999996,24
xgb_top_n_25,2025-04-30,-0.028809845871979645,-0.028449845871979646,0.00035999999999999997,0.36,25
xgb_top_n_25,2025-05-31,0.0715518071516324,0.0717918071516324,0.00024,0.24,25
xgb_top_n_25,2025-06-30,0.11148390405124155,0.11184390405124155,0.00035999999999999997,0.36,25
xgb_top_n_25,2025-07-31,0.049826638459991704,0.0500666384599917,0.00024,0.24,25
xgb_top_n_25,2025-08-31,0.09478461605801959,0.09494461605801958,0.00016000000000000004,0.16000000000000003,25
xgb_top_n_25,2025-09-30,0.01783685723897516,0.01815685723897516,0.0003199999999999999,0.31999999999999995,24
xgb_top_n_25,2025-10-31,0.10221362422604918,0.10249362422604918,0.00028000000000000003,0.28,24
xgb_top_n_25,2025-11-30,-0.009382063685416454,-0.009142063685416453,0.00024,0.24,25
xgb_top_n_25,2025-12-31,-0.005430769419747232,-0.004950769419747232,0.00048,0.48,25
xgb_top_n_25,2026-01-31,0.13082702367640922,0.13094702367640923,0.00012,0.12,24
xgb_top_n_25,2026-02-28,0.10520357634398203,0.10536357634398202,0.00016000000000000004,0.16000000000000003,25
xgb_top_n_25,2026-03-31,0.011293395744717011,0.011493395744717012,0.00019999999999999996,0.19999999999999996,25
xgb_top_n_25,2026-04-30,0.1259509487074927,0.1264709487074927,0.0005200000000000001,0.52,25
xgb_top_n_25,2026-05-31,-0.0032516203393179797,-0.0030116203393179795,0.00024,0.24,25
gr_top_pct_20,2008-11-30,0.028320987654321006,0.029320987654321007,0.001,1.0,1
gr_top_pct_20,2008-12-31,0.07196401799100438,0.07196401799100438,0.0,0.0,1
gr_top_pct_20,2009-01-31,-0.12494172494172495,-0.12494172494172495,0.0,0.0,1
gr_top_pct_20,2009-02-28,-0.008597912004735253,-0.008597912004735253,0.0,0.0,1
gr_top_pct_20,2009-03-31,0.22460186710598573,0.22460186710598573,0.0,0.0,1
gr_top_pct_20,2009-04-30,0.07937219730941703,0.07937219730941703,0.0,0.0,1
gr_top_pct_20,2009-05-31,0.16825924387204005,0.16825924387204005,0.0,0.0,1
gr_top_pct_20,2009-06-30,-0.026849217638691414,-0.026849217638691414,0.0,0.0,1
gr_top_pct_20,2009-07-31,0.11019794298069491,0.11069794298069491,0.0005,0.5,2
gr_top_pct_20,2009-08-31,0.03822289025817308,0.03888955692483975,0.0006666666666666669,0.6666666666666667,3
gr_top_pct_20,2009-09-30,0.0487803864930328,0.0493803864930328,0.0006000000000000001,0.6,5
gr_top_pct_20,2009-10-31,-0.0026144256791363523,-0.0021144256791363523,0.0005,0.5,6
gr_top_pct_20,2009-11-30,0.08840231692941172,0.08895787248496728,0.0005555555555555556,0.5555555555555556,9
gr_top_pct_20,2009-12-31,0.020310038128111066,0.020910038128111066,0.0006000000000000001,0.6,15
gr_top_pct_20,2010-01-31,-0.03308338867113684,-0.03278338867113684,0.0003000000000000001,0.30000000000000004,19
gr_top_pct_20,2010-02-28,0.051348336270123744,0.05149833627012374,0.00015000000000000004,0.15000000000000002,19
gr_top_pct_20,2010-03-31,0.06663336190110872,0.06711723286885066,0.00048387096774193554,0.4838709677419355,31
gr_top_pct_20,2010-04-30,0.030932969985385878,0.031481989593229016,0.0005490196078431372,0.5490196078431373,51
gr_top_pct_20,2010-05-31,-0.06332940600218485,-0.06323506637954335,9.433962264150942e-05,0.09433962264150941,52
gr_top_pct_20,2010-06-30,-0.0432039045281381,-0.04301871934295291,0.00018518518518518523,0.18518518518518523,52
gr_top_pct_20,2010-07-31,0.05174685658478419,0.05183944917737678,9.259259259259256e-05,0.09259259259259256,54
gr_top_pct_20,2010-08-31,-0.04102961412977435,-0.040940328415488635,8.92857142857143e-05,0.0892857142857143,56
gr_top_pct_20,2010-09-30,0.10616912322987948,0.10638730504806129,0.00021818181818181818,0.21818181818181814,54
gr_top_pct_20,2010-10-31,0.047648352352301734,0.04773763806658745,8.92857142857143e-05,0.0892857142857143,55
gr_top_pct_20,2010-11-30,0.012573245436323273,0.012693935091495686,0.00012068965517241382,0.12068965517241381,58
gr_top_pct_20,2010-12-31,0.05350365391283095,0.05371676866692931,0.0002131147540983607,0.21311475409836067,61
gr_top_pct_20,2011-01-31,-0.001358807566506709,-0.001247696455395598,0.00011111111111111117,0.11111111111111116,63
gr_top_pct_20,2011-02-28,0.04200330601709422,0.0420826710964593,7.936507936507942e-05,0.07936507936507942,63
gr_top_pct_20,2011-03-31,0.019414422487569628,0.019546775428746097,0.00013235294117647058,0.13235294117647056,68
gr_top_pct_20,2011-04-30,0.03349846068289685,0.03368963715348509,0.00019117647058823528,0.19117647058823528,68
gr_top_pct_20,2011-05-31,-0.010663375471730362,-0.010578868429476841,8.450704225352113e-05,0.08450704225352113,71
gr_top_pct_20,2011-06-30,-0.0022477909564690116,-0.002067235400913456,0.0001805555555555556,0.18055555555555558,72
gr_top_pct_20,2011-07-31,-0.021921358910326885,-0.021824136688104664,9.722222222222222e-05,0.09722222222222221,71
gr_top_pct_20,2011-08-31,-0.04758818936102365,-0.04753185133285464,5.633802816901412e-05,0.05633802816901412,69
gr_top_pct_20,2011-09-30,-0.08601987016205717,-0.08584178797027635,0.00017808219178082197,0.17808219178082196,70
gr_top_pct_20,2011-10-31,0.14699807851804356,0.14708379280375783,8.571428571428575e-05,0.08571428571428574,68
gr_top_pct_20,2011-11-30,0.011032917964859258,0.01121100015664008,0.00017808219178082197,0.17808219178082196,72
gr_top_pct_20,2011-12-31,0.0038566586933436934,0.004021042254987529,0.00016438356164383562,0.1643835616438356,73
gr_top_pct_20,2012-01-31,0.06237593989123037,0.062430734411778314,5.479452054794521e-05,0.0547945205479452,73
gr_top_pct_20,2012-02-29,0.04277208781910091,0.042892087819100914,0.00012,0.12,75
gr_top_pct_20,2012-03-31,0.03215214394566037,0.03233635447197616,0.0001842105263157895,0.1842105263157895,76
gr_top_pct_20,2012-04-30,0.013489332242591615,0.013555121716275825,6.578947368421051e-05,0.06578947368421051,76
gr_top_pct_20,2012-05-31,-0.051846566826012914,-0.05176656682601292,7.999999999999997e-05,0.07999999999999996,73
gr_top_pct_20,2012-06-30,0.03030126690642068,0.030564424801157522,0.00026315789473684215,0.26315789473684215,75
gr_top_pct_20,2012-07-31,0.010241728381661468,0.010348395048328135,0.0001066666666666667,0.10666666666666669,74
gr_top_pct_20,2012-08-31,0.030324292533400944,0.030432400641509053,0.00010810810810810812,0.10810810810810811,72
gr_top_pct_20,2012-09-30,0.01193816379760439,0.012102547359248227,0.00016438356164383562,0.1643835616438356,73
gr_top_pct_20,2012-10-31,-0.008393333319083414,-0.008285225210975305,0.00010810810810810812,0.10810810810810811,73
gr_top_pct_20,2012-11-30,0.007521555698906801,0.0076431773205284225,0.0001216216216216216,0.1216216216216216,73
gr_top_pct_20,2012-12-31,0.008917512732421699,0.009144179399088365,0.00022666666666666668,0.22666666666666668,74
gr_top_pct_20,2013-01-31,0.05753597748370198,0.05765439853633356,0.00011842105263157898,0.11842105263157898,75
gr_top_pct_20,2013-02-28,0.015052519922105637,0.015193545563131279,0.0001410256410256411,0.14102564102564108,78
gr_top_pct_20,2013-03-31,0.04552591785045698,0.04567591785045698,0.00015000000000000004,0.15000000000000002,79
gr_top_pct_20,2013-04-30,0.012542950206128356,0.01277079830739418,0.00022784810126582277,0.22784810126582278,77
gr_top_pct_20,2013-05-31,0.020331220858534876,0.02045780313701589,0.00012658227848101267,0.12658227848101267,77
gr_top_pct_20,2013-06-30,-0.007383027962963279,-0.007208027962963279,0.00017500000000000005,0.17500000000000004,80
gr_top_pct_20,2013-07-31,0.057680496029305243,0.057842996029305246,0.0001625,0.16249999999999998,80
gr_top_pct_20,2013-08-31,-0.030892783879049306,-0.03079522290343955,9.756097560975608e-05,0.09756097560975607,79
gr_top_pct_20,2013-09-30,0.040345775731814575,0.04049577573181457,0.00015000000000000004,0.15000000000000002,80
gr_top_pct_20,2013-10-31,0.04292998784281112,0.043042487842811124,0.00011250000000000005,0.11250000000000004,78
gr_top_pct_20,2013-11-30,0.032491162157282365,0.03261020977632998,0.00011904761904761907,0.11904761904761907,83
gr_top_pct_20,2013-12-31,0.025166040525372527,0.02542794528727729,0.00026190476190476186,0.26190476190476186,82
gr_top_pct_20,2014-01-31,-0.04004672475535879,-0.03988393405768437,0.00016279069767441857,0.16279069767441856,84
gr_top_pct_20,2014-02-28,0.05762903030606055,0.05773247858192262,0.00010344827586206895,0.10344827586206895,87
gr_top_pct_20,2014-03-31,0.017693347117397045,0.017805706667958842,0.00011235955056179781,0.1123595505617978,87
gr_top_pct_20,2014-04-30,-0.0060015546323729345,-0.005810543396417878,0.0001910112359550562,0.1910112359550562,88
gr_top_pct_20,2014-05-31,0.019739617996742915,0.019807033727079995,6.741573033707871e-05,0.0674157303370787,89
gr_top_pct_20,2014-06-30,0.014416460905452257,0.014596236186351134,0.00017977528089887642,0.1797752808988764,88
gr_top_pct_20,2014-07-31,-0.016294876129804018,-0.016227460399466938,6.741573033707871e-05,0.0674157303370787,89
gr_top_pct_20,2014-08-31,0.043429242907023595,0.04349590957369026,6.666666666666666e-05,0.06666666666666665,87
gr_top_pct_20,2014-09-30,-0.02911139989276809,-0.028906854438222638,0.0002045454545454546,0.20454545454545459,87
gr_top_pct_20,2014-10-31,0.021186255818113293,0.021299892181749658,0.00011363636363636365,0.11363636363636365,87
gr_top_pct_20,2014-11-30,0.026780340755631717,0.026877114949180103,9.677419354838712e-05,0.09677419354838712,93
gr_top_pct_20,2014-12-31,-0.0009311677868298508,-0.00075725474335159,0.00017391304347826088,0.17391304347826086,90
gr_top_pct_20,2015-01-31,-0.018915903944222642,-0.018810640786327906,0.00010526315789473685,0.10526315789473684,94
gr_top_pct_20,2015-02-28,0.0639921856233868,0.06407551895672013,8.333333333333337e-05,0.08333333333333337,96
gr_top_pct_20,2015-03-31,-0.007354554196398074,-0.007261770691243435,9.278350515463918e-05,0.09278350515463918,96
gr_top_pct_20,2015-04-30,-0.005752804904474073,-0.005564686092592885,0.00018811881188118807,0.18811881188118806,101
gr_top_pct_20,2015-05-31,0.024812257287261653,0.02493970826765381,0.00012745098039215687,0.12745098039215685,101
gr_top_pct_20,2015-06-30,-0.017770611203756857,-0.017629197062342717,0.00014141414141414144,0.14141414141414144,97
gr_top_pct_20,2015-07-31,0.018963516180544947,0.019054425271454036,9.090909090909094e-05,0.09090909090909094,99
gr_top_pct_20,2015-08-31,-0.05704789561610905,-0.05696789561610905,7.999999999999997e-05,0.07999999999999996,98
gr_top_pct_20,2015-09-30,-0.018246588626685444,-0.01812537650547332,0.00012121212121212122,0.12121212121212122,98
gr_top_pct_20,2015-10-31,0.057778819966827925,0.057850248538256495,7.142857142857141e-05,0.0714285714285714,98
gr_top_pct_20,2015-11-30,0.003727614403875026,0.003837614403875026,0.00010999999999999999,0.10999999999999999,100
gr_top_pct_20,2015-12-31,-0.02843053921897274,-0.028228519016952537,0.000202020202020202,0.202020202020202,99
gr_top_pct_20,2016-01-31,-0.04548906057133302,-0.04537681567337384,0.00011224489795918369,0.11224489795918369,97
gr_top_pct_20,2016-02-29,0.03983089040508653,0.03991336463189065,8.247422680412375e-05,0.08247422680412375,94
gr_top_pct_20,2016-03-31,0.06899169455045359,0.0692059802647393,0.00021428571428571433,0.2142857142857143,98
gr_top_pct_20,2016-04-30,-0.01628362178611855,-0.01611362178611855,0.00017000000000000004,0.17000000000000004,98
gr_top_pct_20,2016-05-31,0.007260585996780513,0.007390585996780513,0.00013000000000000002,0.13,99
gr_top_pct_20,2016-06-30,0.016813910784196386,0.017013910784196385,0.00019999999999999996,0.19999999999999996,99
gr_top_pct_20,2016-07-31,0.03639205500888944,0.03648205500888944,8.999999999999998e-05,0.08999999999999997,100
gr_top_pct_20,2016-08-31,-0.0026653294546937984,-0.0025366165834066695,0.00012871287128712872,0.12871287128712872,98
gr_top_pct_20,2016-09-30,-0.0006358056328932388,-0.0004495311230893173,0.00018627450980392157,0.18627450980392157,100
gr_top_pct_20,2016-10-31,-0.022223010737661548,-0.022077379669700383,0.0001456310679611651,0.1456310679611651,103
gr_top_pct_20,2016-11-30,0.06259496929484479,0.06270281243209969,0.00010784313725490192,0.10784313725490191,102
gr_top_pct_20,2016-12-31,0.010584214306282924,0.010799167577310961,0.0002149532710280374,0.2149532710280374,107
gr_top_pct_20,2017-01-31,0.027526768295229587,0.02769040465886595,0.00016363636363636369,0.1636363636363637,108
gr_top_pct_20,2017-02-28,0.022399719616668985,0.022482288424008436,8.25688073394495e-05,0.08256880733944949,108
gr_top_pct_20,2017-03-31,-0.0013046922413006495,-0.0011946004981813834,0.00011009174311926606,0.11009174311926606,108
gr_top_pct_20,2017-04-30,0.011715839040749305,0.011928802003712269,0.0002129629629629629,0.2129629629629629,106
gr_top_pct_20,2017-05-31,0.010203697549881947,0.010295440669148002,9.174311926605506e-05,0.09174311926605505,109
gr_top_pct_20,2017-06-30,-0.0007633277691162343,-0.0005339699709510967,0.00022935779816513757,0.22935779816513757,108
gr_top_pct_20,2017-07-31,0.020886676198618306,0.02096075027269238,7.407407407407407e-05,0.07407407407407407,107
gr_top_pct_20,2017-08-31,0.00015071818363312763,0.0002433107762257202,9.259259259259256e-05,0.09259259259259256,108
gr_top_pct_20,2017-09-30,0.04785716813801396,0.048077351624252494,0.00022018348623853212,0.22018348623853212,109
gr_top_pct_20,2017-10-31,0.03058479387143064,0.030710919997556766,0.00012612612612612618,0.12612612612612617,109
gr_top_pct_20,2017-11-30,0.03415519778256994,0.03425341206828422,9.82142857142857e-05,0.0982142857142857,111
gr_top_pct_20,2017-12-31,0.007498995219593077,0.007677566648164506,0.0001785714285714286,0.1785714285714286,112
gr_top_pct_20,2018-01-31,0.050690507148796096,0.05080555139658371,0.00011504424778761058,0.11504424778761058,113
gr_top_pct_20,2018-02-28,-0.04185368307991916,-0.041783507641322666,7.017543859649122e-05,0.07017543859649122,113
gr_top_pct_20,2018-03-31,-0.011581323522910211,-0.011512358005668832,6.896551724137934e-05,0.06896551724137934,115
gr_top_pct_20,2018-04-30,-0.008560944453839653,-0.008325650336192593,0.00023529411764705888,0.23529411764705888,119
gr_top_pct_20,2018-05-31,0.050392503944870715,0.05051216206452883,0.00011965811965811969,0.11965811965811968,117
gr_top_pct_20,2018-06-30,0.0019063560232523628,0.002064689356585696,0.00015833333333333332,0.15833333333333333,120
gr_top_pct_20,2018-07-31,0.0295134404019526,0.02960434949286169,9.090909090909094e-05,0.09090909090909094,121
gr_top_pct_20,2018-08-31,0.038341389839712595,0.03840750554219193,6.611570247933885e-05,0.06611570247933884,119
gr_top_pct_20,2018-09-30,-0.019677945230777417,-0.019494611897444083,0.00018333333333333336,0.18333333333333335,119
gr_top_pct_20,2018-10-31,-0.0915702966835998,-0.09145264962477627,0.00011764705882352944,0.11764705882352944,115
gr_top_pct_20,2018-11-30,0.010648104497807575,0.010759215608918685,0.00011111111111111117,0.11111111111111116,116
gr_top_pct_20,2018-12-31,-0.08719613077442068,-0.08701279744108735,0.00018333333333333336,0.18333333333333335,118
gr_top_pct_20,2019-01-31,0.10275479567010955,0.10284026575557963,8.54700854700855e-05,0.0854700854700855,117
gr_top_pct_20,2019-02-28,0.03554213051696986,0.035626164130415236,8.40336134453782e-05,0.08403361344537819,116
gr_top_pct_20,2019-03-31,0.003474518261548432,0.003516535068271121,4.2016806722689036e-05,0.04201680672268904,119
gr_top_pct_20,2019-04-30,0.03858136777621734,0.038829231024080584,0.0002478632478632479,0.24786324786324787,116
gr_top_pct_20,2019-05-31,-0.0837603408540439,-0.08367487076857381,8.54700854700855e-05,0.0854700854700855,117
gr_top_pct_20,2019-06-30,0.08680502420638878,0.08699467937880256,0.00018965517241379315,0.18965517241379315,115
gr_top_pct_20,2019-07-31,0.02463277665096072,0.024809247239196017,0.00017647058823529416,0.17647058823529416,119
gr_top_pct_20,2019-08-31,-0.022730197558303404,-0.02264686422497007,8.333333333333337e-05,0.08333333333333337,119
gr_top_pct_20,2019-09-30,0.01661262659683225,0.016820959930165583,0.0002083333333333334,0.20833333333333337,120
gr_top_pct_20,2019-10-31,0.025689452903887904,0.025789452903887903,9.999999999999998e-05,0.09999999999999998,119
gr_top_pct_20,2019-11-30,0.03554136970820915,0.03564136970820915,9.999999999999998e-05,0.09999999999999998,119
gr_top_pct_20,2019-12-31,0.029679207489999568,0.02994191935440635,0.00026271186440677966,0.2627118644067796,118
gr_top_pct_20,2020-01-31,-0.0235097710876588,-0.023376437754325467,0.0001333333333333333,0.1333333333333333,119
gr_top_pct_20,2020-02-29,-0.08586380112772353,-0.08573775070755546,0.00012605042016806722,0.12605042016806722,115
gr_top_pct_20,2020-03-31,-0.156478593713976,-0.15625170295767346,0.000226890756302521,0.22689075630252098,111
gr_top_pct_20,2020-04-30,0.1878543156173572,0.18807361386297122,0.00021929824561403512,0.2192982456140351,114
gr_top_pct_20,2020-05-31,0.07906637678247766,0.079354512375698,0.000288135593220339,0.288135593220339,117
gr_top_pct_20,2020-06-30,0.03515182047072511,0.03541906185003545,0.00026724137931034484,0.26724137931034486,115
gr_top_pct_20,2020-07-31,0.06280414379016093,0.06291621275567817,0.00011206896551724132,0.11206896551724133,115
gr_top_pct_20,2020-08-31,0.03746976489084509,0.03753010971843129,6.034482758620686e-05,0.06034482758620685,115
gr_top_pct_20,2020-09-30,-0.011359050517890842,-0.01112426790919519,0.00023478260869565215,0.23478260869565215,115
gr_top_pct_20,2020-10-31,-0.009619044078463517,-0.00951469625237656,0.00010434782608695649,0.10434782608695647,114
gr_top_pct_20,2020-11-30,0.10446507482092009,0.10452594438613748,6.086956521739129e-05,0.060869565217391286,115
gr_top_pct_20,2020-12-31,0.04119884117815399,0.04138849635056779,0.00018965517241379315,0.18965517241379315,116
gr_top_pct_20,2021-01-31,0.03554835169221562,0.035633821777685704,8.54700854700855e-05,0.0854700854700855,116
gr_top_pct_20,2021-02-28,0.029990124798991,0.0300573516897473,6.722689075630251e-05,0.0672268907563025,118
gr_top_pct_20,2021-03-31,0.07409263221787912,0.07423548936073626,0.00014285714285714292,0.1428571428571429,119
gr_top_pct_20,2021-04-30,0.043703965793553894,0.04399808344061272,0.00029411764705882345,0.2941176470588235,118
gr_top_pct_20,2021-05-31,0.01417798805376502,0.01427120839274807,9.322033898305082e-05,0.09322033898305082,117
gr_top_pct_20,2021-06-30,-0.0064623336226095635,-0.00629020247506858,0.0001721311475409836,0.17213114754098358,122
gr_top_pct_20,2021-07-31,0.027442404727905097,0.027539178921453484,9.677419354838712e-05,0.09677419354838712,124
gr_top_pct_20,2021-08-31,0.016458272894903186,0.016498923301407252,4.065040650406504e-05,0.04065040650406504,119
gr_top_pct_20,2021-09-30,-0.041629800028238094,-0.041429800028238095,0.00019999999999999996,0.19999999999999996,124
gr_top_pct_20,2021-10-31,0.05294857831605408,0.05310730847478424,0.00015873015873015873,0.15873015873015872,126
gr_top_pct_20,2021-11-30,-0.0010814345809491783,-0.0010174345809491783,6.399999999999994e-05,0.06399999999999995,124
gr_top_pct_20,2021-12-31,0.056775621847640886,0.05709058247756214,0.00031496062992125983,0.31496062992125984,126
gr_top_pct_20,2022-01-31,-0.08065619018987553,-0.08044525268987554,0.0002109375,0.2109375,126
gr_top_pct_20,2022-02-28,0.02315486088134293,0.023233601038823243,7.874015748031493e-05,0.07874015748031493,127
gr_top_pct_20,2022-03-31,0.009427304510662983,0.009521054510662983,9.375e-05,0.09375,127
gr_top_pct_20,2022-04-30,-0.05522543499507726,-0.05500838073151137,0.00021705426356589152,0.21705426356589153,129
gr_top_pct_20,2022-05-31,0.018617089554835112,0.018748872500571546,0.00013178294573643412,0.13178294573643412,129
gr_top_pct_20,2022-06-30,-0.11026219023711115,-0.11008389566346774,0.00017829457364341083,0.17829457364341084,126
gr_top_pct_20,2022-07-31,0.11105401607412653,0.11114925416936462,9.523809523809524e-05,0.09523809523809523,126
gr_top_pct_20,2022-08-31,-0.027270414554982945,-0.027145414554982945,0.000125,0.125,128
gr_top_pct_20,2022-09-30,-0.08527132243338861,-0.0851602113222775,0.00011111111111111117,0.11111111111111116,122
gr_top_pct_20,2022-10-31,0.11548639350612627,0.11558316769967467,9.677419354838712e-05,0.09677419354838712,124
gr_top_pct_20,2022-11-30,0.08975607838469099,0.0898584405894154,0.0001023622047244095,0.10236220472440949,127
gr_top_pct_20,2022-12-31,-0.0564899755875218,-0.05634824330405723,0.00014173228346456691,0.1417322834645669,127
gr_top_pct_20,2023-01-31,0.09046635637484404,0.09053778494627261,7.142857142857141e-05,0.0714285714285714,126
gr_top_pct_20,2023-02-28,-0.022709578783789614,-0.022639266283789615,7.031250000000001e-05,0.0703125,127
gr_top_pct_20,2023-03-31,0.001573609619445943,0.001668097808422321,9.448818897637801e-05,0.09448818897637801,126
gr_top_pct_20,2023-04-30,-0.011717056876523697,-0.011546514240864782,0.0001705426356589147,0.1705426356589147,127
gr_top_pct_20,2023-05-31,-0.01990467625318043,-0.019812368560872737,9.230769230769232e-05,0.09230769230769231,127
gr_top_pct_20,2023-06-30,0.11863156241394807,0.11878781241394806,0.00015625,0.15625,127
gr_top_pct_20,2023-07-31,0.06786672159935593,0.06798979852243285,0.0001230769230769231,0.12307692307692308,129
gr_top_pct_20,2023-08-31,-0.01460767660871982,-0.01450767660871982,9.999999999999998e-05,0.09999999999999998,129
gr_top_pct_20,2023-09-30,-0.04454018150229806,-0.044379876158786614,0.00016030534351145042,0.16030534351145043,129
gr_top_pct_20,2023-10-31,-0.03855923756912489,-0.03846075272064004,9.848484848484852e-05,0.09848484848484851,131
gr_top_pct_20,2023-11-30,0.08701112579594428,0.08706415609897458,5.3030303030302984e-05,0.05303030303030298,131
gr_top_pct_20,2023-12-31,0.08947372089352185,0.08964665322434891,0.00017293233082706772,0.17293233082706772,132
gr_top_pct_20,2024-01-31,0.005347822371297903,0.005444837296671038,9.701492537313428e-05,0.09701492537313428,133
gr_top_pct_20,2024-02-29,0.07592982050571989,0.0759895219982572,5.970149253731339e-05,0.05970149253731338,134
gr_top_pct_20,2024-03-31,0.06162785655577249,0.06179822692614286,0.0001703703703703704,0.1703703703703704,134
gr_top_pct_20,2024-04-30,-0.05886792672416725,-0.05877903783527836,8.88888888888889e-05,0.0888888888888889,134
gr_top_pct_20,2024-05-31,0.05024580242922498,0.05029843400817235,5.263157894736848e-05,0.052631578947368474,133
gr_top_pct_20,2024-06-30,-0.021511820386497234,-0.021341450016126865,0.0001703703703703704,0.1703703703703704,134
gr_top_pct_20,2024-07-31,0.0631837667059524,0.06329406082359945,0.00011029411764705888,0.11029411764705888,136
gr_top_pct_20,2024-08-31,-0.010772979177092695,-0.010664283524918782,0.00010869565217391309,0.10869565217391308,137
gr_top_pct_20,2024-09-30,0.019311429301056896,0.019442816162370764,0.00013138686131386858,0.13138686131386856,136
gr_top_pct_20,2024-10-31,-0.02307455045400096,-0.022971609277530374,0.00010294117647058821,0.1029411764705882,135
gr_top_pct_20,2024-11-30,0.08433760845618377,0.08445439677735164,0.00011678832116788319,0.11678832116788318,136
gr_top_pct_20,2024-12-31,-0.06690675140145902,-0.06672897362368124,0.0001777777777777778,0.1777777777777778,134
gr_top_pct_20,2025-01-31,0.01716089657910563,0.0172932495202821,0.00013235294117647058,0.13235294117647056,135
gr_top_pct_20,2025-02-28,-0.051117312130598926,-0.051065841542363634,5.147058823529416e-05,0.05147058823529416,134
gr_top_pct_20,2025-03-31,-0.029438594410694265,-0.029357112929212784,8.148148148148149e-05,0.08148148148148149,133
gr_top_pct_20,2025-04-30,-0.019500785631501833,-0.01926593714665335,0.00023484848484848489,0.23484848484848486,131
gr_top_pct_20,2025-05-31,0.0587381840749882,0.05886600362386038,0.0001278195488721805,0.1278195488721805,131
gr_top_pct_20,2025-06-30,0.014255948981455428,0.014452918678425125,0.00019696969696969703,0.19696969696969702,132
gr_top_pct_20,2025-07-31,0.01763296686943623,0.01773744448137653,0.00010447761194029848,0.10447761194029848,133
gr_top_pct_20,2025-08-31,0.0575653685681269,0.0576474581203657,8.208955223880599e-05,0.08208955223880599,134
gr_top_pct_20,2025-09-30,0.01802479407826393,0.018229173640307725,0.0002043795620437956,0.2043795620437956,137
gr_top_pct_20,2025-10-31,-0.03217923234157515,-0.032084341830626244,9.489051094890511e-05,0.0948905109489051,137
gr_top_pct_20,2025-11-30,0.036866153677455916,0.03694644564825884,8.029197080291972e-05,0.08029197080291972,137
gr_top_pct_20,2025-12-31,0.006807021182080038,0.007025999284269818,0.000218978102189781,0.21897810218978098,137
gr_top_pct_20,2026-01-31,0.06713376938963038,0.06722865990057929,9.489051094890511e-05,0.0948905109489051,137
gr_top_pct_20,2026-02-28,0.059632095604895234,0.059697789035552166,6.569343065693434e-05,0.06569343065693434,137
gr_top_pct_20,2026-03-31,-0.03179666608164335,-0.03169594665718292,0.0001007194244604317,0.1007194244604317,138
gr_top_pct_20,2026-04-30,0.08881504617243137,0.08906504617243137,0.00025,0.25,132
gr_top_pct_20,2026-05-31,0.007942288817385608,0.00805422911589307,0.00011194029850746269,0.11194029850746268,134
gr_top_pct_10,2008-11-30,0.028320987654321006,0.029320987654321007,0.001,1.0,1
gr_top_pct_10,2008-12-31,0.07196401799100438,0.07196401799100438,0.0,0.0,1
gr_top_pct_10,2009-01-31,-0.12494172494172495,-0.12494172494172495,0.0,0.0,1
gr_top_pct_10,2009-02-28,-0.008597912004735253,-0.008597912004735253,0.0,0.0,1
gr_top_pct_10,2009-03-31,0.22460186710598573,0.22460186710598573,0.0,0.0,1
gr_top_pct_10,2009-04-30,0.07937219730941703,0.07937219730941703,0.0,0.0,1
gr_top_pct_10,2009-05-31,0.16825924387204005,0.16825924387204005,0.0,0.0,1
gr_top_pct_10,2009-06-30,-0.026849217638691414,-0.026849217638691414,0.0,0.0,1
gr_top_pct_10,2009-07-31,0.15037456605152566,0.15037456605152566,0.0,0.0,1
gr_top_pct_10,2009-08-31,0.03189963422464642,0.03239963422464642,0.0005,0.5,2
gr_top_pct_10,2009-09-30,0.05547266039191434,0.05580599372524767,0.00033333333333333343,0.33333333333333337,3
gr_top_pct_10,2009-10-31,-0.007737094303778502,-0.007237094303778502,0.0005,0.5,4
gr_top_pct_10,2009-11-30,0.08626164191835627,0.08666164191835626,0.0004,0.4,5
gr_top_pct_10,2009-12-31,0.022182965638997673,0.022682965638997674,0.0005,0.5,8
gr_top_pct_10,2010-01-31,-0.03559050681482651,-0.035390506814826514,0.00019999999999999996,0.19999999999999996,10
gr_top_pct_10,2010-02-28,0.06278124142867782,0.06298124142867782,0.00019999999999999996,0.19999999999999996,9
gr_top_pct_10,2010-03-31,0.05380043697075342,0.05430043697075342,0.0005,0.5,16
gr_top_pct_10,2010-04-30,0.03180428969837019,0.032342751236831724,0.0005384615384615384,0.5384615384615384,26
gr_top_pct_10,2010-05-31,-0.06373966378373577,-0.0636655897096617,7.407407407407407e-05,0.07407407407407407,27
gr_top_pct_10,2010-06-30,-0.03613076355706373,-0.03594557837187855,0.00018518518518518523,0.18518518518518523,26
gr_top_pct_10,2010-07-31,0.05300254847208495,0.053076622546159025,7.407407407407407e-05,0.07407407407407407,27
gr_top_pct_10,2010-08-31,-0.041331122300960706,-0.041259693729532136,7.142857142857141e-05,0.0714285714285714,28
gr_top_pct_10,2010-09-30,0.11294398071909838,0.11315826643338409,0.00021428571428571433,0.2142857142857143,27
gr_top_pct_10,2010-10-31,0.041945742966681694,0.04208860010953884,0.00014285714285714292,0.1428571428571429,28
gr_top_pct_10,2010-11-30,0.0075542180589912465,0.007692149093474005,0.00013793103448275868,0.13793103448275867,29
gr_top_pct_10,2010-12-31,0.05611959157561685,0.05634539802722975,0.00022580645161290327,0.22580645161290325,31
gr_top_pct_10,2011-01-31,0.0008155542933831404,0.0009405542933831404,0.000125,0.125,32
gr_top_pct_10,2011-02-28,0.043178624585733606,0.0432723745857336,9.375e-05,0.09375,32
gr_top_pct_10,2011-03-31,0.02106424342304492,0.02121130224657433,0.0001470588235294118,0.1470588235294118,34
gr_top_pct_10,2011-04-30,0.05879785786948959,0.0591213872812543,0.00032352941176470585,0.32352941176470584,34
gr_top_pct_10,2011-05-31,0.000546994490013417,0.0006303278233467503,8.333333333333337e-05,0.08333333333333337,36
gr_top_pct_10,2011-06-30,-0.006770426595620826,-0.0065759821511763815,0.00019444444444444443,0.19444444444444442,36
gr_top_pct_10,2011-07-31,-0.019340769042245985,-0.01914632459780154,0.00019444444444444443,0.19444444444444442,35
gr_top_pct_10,2011-08-31,-0.041508791844954304,-0.041453236289398745,5.5555555555555585e-05,0.05555555555555558,35
gr_top_pct_10,2011-09-30,-0.09200198478229149,-0.09178576856607527,0.00021621621621621624,0.21621621621621623,35
gr_top_pct_10,2011-10-31,0.15166890756355675,0.15178319327784245,0.00011428571428571432,0.11428571428571432,34
gr_top_pct_10,2011-11-30,0.009187329809189198,0.00934949197135136,0.00016216216216216218,0.16216216216216217,36
gr_top_pct_10,2011-12-31,0.012421895254526192,0.012773246605877543,0.00035135135135135135,0.3513513513513513,37
gr_top_pct_10,2012-01-31,0.07357419030906495,0.07368229841717305,0.00010810810810810812,0.10810810810810811,37
gr_top_pct_10,2012-02-29,0.05280514200861532,0.05298935253493111,0.0001842105263157895,0.1842105263157895,38
gr_top_pct_10,2012-03-31,0.03408806910356339,0.0342459638404055,0.00015789473684210532,0.1578947368421053,38
gr_top_pct_10,2012-04-30,0.028579848335555137,0.028764058861870927,0.0001842105263157895,0.1842105263157895,38
gr_top_pct_10,2012-05-31,-0.055710139211739194,-0.055578560264370774,0.00013157894736842102,0.13157894736842102,37
gr_top_pct_10,2012-06-30,0.027482110051512795,0.027666320577828585,0.0001842105263157895,0.1842105263157895,38
gr_top_pct_10,2012-07-31,-0.004761995424435732,-0.004683048056014679,7.894736842105266e-05,0.07894736842105265,37
gr_top_pct_10,2012-08-31,0.028844268579583242,0.02895237668769135,0.00010810810810810812,0.10810810810810811,36
gr_top_pct_10,2012-09-30,0.009422629252598404,0.009665872495841648,0.0002432432432432432,0.2432432432432432,37
gr_top_pct_10,2012-10-31,-0.017680476708270255,-0.017491287519081068,0.00018918918918918914,0.18918918918918914,36
gr_top_pct_10,2012-11-30,0.0031291261081459677,0.003318315297335157,0.00018918918918918914,0.18918918918918914,36
gr_top_pct_10,2012-12-31,0.013297253685444634,0.01358672736965516,0.00028947368421052634,0.2894736842105263,37
gr_top_pct_10,2013-01-31,0.06756236614121472,0.06772026087805683,0.00015789473684210532,0.1578947368421053,37
gr_top_pct_10,2013-02-28,0.0074022741445791546,0.007556120298425308,0.00015384615384615385,0.15384615384615385,39
gr_top_pct_10,2013-03-31,0.04330364332535242,0.043403643325352424,9.999999999999998e-05,0.09999999999999998,39
gr_top_pct_10,2013-04-30,0.016245356005607114,0.016570356005607113,0.000325,0.32499999999999996,39
gr_top_pct_10,2013-05-31,0.025316731004744946,0.025466731004744947,0.00015000000000000004,0.15000000000000002,39
gr_top_pct_10,2013-06-30,-0.0018557832086610018,-0.001630783208661002,0.00022500000000000002,0.22499999999999998,40
gr_top_pct_10,2013-07-31,0.04759737807092801,0.04767237807092801,7.499999999999995e-05,0.07499999999999996,40
gr_top_pct_10,2013-08-31,-0.029197807870298267,-0.02912463713859095,7.317073170731703e-05,0.07317073170731703,38
gr_top_pct_10,2013-09-30,0.044389196627611614,0.044564196627611616,0.00017500000000000005,0.17500000000000004,40
gr_top_pct_10,2013-10-31,0.06152271943471453,0.06167271943471453,0.00015000000000000004,0.15000000000000002,40
gr_top_pct_10,2013-11-30,0.03825707495309281,0.0383523130483309,9.523809523809524e-05,0.09523809523809523,41
gr_top_pct_10,2013-12-31,0.029815791462670167,0.030053886700765406,0.00023809523809523815,0.23809523809523814,42
gr_top_pct_10,2014-01-31,-0.041789232904072986,-0.04160318639244508,0.000186046511627907,0.18604651162790697,42
gr_top_pct_10,2014-02-28,0.054397816375508654,0.05451145273914502,0.00011363636363636365,0.11363636363636365,44
gr_top_pct_10,2014-03-31,0.02472496504708161,0.0248138539359705,8.88888888888889e-05,0.0888888888888889,44
gr_top_pct_10,2014-04-30,0.0006652208989584136,0.0009096653434028581,0.0002444444444444445,0.24444444444444446,44
gr_top_pct_10,2014-05-31,0.0060536031124636645,0.006164714223574776,0.00011111111111111117,0.11111111111111116,45
gr_top_pct_10,2014-06-30,0.011962107862958357,0.012206552307402802,0.0002444444444444445,0.24444444444444446,44
gr_top_pct_10,2014-07-31,-0.0005057696034184895,-0.0003946584923073784,0.00011111111111111117,0.11111111111111116,45
gr_top_pct_10,2014-08-31,0.052276037576723784,0.05236492646561267,8.88888888888889e-05,0.0888888888888889,42
gr_top_pct_10,2014-09-30,-0.030430173546599753,-0.030111991728417935,0.00031818181818181826,0.31818181818181823,43
gr_top_pct_10,2014-10-31,0.026214545429720307,0.02639636361153849,0.00018181818181818178,0.18181818181818177,44
gr_top_pct_10,2014-11-30,0.018352367741731393,0.01852258050768884,0.00017021276595744684,0.17021276595744683,47
gr_top_pct_10,2014-12-31,-0.003856771948999566,-0.0035524241229126096,0.00030434782608695655,0.30434782608695654,45
gr_top_pct_10,2015-01-31,-0.009925307903600635,-0.009737807903600635,0.0001875,0.1875,48
gr_top_pct_10,2015-02-28,0.05659738695719481,0.05670155362386148,0.00010416666666666663,0.10416666666666663,48
gr_top_pct_10,2015-03-31,-0.011923454479496184,-0.011821413663169654,0.00010204081632653062,0.10204081632653061,49
gr_top_pct_10,2015-04-30,0.0029598628416676394,0.003273588331863718,0.00031372549019607844,0.3137254901960784,51
gr_top_pct_10,2015-05-31,0.031709820098201266,0.03192550637271107,0.00021568627450980397,0.21568627450980393,51
gr_top_pct_10,2015-06-30,-0.005712685244413656,-0.005492685244413657,0.00021999999999999998,0.21999999999999997,49
gr_top_pct_10,2015-07-31,0.01108939895013441,0.011209398950134411,0.00012,0.12,50
gr_top_pct_10,2015-08-31,-0.054127013801267415,-0.05402701380126741,9.999999999999998e-05,0.09999999999999998,49
gr_top_pct_10,2015-09-30,-0.013448680504394732,-0.013248680504394731,0.00019999999999999996,0.19999999999999996,49
gr_top_pct_10,2015-10-31,0.05350045684965778,0.053582089502719005,8.163265306122448e-05,0.08163265306122447,49
gr_top_pct_10,2015-11-30,-0.008023059003594861,-0.007923059003594862,9.999999999999998e-05,0.09999999999999998,50
gr_top_pct_10,2015-12-31,-0.02372568871406274,-0.02356568871406274,0.00016000000000000004,0.16000000000000003,50
gr_top_pct_10,2016-01-31,-0.04190995945493685,-0.04182832680187563,8.163265306122448e-05,0.08163265306122447,49
gr_top_pct_10,2016-02-29,0.03757136473101898,0.037632589220814895,6.122448979591832e-05,0.061224489795918324,49
gr_top_pct_10,2016-03-31,0.06460775880705669,0.06485265676624036,0.0002448979591836735,0.24489795918367352,49
gr_top_pct_10,2016-04-30,-0.02663747202436827,-0.02647747202436827,0.00016000000000000004,0.16000000000000003,49
gr_top_pct_10,2016-05-31,-0.0054123067205673284,-0.005312306720567328,9.999999999999998e-05,0.09999999999999998,50
gr_top_pct_10,2016-06-30,0.009717896743901673,0.009937896743901673,0.00021999999999999998,0.21999999999999997,50
gr_top_pct_10,2016-07-31,0.038240504396724974,0.03832050439672497,7.999999999999997e-05,0.07999999999999996,50
gr_top_pct_10,2016-08-31,0.00014638713983956586,0.0002640341986630953,0.00011764705882352944,0.11764705882352944,49
gr_top_pct_10,2016-09-30,-0.0016310283853050007,-0.0014153421107951968,0.00021568627450980397,0.21568627450980393,51
gr_top_pct_10,2016-10-31,-0.025789130081380524,-0.02567374546599591,0.00011538461538461542,0.11538461538461542,52
gr_top_pct_10,2016-11-30,0.045330332815554694,0.04544797987437822,0.00011764705882352944,0.11764705882352944,51
gr_top_pct_10,2016-12-31,0.006841514874252137,0.007100774133511396,0.0002592592592592593,0.2592592592592593,54
gr_top_pct_10,2017-01-31,0.03569100631186968,0.03592736994823332,0.00023636363636363633,0.23636363636363633,55
gr_top_pct_10,2017-02-28,0.020127315200908692,0.0202364061099996,0.00010909090909090913,0.10909090909090913,55
gr_top_pct_10,2017-03-31,0.007826619168087393,0.007917528258996484,9.090909090909094e-05,0.09090909090909094,54
gr_top_pct_10,2017-04-30,0.015258627353880899,0.015517886613140158,0.0002592592592592593,0.2592592592592593,53
gr_top_pct_10,2017-05-31,0.006576794542653797,0.006704067269926525,0.0001272727272727273,0.12727272727272732,55
gr_top_pct_10,2017-06-30,-0.008114705543511923,-0.007823796452602831,0.0002909090909090909,0.2909090909090909,55
gr_top_pct_10,2017-07-31,0.026159956049769045,0.0262155116053246,5.5555555555555585e-05,0.05555555555555558,54
gr_top_pct_10,2017-08-31,0.015116576470599172,0.015227687581710283,0.00011111111111111117,0.11111111111111116,54
gr_top_pct_10,2017-09-30,0.04736938842892202,0.04758757024710384,0.00021818181818181818,0.21818181818181814,55
gr_top_pct_10,2017-10-31,0.030540092970301528,0.030700807256015813,0.0001607142857142857,0.1607142857142857,55
gr_top_pct_10,2017-11-30,0.04261495141208385,0.042775665697798136,0.0001607142857142857,0.1607142857142857,55
gr_top_pct_10,2017-12-31,0.0025350094796565163,0.002785009479656516,0.00025,0.25,56
gr_top_pct_10,2018-01-31,0.050813617716400326,0.05098905631289156,0.00017543859649122806,0.17543859649122806,57
gr_top_pct_10,2018-02-28,-0.03932598828586651,-0.03922072512797177,0.00010526315789473685,0.10526315789473684,56
gr_top_pct_10,2018-03-31,-0.006550388230461203,-0.0064641813339094785,8.620689655172409e-05,0.08620689655172409,58
gr_top_pct_10,2018-04-30,0.0013336293467852037,0.0015669626801185369,0.0002333333333333333,0.23333333333333328,60
gr_top_pct_10,2018-05-31,0.059973601715764484,0.06016004239373059,0.00018644067796610165,0.18644067796610164,59
gr_top_pct_10,2018-06-30,-0.004272037380851117,-0.004088704047517784,0.00018333333333333336,0.18333333333333335,60
gr_top_pct_10,2018-07-31,0.028734353318917764,0.02886550085990137,0.0001311475409836066,0.1311475409836066,61
gr_top_pct_10,2018-08-31,0.0451146187488754,0.045163799076744254,4.918032786885252e-05,0.049180327868852514,60
gr_top_pct_10,2018-09-30,-0.01646165183002161,-0.016278318496688277,0.00018333333333333336,0.18333333333333335,60
gr_top_pct_10,2018-10-31,-0.0985950564098162,-0.09847838974314953,0.0001166666666666667,0.1166666666666667,59
gr_top_pct_10,2018-11-30,0.0017986598627878917,0.0018664564729573832,6.779661016949157e-05,0.06779661016949157,58
gr_top_pct_10,2018-12-31,-0.08306617602843167,-0.08281617602843167,0.00025,0.25,60
gr_top_pct_10,2019-01-31,0.0911098648627478,0.09124545808308679,0.00013559322033898302,0.13559322033898302,59
gr_top_pct_10,2019-02-28,0.04584172378503409,0.04589172378503409,5.000000000000005e-05,0.050000000000000044,59
gr_top_pct_10,2019-03-31,0.012266835328109484,0.01233350199477615,6.666666666666666e-05,0.06666666666666665,60
gr_top_pct_10,2019-04-30,0.03308250153562945,0.033285891366137924,0.00020338983050847457,0.2033898305084746,59
gr_top_pct_10,2019-05-31,-0.08529026455407115,-0.08518856963881692,0.00010169491525423725,0.10169491525423724,59
gr_top_pct_10,2019-06-30,0.09176555993501843,0.0920586633832943,0.00029310344827586214,0.2931034482758621,58
gr_top_pct_10,2019-07-31,0.027943023224530798,0.028143023224530796,0.00019999999999999996,0.19999999999999996,60
gr_top_pct_10,2019-08-31,-0.023236447338053558,-0.023103114004720225,0.0001333333333333333,0.1333333333333333,60
gr_top_pct_10,2019-09-30,0.01489350461758706,0.01514350461758706,0.00025,0.25,60
gr_top_pct_10,2019-10-31,0.02597471285377122,0.02609137952043789,0.0001166666666666667,0.1166666666666667,59
gr_top_pct_10,2019-11-30,0.030229075921566567,0.030329075921566567,9.999999999999998e-05,0.09999999999999998,59
gr_top_pct_10,2019-12-31,0.031057806214639567,0.03137984011294465,0.0003220338983050848,0.3220338983050848,59
gr_top_pct_10,2020-01-31,-0.019540788947563614,-0.019407455614230282,0.0001333333333333333,0.1333333333333333,60
gr_top_pct_10,2020-02-29,-0.08206854246637514,-0.08193520913304181,0.0001333333333333333,0.1333333333333333,58
gr_top_pct_10,2020-03-31,-0.14516916893793788,-0.1448691689379379,0.0003000000000000001,0.30000000000000004,55
gr_top_pct_10,2020-04-30,0.1872910268230102,0.1876243601563435,0.00033333333333333343,0.33333333333333337,57
gr_top_pct_10,2020-05-31,0.08272289041556004,0.08302797516132275,0.00030508474576271185,0.30508474576271183,58
gr_top_pct_10,2020-06-30,0.03594708524938528,0.036240188697661144,0.00029310344827586214,0.2931034482758621,57
gr_top_pct_10,2020-07-31,0.06778298827318044,0.06798988482490458,0.0002068965517241379,0.2068965517241379,58
gr_top_pct_10,2020-08-31,0.04100646434451734,0.041127153999689754,0.00012068965517241382,0.12068965517241381,58
gr_top_pct_10,2020-09-30,-0.022352305489841073,-0.02202471928294452,0.0003275862068965517,0.3275862068965517,58
gr_top_pct_10,2020-10-31,-0.017498655585856875,-0.017395207309994807,0.00010344827586206895,0.10344827586206895,58
gr_top_pct_10,2020-11-30,0.09044299623894742,0.09047747899756811,3.4482758620689616e-05,0.03448275862068961,58
gr_top_pct_10,2020-12-31,0.0377297451121746,0.037971124422519424,0.00024137931034482764,0.24137931034482762,58
gr_top_pct_10,2021-01-31,0.0362730809756506,0.03639172504344721,0.00011864406779661019,0.11864406779661019,59
gr_top_pct_10,2021-02-28,0.021266710889185726,0.02135004422251906,8.333333333333337e-05,0.08333333333333337,60
gr_top_pct_10,2021-03-31,0.0727189483727783,0.0728689483727783,0.00015000000000000004,0.15000000000000002,60
gr_top_pct_10,2021-04-30,0.048856798574249224,0.04920679857424923,0.00035,0.35,60
gr_top_pct_10,2021-05-31,0.02144958020840866,0.021551275123662898,0.00010169491525423725,0.10169491525423724,58
gr_top_pct_10,2021-06-30,-0.009247188989059523,-0.009017680792338213,0.0002295081967213115,0.2295081967213115,61
gr_top_pct_10,2021-07-31,0.029124366510534426,0.029205011671824748,8.064516129032262e-05,0.08064516129032262,62
gr_top_pct_10,2021-08-31,0.021896971940743942,0.0219614880697762,6.451612903225812e-05,0.06451612903225812,59
gr_top_pct_10,2021-09-30,-0.039082133383858846,-0.03882816512989059,0.00025396825396825396,0.25396825396825395,62
gr_top_pct_10,2021-10-31,0.046171087333854575,0.04634569050845775,0.00017460317460317465,0.17460317460317465,63
gr_top_pct_10,2021-11-30,0.009740849118973362,0.009804341182465426,6.349206349206349e-05,0.06349206349206349,62
gr_top_pct_10,2021-12-31,0.043611843318896844,0.043908718318896846,0.000296875,0.296875,63
gr_top_pct_10,2022-01-31,-0.07387989198442277,-0.07364551698442277,0.00023437500000000002,0.234375,64
gr_top_pct_10,2022-02-28,0.031223181197496872,0.03131693119749687,9.375e-05,0.09375,64
gr_top_pct_10,2022-03-31,0.013014034027023037,0.013139034027023037,0.000125,0.125,63
gr_top_pct_10,2022-04-30,-0.06469234563856234,-0.06443080717702387,0.0002615384615384615,0.2615384615384615,65
gr_top_pct_10,2022-05-31,0.007319042887782776,0.0074421198108596985,0.0001230769230769231,0.12307692307692308,65
gr_top_pct_10,2022-06-30,-0.1284536188377549,-0.12828438806852413,0.0001692307692307692,0.16923076923076918,64
gr_top_pct_10,2022-07-31,0.11211412321165065,0.11219348829101573,7.936507936507942e-05,0.07936507936507942,63
gr_top_pct_10,2022-08-31,-0.017964070979675537,-0.017901570979675537,6.25e-05,0.0625,64
gr_top_pct_10,2022-09-30,-0.08421563164583312,-0.08405690148710296,0.00015873015873015873,0.15873015873015872,61
gr_top_pct_10,2022-10-31,0.1276415899499655,0.12777062220803,0.00012903225806451613,0.12903225806451613,62
gr_top_pct_10,2022-11-30,0.0851831056796004,0.0853081056796004,0.000125,0.125,64
gr_top_pct_10,2022-12-31,-0.06435922890212124,-0.06418735390212124,0.00017187500000000002,0.171875,64
gr_top_pct_10,2023-01-31,0.09473252601740273,0.09479601808089479,6.349206349206349e-05,0.06349206349206349,63
gr_top_pct_10,2023-02-28,-0.02635615875021266,-0.02629365875021266,6.25e-05,0.0625,63
gr_top_pct_10,2023-03-31,0.0003897712203722889,0.0004522712203722889,6.25e-05,0.0625,63
gr_top_pct_10,2023-04-30,-0.017013586680675433,-0.01679820206529082,0.00021538461538461544,0.2153846153846154,64
gr_top_pct_10,2023-05-31,-0.02226981715327911,-0.022115970999432955,0.00015384615384615385,0.15384615384615385,63
gr_top_pct_10,2023-06-30,0.11919692431128329,0.11940004931128329,0.00020312500000000002,0.203125,64
gr_top_pct_10,2023-07-31,0.07852596523617898,0.07861827292848668,9.230769230769232e-05,0.09230769230769231,65
gr_top_pct_10,2023-08-31,-0.007007626555445719,-0.006946088093907257,6.153846153846155e-05,0.06153846153846154,65
gr_top_pct_10,2023-09-30,-0.035571094771762284,-0.035389276589944105,0.00018181818181818178,0.18181818181818177,66
gr_top_pct_10,2023-10-31,-0.04277916313016912,-0.042703405554411544,7.57575757575758e-05,0.0757575757575758,65
gr_top_pct_10,2023-11-30,0.09213299340413676,0.09220875097989434,7.57575757575758e-05,0.0757575757575758,66
gr_top_pct_10,2023-12-31,0.08793668955623804,0.08814564478011863,0.0002089552238805971,0.20895522388059706,66
gr_top_pct_10,2024-01-31,0.017931072452967267,0.01802062469177324,8.95522388059702e-05,0.08955223880597019,66
gr_top_pct_10,2024-02-29,0.08678157626929683,0.0868711285081028,8.95522388059702e-05,0.08955223880597019,67
gr_top_pct_10,2024-03-31,0.07473654163026841,0.07497183574791547,0.00023529411764705888,0.23529411764705888,68
gr_top_pct_10,2024-04-30,-0.060083600652226794,-0.05999536535810915,8.823529411764708e-05,0.08823529411764708,68
gr_top_pct_10,2024-05-31,0.06779763106811945,0.06787225793379109,7.462686567164179e-05,0.07462686567164178,67
gr_top_pct_10,2024-06-30,-0.014857166970010246,-0.014724814028833775,0.00013235294117647058,0.13235294117647056,67
gr_top_pct_10,2024-07-31,0.05121059566336245,0.051342948604538925,0.00013235294117647058,0.13235294117647056,68
gr_top_pct_10,2024-08-31,-0.01414774699638304,-0.014031804967397532,0.00011594202898550721,0.1159420289855072,69
gr_top_pct_10,2024-09-30,0.028699181610219705,0.02891657291456753,0.0002173913043478261,0.21739130434782605,68
gr_top_pct_10,2024-10-31,-0.020141249117730523,-0.019964778529495228,0.00017647058823529416,0.17647058823529416,68
gr_top_pct_10,2024-11-30,0.08365855656631449,0.08376000584167681,0.00010144927536231885,0.10144927536231885,68
gr_top_pct_10,2024-12-31,-0.055102581586758466,-0.05483787570440553,0.00026470588235294115,0.2647058823529411,67
gr_top_pct_10,2025-01-31,0.003824576913554552,0.003956929854731023,0.00013235294117647058,0.13235294117647056,68
gr_top_pct_10,2025-02-28,-0.043804880485002605,-0.04376076283794378,4.4117647058823485e-05,0.044117647058823484,66
gr_top_pct_10,2025-03-31,-0.010611292834220151,-0.01047893989304368,0.00013235294117647058,0.13235294117647056,66
gr_top_pct_10,2025-04-30,-0.019308438578320083,-0.019035711305592812,0.00027272727272727274,0.2727272727272727,65
gr_top_pct_10,2025-05-31,0.05630671330915989,0.056485817786771836,0.00017910447761194026,0.17910447761194026,66
gr_top_pct_10,2025-06-30,0.012878148742346867,0.01318117904537717,0.000303030303030303,0.303030303030303,66
gr_top_pct_10,2025-07-31,0.022299742318783386,0.022478846796395325,0.00017910447761194026,0.17910447761194026,66
gr_top_pct_10,2025-08-31,0.06894521825011694,0.06904969586205724,0.00010447761194029848,0.10447761194029848,67
gr_top_pct_10,2025-09-30,0.022729850299907768,0.022961734357878783,0.00023188405797101456,0.23188405797101452,69
gr_top_pct_10,2025-10-31,-0.034308710006637565,-0.03416378247040568,0.00014492753623188405,0.14492753623188404,69
gr_top_pct_10,2025-11-30,0.035112276627379355,0.035228218656364864,0.00011594202898550721,0.1159420289855072,69
gr_top_pct_10,2025-12-31,0.00899181345844748,0.009281668530911247,0.0002898550724637681,0.28985507246376807,69
gr_top_pct_10,2026-01-31,0.06870577331108561,0.06883620809369431,0.0001304347826086957,0.13043478260869568,69
gr_top_pct_10,2026-02-28,0.06979412551178614,0.06989557478714846,0.00010144927536231885,0.10144927536231885,69
gr_top_pct_10,2026-03-31,-0.03630126260223177,-0.0361298340308032,0.00017142857142857137,0.17142857142857137,70
gr_top_pct_10,2026-04-30,0.11578499391563396,0.1161183272489673,0.00033333333333333343,0.33333333333333337,66
gr_top_pct_10,2026-05-31,0.025335037119941277,0.025469365478150232,0.00013432835820895527,0.13432835820895528,67
gr_top_n_50,2008-11-30,0.028320987654321006,0.029320987654321007,0.001,1.0,1
gr_top_n_50,2008-12-31,0.07196401799100438,0.07196401799100438,0.0,0.0,1
gr_top_n_50,2009-01-31,-0.12494172494172495,-0.12494172494172495,0.0,0.0,1
gr_top_n_50,2009-02-28,-0.008597912004735253,-0.008597912004735253,0.0,0.0,1
gr_top_n_50,2009-03-31,0.22460186710598573,0.22460186710598573,0.0,0.0,1
gr_top_n_50,2009-04-30,0.07937219730941703,0.07937219730941703,0.0,0.0,1
gr_top_n_50,2009-05-31,0.16825924387204005,0.16825924387204005,0.0,0.0,1
gr_top_n_50,2009-06-30,0.023535166268345807,0.024201832935012473,0.0006666666666666669,0.6666666666666667,3
gr_top_n_50,2009-07-31,0.11923205398870075,0.12006538732203409,0.0008333333333333334,0.8333333333333334,6
gr_top_n_50,2009-08-31,0.03201859652705059,0.03251859652705059,0.0005,0.5,12
gr_top_n_50,2009-09-30,0.058694998193958355,0.059194998193958355,0.0005,0.5,24
gr_top_n_50,2009-10-31,0.0009084104543129008,0.0011584104543129008,0.00025,0.25,30
gr_top_n_50,2009-11-30,0.0671171190733434,0.06738541175627023,0.0002682926829268293,0.2682926829268293,41
gr_top_n_50,2009-12-31,0.02645943378344468,0.02689943378344468,0.00043999999999999996,0.43999999999999995,50
gr_top_n_50,2010-01-31,-0.03490784147560571,-0.03466784147560571,0.00024,0.24,49
gr_top_n_50,2010-02-28,0.05182873600662872,0.05192873600662872,9.999999999999998e-05,0.09999999999999998,49
gr_top_n_50,2010-03-31,0.06402601072794495,0.06436601072794494,0.00033999999999999997,0.33999999999999997,50
gr_top_n_50,2010-04-30,0.030068202450456397,0.030548202450456398,0.00048,0.48,50
gr_top_n_50,2010-05-31,-0.06413129435208773,-0.06405129435208773,7.999999999999997e-05,0.07999999999999996,50
gr_top_n_50,2010-06-30,-0.04260476121203197,-0.04244476121203197,0.00016000000000000004,0.16000000000000003,48
gr_top_n_50,2010-07-31,0.0516206825028666,0.05170068250286659,7.999999999999997e-05,0.07999999999999996,50
gr_top_n_50,2010-08-31,-0.04264196621244235,-0.042581966212442354,6.0000000000000056e-05,0.06000000000000005,50
gr_top_n_50,2010-09-30,0.10774856595157427,0.10794856595157427,0.00019999999999999996,0.19999999999999996,49
gr_top_n_50,2010-10-31,0.0470171910246054,0.047117191024605404,9.999999999999998e-05,0.09999999999999998,49
gr_top_n_50,2010-11-30,0.01156114679635261,0.01172114679635261,0.00016000000000000004,0.16000000000000003,50
gr_top_n_50,2010-12-31,0.05015511819503402,0.05037511819503402,0.00021999999999999998,0.21999999999999997,50
gr_top_n_50,2011-01-31,-0.0012388498000172256,-0.0011788498000172255,6.0000000000000056e-05,0.06000000000000005,50
gr_top_n_50,2011-02-28,0.04210480142600936,0.042184801426009354,7.999999999999997e-05,0.07999999999999996,50
gr_top_n_50,2011-03-31,0.018116132065333784,0.018216132065333783,9.999999999999998e-05,0.09999999999999998,50
gr_top_n_50,2011-04-30,0.045213252235350616,0.04549325223535062,0.00028000000000000003,0.28,50
gr_top_n_50,2011-05-31,-0.004068018417723401,-0.0040080184177234005,6.0000000000000056e-05,0.06000000000000005,50
gr_top_n_50,2011-06-30,-0.007507476077207672,-0.007387476077207671,0.00012,0.12,50
gr_top_n_50,2011-07-31,-0.021828907746090934,-0.021708907746090935,0.00012,0.12,49
gr_top_n_50,2011-08-31,-0.04717111574632766,-0.04711111574632766,6.0000000000000056e-05,0.06000000000000005,49
gr_top_n_50,2011-09-30,-0.07846108516142172,-0.07824108516142173,0.00021999999999999998,0.21999999999999997,48
gr_top_n_50,2011-10-31,0.13869640721548568,0.13879640721548567,9.999999999999998e-05,0.09999999999999998,48
gr_top_n_50,2011-11-30,0.004682876341683659,0.004842876341683659,0.00016000000000000004,0.16000000000000003,49
gr_top_n_50,2011-12-31,0.005088561415766975,0.0052885614157669745,0.00019999999999999996,0.19999999999999996,50
gr_top_n_50,2012-01-31,0.06846732276247106,0.06856732276247106,9.999999999999998e-05,0.09999999999999998,50
gr_top_n_50,2012-02-29,0.050660302924640604,0.050820302924640605,0.00016000000000000004,0.16000000000000003,50
gr_top_n_50,2012-03-31,0.03355395679902312,0.03375395679902312,0.00019999999999999996,0.19999999999999996,50
gr_top_n_50,2012-04-30,0.02521049408227522,0.025350494082275223,0.00014000000000000001,0.14,50
gr_top_n_50,2012-05-31,-0.050622511564307984,-0.05052251156430798,9.999999999999998e-05,0.09999999999999998,48
gr_top_n_50,2012-06-30,0.027808765494304093,0.028028765494304095,0.00021999999999999998,0.21999999999999997,49
gr_top_n_50,2012-07-31,0.008631963634798838,0.008731963634798837,9.999999999999998e-05,0.09999999999999998,49
gr_top_n_50,2012-08-31,0.025374841903487304,0.025474841903487304,9.999999999999998e-05,0.09999999999999998,49
gr_top_n_50,2012-09-30,0.009881695966754554,0.010101695966754554,0.00021999999999999998,0.21999999999999997,50
gr_top_n_50,2012-10-31,-0.008523537938353459,-0.008383537938353459,0.00014000000000000001,0.14,49
gr_top_n_50,2012-11-30,0.006846246796732397,0.006986246796732398,0.00014000000000000001,0.14,49
gr_top_n_50,2012-12-31,0.014773740000105309,0.014993740000105308,0.00021999999999999998,0.21999999999999997,49
gr_top_n_50,2013-01-31,0.06312795303313588,0.06324795303313588,0.00012,0.12,49
gr_top_n_50,2013-02-28,0.009349494362846069,0.009489494362846069,0.00014000000000000001,0.14,50
gr_top_n_50,2013-03-31,0.045210631840376624,0.045330631840376626,0.00012,0.12,49
gr_top_n_50,2013-04-30,0.0155532770369874,0.0159132770369874,0.00035999999999999997,0.36,48
gr_top_n_50,2013-05-31,0.018788938253787565,0.018888938253787565,9.999999999999998e-05,0.09999999999999998,49
gr_top_n_50,2013-06-30,-0.0051869483315035185,-0.005006948331503518,0.00018000000000000007,0.18000000000000005,50
gr_top_n_50,2013-07-31,0.048754079300135436,0.04885407930013544,9.999999999999998e-05,0.09999999999999998,50
gr_top_n_50,2013-08-31,-0.03487396758729183,-0.034813967587291834,6.0000000000000056e-05,0.06000000000000005,47
gr_top_n_50,2013-09-30,0.0421427018463767,0.0423227018463767,0.00018000000000000007,0.18000000000000005,50
gr_top_n_50,2013-10-31,0.05659080957106174,0.05677080957106174,0.00018000000000000007,0.18000000000000005,49
gr_top_n_50,2013-11-30,0.03248612321981654,0.03258612321981654,9.999999999999998e-05,0.09999999999999998,49
gr_top_n_50,2013-12-31,0.032457660566201765,0.032657660566201764,0.00019999999999999996,0.19999999999999996,50
gr_top_n_50,2014-01-31,-0.044251104096315,-0.044071104096315,0.00018000000000000007,0.18000000000000005,49
gr_top_n_50,2014-02-28,0.05281705074355237,0.05291705074355237,9.999999999999998e-05,0.09999999999999998,50
gr_top_n_50,2014-03-31,0.02276665427153792,0.02286665427153792,9.999999999999998e-05,0.09999999999999998,49
gr_top_n_50,2014-04-30,-0.0028046423967615828,-0.0025846423967615826,0.00021999999999999998,0.21999999999999997,49
gr_top_n_50,2014-05-31,0.010538720667622518,0.010618720667622518,7.999999999999997e-05,0.07999999999999996,50
gr_top_n_50,2014-06-30,0.014844593576540244,0.015104593576540244,0.00026000000000000003,0.26,49
gr_top_n_50,2014-07-31,-0.0023531820434572357,-0.002233182043457236,0.00012,0.12,50
gr_top_n_50,2014-08-31,0.04564157331973196,0.045741573319731964,9.999999999999998e-05,0.09999999999999998,47
gr_top_n_50,2014-09-30,-0.02536090217053316,-0.02506090217053316,0.0003000000000000001,0.30000000000000004,49
gr_top_n_50,2014-10-31,0.02653374728506263,0.02671374728506263,0.00018000000000000007,0.18000000000000005,49
gr_top_n_50,2014-11-30,0.022008228085179764,0.022108228085179763,9.999999999999998e-05,0.09999999999999998,50
gr_top_n_50,2014-12-31,-0.002574936925316587,-0.002274936925316587,0.0003000000000000001,0.30000000000000004,49
gr_top_n_50,2015-01-31,-0.011263861434176658,-0.011143861434176658,0.00012,0.12,50
gr_top_n_50,2015-02-28,0.055577035521019835,0.05567703552101984,9.999999999999998e-05,0.09999999999999998,50
gr_top_n_50,2015-03-31,-0.011976633519329921,-0.011916633519329922,6.0000000000000056e-05,0.06000000000000005,50
gr_top_n_50,2015-04-30,0.0033932133502717556,0.0036932133502717555,0.0003000000000000001,0.30000000000000004,50
gr_top_n_50,2015-05-31,0.03113455174128877,0.03133455174128877,0.00019999999999999996,0.19999999999999996,50
gr_top_n_50,2015-06-30,-0.005712685244413656,-0.005492685244413657,0.00021999999999999998,0.21999999999999997,49
gr_top_n_50,2015-07-31,0.01108939895013441,0.011209398950134411,0.00012,0.12,50
gr_top_n_50,2015-08-31,-0.054127013801267415,-0.05402701380126741,9.999999999999998e-05,0.09999999999999998,49
gr_top_n_50,2015-09-30,-0.013448680504394732,-0.013248680504394731,0.00019999999999999996,0.19999999999999996,49
gr_top_n_50,2015-10-31,0.05383210246300102,0.05393210246300102,9.999999999999998e-05,0.09999999999999998,50
gr_top_n_50,2015-11-30,-0.005230903401500087,-0.005130903401500087,9.999999999999998e-05,0.09999999999999998,50
gr_top_n_50,2015-12-31,-0.024702927505426533,-0.024522927505426534,0.00018000000000000007,0.18000000000000005,50
gr_top_n_50,2016-01-31,-0.04538123132690653,-0.045301231326906534,7.999999999999997e-05,0.07999999999999996,50
gr_top_n_50,2016-02-29,0.03742028714126866,0.03748028714126866,6.0000000000000056e-05,0.06000000000000005,50
gr_top_n_50,2016-03-31,0.06645650862193625,0.06669650862193625,0.00024,0.24,50
gr_top_n_50,2016-04-30,-0.02663747202436827,-0.02647747202436827,0.00016000000000000004,0.16000000000000003,49
gr_top_n_50,2016-05-31,-0.0054123067205673284,-0.005312306720567328,9.999999999999998e-05,0.09999999999999998,50
gr_top_n_50,2016-06-30,0.009717896743901673,0.009937896743901673,0.00021999999999999998,0.21999999999999997,50
gr_top_n_50,2016-07-31,0.038240504396724974,0.03832050439672497,7.999999999999997e-05,0.07999999999999996,50
gr_top_n_50,2016-08-31,0.0001743033554779631,0.0002743033554779631,9.999999999999998e-05,0.09999999999999998,48
gr_top_n_50,2016-09-30,-0.0014254591951706904,-0.0012054591951706905,0.00021999999999999998,0.21999999999999997,50
gr_top_n_50,2016-10-31,-0.026539020971385826,-0.026439020971385827,9.999999999999998e-05,0.09999999999999998,50
gr_top_n_50,2016-11-30,0.04403150140540054,0.04415150140540054,0.00012,0.12,50
gr_top_n_50,2016-12-31,0.006135031792122023,0.006375031792122023,0.00024,0.24,50
gr_top_n_50,2017-01-31,0.031178246144473988,0.03137824614447399,0.00019999999999999996,0.19999999999999996,50
gr_top_n_50,2017-02-28,0.018093875833618434,0.018153875833618435,6.0000000000000056e-05,0.06000000000000005,50
gr_top_n_50,2017-03-31,0.0066509020242030955,0.006710902024203096,6.0000000000000056e-05,0.06000000000000005,49
gr_top_n_50,2017-04-30,0.01154908554733127,0.01182908554733127,0.00028000000000000003,0.28,49
gr_top_n_50,2017-05-31,0.0077448684264266356,0.007904868426426636,0.00016000000000000004,0.16000000000000003,50
gr_top_n_50,2017-06-30,-0.007503299394931364,-0.007223299394931364,0.00028000000000000003,0.28,50
gr_top_n_50,2017-07-31,0.024800668869706187,0.024860668869706188,6.0000000000000056e-05,0.06000000000000005,50
gr_top_n_50,2017-08-31,0.015648697436259126,0.015768697436259124,0.00012,0.12,50
gr_top_n_50,2017-09-30,0.03776628961967182,0.03798628961967182,0.00021999999999999998,0.21999999999999997,50
gr_top_n_50,2017-10-31,0.027789678987837227,0.027929678987837228,0.00014000000000000001,0.14,49
gr_top_n_50,2017-11-30,0.044390451894194834,0.044510451894194836,0.00012,0.12,49
gr_top_n_50,2017-12-31,0.0053779536131277885,0.005637953613127788,0.00026000000000000003,0.26,50
gr_top_n_50,2018-01-31,0.056078758402782085,0.056258758402782084,0.00018000000000000007,0.18000000000000005,50
gr_top_n_50,2018-02-28,-0.04153505229455888,-0.04141505229455888,0.00012,0.12,49
gr_top_n_50,2018-03-31,-0.01006360670899733,-0.00998360670899733,7.999999999999997e-05,0.07999999999999996,50
gr_top_n_50,2018-04-30,0.004659097666046142,0.004919097666046142,0.00026000000000000003,0.26,50
gr_top_n_50,2018-05-31,0.05630047443055445,0.05644047443055445,0.00014000000000000001,0.14,50
gr_top_n_50,2018-06-30,-0.00024130568176414325,-4.130568176414329e-05,0.00019999999999999996,0.19999999999999996,50
gr_top_n_50,2018-07-31,0.023809700300428473,0.023909700300428473,9.999999999999998e-05,0.09999999999999998,50
gr_top_n_50,2018-08-31,0.04613242115531715,0.04615242115531715,2.000000000000002e-05,0.020000000000000018,49
gr_top_n_50,2018-09-30,-0.019511442614805318,-0.019271442614805318,0.00024,0.24,50
gr_top_n_50,2018-10-31,-0.10941250758365396,-0.10931250758365396,9.999999999999998e-05,0.09999999999999998,49
gr_top_n_50,2018-11-30,0.009799618676841674,0.009859618676841674,6.0000000000000056e-05,0.06000000000000005,49
gr_top_n_50,2018-12-31,-0.08438184572241539,-0.08416184572241539,0.00021999999999999998,0.21999999999999997,50
gr_top_n_50,2019-01-31,0.09505773782207494,0.09517773782207493,0.00012,0.12,50
gr_top_n_50,2019-02-28,0.04522948478377466,0.04530948478377465,7.999999999999997e-05,0.07999999999999996,49
gr_top_n_50,2019-03-31,0.021067318370998823,0.021107318370998822,4.000000000000004e-05,0.040000000000000036,50
gr_top_n_50,2019-04-30,0.032404318753587284,0.03264431875358728,0.00024,0.24,50
gr_top_n_50,2019-05-31,-0.09046795468766355,-0.09038795468766356,7.999999999999997e-05,0.07999999999999996,50
gr_top_n_50,2019-06-30,0.09164670679244424,0.09192670679244425,0.00028000000000000003,0.28,50
gr_top_n_50,2019-07-31,0.026412472223532865,0.026592472223532865,0.00018000000000000007,0.18000000000000005,50
gr_top_n_50,2019-08-31,-0.013155737035542809,-0.01301573703554281,0.00014000000000000001,0.14,50
gr_top_n_50,2019-09-30,0.013737973036520927,0.014017973036520928,0.00028000000000000003,0.28,50
gr_top_n_50,2019-10-31,0.03308551352657742,0.03318551352657742,9.999999999999998e-05,0.09999999999999998,49
gr_top_n_50,2019-11-30,0.029302572671083858,0.029402572671083857,9.999999999999998e-05,0.09999999999999998,49
gr_top_n_50,2019-12-31,0.033909094215364914,0.034249094215364914,0.00033999999999999997,0.33999999999999997,50
gr_top_n_50,2020-01-31,-0.014215123004971526,-0.014055123004971526,0.00016000000000000004,0.16000000000000003,50
gr_top_n_50,2020-02-29,-0.08059270299920475,-0.08047270299920475,0.00012,0.12,48
gr_top_n_50,2020-03-31,-0.13959945755269154,-0.13929945755269155,0.0003000000000000001,0.30000000000000004,46
gr_top_n_50,2020-04-30,0.18584187107241168,0.18614187107241167,0.0003000000000000001,0.30000000000000004,50
gr_top_n_50,2020-05-31,0.0811449975415011,0.0814249975415011,0.00028000000000000003,0.28,49
gr_top_n_50,2020-06-30,0.04632087486793295,0.046600874867932955,0.00028000000000000003,0.28,49
gr_top_n_50,2020-07-31,0.07040319427936682,0.07054319427936682,0.00014000000000000001,0.14,50
gr_top_n_50,2020-08-31,0.04414509314522136,0.04420509314522136,6.0000000000000056e-05,0.06000000000000005,50
gr_top_n_50,2020-09-30,-0.021599769587006785,-0.021259769587006785,0.00033999999999999997,0.33999999999999997,50
gr_top_n_50,2020-10-31,-0.008410147141022175,-0.008290147141022174,0.00012,0.12,50
gr_top_n_50,2020-11-30,0.08855232413270916,0.08861232413270917,6.0000000000000056e-05,0.06000000000000005,50
gr_top_n_50,2020-12-31,0.032317096148936256,0.03257709614893626,0.00026000000000000003,0.26,50
gr_top_n_50,2021-01-31,0.04846307914687911,0.048563079146879115,9.999999999999998e-05,0.09999999999999998,50
gr_top_n_50,2021-02-28,0.018681048574888916,0.018761048574888917,7.999999999999997e-05,0.07999999999999996,50
gr_top_n_50,2021-03-31,0.07658204088122261,0.07676204088122261,0.00018000000000000007,0.18000000000000005,50
gr_top_n_50,2021-04-30,0.04804968837341884,0.048429688373418836,0.00038,0.38,50
gr_top_n_50,2021-05-31,0.022692614909298824,0.022792614909298823,9.999999999999998e-05,0.09999999999999998,49
gr_top_n_50,2021-06-30,-0.0035794008434812618,-0.0033594008434812616,0.00021999999999999998,0.21999999999999997,50
gr_top_n_50,2021-07-31,0.027523703812000658,0.027603703812000658,7.999999999999997e-05,0.07999999999999996,50
gr_top_n_50,2021-08-31,0.021325615331263252,0.021385615331263253,6.0000000000000056e-05,0.06000000000000005,47
gr_top_n_50,2021-09-30,-0.034357927396933025,-0.034177927396933025,0.00018000000000000007,0.18000000000000005,49
gr_top_n_50,2021-10-31,0.04809648899237481,0.04827648899237481,0.00018000000000000007,0.18000000000000005,50
gr_top_n_50,2021-11-30,0.018532572860552692,0.018612572860552692,7.999999999999997e-05,0.07999999999999996,49
gr_top_n_50,2021-12-31,0.04774251106886855,0.04808251106886855,0.00033999999999999997,0.33999999999999997,49
gr_top_n_50,2022-01-31,-0.0822529264216028,-0.0820129264216028,0.00024,0.24,50
gr_top_n_50,2022-02-28,0.04053555393409166,0.04063555393409166,9.999999999999998e-05,0.09999999999999998,50
gr_top_n_50,2022-03-31,0.02093656447587401,0.02105656447587401,0.00012,0.12,49
gr_top_n_50,2022-04-30,-0.06106301640828367,-0.060803016408283665,0.00026000000000000003,0.26,50
gr_top_n_50,2022-05-31,-0.0014632450144653573,-0.0013232450144653573,0.00014000000000000001,0.14,50
gr_top_n_50,2022-06-30,-0.13166510940692241,-0.1315251094069224,0.00014000000000000001,0.14,49
gr_top_n_50,2022-07-31,0.11774757577676127,0.11790757577676127,0.00016000000000000004,0.16000000000000003,50
gr_top_n_50,2022-08-31,-0.01003388049477295,-0.009933880494772951,9.999999999999998e-05,0.09999999999999998,50
gr_top_n_50,2022-09-30,-0.08785452590907455,-0.08769452590907456,0.00016000000000000004,0.16000000000000003,49
gr_top_n_50,2022-10-31,0.13012165986829835,0.13022165986829834,9.999999999999998e-05,0.09999999999999998,50
gr_top_n_50,2022-11-30,0.08390799664872853,0.08400799664872853,9.999999999999998e-05,0.09999999999999998,50
gr_top_n_50,2022-12-31,-0.05919841514258846,-0.05905841514258846,0.00014000000000000001,0.14,50
gr_top_n_50,2023-01-31,0.09647514882925776,0.09655514882925775,7.999999999999997e-05,0.07999999999999996,50
gr_top_n_50,2023-02-28,-0.027572535799070645,-0.027492535799070645,7.999999999999997e-05,0.07999999999999996,50
gr_top_n_50,2023-03-31,-0.005326384665208104,-0.005266384665208104,6.0000000000000056e-05,0.06000000000000005,50
gr_top_n_50,2023-04-30,-0.023379394209029247,-0.023179394209029248,0.00019999999999999996,0.19999999999999996,49
gr_top_n_50,2023-05-31,-0.011812410258103572,-0.011672410258103573,0.00014000000000000001,0.14,48
gr_top_n_50,2023-06-30,0.12859532093021755,0.12881532093021755,0.00021999999999999998,0.21999999999999997,50
gr_top_n_50,2023-07-31,0.07327389212166241,0.0733538921216624,7.999999999999997e-05,0.07999999999999996,50
gr_top_n_50,2023-08-31,-0.011528943635801281,-0.011448943635801281,7.999999999999997e-05,0.07999999999999996,50
gr_top_n_50,2023-09-30,-0.04143537875408158,-0.04125537875408158,0.00018000000000000007,0.18000000000000005,50
gr_top_n_50,2023-10-31,-0.03878418662850482,-0.038704186628504826,7.999999999999997e-05,0.07999999999999996,50
gr_top_n_50,2023-11-30,0.09620102610848194,0.09630102610848194,9.999999999999998e-05,0.09999999999999998,50
gr_top_n_50,2023-12-31,0.09277308167093468,0.09301308167093468,0.00024,0.24,50
gr_top_n_50,2024-01-31,0.025982483608800847,0.026062483608800847,7.999999999999997e-05,0.07999999999999996,49
gr_top_n_50,2024-02-29,0.08889071489607804,0.08897071489607804,7.999999999999997e-05,0.07999999999999996,50
gr_top_n_50,2024-03-31,0.07628091241538527,0.07656091241538528,0.00028000000000000003,0.28,50
gr_top_n_50,2024-04-30,-0.06508371395649344,-0.06496371395649345,0.00012,0.12,50
gr_top_n_50,2024-05-31,0.0828881052715914,0.0829681052715914,7.999999999999997e-05,0.07999999999999996,50
gr_top_n_50,2024-06-30,-0.01399132081379315,-0.013771320813793151,0.00021999999999999998,0.21999999999999997,50
gr_top_n_50,2024-07-31,0.0406049980143598,0.040704998014359804,9.999999999999998e-05,0.09999999999999998,50
gr_top_n_50,2024-08-31,-0.019935402136917444,-0.019795402136917443,0.00014000000000000001,0.14,50
gr_top_n_50,2024-09-30,0.03894732219098868,0.039227322190988685,0.00028000000000000003,0.28,49
gr_top_n_50,2024-10-31,-0.02998060940296152,-0.02984060940296152,0.00014000000000000001,0.14,50
gr_top_n_50,2024-11-30,0.08320933892778166,0.08326933892778167,6.0000000000000056e-05,0.06000000000000005,49
gr_top_n_50,2024-12-31,-0.049892406184915826,-0.049592406184915824,0.0003000000000000001,0.30000000000000004,49
gr_top_n_50,2025-01-31,0.005191742058171706,0.005331742058171707,0.00014000000000000001,0.14,50
gr_top_n_50,2025-02-28,-0.04799580273038801,-0.047935802730388014,6.0000000000000056e-05,0.06000000000000005,49
gr_top_n_50,2025-03-31,-0.005040776428494193,-0.0049607764284941925,7.999999999999997e-05,0.07999999999999996,49
gr_top_n_50,2025-04-30,-0.024484703068086585,-0.024164703068086584,0.0003199999999999999,0.31999999999999995,49
gr_top_n_50,2025-05-31,0.0518444358047715,0.0520444358047715,0.00019999999999999996,0.19999999999999996,49
gr_top_n_50,2025-06-30,0.014361671602565627,0.014661671602565627,0.0003000000000000001,0.30000000000000004,50
gr_top_n_50,2025-07-31,0.020126330082398197,0.020306330082398197,0.00018000000000000007,0.18000000000000005,49
gr_top_n_50,2025-08-31,0.0710816144198208,0.0711616144198208,7.999999999999997e-05,0.07999999999999996,50
gr_top_n_50,2025-09-30,0.03548488444838174,0.035744884448381746,0.00026000000000000003,0.26,50
gr_top_n_50,2025-10-31,-0.02637545583886546,-0.02627545583886546,9.999999999999998e-05,0.09999999999999998,50
gr_top_n_50,2025-11-30,0.040937160962404164,0.04101716096240416,7.999999999999997e-05,0.07999999999999996,50
gr_top_n_50,2025-12-31,0.009371702461128447,0.009751702461128447,0.00038,0.38,50
gr_top_n_50,2026-01-31,0.06302658343368833,0.06316658343368833,0.00014000000000000001,0.14,50
gr_top_n_50,2026-02-28,0.08601291063176913,0.08615291063176914,0.00014000000000000001,0.14,50
gr_top_n_50,2026-03-31,-0.04072140359902188,-0.040601403599021875,0.00012,0.12,50
gr_top_n_50,2026-04-30,0.12966456215638772,0.13000456215638773,0.00033999999999999997,0.33999999999999997,50
gr_top_n_50,2026-05-31,0.021946024130616484,0.022066024130616483,0.00012,0.12,50
gr_top_n_25,2008-11-30,0.028320987654321006,0.029320987654321007,0.001,1.0,1
gr_top_n_25,2008-12-31,0.07196401799100438,0.07196401799100438,0.0,0.0,1
gr_top_n_25,2009-01-31,-0.12494172494172495,-0.12494172494172495,0.0,0.0,1
gr_top_n_25,2009-02-28,-0.008597912004735253,-0.008597912004735253,0.0,0.0,1
gr_top_n_25,2009-03-31,0.22460186710598573,0.22460186710598573,0.0,0.0,1
gr_top_n_25,2009-04-30,0.07937219730941703,0.07937219730941703,0.0,0.0,1
gr_top_n_25,2009-05-31,0.16825924387204005,0.16825924387204005,0.0,0.0,1
gr_top_n_25,2009-06-30,0.023535166268345807,0.024201832935012473,0.0006666666666666669,0.6666666666666667,3
gr_top_n_25,2009-07-31,0.11923205398870075,0.12006538732203409,0.0008333333333333334,0.8333333333333334,6
gr_top_n_25,2009-08-31,0.03201859652705059,0.03251859652705059,0.0005,0.5,12
gr_top_n_25,2009-09-30,0.05462518605013167,0.05517064059558621,0.0005454545454545455,0.5454545454545454,22
gr_top_n_25,2009-10-31,0.008659659696815534,0.008899659696815535,0.00024,0.24,24
gr_top_n_25,2009-11-30,0.07062508147975124,0.07098508147975124,0.00035999999999999997,0.36,25
gr_top_n_25,2009-12-31,0.019036704589337133,0.019596704589337134,0.0005600000000000001,0.56,25
gr_top_n_25,2010-01-31,-0.028406247369736716,-0.028206247369736717,0.00019999999999999996,0.19999999999999996,24
gr_top_n_25,2010-02-28,0.05454024325540764,0.05470024325540764,0.00016000000000000004,0.16000000000000003,24
gr_top_n_25,2010-03-31,0.0642031788634301,0.0645631788634301,0.00035999999999999997,0.36,25
gr_top_n_25,2010-04-30,0.03345771661841955,0.03397771661841955,0.0005200000000000001,0.52,25
gr_top_n_25,2010-05-31,-0.06220642061199513,-0.06220642061199513,0.0,0.0,25
gr_top_n_25,2010-06-30,-0.033955177469241885,-0.033755177469241886,0.00019999999999999996,0.19999999999999996,24
gr_top_n_25,2010-07-31,0.047336710746835625,0.047376710746835624,4.000000000000004e-05,0.040000000000000036,25
gr_top_n_25,2010-08-31,-0.03787054474678872,-0.03779054474678872,7.999999999999997e-05,0.07999999999999996,25
gr_top_n_25,2010-09-30,0.11496479957600138,0.11520479957600138,0.00024,0.24,24
gr_top_n_25,2010-10-31,0.04848547086558707,0.04860547086558707,0.00012,0.12,25
gr_top_n_25,2010-11-30,0.005747298378551991,0.00594729837855199,0.00019999999999999996,0.19999999999999996,25
gr_top_n_25,2010-12-31,0.05882695693751605,0.05906695693751605,0.00024,0.24,25
gr_top_n_25,2011-01-31,-0.00202520592940719,-0.00190520592940719,0.00012,0.12,25
gr_top_n_25,2011-02-28,0.03721919594602536,0.037299195946025356,7.999999999999997e-05,0.07999999999999996,25
gr_top_n_25,2011-03-31,0.021850101171617776,0.021930101171617776,7.999999999999997e-05,0.07999999999999996,25
gr_top_n_25,2011-04-30,0.06005155803329688,0.060451558033296875,0.0004,0.4,25
gr_top_n_25,2011-05-31,0.003057766465063314,0.003177766465063314,0.00012,0.12,25
gr_top_n_25,2011-06-30,-0.007985648774877303,-0.007825648774877302,0.00016000000000000004,0.16000000000000003,25
gr_top_n_25,2011-07-31,-0.01177765767404126,-0.01165765767404126,0.00012,0.12,24
gr_top_n_25,2011-08-31,-0.03901230352997027,-0.03893230352997027,7.999999999999997e-05,0.07999999999999996,24
gr_top_n_25,2011-09-30,-0.12695666879030376,-0.12671666879030377,0.00024,0.24,23
gr_top_n_25,2011-10-31,0.154539979296042,0.154739979296042,0.00019999999999999996,0.19999999999999996,25
gr_top_n_25,2011-11-30,0.00907096421706748,0.00919096421706748,0.00012,0.12,24
gr_top_n_25,2011-12-31,0.008813336322718133,0.009213336322718133,0.0004,0.4,25
gr_top_n_25,2012-01-31,0.0769762239732572,0.07709622397325719,0.00012,0.12,25
gr_top_n_25,2012-02-29,0.0393331536751719,0.0395731536751719,0.00024,0.24,25
gr_top_n_25,2012-03-31,0.030429312015561146,0.030669312015561147,0.00024,0.24,25
gr_top_n_25,2012-04-30,0.03209889009952055,0.03221889009952055,0.00012,0.12,25
gr_top_n_25,2012-05-31,-0.05063926803671962,-0.050559268036719625,7.999999999999997e-05,0.07999999999999996,24
gr_top_n_25,2012-06-30,0.030229306021263627,0.030509306021263626,0.00028000000000000003,0.28,25
gr_top_n_25,2012-07-31,0.0014729962969887245,0.0015529962969887245,7.999999999999997e-05,0.07999999999999996,25
gr_top_n_25,2012-08-31,0.01902447097600065,0.01910447097600065,7.999999999999997e-05,0.07999999999999996,24
gr_top_n_25,2012-09-30,0.007698565310785281,0.008058565310785281,0.00035999999999999997,0.36,25
gr_top_n_25,2012-10-31,-0.013712832468151252,-0.013512832468151251,0.00019999999999999996,0.19999999999999996,24
gr_top_n_25,2012-11-30,0.01101461802488816,0.01113461802488816,0.00012,0.12,24
gr_top_n_25,2012-12-31,0.013468405063574645,0.013788405063574644,0.0003199999999999999,0.31999999999999995,24
gr_top_n_25,2013-01-31,0.07926862832190525,0.07942862832190524,0.00016000000000000004,0.16000000000000003,24
gr_top_n_25,2013-02-28,0.014279677908489101,0.014399677908489101,0.00012,0.12,25
gr_top_n_25,2013-03-31,0.047590500737782364,0.04763050073778236,4.000000000000004e-05,0.040000000000000036,24
gr_top_n_25,2013-04-30,-0.003901265466986703,-0.003581265466986703,0.0003199999999999999,0.31999999999999995,25
gr_top_n_25,2013-05-31,0.03847046842924768,0.03851046842924768,4.000000000000004e-05,0.040000000000000036,24
gr_top_n_25,2013-06-30,-0.013599900567583463,-0.013359900567583462,0.00024,0.24,25
gr_top_n_25,2013-07-31,0.04261308761141594,0.042693087611415936,7.999999999999997e-05,0.07999999999999996,25
gr_top_n_25,2013-08-31,-0.024941536052659953,-0.024781536052659953,0.00016000000000000004,0.16000000000000003,23
gr_top_n_25,2013-09-30,0.048647618296218956,0.04888761829621895,0.00024,0.24,25
gr_top_n_25,2013-10-31,0.06053754744228999,0.06073754744228999,0.00019999999999999996,0.19999999999999996,25
gr_top_n_25,2013-11-30,0.044336804164841655,0.04441680416484165,7.999999999999997e-05,0.07999999999999996,25
gr_top_n_25,2013-12-31,0.030200862936790262,0.03040086293679026,0.00019999999999999996,0.19999999999999996,25
gr_top_n_25,2014-01-31,-0.042962779460056374,-0.042802779460056374,0.00016000000000000004,0.16000000000000003,24
gr_top_n_25,2014-02-28,0.06869128702522423,0.06881128702522422,0.00012,0.12,25
gr_top_n_25,2014-03-31,0.026980542559036574,0.027140542559036574,0.00016000000000000004,0.16000000000000003,25
gr_top_n_25,2014-04-30,-0.00024573529524984006,0.00015426470475015996,0.0004,0.4,25
gr_top_n_25,2014-05-31,0.01593153691565609,0.015971536915656087,4.000000000000004e-05,0.040000000000000036,25
gr_top_n_25,2014-06-30,0.003139271001576501,0.003379271001576501,0.00024,0.24,24
gr_top_n_25,2014-07-31,-0.0017569317805713955,-0.0015569317805713956,0.00019999999999999996,0.19999999999999996,25
gr_top_n_25,2014-08-31,0.05121907986901954,0.051299079869019534,7.999999999999997e-05,0.07999999999999996,23
gr_top_n_25,2014-09-30,-0.02330597185443066,-0.02286597185443066,0.00043999999999999996,0.43999999999999995,24
gr_top_n_25,2014-10-31,0.027176122064190053,0.027496122064190054,0.0003199999999999999,0.31999999999999995,25
gr_top_n_25,2014-11-30,0.025450436517338585,0.025610436517338585,0.00016000000000000004,0.16000000000000003,25
gr_top_n_25,2014-12-31,0.0018403772816695367,0.0021203772816695368,0.00028000000000000003,0.28,24
gr_top_n_25,2015-01-31,0.0017286634015572001,0.0018886634015572,0.00016000000000000004,0.16000000000000003,25
gr_top_n_25,2015-02-28,0.04213331708158708,0.04225331708158708,0.00012,0.12,25
gr_top_n_25,2015-03-31,0.0042020138111294215,0.004282013811129422,7.999999999999997e-05,0.07999999999999996,25
gr_top_n_25,2015-04-30,0.01197587441977976,0.01233587441977976,0.00035999999999999997,0.36,25
gr_top_n_25,2015-05-31,0.03458100243774407,0.03470100243774407,0.00012,0.12,25
gr_top_n_25,2015-06-30,-0.011523103876848396,-0.011203103876848397,0.0003199999999999999,0.31999999999999995,25
gr_top_n_25,2015-07-31,-0.004017923027156001,-0.0038579230271560006,0.00016000000000000004,0.16000000000000003,25
gr_top_n_25,2015-08-31,-0.05432565103591669,-0.05424565103591669,7.999999999999997e-05,0.07999999999999996,24
gr_top_n_25,2015-09-30,-0.01307291804171049,-0.01283291804171049,0.00024,0.24,24
gr_top_n_25,2015-10-31,0.04861038452182865,0.04865038452182865,4.000000000000004e-05,0.040000000000000036,25
gr_top_n_25,2015-11-30,-0.001713618976292035,-0.001553618976292035,0.00016000000000000004,0.16000000000000003,25
gr_top_n_25,2015-12-31,-0.008088528273164353,-0.007928528273164353,0.00016000000000000004,0.16000000000000003,25
gr_top_n_25,2016-01-31,-0.033044352480154554,-0.03296435248015456,7.999999999999997e-05,0.07999999999999996,25
gr_top_n_25,2016-02-29,0.035633869269152844,0.035753869269152846,0.00012,0.12,25
gr_top_n_25,2016-03-31,0.05516820499680283,0.055448204996802836,0.00028000000000000003,0.28,25
gr_top_n_25,2016-04-30,-0.02112099447400655,-0.02104099447400655,7.999999999999997e-05,0.07999999999999996,25
gr_top_n_25,2016-05-31,-0.0004942693501860206,-0.0003742693501860206,0.00012,0.12,25
gr_top_n_25,2016-06-30,0.017233267583151676,0.017553267583151677,0.0003199999999999999,0.31999999999999995,25
gr_top_n_25,2016-07-31,0.02975640832284763,0.02991640832284763,0.00016000000000000004,0.16000000000000003,25
gr_top_n_25,2016-08-31,-0.019140176625494346,-0.018940176625494347,0.00019999999999999996,0.19999999999999996,23
gr_top_n_25,2016-09-30,0.007511607998025478,0.007751607998025478,0.00024,0.24,25
gr_top_n_25,2016-10-31,-0.023092614186366614,-0.022972614186366615,0.00012,0.12,25
gr_top_n_25,2016-11-30,0.03747318416114622,0.03763318416114622,0.00016000000000000004,0.16000000000000003,25
gr_top_n_25,2016-12-31,0.006760093039342419,0.007040093039342419,0.00028000000000000003,0.28,25
gr_top_n_25,2017-01-31,0.0424556118632727,0.0426556118632727,0.00019999999999999996,0.19999999999999996,25
gr_top_n_25,2017-02-28,0.022094510979223818,0.022174510979223818,7.999999999999997e-05,0.07999999999999996,25
gr_top_n_25,2017-03-31,0.00954635156755626,0.00954635156755626,0.0,0.0,24
gr_top_n_25,2017-04-30,0.0034310736170939005,0.0037910736170939006,0.00035999999999999997,0.36,24
gr_top_n_25,2017-05-31,-0.005288189127562473,-0.005168189127562473,0.00012,0.12,25
gr_top_n_25,2017-06-30,-0.013474239901062173,-0.013034239901062174,0.00043999999999999996,0.43999999999999995,25
gr_top_n_25,2017-07-31,0.029259325857249215,0.029299325857249214,4.000000000000004e-05,0.040000000000000036,25
gr_top_n_25,2017-08-31,0.020822814319293538,0.020902814319293538,7.999999999999997e-05,0.07999999999999996,25
gr_top_n_25,2017-09-30,0.022200237008631628,0.02252023700863163,0.0003199999999999999,0.31999999999999995,25
gr_top_n_25,2017-10-31,0.02905797566691186,0.029177975666911857,0.00012,0.12,24
gr_top_n_25,2017-11-30,0.04609954389647069,0.04625954389647069,0.00016000000000000004,0.16000000000000003,24
gr_top_n_25,2017-12-31,-0.0010473676342332224,-0.0007273676342332225,0.0003199999999999999,0.31999999999999995,25
gr_top_n_25,2018-01-31,0.06595357334752908,0.06615357334752908,0.00019999999999999996,0.19999999999999996,25
gr_top_n_25,2018-02-28,-0.027463908820146942,-0.027343908820146944,0.00012,0.12,25
gr_top_n_25,2018-03-31,-0.010742829969472298,-0.010662829969472298,7.999999999999997e-05,0.07999999999999996,25
gr_top_n_25,2018-04-30,0.0016242630755414612,0.0019042630755414613,0.00028000000000000003,0.28,25
gr_top_n_25,2018-05-31,0.06071748571624804,0.060837485716248044,0.00012,0.12,25
gr_top_n_25,2018-06-30,0.007474284622008573,0.007754284622008573,0.00028000000000000003,0.28,25
gr_top_n_25,2018-07-31,0.025591960754692982,0.02571196075469298,0.00012,0.12,25
gr_top_n_25,2018-08-31,0.03441034241750136,0.03445034241750136,4.000000000000004e-05,0.040000000000000036,24
gr_top_n_25,2018-09-30,-0.018530839078754587,-0.018210839078754586,0.0003199999999999999,0.31999999999999995,25
gr_top_n_25,2018-10-31,-0.08387380531494834,-0.08367380531494834,0.00019999999999999996,0.19999999999999996,25
gr_top_n_25,2018-11-30,0.0210080986260465,0.021128098626046497,0.00012,0.12,25
gr_top_n_25,2018-12-31,-0.07306801616031978,-0.07286801616031978,0.00019999999999999996,0.19999999999999996,25
gr_top_n_25,2019-01-31,0.08471521287120683,0.08487521287120682,0.00016000000000000004,0.16000000000000003,25
gr_top_n_25,2019-02-28,0.031823916545099244,0.03186391654509924,4.000000000000004e-05,0.040000000000000036,24
gr_top_n_25,2019-03-31,0.02975047913982116,0.02983047913982116,7.999999999999997e-05,0.07999999999999996,25
gr_top_n_25,2019-04-30,0.03656874521539307,0.03696874521539307,0.0004,0.4,25
gr_top_n_25,2019-05-31,-0.0857555795329204,-0.0856355795329204,0.00012,0.12,25
gr_top_n_25,2019-06-30,0.09336355373998777,0.09376355373998776,0.0004,0.4,25
gr_top_n_25,2019-07-31,0.03421194428373577,0.03445194428373577,0.00024,0.24,25
gr_top_n_25,2019-08-31,-0.014946931005866278,-0.014826931005866278,0.00012,0.12,25
gr_top_n_25,2019-09-30,-0.0037559645428157217,-0.0035159645428157215,0.00024,0.24,25
gr_top_n_25,2019-10-31,0.050817597455569664,0.050977597455569665,0.00016000000000000004,0.16000000000000003,25
gr_top_n_25,2019-11-30,0.029051738156800275,0.029171738156800273,0.00012,0.12,24
gr_top_n_25,2019-12-31,0.03336453285590752,0.03376453285590752,0.0004,0.4,25
gr_top_n_25,2020-01-31,0.002715518856388166,0.002835518856388166,0.00012,0.12,25
gr_top_n_25,2020-02-29,-0.08729437950656352,-0.08717437950656352,0.00012,0.12,24
gr_top_n_25,2020-03-31,-0.13414920109532472,-0.1338692010953247,0.00028000000000000003,0.28,23
gr_top_n_25,2020-04-30,0.1989140931688603,0.1992340931688603,0.0003199999999999999,0.31999999999999995,25
gr_top_n_25,2020-05-31,0.08092104063281669,0.08120104063281669,0.00028000000000000003,0.28,24
gr_top_n_25,2020-06-30,0.029844049589571698,0.030204049589571697,0.00035999999999999997,0.36,25
gr_top_n_25,2020-07-31,0.07413728730023568,0.07433728730023569,0.00019999999999999996,0.19999999999999996,25
gr_top_n_25,2020-08-31,0.03343064874221828,0.03351064874221828,7.999999999999997e-05,0.07999999999999996,25
gr_top_n_25,2020-09-30,-0.0044970817682840145,-0.004057081768284014,0.00043999999999999996,0.43999999999999995,25
gr_top_n_25,2020-10-31,-0.006170040922847271,-0.005930040922847271,0.00024,0.24,25
gr_top_n_25,2020-11-30,0.06917226643522463,0.06929226643522463,0.00012,0.12,25
gr_top_n_25,2020-12-31,0.025273538576475605,0.025473538576475604,0.00019999999999999996,0.19999999999999996,25
gr_top_n_25,2021-01-31,0.05072902303070061,0.05084902303070061,0.00012,0.12,25
gr_top_n_25,2021-02-28,0.02234789903895969,0.02246789903895969,0.00012,0.12,25
gr_top_n_25,2021-03-31,0.06961233187383824,0.06977233187383823,0.00016000000000000004,0.16000000000000003,25
gr_top_n_25,2021-04-30,0.04319255141546883,0.04363255141546883,0.00043999999999999996,0.43999999999999995,25
gr_top_n_25,2021-05-31,0.0400126195760871,0.0401726195760871,0.00016000000000000004,0.16000000000000003,25
gr_top_n_25,2021-06-30,0.014115017435754672,0.014355017435754673,0.00024,0.24,25
gr_top_n_25,2021-07-31,0.02417853110559652,0.02425853110559652,7.999999999999997e-05,0.07999999999999996,25
gr_top_n_25,2021-08-31,0.01736469206943125,0.01744469206943125,7.999999999999997e-05,0.07999999999999996,24
gr_top_n_25,2021-09-30,-0.05054335365613795,-0.050263353656137946,0.00028000000000000003,0.28,25
gr_top_n_25,2021-10-31,0.0548800599499387,0.054960059949938696,7.999999999999997e-05,0.07999999999999996,25
gr_top_n_25,2021-11-30,0.03491099222130129,0.03495099222130129,4.000000000000004e-05,0.040000000000000036,24
gr_top_n_25,2021-12-31,0.06657827297652223,0.06693827297652223,0.00035999999999999997,0.36,25
gr_top_n_25,2022-01-31,-0.09230245417541207,-0.09206245417541206,0.00024,0.24,25
gr_top_n_25,2022-02-28,0.014686897935213068,0.014726897935213068,4.000000000000004e-05,0.040000000000000036,25
gr_top_n_25,2022-03-31,0.013787508804448411,0.013867508804448411,7.999999999999997e-05,0.07999999999999996,24
gr_top_n_25,2022-04-30,-0.04988730270484597,-0.04956730270484597,0.0003199999999999999,0.31999999999999995,25
gr_top_n_25,2022-05-31,0.006771177212789747,0.006931177212789748,0.00016000000000000004,0.16000000000000003,25
gr_top_n_25,2022-06-30,-0.1455844711581608,-0.1453844711581608,0.00019999999999999996,0.19999999999999996,24
gr_top_n_25,2022-07-31,0.1318938817575146,0.1320538817575146,0.00016000000000000004,0.16000000000000003,25
gr_top_n_25,2022-08-31,-0.0008276675596312976,-0.0007476675596312976,7.999999999999997e-05,0.07999999999999996,25
gr_top_n_25,2022-09-30,-0.09613895032935166,-0.09597895032935166,0.00016000000000000004,0.16000000000000003,25
gr_top_n_25,2022-10-31,0.12604851127129937,0.12604851127129937,0.0,0.0,25
gr_top_n_25,2022-11-30,0.0712854150281839,0.0713654150281839,7.999999999999997e-05,0.07999999999999996,25
gr_top_n_25,2022-12-31,-0.056450256624677016,-0.05621025662467702,0.00024,0.24,25
gr_top_n_25,2023-01-31,0.07214908333112315,0.07218908333112314,4.000000000000004e-05,0.040000000000000036,25
gr_top_n_25,2023-02-28,-0.0045552920643055165,-0.004435292064305516,0.00012,0.12,25
gr_top_n_25,2023-03-31,-0.007075257380337052,-0.007075257380337052,0.0,0.0,25
gr_top_n_25,2023-04-30,-0.020812884783363992,-0.02065288478336399,0.00016000000000000004,0.16000000000000003,24
gr_top_n_25,2023-05-31,-0.01677691419788492,-0.016656914197884922,0.00012,0.12,24
gr_top_n_25,2023-06-30,0.1276965607682269,0.12789656076822692,0.00019999999999999996,0.19999999999999996,25
gr_top_n_25,2023-07-31,0.0691064907008632,0.06926649070086319,0.00016000000000000004,0.16000000000000003,25
gr_top_n_25,2023-08-31,-0.004588626508557532,-0.004468626508557532,0.00012,0.12,25
gr_top_n_25,2023-09-30,-0.024736570989678266,-0.024456570989678267,0.00028000000000000003,0.28,25
gr_top_n_25,2023-10-31,-0.044220134247089114,-0.044060134247089114,0.00016000000000000004,0.16000000000000003,25
gr_top_n_25,2023-11-30,0.09007961424143297,0.09019961424143297,0.00012,0.12,25
gr_top_n_25,2023-12-31,0.08343781539939302,0.08371781539939302,0.00028000000000000003,0.28,25
gr_top_n_25,2024-01-31,0.07125064606615499,0.07129064606615498,4.000000000000004e-05,0.040000000000000036,24
gr_top_n_25,2024-02-29,0.10619601285077672,0.10631601285077671,0.00012,0.12,25
gr_top_n_25,2024-03-31,0.07580804700608354,0.07604804700608354,0.00024,0.24,25
gr_top_n_25,2024-04-30,-0.040042265168217836,-0.039882265168217836,0.00016000000000000004,0.16000000000000003,25
gr_top_n_25,2024-05-31,0.1308713856814471,0.1310713856814471,0.00019999999999999996,0.19999999999999996,25
gr_top_n_25,2024-06-30,0.004715953013621213,0.004955953013621213,0.00024,0.24,25
gr_top_n_25,2024-07-31,0.012534592370464335,0.012734592370464336,0.00019999999999999996,0.19999999999999996,25
gr_top_n_25,2024-08-31,-0.01948502028981638,-0.019365020289816383,0.00012,0.12,25
gr_top_n_25,2024-09-30,0.04926167241629877,0.049581672416298773,0.0003199999999999999,0.31999999999999995,25
gr_top_n_25,2024-10-31,-0.017960604858253123,-0.017800604858253122,0.00016000000000000004,0.16000000000000003,25
gr_top_n_25,2024-11-30,0.08114128762216462,0.08134128762216462,0.00019999999999999996,0.19999999999999996,24
gr_top_n_25,2024-12-31,-0.056102382957080275,-0.055742382957080276,0.00035999999999999997,0.36,24
gr_top_n_25,2025-01-31,0.009563513099657354,0.009763513099657355,0.00019999999999999996,0.19999999999999996,25
gr_top_n_25,2025-02-28,-0.04315916603055419,-0.04303916603055419,0.00012,0.12,24
gr_top_n_25,2025-03-31,0.0046495317058617164,0.004849531705861716,0.00019999999999999996,0.19999999999999996,24
gr_top_n_25,2025-04-30,-0.011437982831372201,-0.010997982831372202,0.00043999999999999996,0.43999999999999995,24
gr_top_n_25,2025-05-31,0.04826097604426816,0.04846097604426816,0.00019999999999999996,0.19999999999999996,25
gr_top_n_25,2025-06-30,0.007645012046358452,0.008005012046358452,0.00035999999999999997,0.36,25
gr_top_n_25,2025-07-31,0.033690938908881,0.033890938908881,0.00019999999999999996,0.19999999999999996,25
gr_top_n_25,2025-08-31,0.07654093613183469,0.07662093613183468,7.999999999999997e-05,0.07999999999999996,25
gr_top_n_25,2025-09-30,0.05023783978236433,0.050517839782364335,0.00028000000000000003,0.28,25
gr_top_n_25,2025-10-31,-0.02089113662210787,-0.02073113662210787,0.00016000000000000004,0.16000000000000003,25
gr_top_n_25,2025-11-30,0.06219103096388177,0.062271030963881764,7.999999999999997e-05,0.07999999999999996,25
gr_top_n_25,2025-12-31,0.004347138570270608,0.004667138570270608,0.0003199999999999999,0.31999999999999995,25
gr_top_n_25,2026-01-31,0.07382821974186017,0.07398821974186016,0.00016000000000000004,0.16000000000000003,25
gr_top_n_25,2026-02-28,0.05938969461050243,0.059549694610502434,0.00016000000000000004,0.16000000000000003,25
gr_top_n_25,2026-03-31,-0.053872479368772104,-0.05379247936877211,7.999999999999997e-05,0.07999999999999996,25
gr_top_n_25,2026-04-30,0.1364828882426414,0.1367628882426414,0.00028000000000000003,0.28,25
gr_top_n_25,2026-05-31,0.012282376608211285,0.012442376608211285,0.00016000000000000004,0.16000000000000003,25
xgb_gr_top_pct_20,2008-11-30,0.028320987654321006,0.029320987654321007,0.001,1.0,1
xgb_gr_top_pct_20,2008-12-31,0.07196401799100438,0.07196401799100438,0.0,0.0,1
xgb_gr_top_pct_20,2009-01-31,-0.12494172494172495,-0.12494172494172495,0.0,0.0,1
xgb_gr_top_pct_20,2009-02-28,-0.008597912004735253,-0.008597912004735253,0.0,0.0,1
xgb_gr_top_pct_20,2009-03-31,0.22460186710598573,0.22460186710598573,0.0,0.0,1
xgb_gr_top_pct_20,2009-04-30,0.07937219730941703,0.07937219730941703,0.0,0.0,1
xgb_gr_top_pct_20,2009-05-31,0.16825924387204005,0.16825924387204005,0.0,0.0,1
xgb_gr_top_pct_20,2009-06-30,-0.026849217638691414,-0.026849217638691414,0.0,0.0,1
xgb_gr_top_pct_20,2009-07-31,0.08545311990597965,0.08595311990597965,0.0005,0.5,2
xgb_gr_top_pct_20,2009-08-31,0.027164402387102677,0.027497735720436012,0.00033333333333333343,0.33333333333333337,3
xgb_gr_top_pct_20,2009-09-30,0.07658314566107878,0.07738314566107878,0.0008,0.8,5
xgb_gr_top_pct_20,2009-10-31,0.02764116705265559,0.02814116705265559,0.0005,0.5,5
xgb_gr_top_pct_20,2009-11-30,0.09333353642086863,0.09400020308753529,0.0006666666666666669,0.6666666666666667,9
xgb_gr_top_pct_20,2009-12-31,0.019106690865182803,0.01977335753184947,0.0006666666666666669,0.6666666666666667,15
xgb_gr_top_pct_20,2010-01-31,-0.02073560094785497,-0.02036717989522339,0.000368421052631579,0.368421052631579,19
xgb_gr_top_pct_20,2010-02-28,0.050937828857366696,0.0512378288573667,0.0003000000000000001,0.30000000000000004,20
xgb_gr_top_pct_20,2010-03-31,0.05609428766528513,0.05664267476205932,0.0005483870967741935,0.5483870967741935,30
xgb_gr_top_pct_20,2010-04-30,0.030999266434832935,0.03160710957208784,0.000607843137254902,0.607843137254902,50
xgb_gr_top_pct_20,2010-05-31,-0.07635078225587907,-0.07615847456357139,0.0001923076923076923,0.1923076923076923,52
xgb_gr_top_pct_20,2010-06-30,-0.06658649802373119,-0.06627168320891638,0.0003148148148148148,0.31481481481481477,52
xgb_gr_top_pct_20,2010-07-31,0.07348702858555899,0.0738018434003738,0.0003148148148148148,0.31481481481481477,53
xgb_gr_top_pct_20,2010-08-31,-0.04790512511256331,-0.04765057965801786,0.0002545454545454545,0.2545454545454545,54
xgb_gr_top_pct_20,2010-09-30,0.10523921006243371,0.10556648278970644,0.00032727272727272726,0.32727272727272727,55
xgb_gr_top_pct_20,2010-10-31,0.054368511276854534,0.0547321476404909,0.00036363636363636367,0.36363636363636365,55
xgb_gr_top_pct_20,2010-11-30,0.0021007599714006333,0.0022761985678918613,0.00017543859649122806,0.17543859649122806,57
xgb_gr_top_pct_20,2010-12-31,0.06081752890941605,0.06119457808974392,0.00037704918032786886,0.3770491803278688,61
xgb_gr_top_pct_20,2011-01-31,0.02061108348642998,0.0208333057086522,0.00022222222222222223,0.2222222222222222,63
xgb_gr_top_pct_20,2011-02-28,0.024222420513255807,0.024349404640239936,0.00012698412698412698,0.12698412698412698,63
xgb_gr_top_pct_20,2011-03-31,0.02804277913937802,0.02820695824385563,0.00016417910447761197,0.16417910447761197,67
xgb_gr_top_pct_20,2011-04-30,0.03443339912319747,0.03475692853496218,0.00032352941176470585,0.32352941176470584,67
xgb_gr_top_pct_20,2011-05-31,-0.014281792141237658,-0.0139246492840948,0.00035714285714285714,0.3571428571428571,68
xgb_gr_top_pct_20,2011-06-30,-0.016069617122733696,-0.01580201148893088,0.0002676056338028169,0.2676056338028169,71
xgb_gr_top_pct_20,2011-07-31,-0.03374704853469051,-0.03345127388680318,0.000295774647887324,0.295774647887324,68
xgb_gr_top_pct_20,2011-08-31,-0.045185948931142826,-0.04497166321685711,0.00021428571428571433,0.2142857142857143,68
xgb_gr_top_pct_20,2011-09-30,-0.08555949799231541,-0.08528172021453763,0.0002777777777777778,0.2777777777777778,67
xgb_gr_top_pct_20,2011-10-31,0.16509580250462158,0.16541464308433174,0.00031884057971014494,0.3188405797101449,68
xgb_gr_top_pct_20,2011-11-30,0.015984630810459595,0.016206853032681816,0.00022222222222222223,0.2222222222222222,71
xgb_gr_top_pct_20,2011-12-31,-0.0024114629503737546,-0.002105907394818199,0.0003055555555555556,0.3055555555555556,72
xgb_gr_top_pct_20,2012-01-31,0.08619166635383312,0.08634235128533997,0.00015068493150684938,0.15068493150684936,72
xgb_gr_top_pct_20,2012-02-29,0.03283196247791591,0.033018629144582576,0.00018666666666666666,0.18666666666666665,74
xgb_gr_top_pct_20,2012-03-31,0.001994543481161404,0.0023103329548456145,0.00031578947368421053,0.3157894736842105,76
xgb_gr_top_pct_20,2012-04-30,0.005903956318973646,0.006127640529499962,0.00022368421052631584,0.22368421052631582,74
xgb_gr_top_pct_20,2012-05-31,-0.056329602904425395,-0.05610293623775873,0.00022666666666666668,0.22666666666666668,75
xgb_gr_top_pct_20,2012-06-30,0.03761827139986806,0.03797353455776279,0.0003552631578947368,0.35526315789473684,76
xgb_gr_top_pct_20,2012-07-31,0.009588359964415559,0.009855026631082226,0.00026666666666666673,0.2666666666666667,74
xgb_gr_top_pct_20,2012-08-31,0.014191100962902154,0.014312722584523775,0.0001216216216216216,0.1216216216216216,72
xgb_gr_top_pct_20,2012-09-30,0.03105171829598934,0.031371162740433785,0.0003194444444444444,0.3194444444444444,71
xgb_gr_top_pct_20,2012-10-31,-0.00599431032797182,-0.005720337725232094,0.000273972602739726,0.273972602739726,71
xgb_gr_top_pct_20,2012-11-30,0.004172885195086632,0.004392063277278413,0.00021917808219178083,0.2191780821917808,73
xgb_gr_top_pct_20,2012-12-31,0.023059926072602165,0.02338425039692649,0.00032432432432432436,0.32432432432432434,74
xgb_gr_top_pct_20,2013-01-31,0.060627294757544956,0.060947294757544956,0.0003199999999999999,0.31999999999999995,75
xgb_gr_top_pct_20,2013-02-28,0.008831144763622385,0.008997811430289052,0.00016666666666666663,0.16666666666666663,78
xgb_gr_top_pct_20,2013-03-31,0.04133677228630943,0.04157727861542335,0.00024050632911392402,0.240506329113924,78
xgb_gr_top_pct_20,2013-04-30,0.021853070114630727,0.022250506012066625,0.0003974358974358975,0.39743589743589747,76
xgb_gr_top_pct_20,2013-05-31,0.020248962199807864,0.02045409040493607,0.0002051282051282052,0.20512820512820518,74
xgb_gr_top_pct_20,2013-06-30,-0.01704880659009158,-0.01665640152680044,0.0003924050632911392,0.3924050632911392,74
xgb_gr_top_pct_20,2013-07-31,0.05290282705552527,0.053257257435272105,0.00035443037974683546,0.35443037974683544,79
xgb_gr_top_pct_20,2013-08-31,-0.02345494207679898,-0.023294448249638486,0.00016049382716049388,0.16049382716049387,79
xgb_gr_top_pct_20,2013-09-30,0.03606496838960341,0.036356107630109734,0.00029113924050632915,0.2911392405063291,79
xgb_gr_top_pct_20,2013-10-31,0.047084516073863644,0.04722375658019276,0.0001392405063291139,0.1392405063291139,78
xgb_gr_top_pct_20,2013-11-30,0.01876018343887184,0.018989099101522442,0.00022891566265060239,0.22891566265060237,82
xgb_gr_top_pct_20,2013-12-31,0.0279461798101887,0.028243798857807745,0.0002976190476190477,0.29761904761904767,80
xgb_gr_top_pct_20,2014-01-31,-0.02675179294675723,-0.026445910593816055,0.0003058823529411765,0.3058823529411765,81
xgb_gr_top_pct_20,2014-02-28,0.05645426152436089,0.05661705222203531,0.00016279069767441857,0.16279069767441856,86
xgb_gr_top_pct_20,2014-03-31,0.019538473742211182,0.019853080483784216,0.0003146067415730337,0.3146067415730337,86
xgb_gr_top_pct_20,2014-04-30,0.007952336830014527,0.008390539077205538,0.0004382022471910112,0.4382022471910112,87
xgb_gr_top_pct_20,2014-05-31,0.009674680821705263,0.009865692057660318,0.0001910112359550562,0.1910112359550562,88
xgb_gr_top_pct_20,2014-06-30,0.028346221199764324,0.02862712007616882,0.0002808988764044944,0.2808988764044944,88
xgb_gr_top_pct_20,2014-07-31,-0.031152950455082845,-0.03098441112924015,0.0001685393258426966,0.1685393258426966,87
xgb_gr_top_pct_20,2014-08-31,0.0539140467980774,0.05405849124252185,0.0001444444444444445,0.1444444444444445,84
xgb_gr_top_pct_20,2014-09-30,-0.03589837158118868,-0.03563700794482504,0.00026136363636363634,0.26136363636363635,87
xgb_gr_top_pct_20,2014-10-31,0.01682191886133319,0.016969646134060462,0.0001477272727272727,0.1477272727272727,87
xgb_gr_top_pct_20,2014-11-30,0.029187169752220694,0.029369965451145424,0.00018279569892473113,0.18279569892473113,91
xgb_gr_top_pct_20,2014-12-31,0.011085121921237054,0.011313382790802271,0.0002282608695652174,0.2282608695652174,91
xgb_gr_top_pct_20,2015-01-31,-0.023670997759378642,-0.023449945127799694,0.0002210526315789474,0.2210526315789474,91
xgb_gr_top_pct_20,2015-02-28,0.05596860597511653,0.056197772641783196,0.0002291666666666666,0.22916666666666663,95
xgb_gr_top_pct_20,2015-03-31,-0.012287817936751124,-0.01209194164809133,0.0001958762886597938,0.19587628865979378,96
xgb_gr_top_pct_20,2015-04-30,0.014603214212176365,0.014969550845839731,0.00036633663366336634,0.36633663366336633,100
xgb_gr_top_pct_20,2015-05-31,0.0005767033229348636,0.0008737330259051606,0.0002970297029702971,0.29702970297029707,101
xgb_gr_top_pct_20,2015-06-30,-0.025709304727195674,-0.02545677947467042,0.0002525252525252525,0.2525252525252525,97
xgb_gr_top_pct_20,2015-07-31,-0.001608948217520451,-0.0014574330660052997,0.0001515151515151515,0.1515151515151515,97
xgb_gr_top_pct_20,2015-08-31,-0.04721190554869923,-0.04689190554869923,0.0003199999999999999,0.31999999999999995,95
xgb_gr_top_pct_20,2015-09-30,-0.045507746868174374,-0.045285524645952153,0.00022222222222222223,0.2222222222222222,97
xgb_gr_top_pct_20,2015-10-31,0.06503437527018362,0.06514662016814281,0.00011224489795918369,0.11224489795918369,98
xgb_gr_top_pct_20,2015-11-30,0.00446369692549862,0.004605111066912761,0.00014141414141414144,0.14141414141414144,97
xgb_gr_top_pct_20,2015-12-31,-0.02836047968413167,-0.028057449381101367,0.000303030303030303,0.303030303030303,93
xgb_gr_top_pct_20,2016-01-31,-0.04979594775637341,-0.04964130858111568,0.00015463917525773197,0.15463917525773196,96
xgb_gr_top_pct_20,2016-02-29,0.05856398030752883,0.058741063640862165,0.00017708333333333337,0.17708333333333337,94
xgb_gr_top_pct_20,2016-03-31,0.09450692636859435,0.09486775111086239,0.0003608247422680413,0.3608247422680413,96
xgb_gr_top_pct_20,2016-04-30,-0.0005561672428723286,-0.0003418815285866142,0.00021428571428571433,0.2142857142857143,96
xgb_gr_top_pct_20,2016-05-31,0.004651830812886127,0.004845708363906536,0.00019387755102040816,0.19387755102040816,98
xgb_gr_top_pct_20,2016-06-30,-0.008315031521686474,-0.00803952131760484,0.00027551020408163264,0.2755102040816326,95
xgb_gr_top_pct_20,2016-07-31,0.06963176035518627,0.06975547169539245,0.00012371134020618558,0.12371134020618557,97
xgb_gr_top_pct_20,2016-08-31,0.008643911222666306,0.008805527384282467,0.00016161616161616168,0.16161616161616166,98
xgb_gr_top_pct_20,2016-09-30,0.013980022868119116,0.014257250590891394,0.00027722772277227726,0.27722772277227725,101
xgb_gr_top_pct_20,2016-10-31,-0.01937480756668287,-0.019147084794405644,0.0002277227722772277,0.2277227722772277,100
xgb_gr_top_pct_20,2016-11-30,0.08465797267403909,0.08482797267403909,0.00017000000000000004,0.17000000000000004,100
xgb_gr_top_pct_20,2016-12-31,0.02670423391163134,0.026993953537799566,0.00028971962616822434,0.28971962616822433,107
xgb_gr_top_pct_20,2017-01-31,0.025941580959413905,0.026207636005285466,0.0002660550458715596,0.2660550458715596,108
xgb_gr_top_pct_20,2017-02-28,0.018355561057041,0.01848519068667063,0.00012962962962962966,0.12962962962962965,108
xgb_gr_top_pct_20,2017-03-31,0.0024384215208093783,0.0025865696689575265,0.00014814814814814815,0.14814814814814814,106
xgb_gr_top_pct_20,2017-04-30,0.00862109456364473,0.008920159984205476,0.00029906542056074774,0.2990654205607477,106
xgb_gr_top_pct_20,2017-05-31,-0.015070891706180313,-0.01485070821994178,0.00022018348623853212,0.22018348623853212,107
xgb_gr_top_pct_20,2017-06-30,0.011396801657939836,0.011693097954236132,0.0002962962962962963,0.2962962962962963,105
xgb_gr_top_pct_20,2017-07-31,0.013795605468387128,0.013943753616535277,0.00014814814814814815,0.14814814814814814,107
xgb_gr_top_pct_20,2017-08-31,-0.01031587967370957,-0.010147655374644151,0.0001682242990654206,0.16822429906542058,107
xgb_gr_top_pct_20,2017-09-30,0.053549330664092266,0.05384562696038856,0.0002962962962962963,0.2962962962962963,108
xgb_gr_top_pct_20,2017-10-31,0.010435137773602075,0.010635137773602076,0.00019999999999999996,0.19999999999999996,109
xgb_gr_top_pct_20,2017-11-30,0.05354789495553047,0.05374609315372867,0.00019819819819819818,0.19819819819819817,110
xgb_gr_top_pct_20,2017-12-31,0.026757972327255138,0.02710031466959748,0.00034234234234234234,0.3423423423423423,111
xgb_gr_top_pct_20,2018-01-31,0.038461285745299896,0.03867557145958561,0.00021428571428571433,0.2142857142857143,111
xgb_gr_top_pct_20,2018-02-28,-0.0374962078762841,-0.03734576539840799,0.0001504424778761062,0.1504424778761062,111
xgb_gr_top_pct_20,2018-03-31,-0.012423388729744645,-0.01226686699061421,0.00015652173913043477,0.15652173913043477,114
xgb_gr_top_pct_20,2018-04-30,0.008518281324648023,0.008814891494139549,0.00029661016949152546,0.2966101694915254,114
xgb_gr_top_pct_20,2018-05-31,0.03841418415929701,0.038603839331710806,0.00018965517241379315,0.18965517241379315,115
xgb_gr_top_pct_20,2018-06-30,0.019714920000525687,0.01996915728866128,0.0002542372881355932,0.2542372881355932,116
xgb_gr_top_pct_20,2018-07-31,0.026815788460794403,0.027025872494407847,0.00021008403361344544,0.2100840336134454,119
xgb_gr_top_pct_20,2018-08-31,0.023879461177246347,0.02403779451057968,0.00015833333333333332,0.15833333333333333,117
xgb_gr_top_pct_20,2018-09-30,-0.020547156904670412,-0.020278249341645203,0.00026890756302521015,0.26890756302521013,116
xgb_gr_top_pct_20,2018-10-31,-0.07223818739697505,-0.07205174671900895,0.00018644067796610165,0.18644067796610164,115
xgb_gr_top_pct_20,2018-11-30,0.03642439608338779,0.03658961347469213,0.0001652173913043479,0.16521739130434787,115
xgb_gr_top_pct_20,2018-12-31,-0.10062721095218614,-0.10039191683453909,0.00023529411764705888,0.23529411764705888,115
xgb_gr_top_pct_20,2019-01-31,0.13129350786671154,0.131465921659815,0.0001724137931034483,0.1724137931034483,115
xgb_gr_top_pct_20,2019-02-28,0.01969369244473756,0.019854709393890103,0.0001610169491525424,0.1610169491525424,116
xgb_gr_top_pct_20,2019-03-31,-0.012213608730931918,-0.012078015510592935,0.00013559322033898302,0.13559322033898302,118
xgb_gr_top_pct_20,2019-04-30,0.060259117736262136,0.06070356218070658,0.00044444444444444447,0.4444444444444444,116
xgb_gr_top_pct_20,2019-05-31,-0.11817717860842748,-0.11801478544603432,0.00016239316239316238,0.16239316239316237,114
xgb_gr_top_pct_20,2019-06-30,0.10338583376057912,0.10367893720885499,0.00029310344827586214,0.2931034482758621,115
xgb_gr_top_pct_20,2019-07-31,0.01818978013628031,0.018391460808549216,0.00020168067226890751,0.2016806722689075,117
xgb_gr_top_pct_20,2019-08-31,-0.06892220467557883,-0.06878170880781023,0.00014049586776859502,0.14049586776859502,119
xgb_gr_top_pct_20,2019-09-30,0.06650221757627799,0.06680473858468135,0.0003025210084033614,0.3025210084033614,118
xgb_gr_top_pct_20,2019-10-31,0.010988463626541814,0.01123013029320848,0.0002416666666666667,0.2416666666666667,118
xgb_gr_top_pct_20,2019-11-30,0.032667018712307795,0.03280868537897446,0.00014166666666666673,0.14166666666666672,117
xgb_gr_top_pct_20,2019-12-31,0.04277483947189852,0.04308253177959083,0.0003076923076923077,0.3076923076923077,116
xgb_gr_top_pct_20,2020-01-31,-0.05800623969730117,-0.05774352783289439,0.00026271186440677966,0.2627118644067796,117
xgb_gr_top_pct_20,2020-02-29,-0.09684950428452699,-0.09673933479300156,0.00011016949152542378,0.11016949152542377,112
xgb_gr_top_pct_20,2020-03-31,-0.2136634352281873,-0.21340702497177702,0.0002564102564102564,0.2564102564102564,103
xgb_gr_top_pct_20,2020-04-30,0.17634917581001952,0.17662596152430524,0.00027678571428571433,0.2767857142857143,112
xgb_gr_top_pct_20,2020-05-31,0.0648374421591563,0.06506821138992552,0.00023076923076923076,0.23076923076923073,117
xgb_gr_top_pct_20,2020-06-30,0.03135652762465367,0.031768808326408056,0.000412280701754386,0.4122807017543859,112
xgb_gr_top_pct_20,2020-07-31,0.04872269113795784,0.04898584903269468,0.00026315789473684215,0.26315789473684215,111
xgb_gr_top_pct_20,2020-08-31,0.06774564963110584,0.06797371980654443,0.00022807017543859654,0.22807017543859653,113
xgb_gr_top_pct_20,2020-09-30,-0.02857058683872437,-0.02825808683872437,0.0003125,0.3125,111
xgb_gr_top_pct_20,2020-10-31,0.009954347160049223,0.010231132874334936,0.00027678571428571433,0.2767857142857143,109
xgb_gr_top_pct_20,2020-11-30,0.16553041533914423,0.1657268439105728,0.0001964285714285714,0.1964285714285714,110
xgb_gr_top_pct_20,2020-12-31,0.05236210229974462,0.05273929528220076,0.00037719298245614036,0.3771929824561403,114
xgb_gr_top_pct_20,2021-01-31,0.009035498418581768,0.009287672331625247,0.00025217391304347824,0.25217391304347825,115
xgb_gr_top_pct_20,2021-02-28,0.06374542356669627,0.06391636373763644,0.00017094017094017089,0.1709401709401709,115
xgb_gr_top_pct_20,2021-03-31,0.09074145800127678,0.09088675714657593,0.00014529914529914535,0.14529914529914534,117
xgb_gr_top_pct_20,2021-04-30,0.03516511618281017,0.03561426872518306,0.00044915254237288144,0.4491525423728814,116
xgb_gr_top_pct_20,2021-05-31,0.033136343289737226,0.03336515684905926,0.00022881355932203383,0.22881355932203384,117
xgb_gr_top_pct_20,2021-06-30,-0.02354828581930418,-0.023250765158147155,0.0002975206611570248,0.2975206611570248,121
xgb_gr_top_pct_20,2021-07-31,0.008196623665887848,0.008375485454505735,0.00017886178861788616,0.17886178861788615,123
xgb_gr_top_pct_20,2021-08-31,0.01523277531373199,0.015355726133404121,0.00012295081967213117,0.12295081967213117,118
xgb_gr_top_pct_20,2021-09-30,-0.033351373549686224,-0.033036857420653966,0.0003145161290322581,0.3145161290322581,122
xgb_gr_top_pct_20,2021-10-31,0.048527687069087125,0.048679687069087124,0.00015200000000000004,0.15200000000000002,125
xgb_gr_top_pct_20,2021-11-30,-0.007368065834374008,-0.007263227124696589,0.00010483870967741937,0.10483870967741937,123
xgb_gr_top_pct_20,2021-12-31,0.07167536254924116,0.07200075937463798,0.00032539682539682536,0.32539682539682535,125
xgb_gr_top_pct_20,2022-01-31,-0.04429370306781596,-0.0441283487371073,0.00016535433070866145,0.16535433070866146,125
xgb_gr_top_pct_20,2022-02-28,0.02164274592404524,0.021793539574838892,0.00015079365079365083,0.1507936507936508,126
xgb_gr_top_pct_20,2022-03-31,0.014051852496721508,0.014319569032154578,0.00026771653543307086,0.26771653543307083,125
xgb_gr_top_pct_20,2022-04-30,-0.04551252777360338,-0.04512971527360338,0.0003828125,0.3828125,126
xgb_gr_top_pct_20,2022-05-31,0.039231117618145614,0.03945768011814561,0.0002265625,0.2265625,126
xgb_gr_top_pct_20,2022-06-30,-0.10165000386877104,-0.10130116665946871,0.00034883720930232553,0.34883720930232553,123
xgb_gr_top_pct_20,2022-07-31,0.10926677420671177,0.10947312341306098,0.00020634920634920642,0.2063492063492064,125
xgb_gr_top_pct_20,2022-08-31,-0.03519577076124614,-0.03501608326124614,0.0001796875,0.1796875,124
xgb_gr_top_pct_20,2022-09-30,-0.09897963463999537,-0.09863836479872554,0.00034126984126984133,0.3412698412698413,121
xgb_gr_top_pct_20,2022-10-31,0.09750708682173856,0.09770869972496436,0.0002016129032258065,0.2016129032258065,124
xgb_gr_top_pct_20,2022-11-30,0.1015655522469839,0.10175452862493665,0.0001889763779527559,0.1889763779527559,124
xgb_gr_top_pct_20,2022-12-31,-0.05559590842410774,-0.05526257509077441,0.00033333333333333343,0.33333333333333337,123
xgb_gr_top_pct_20,2023-01-31,0.1193211667153467,0.11948783338201337,0.00016666666666666663,0.16666666666666663,125
xgb_gr_top_pct_20,2023-02-28,-0.0263968910451059,-0.02618429261990905,0.00021259842519685037,0.21259842519685035,124
xgb_gr_top_pct_20,2023-03-31,0.003748427044894228,0.003890159328358795,0.00014173228346456691,0.1417322834645669,125
xgb_gr_top_pct_20,2023-04-30,-0.016353523219583894,-0.015973678258343584,0.0003798449612403101,0.3798449612403101,126
xgb_gr_top_pct_20,2023-05-31,-0.01259451678577931,-0.012439478026089388,0.00015503875968992254,0.15503875968992253,123
xgb_gr_top_pct_20,2023-06-30,0.07634500311159481,0.07664421571002,0.00029921259842519685,0.2992125984251969,125
xgb_gr_top_pct_20,2023-07-31,0.0673701710731238,0.06764148890258118,0.00027131782945736437,0.2713178294573644,128
xgb_gr_top_pct_20,2023-08-31,-0.01731444200647781,-0.017182659060741377,0.00013178294573643412,0.13178294573643412,126
xgb_gr_top_pct_20,2023-09-30,-0.054517619187663964,-0.05413300380304858,0.0003846153846153846,0.3846153846153846,128
xgb_gr_top_pct_20,2023-10-31,-0.04459213286251286,-0.04435367132405132,0.00023846153846153852,0.2384615384615385,125
xgb_gr_top_pct_20,2023-11-30,0.07228124977395124,0.07246586515856662,0.00018461538461538463,0.18461538461538463,130
xgb_gr_top_pct_20,2023-12-31,0.09667944781488495,0.09702295926526663,0.00034351145038167945,0.3435114503816794,128
xgb_gr_top_pct_20,2024-01-31,-0.03138921314327457,-0.03110891011297154,0.0002803030303030303,0.2803030303030303,129
xgb_gr_top_pct_20,2024-02-29,0.05970900688109141,0.059854045049030344,0.00014503816793893132,0.14503816793893132,129
xgb_gr_top_pct_20,2024-03-31,0.06738172844721116,0.06772007431187281,0.00033834586466165417,0.33834586466165417,133
xgb_gr_top_pct_20,2024-04-30,-0.04443111568126813,-0.04419626719641965,0.00023484848484848489,0.23484848484848486,129
xgb_gr_top_pct_20,2024-05-31,0.04290357294667395,0.04307280371590472,0.0001692307692307692,0.16923076923076918,130
xgb_gr_top_pct_20,2024-06-30,-0.019348418768594316,-0.01905518568588755,0.000293233082706767,0.29323308270676696,131
xgb_gr_top_pct_20,2024-07-31,0.0560218757569705,0.05615620411517946,0.00013432835820895527,0.13432835820895528,133
xgb_gr_top_pct_20,2024-08-31,-0.016761744145114457,-0.016607332380408575,0.00015441176470588238,0.15441176470588236,134
xgb_gr_top_pct_20,2024-09-30,0.015470198738051453,0.01578871725656997,0.00031851851851851854,0.31851851851851853,133
xgb_gr_top_pct_20,2024-10-31,-0.01947191148203794,-0.019264504074630533,0.00020740740740740737,0.20740740740740737,134
xgb_gr_top_pct_20,2024-11-30,0.08207572231906005,0.08224483996611887,0.0001691176470588235,0.16911764705882348,134
xgb_gr_top_pct_20,2024-12-31,-0.06737585608780419,-0.06707734862511762,0.00029850746268656717,0.29850746268656714,132
xgb_gr_top_pct_20,2025-01-31,0.03429513809021274,0.03448916794095901,0.00019402985074626867,0.19402985074626866,132
xgb_gr_top_pct_20,2025-02-28,-0.045246329499372004,-0.04512040357344608,0.0001259259259259259,0.12592592592592589,129
xgb_gr_top_pct_20,2025-03-31,-0.03552293354710597,-0.03538114250232985,0.0001417910447761194,0.14179104477611937,130
xgb_gr_top_pct_20,2025-04-30,-0.043660439063554234,-0.04328639326202752,0.00037404580152671754,0.3740458015267175,130
xgb_gr_top_pct_20,2025-05-31,0.05449270918604031,0.054651800095131216,0.00015909090909090907,0.15909090909090906,132
xgb_gr_top_pct_20,2025-06-30,0.03381532158723969,0.03409776433533129,0.0002824427480916031,0.2824427480916031,131
xgb_gr_top_pct_20,2025-07-31,0.023505871803415478,0.023744677773564732,0.00023880597014925377,0.23880597014925375,131
xgb_gr_top_pct_20,2025-08-31,0.06208174215192774,0.06226830931610684,0.00018656716417910448,0.18656716417910446,134
xgb_gr_top_pct_20,2025-09-30,0.004643197039667674,0.004937314686726497,0.00029411764705882345,0.2941176470588235,134
xgb_gr_top_pct_20,2025-10-31,-0.016263120867546145,-0.016094003220487322,0.0001691176470588235,0.16911764705882348,135
xgb_gr_top_pct_20,2025-11-30,0.02169433587216288,0.021863453519221702,0.0001691176470588235,0.16911764705882348,136
xgb_gr_top_pct_20,2025-12-31,0.016881710226343462,0.017190533755755227,0.00030882352941176476,0.3088235294117647,135
xgb_gr_top_pct_20,2026-01-31,0.08062230633635738,0.08080612986576914,0.00018382352941176473,0.18382352941176472,136
xgb_gr_top_pct_20,2026-02-28,0.05604365936814209,0.05617601230931856,0.00013235294117647058,0.13235294117647056,135
xgb_gr_top_pct_20,2026-03-31,-0.027216172846055427,-0.027063998933011948,0.00015217391304347827,0.15217391304347827,137
xgb_gr_top_pct_20,2026-04-30,0.08249819282949493,0.08281357744487955,0.0003153846153846154,0.3153846153846154,130
xgb_gr_top_pct_20,2026-05-31,-0.009177297486102846,-0.008972752031557393,0.0002045454545454546,0.20454545454545459,131
xgb_gr_top_pct_10,2008-11-30,0.028320987654321006,0.029320987654321007,0.001,1.0,1
xgb_gr_top_pct_10,2008-12-31,0.07196401799100438,0.07196401799100438,0.0,0.0,1
xgb_gr_top_pct_10,2009-01-31,-0.12494172494172495,-0.12494172494172495,0.0,0.0,1
xgb_gr_top_pct_10,2009-02-28,-0.008597912004735253,-0.008597912004735253,0.0,0.0,1
xgb_gr_top_pct_10,2009-03-31,0.22460186710598573,0.22460186710598573,0.0,0.0,1
xgb_gr_top_pct_10,2009-04-30,0.07937219730941703,0.07937219730941703,0.0,0.0,1
xgb_gr_top_pct_10,2009-05-31,0.16825924387204005,0.16825924387204005,0.0,0.0,1
xgb_gr_top_pct_10,2009-06-30,-0.026849217638691414,-0.026849217638691414,0.0,0.0,1
xgb_gr_top_pct_10,2009-07-31,0.15037456605152566,0.15037456605152566,0.0,0.0,1
xgb_gr_top_pct_10,2009-08-31,9.160640391775486e-05,0.0005916064039177549,0.0005,0.5,2
xgb_gr_top_pct_10,2009-09-30,0.10714918315810085,0.10781584982476751,0.0006666666666666669,0.6666666666666667,3
xgb_gr_top_pct_10,2009-10-31,-0.009523181765091352,-0.009023181765091351,0.0005,0.5,3
xgb_gr_top_pct_10,2009-11-30,0.11493102915328188,0.11553102915328188,0.0006000000000000001,0.6,5
xgb_gr_top_pct_10,2009-12-31,0.007335156464770427,0.007960156464770426,0.000625,0.625,8
xgb_gr_top_pct_10,2010-01-31,-0.0037116357360443275,-0.0033116357360443273,0.0004,0.4,10
xgb_gr_top_pct_10,2010-02-28,0.049993221490105245,0.05029322149010525,0.0003000000000000001,0.30000000000000004,10
xgb_gr_top_pct_10,2010-03-31,0.0567196854252352,0.0572821854252352,0.0005625000000000001,0.5625,16
xgb_gr_top_pct_10,2010-04-30,0.04057816441146391,0.04123201056531006,0.0006538461538461538,0.6538461538461539,25
xgb_gr_top_pct_10,2010-05-31,-0.0811093108874012,-0.08084008011817043,0.0002692307692307693,0.2692307692307693,26
xgb_gr_top_pct_10,2010-06-30,-0.06707927910406054,-0.06667187169665313,0.00040740740740740744,0.40740740740740744,26
xgb_gr_top_pct_10,2010-07-31,0.069004923352507,0.06933825668584034,0.00033333333333333343,0.33333333333333337,26
xgb_gr_top_pct_10,2010-08-31,-0.03985275606647484,-0.03963847035218913,0.00021428571428571433,0.2142857142857143,28
xgb_gr_top_pct_10,2010-09-30,0.09671792703511525,0.09728935560654382,0.0005714285714285714,0.5714285714285714,28
xgb_gr_top_pct_10,2010-10-31,0.040400011610395636,0.04090001161039564,0.0005,0.5,28
xgb_gr_top_pct_10,2010-11-30,-0.0038166213569254936,-0.003575242046580666,0.00024137931034482764,0.24137931034482762,29
xgb_gr_top_pct_10,2010-12-31,0.06229873680011764,0.06271809163882731,0.00041935483870967743,0.4193548387096774,31
xgb_gr_top_pct_10,2011-01-31,0.015482438344566158,0.01579493834456616,0.0003125,0.3125,32
xgb_gr_top_pct_10,2011-02-28,0.02542030856019677,0.02563905856019677,0.00021875,0.21875,32
xgb_gr_top_pct_10,2011-03-31,0.042687184092172585,0.04289306644511376,0.00020588235294117656,0.20588235294117652,34
xgb_gr_top_pct_10,2011-04-30,0.027399834635541832,0.02787042287083595,0.00047058823529411766,0.47058823529411764,33
xgb_gr_top_pct_10,2011-05-31,-0.01620398358293955,-0.015832555011510978,0.00037142857142857143,0.37142857142857144,34
xgb_gr_top_pct_10,2011-06-30,-0.021590746641319984,-0.02128519108576443,0.0003055555555555556,0.3055555555555556,36
xgb_gr_top_pct_10,2011-07-31,-0.054008400016469234,-0.053730622238691454,0.0002777777777777778,0.2777777777777778,35
xgb_gr_top_pct_10,2011-08-31,-0.06484111608140715,-0.06466968750997858,0.00017142857142857137,0.17142857142857137,33
xgb_gr_top_pct_10,2011-09-30,-0.08484674900494393,-0.08456897122716615,0.0002777777777777778,0.2777777777777778,35
xgb_gr_top_pct_10,2011-10-31,0.1515259716943289,0.15192597169432892,0.0004,0.4,34
xgb_gr_top_pct_10,2011-11-30,0.020549462792655217,0.020771685014877438,0.00022222222222222223,0.2222222222222222,35
xgb_gr_top_pct_10,2011-12-31,-0.006583348960450796,-0.006250015627117463,0.00033333333333333343,0.33333333333333337,36
xgb_gr_top_pct_10,2012-01-31,0.08311872666348288,0.0833349428796991,0.00021621621621621624,0.21621621621621623,36
xgb_gr_top_pct_10,2012-02-29,0.02429985888881803,0.024536700994081187,0.00023684210526315788,0.23684210526315785,38
xgb_gr_top_pct_10,2012-03-31,0.0030167392197440585,0.0033851602723756376,0.000368421052631579,0.368421052631579,38
xgb_gr_top_pct_10,2012-04-30,0.005472232343906375,0.005735390238643217,0.00026315789473684215,0.26315789473684215,37
xgb_gr_top_pct_10,2012-05-31,-0.045183309196864,-0.044999098670548215,0.0001842105263157895,0.1842105263157895,38
xgb_gr_top_pct_10,2012-06-30,0.032886764273501845,0.03317623795771237,0.00028947368421052634,0.2894736842105263,38
xgb_gr_top_pct_10,2012-07-31,-0.005853997985679235,-0.005617155880416077,0.00023684210526315788,0.23684210526315785,37
xgb_gr_top_pct_10,2012-08-31,0.01649078357878417,0.016679972767973356,0.00018918918918918914,0.18918918918918914,36
xgb_gr_top_pct_10,2012-09-30,0.024156773735922267,0.024517884847033378,0.0003611111111111112,0.36111111111111116,36
xgb_gr_top_pct_10,2012-10-31,-0.001841707384259879,-0.0014903560329085277,0.00035135135135135135,0.3513513513513513,37
xgb_gr_top_pct_10,2012-11-30,0.007843363328313074,0.00805957954452929,0.00021621621621621624,0.21621621621621623,37
xgb_gr_top_pct_10,2012-12-31,0.02759056257640415,0.02796894095478253,0.00037837837837837845,0.3783783783783784,37
xgb_gr_top_pct_10,2013-01-31,0.060073163136830865,0.060441584189462445,0.000368421052631579,0.368421052631579,38
xgb_gr_top_pct_10,2013-02-28,-0.002135916226311838,-0.0019307880211836327,0.0002051282051282052,0.20512820512820518,39
xgb_gr_top_pct_10,2013-03-31,0.04757532626014868,0.04790032626014868,0.000325,0.32499999999999996,39
xgb_gr_top_pct_10,2013-04-30,0.03317934932923922,0.03384601599590589,0.0006666666666666669,0.6666666666666667,37
xgb_gr_top_pct_10,2013-05-31,0.010796687048390605,0.011078738330441887,0.00028205128205128203,0.28205128205128205,38
xgb_gr_top_pct_10,2013-06-30,-0.008613494930314408,-0.008113494930314408,0.0005,0.5,36
xgb_gr_top_pct_10,2013-07-31,0.06306928701363437,0.06349428701363437,0.00042500000000000003,0.42500000000000004,40
xgb_gr_top_pct_10,2013-08-31,-0.02895983415184451,-0.028789102444527436,0.00017073170731707321,0.1707317073170732,40
xgb_gr_top_pct_10,2013-09-30,0.04381261930336994,0.044212619303369935,0.0004,0.4,40
xgb_gr_top_pct_10,2013-10-31,0.055382464715740064,0.05558246471574006,0.00019999999999999996,0.19999999999999996,40
xgb_gr_top_pct_10,2013-11-30,0.00537339043393742,0.005587676148223135,0.00021428571428571433,0.2142857142857143,41
xgb_gr_top_pct_10,2013-12-31,0.028481278536225806,0.02888604044098771,0.0004047619047619048,0.40476190476190477,40
xgb_gr_top_pct_10,2014-01-31,-0.03040629503521766,-0.03010396945382231,0.00030232558139534885,0.3023255813953488,42
xgb_gr_top_pct_10,2014-02-28,0.06187702056683977,0.062063067078467676,0.000186046511627907,0.18604651162790697,43
xgb_gr_top_pct_10,2014-03-31,0.022098085251162823,0.022386974140051714,0.0002888888888888889,0.28888888888888886,45
xgb_gr_top_pct_10,2014-04-30,0.02165326133567723,0.02214215022456612,0.000488888888888889,0.48888888888888893,43
xgb_gr_top_pct_10,2014-05-31,0.012422816038200668,0.012689482704867335,0.00026666666666666673,0.2666666666666667,44
xgb_gr_top_pct_10,2014-06-30,0.031086988892413434,0.03142032222574677,0.00033333333333333343,0.33333333333333337,45
xgb_gr_top_pct_10,2014-07-31,-0.0356049279175966,-0.03544937236204104,0.00015555555555555556,0.15555555555555556,45
xgb_gr_top_pct_10,2014-08-31,0.05717834169259897,0.05740056391482119,0.00022222222222222223,0.2222222222222222,42
xgb_gr_top_pct_10,2014-09-30,-0.03544602184481632,-0.03508238548117996,0.00036363636363636367,0.36363636363636365,44
xgb_gr_top_pct_10,2014-10-31,0.017607931476644623,0.017835204203917352,0.0002272727272727273,0.2272727272727273,44
xgb_gr_top_pct_10,2014-11-30,0.03334549154321788,0.03362208728789873,0.00027659574468085103,0.276595744680851,46
xgb_gr_top_pct_10,2014-12-31,0.010552477951770367,0.01090030403872689,0.00034782608695652176,0.34782608695652173,45
xgb_gr_top_pct_10,2015-01-31,-0.019808908238403505,-0.01960057490507017,0.0002083333333333334,0.20833333333333337,48
xgb_gr_top_pct_10,2015-02-28,0.049247343960207204,0.049580677293540536,0.00033333333333333343,0.33333333333333337,47
xgb_gr_top_pct_10,2015-03-31,-0.019602021957056317,-0.019295899508076725,0.0003061224489795919,0.30612244897959184,48
xgb_gr_top_pct_10,2015-04-30,0.01735241530094185,0.017803395693098713,0.0004509803921568628,0.4509803921568627,51
xgb_gr_top_pct_10,2015-05-31,0.004800746701835515,0.005134080035168848,0.00033333333333333343,0.33333333333333337,51
xgb_gr_top_pct_10,2015-06-30,-0.032018870935564804,-0.031658870935564805,0.00035999999999999997,0.36,48
xgb_gr_top_pct_10,2015-07-31,-0.0224229522387732,-0.022262952238773198,0.00016000000000000004,0.16000000000000003,49
xgb_gr_top_pct_10,2015-08-31,-0.046966282625824037,-0.046666282625824035,0.0003000000000000001,0.30000000000000004,47
xgb_gr_top_pct_10,2015-09-30,-0.04327814634163769,-0.042998146341637684,0.00028000000000000003,0.28,50
xgb_gr_top_pct_10,2015-10-31,0.05577141497221145,0.0559550884415992,0.0001836734693877551,0.18367346938775508,49
xgb_gr_top_pct_10,2015-11-30,-0.002061864362718242,-0.001801864362718242,0.00026000000000000003,0.26,49
xgb_gr_top_pct_10,2015-12-31,-0.023992279628930878,-0.02363227962893088,0.00035999999999999997,0.36,49
xgb_gr_top_pct_10,2016-01-31,-0.055880791037604634,-0.05573793389474749,0.00014285714285714292,0.1428571428571429,49
xgb_gr_top_pct_10,2016-02-29,0.050845604382305926,0.051033104382305926,0.0001875,0.1875,47
xgb_gr_top_pct_10,2016-03-31,0.0970411288095821,0.09749010840141883,0.00044897959183673474,0.44897959183673475,49
xgb_gr_top_pct_10,2016-04-30,-0.000611873565833288,-0.0003873837699149206,0.00022448979591836737,0.22448979591836737,49
xgb_gr_top_pct_10,2016-05-31,0.010803488599536145,0.010966753905658594,0.00016326530612244895,0.16326530612244894,49
xgb_gr_top_pct_10,2016-06-30,-0.0038009052399901743,-0.0033927419746840517,0.00040816326530612246,0.40816326530612246,49
xgb_gr_top_pct_10,2016-07-31,0.07442835854563483,0.0746732565048185,0.0002448979591836735,0.24489795918367352,49
xgb_gr_top_pct_10,2016-08-31,-0.00031340212709963323,-5.3402127099633215e-05,0.00026000000000000003,0.26,50
xgb_gr_top_pct_10,2016-09-30,0.02102232370407106,0.02133604919426714,0.00031372549019607844,0.3137254901960784,51
xgb_gr_top_pct_10,2016-10-31,-0.014224991155401273,-0.01397008919461696,0.00025490196078431374,0.2549019607843137,51
xgb_gr_top_pct_10,2016-11-30,0.08266872050540713,0.08282872050540713,0.00016000000000000004,0.16000000000000003,50
xgb_gr_top_pct_10,2016-12-31,0.03583346202480339,0.03616679535813672,0.00033333333333333343,0.33333333333333337,54
xgb_gr_top_pct_10,2017-01-31,0.023316951567062236,0.02366240611251678,0.0003454545454545455,0.34545454545454546,54
xgb_gr_top_pct_10,2017-02-28,0.018998435131561364,0.01914658327970951,0.00014814814814814815,0.14814814814814814,54
xgb_gr_top_pct_10,2017-03-31,-0.0024287414637159666,-0.0022250377600122628,0.00020370370370370372,0.20370370370370372,53
xgb_gr_top_pct_10,2017-04-30,0.01435419170640717,0.014743080595296058,0.00038888888888888887,0.38888888888888884,54
xgb_gr_top_pct_10,2017-05-31,-0.01813553824560675,-0.01791735642742493,0.00021818181818181818,0.21818181818181814,54
xgb_gr_top_pct_10,2017-06-30,0.00045948491178413677,0.0007742997265989516,0.0003148148148148148,0.31481481481481477,52
xgb_gr_top_pct_10,2017-07-31,0.018523424798809213,0.018745647021031434,0.00022222222222222223,0.2222222222222222,53
xgb_gr_top_pct_10,2017-08-31,-0.012756064226321496,-0.01257087904113631,0.00018518518518518523,0.18518518518518523,54
xgb_gr_top_pct_10,2017-09-30,0.06331638185761951,0.06370527074650839,0.00038888888888888887,0.38888888888888884,54
xgb_gr_top_pct_10,2017-10-31,0.012513173328832915,0.01276771878337837,0.0002545454545454545,0.2545454545454545,54
xgb_gr_top_pct_10,2017-11-30,0.06813068599814313,0.0683271145695717,0.0001964285714285714,0.1964285714285714,56
xgb_gr_top_pct_10,2017-12-31,0.029124138958852634,0.02948128181599549,0.00035714285714285714,0.3571428571428571,56
xgb_gr_top_pct_10,2018-01-31,0.042473042594124134,0.04275875687983842,0.0002857142857142857,0.2857142857142857,56
xgb_gr_top_pct_10,2018-02-28,-0.0230897994907895,-0.022914360894298273,0.00017543859649122806,0.17543859649122806,57
xgb_gr_top_pct_10,2018-03-31,-0.005567956328916641,-0.005412783915123538,0.00015517241379310343,0.15517241379310343,57
xgb_gr_top_pct_10,2018-04-30,0.00466419364562504,0.005070973306641989,0.00040677966101694915,0.4067796610169492,58
xgb_gr_top_pct_10,2018-05-31,0.02482037771810715,0.025044515649141633,0.00022413793103448276,0.22413793103448276,57
xgb_gr_top_pct_10,2018-06-30,0.015705870345892412,0.016129599159451734,0.00042372881355932197,0.423728813559322,57
xgb_gr_top_pct_10,2018-07-31,0.019594698246972665,0.01986136491363933,0.00026666666666666673,0.2666666666666667,60
xgb_gr_top_pct_10,2018-08-31,0.0037243413356118295,0.003891008002278496,0.00016666666666666663,0.16666666666666663,57
xgb_gr_top_pct_10,2018-09-30,-0.018056541896502066,-0.0176398752298354,0.00041666666666666664,0.41666666666666663,59
xgb_gr_top_pct_10,2018-10-31,-0.07760049921346027,-0.07736321107786705,0.00023728813559322038,0.23728813559322037,56
xgb_gr_top_pct_10,2018-11-30,0.05706891816843738,0.05732753885809255,0.00025862068965517237,0.2586206896551724,58
xgb_gr_top_pct_10,2018-12-31,-0.09485226902559918,-0.09455226902559918,0.0003000000000000001,0.30000000000000004,57
xgb_gr_top_pct_10,2019-01-31,0.1344011824102567,0.13465980309991188,0.00025862068965517237,0.2586206896551724,58
xgb_gr_top_pct_10,2019-02-28,0.01651246406186044,0.016783650502538407,0.0002711864406779662,0.27118644067796616,58
xgb_gr_top_pct_10,2019-03-31,-0.013317152058964216,-0.013130711380998115,0.00018644067796610165,0.18644067796610164,59
xgb_gr_top_pct_10,2019-04-30,0.06588274668639678,0.06640817041521034,0.0005254237288135593,0.5254237288135593,58
xgb_gr_top_pct_10,2019-05-31,-0.1308709445183841,-0.13070145299296038,0.00016949152542372882,0.1694915254237288,58
xgb_gr_top_pct_10,2019-06-30,0.10626168168643566,0.10655478513471152,0.00029310344827586214,0.2931034482758621,57
xgb_gr_top_pct_10,2019-07-31,0.030161854626343604,0.030445187959676937,0.0002833333333333333,0.2833333333333333,58
xgb_gr_top_pct_10,2019-08-31,-0.08046708848105384,-0.08028676061220139,0.000180327868852459,0.180327868852459,59
xgb_gr_top_pct_10,2019-09-30,0.07455312260297602,0.07486978926964269,0.00031666666666666665,0.31666666666666665,59
xgb_gr_top_pct_10,2019-10-31,0.0003509618050759902,0.0006509618050759903,0.0003000000000000001,0.30000000000000004,58
xgb_gr_top_pct_10,2019-11-30,0.04430278049386951,0.04448611382720284,0.00018333333333333336,0.18333333333333335,60
xgb_gr_top_pct_10,2019-12-31,0.05324420067772919,0.053532336270949527,0.000288135593220339,0.288135593220339,58
xgb_gr_top_pct_10,2020-01-31,-0.05941299193649767,-0.0591418054958197,0.0002711864406779662,0.27118644067796616,59
xgb_gr_top_pct_10,2020-02-29,-0.10219744897364749,-0.10197710999059664,0.00022033898305084742,0.22033898305084743,56
xgb_gr_top_pct_10,2020-03-31,-0.22405497888350853,-0.2236990466801187,0.0003559322033898306,0.35593220338983056,50
xgb_gr_top_pct_10,2020-04-30,0.1720470548729893,0.172386340587275,0.00033928571428571433,0.3392857142857143,56
xgb_gr_top_pct_10,2020-05-31,0.044915595449030336,0.045152883584623556,0.00023728813559322038,0.23728813559322037,59
xgb_gr_top_pct_10,2020-06-30,0.042448073736497074,0.04279895092947953,0.0003508771929824561,0.3508771929824561,55
xgb_gr_top_pct_10,2020-07-31,0.038050301458641585,0.038418722511273165,0.000368421052631579,0.368421052631579,55
xgb_gr_top_pct_10,2020-08-31,0.07135417828191644,0.07158224845735503,0.00022807017543859654,0.22807017543859653,57
xgb_gr_top_pct_10,2020-09-30,-0.03822680059797858,-0.03785180059797858,0.000375,0.375,55
xgb_gr_top_pct_10,2020-10-31,0.0015959519949165608,0.0019173805663451322,0.0003214285714285714,0.3214285714285714,53
xgb_gr_top_pct_10,2020-11-30,0.1737145941668906,0.17398245130974777,0.00026785714285714287,0.2678571428571429,55
xgb_gr_top_pct_10,2020-12-31,0.04860178843901893,0.049005297210948755,0.0004035087719298246,0.4035087719298246,57
xgb_gr_top_pct_10,2021-01-31,0.0011654826451158089,0.0014413447140813262,0.00027586206896551725,0.27586206896551724,58
xgb_gr_top_pct_10,2021-02-28,0.03727083914888978,0.03744033067431351,0.00016949152542372882,0.1694915254237288,58
xgb_gr_top_pct_10,2021-03-31,0.08220062970989285,0.08240401954040133,0.00020338983050847457,0.2033898305084746,59
xgb_gr_top_pct_10,2021-04-30,0.029620368440929776,0.030077995559573845,0.0004576271186440678,0.4576271186440678,57
xgb_gr_top_pct_10,2021-05-31,0.03412427932421963,0.03434461830727048,0.00022033898305084742,0.22033898305084743,58
xgb_gr_top_pct_10,2021-06-30,-0.0421103018172304,-0.04174964607952548,0.000360655737704918,0.360655737704918,61
xgb_gr_top_pct_10,2021-07-31,-0.005838519599869782,-0.005661100245031072,0.00017741935483870963,0.17741935483870963,62
xgb_gr_top_pct_10,2021-08-31,0.008678482900971719,0.008842417327201226,0.00016393442622950817,0.16393442622950816,59
xgb_gr_top_pct_10,2021-09-30,-0.04099731285443671,-0.040626345112501225,0.0003709677419354839,0.3709677419354839,61
xgb_gr_top_pct_10,2021-10-31,0.04220470739094379,0.04244280262903903,0.00023809523809523815,0.23809523809523814,63
xgb_gr_top_pct_10,2021-11-30,-0.007863025400514902,-0.007717864110192322,0.00014516129032258063,0.14516129032258063,62
xgb_gr_top_pct_10,2021-12-31,0.07202743708724373,0.07237664343645007,0.00034920634920634924,0.3492063492063492,62
xgb_gr_top_pct_10,2022-01-31,-0.039803859311565895,-0.0395226093115659,0.00028125000000000003,0.28125,62
xgb_gr_top_pct_10,2022-02-28,0.028387288062068743,0.028657129331910013,0.0002698412698412699,0.2698412698412699,63
xgb_gr_top_pct_10,2022-03-31,0.014846712722959218,0.015174837722959219,0.000328125,0.328125,62
xgb_gr_top_pct_10,2022-04-30,-0.054404166318478664,-0.05387291631847867,0.00053125,0.53125,64
xgb_gr_top_pct_10,2022-05-31,0.03602868489819334,0.036231809898193336,0.00020312500000000002,0.203125,63
xgb_gr_top_pct_10,2022-06-30,-0.09850744423927335,-0.09813821347004258,0.00036923076923076927,0.36923076923076925,62
xgb_gr_top_pct_10,2022-07-31,0.10507156500187728,0.10532553325584554,0.00025396825396825396,0.25396825396825395,62
xgb_gr_top_pct_10,2022-08-31,-0.041332812693162774,-0.041082812693162774,0.00025,0.25,62
xgb_gr_top_pct_10,2022-09-30,-0.10029851586784472,-0.09996518253451138,0.00033333333333333343,0.33333333333333337,59
xgb_gr_top_pct_10,2022-10-31,0.09144663604435406,0.09167244249596697,0.00022580645161290327,0.22580645161290325,62
xgb_gr_top_pct_10,2022-11-30,0.10363180017322969,0.1038505501732297,0.00021875,0.21875,63
xgb_gr_top_pct_10,2022-12-31,-0.05569838557672287,-0.05531743319577049,0.00038095238095238096,0.38095238095238093,60
xgb_gr_top_pct_10,2023-01-31,0.12683472942102786,0.12710457069086914,0.0002698412698412699,0.2698412698412699,62
xgb_gr_top_pct_10,2023-02-28,-0.027890751854291174,-0.027718876854291176,0.00017187500000000002,0.171875,62
xgb_gr_top_pct_10,2023-03-31,0.0036288305282582583,0.0038163305282582585,0.0001875,0.1875,62
xgb_gr_top_pct_10,2023-04-30,-0.002782017659495325,-0.002351248428726094,0.0004307692307692309,0.4307692307692308,63
xgb_gr_top_pct_10,2023-05-31,-0.015080509938906727,-0.014880509938906727,0.00019999999999999996,0.19999999999999996,60
xgb_gr_top_pct_10,2023-06-30,0.07753364365025364,0.07786176865025364,0.000328125,0.328125,62
xgb_gr_top_pct_10,2023-07-31,0.08731008378382527,0.08761777609151758,0.0003076923076923077,0.3076923076923077,64
xgb_gr_top_pct_10,2023-08-31,-0.03412530295603366,-0.03392530295603366,0.00019999999999999996,0.19999999999999996,63
xgb_gr_top_pct_10,2023-09-30,-0.052137557870513725,-0.05169140402435988,0.0004461538461538462,0.4461538461538461,63
xgb_gr_top_pct_10,2023-10-31,-0.04127249788167326,-0.0410109594201348,0.0002615384615384615,0.2615384615384615,61
xgb_gr_top_pct_10,2023-11-30,0.06798365303190419,0.06821442226267342,0.00023076923076923076,0.23076923076923073,65
xgb_gr_top_pct_10,2023-12-31,0.09483223616074173,0.09522617555468112,0.00039393939393939396,0.3939393939393939,64
xgb_gr_top_pct_10,2024-01-31,-0.025798324667112973,-0.025540748909537215,0.00025757575757575756,0.25757575757575757,64
xgb_gr_top_pct_10,2024-02-29,0.06774311026507362,0.06790977693174029,0.00016666666666666663,0.16666666666666663,64
xgb_gr_top_pct_10,2024-03-31,0.07084034601385539,0.07127318183475091,0.00043283582089552247,0.4328358208955224,67
xgb_gr_top_pct_10,2024-04-30,-0.03460953657416785,-0.034306506271137543,0.000303030303030303,0.303030303030303,64
xgb_gr_top_pct_10,2024-05-31,0.04234409082889772,0.04257486005966695,0.00023076923076923076,0.23076923076923073,65
xgb_gr_top_pct_10,2024-06-30,-0.021826404100992694,-0.021468195145768813,0.0003582089552238807,0.35820895522388063,66
xgb_gr_top_pct_10,2024-07-31,0.04260875827867111,0.04286248962195469,0.0002537313432835821,0.25373134328358204,66
xgb_gr_top_pct_10,2024-08-31,-0.016170994312416812,-0.015965111959475635,0.00020588235294117656,0.20588235294117652,67
xgb_gr_top_pct_10,2024-09-30,0.009573196270230325,0.009940843329053855,0.00036764705882352946,0.36764705882352944,67
xgb_gr_top_pct_10,2024-10-31,-0.0175283672961034,-0.01729307317845634,0.00023529411764705888,0.23529411764705888,68
xgb_gr_top_pct_10,2024-11-30,0.07518724607849638,0.07534901078437872,0.00016176470588235293,0.16176470588235292,68
xgb_gr_top_pct_10,2024-12-31,-0.06426064396158296,-0.06388750963322475,0.00037313432835820896,0.3731343283582089,66
xgb_gr_top_pct_10,2025-01-31,0.014612313131564006,0.014880969847981916,0.00026865671641791044,0.26865671641791045,65
xgb_gr_top_pct_10,2025-02-28,-0.04514749377403903,-0.044956317303450795,0.00019117647058823528,0.19117647058823528,66
xgb_gr_top_pct_10,2025-03-31,-0.046956322871319664,-0.04679214376684205,0.00016417910447761197,0.16417910447761197,64
xgb_gr_top_pct_10,2025-04-30,-0.042630160679468655,-0.042190766740074714,0.0004393939393939395,0.43939393939393945,65
xgb_gr_top_pct_10,2025-05-31,0.05162006381066474,0.05187763956824049,0.00025757575757575756,0.25757575757575757,66
xgb_gr_top_pct_10,2025-06-30,0.02554620294443374,0.025924990823221618,0.00037878787878787884,0.3787878787878788,66
xgb_gr_top_pct_10,2025-07-31,0.02420488274230827,0.02438398721992021,0.00017910447761194026,0.17910447761194026,66
xgb_gr_top_pct_10,2025-08-31,0.06077544277528492,0.060924696506628205,0.00014925373134328358,0.14925373134328357,67
xgb_gr_top_pct_10,2025-09-30,0.016911424591448065,0.017279071650271594,0.00036764705882352946,0.36764705882352944,68
xgb_gr_top_pct_10,2025-10-31,-0.020240823342408898,-0.019976117460055957,0.00026470588235294115,0.2647058823529411,68
xgb_gr_top_pct_10,2025-11-30,0.006535350511107126,0.00671182109934242,0.00017647058823529416,0.17647058823529416,68
xgb_gr_top_pct_10,2025-12-31,0.027807722943299047,0.028190075884475516,0.00038235294117647055,0.38235294117647056,67
xgb_gr_top_pct_10,2026-01-31,0.07469469774411971,0.074871168332355,0.00017647058823529416,0.17647058823529416,68
xgb_gr_top_pct_10,2026-02-28,0.050210354070698855,0.05043094230599297,0.00022058823529411768,0.22058823529411764,67
xgb_gr_top_pct_10,2026-03-31,-0.024162663389585903,-0.023959764838861267,0.0002028985507246377,0.2028985507246377,69
xgb_gr_top_pct_10,2026-04-30,0.08625003831325538,0.08671157677479384,0.0004615384615384616,0.46153846153846156,65
xgb_gr_top_pct_10,2026-05-31,-0.016126226599602105,-0.015838347811723316,0.00028787878787878786,0.28787878787878785,65
xgb_gr_top_n_50,2008-11-30,0.028320987654321006,0.029320987654321007,0.001,1.0,1
xgb_gr_top_n_50,2008-12-31,0.07196401799100438,0.07196401799100438,0.0,0.0,1
xgb_gr_top_n_50,2009-01-31,-0.12494172494172495,-0.12494172494172495,0.0,0.0,1
xgb_gr_top_n_50,2009-02-28,-0.008597912004735253,-0.008597912004735253,0.0,0.0,1
xgb_gr_top_n_50,2009-03-31,0.22460186710598573,0.22460186710598573,0.0,0.0,1
xgb_gr_top_n_50,2009-04-30,0.07937219730941703,0.07937219730941703,0.0,0.0,1
xgb_gr_top_n_50,2009-05-31,0.16825924387204005,0.16825924387204005,0.0,0.0,1
xgb_gr_top_n_50,2009-06-30,0.023535166268345807,0.024201832935012473,0.0006666666666666669,0.6666666666666667,3
xgb_gr_top_n_50,2009-07-31,0.11923205398870075,0.12006538732203409,0.0008333333333333334,0.8333333333333334,6
xgb_gr_top_n_50,2009-08-31,0.03201859652705059,0.03251859652705059,0.0005,0.5,12
xgb_gr_top_n_50,2009-09-30,0.058694998193958355,0.059194998193958355,0.0005,0.5,24
xgb_gr_top_n_50,2009-10-31,0.0009084104543129008,0.0011584104543129008,0.00025,0.25,30
xgb_gr_top_n_50,2009-11-30,0.0671171190733434,0.06738541175627023,0.0002682926829268293,0.2682926829268293,41
xgb_gr_top_n_50,2009-12-31,0.03305991810612435,0.033499918106124356,0.00043999999999999996,0.43999999999999995,49
xgb_gr_top_n_50,2010-01-31,-0.024020835320054282,-0.02380083532005428,0.00021999999999999998,0.21999999999999997,50
xgb_gr_top_n_50,2010-02-28,0.04808865999672409,0.04822865999672409,0.00014000000000000001,0.14,50
xgb_gr_top_n_50,2010-03-31,0.06140520460254515,0.06176520460254515,0.00035999999999999997,0.36,48
xgb_gr_top_n_50,2010-04-30,0.030560578634659573,0.03110057863465957,0.0005400000000000001,0.54,49
xgb_gr_top_n_50,2010-05-31,-0.07659643072702997,-0.07643643072702998,0.00016000000000000004,0.16000000000000003,50
xgb_gr_top_n_50,2010-06-30,-0.06456764379397852,-0.06428764379397851,0.00028000000000000003,0.28,48
xgb_gr_top_n_50,2010-07-31,0.07498264179490695,0.07532264179490694,0.00033999999999999997,0.33999999999999997,49
xgb_gr_top_n_50,2010-08-31,-0.046177735178596545,-0.04589773517859654,0.00028000000000000003,0.28,49
xgb_gr_top_n_50,2010-09-30,0.10693369074871793,0.10731369074871794,0.00038,0.38,50
xgb_gr_top_n_50,2010-10-31,0.05460283808230571,0.05500283808230571,0.0004,0.4,50
xgb_gr_top_n_50,2010-11-30,0.0008612780162768121,0.001061278016276812,0.00019999999999999996,0.19999999999999996,50
xgb_gr_top_n_50,2010-12-31,0.06077224302955939,0.06115224302955939,0.00038,0.38,50
xgb_gr_top_n_50,2011-01-31,0.01329868627588443,0.013538686275884431,0.00024,0.24,50
xgb_gr_top_n_50,2011-02-28,0.02875125753331164,0.02889125753331164,0.00014000000000000001,0.14,50
xgb_gr_top_n_50,2011-03-31,0.032965330797618396,0.0330853307976184,0.00012,0.12,50
xgb_gr_top_n_50,2011-04-30,0.031115249884288602,0.0315352498842886,0.00042,0.42000000000000004,49
xgb_gr_top_n_50,2011-05-31,-0.01461243011213767,-0.01427243011213767,0.00033999999999999997,0.33999999999999997,48
xgb_gr_top_n_50,2011-06-30,-0.020780481394305345,-0.020480481394305344,0.0003000000000000001,0.30000000000000004,50
xgb_gr_top_n_50,2011-07-31,-0.043063008796281575,-0.04278300879628157,0.00028000000000000003,0.28,48
xgb_gr_top_n_50,2011-08-31,-0.05058192877137839,-0.05038192877137839,0.00019999999999999996,0.19999999999999996,48
xgb_gr_top_n_50,2011-09-30,-0.08884674408683439,-0.0885467440868344,0.0003000000000000001,0.30000000000000004,49
xgb_gr_top_n_50,2011-10-31,0.16585198264231027,0.16617198264231026,0.0003199999999999999,0.31999999999999995,49
xgb_gr_top_n_50,2011-11-30,0.02032142240272002,0.02054142240272002,0.00021999999999999998,0.21999999999999997,49
xgb_gr_top_n_50,2011-12-31,-0.007487709080862064,-0.007147709080862064,0.00033999999999999997,0.33999999999999997,50
xgb_gr_top_n_50,2012-01-31,0.083593796676182,0.083733796676182,0.00014000000000000001,0.14,49
xgb_gr_top_n_50,2012-02-29,0.021889582415055,0.022129582415055,0.00024,0.24,50
xgb_gr_top_n_50,2012-03-31,0.003419708831530626,0.003759708831530626,0.00033999999999999997,0.33999999999999997,50
xgb_gr_top_n_50,2012-04-30,-0.0005837766120063584,-0.00036377661200635847,0.00021999999999999998,0.21999999999999997,48
xgb_gr_top_n_50,2012-05-31,-0.05114216889257924,-0.05094216889257924,0.00019999999999999996,0.19999999999999996,50
xgb_gr_top_n_50,2012-06-30,0.03642712309833054,0.03676712309833054,0.00033999999999999997,0.33999999999999997,50
xgb_gr_top_n_50,2012-07-31,-0.0067328075407323325,-0.006492807540732333,0.00024,0.24,49
xgb_gr_top_n_50,2012-08-31,0.016156869488120864,0.016316869488120864,0.00016000000000000004,0.16000000000000003,48
xgb_gr_top_n_50,2012-09-30,0.027244217314363068,0.02754421731436307,0.0003000000000000001,0.30000000000000004,50
xgb_gr_top_n_50,2012-10-31,0.00102241661266687,0.0013024166126668702,0.00028000000000000003,0.28,50
xgb_gr_top_n_50,2012-11-30,0.0055164389332651095,0.005716438933265109,0.00019999999999999996,0.19999999999999996,50
xgb_gr_top_n_50,2012-12-31,0.021931938200062253,0.022211938200062252,0.00028000000000000003,0.28,50
xgb_gr_top_n_50,2013-01-31,0.061084808845999164,0.06146480884599916,0.00038,0.38,50
xgb_gr_top_n_50,2013-02-28,0.0011682337117481035,0.0012882337117481036,0.00012,0.12,50
xgb_gr_top_n_50,2013-03-31,0.04299647252489136,0.04331647252489136,0.0003199999999999999,0.31999999999999995,49
xgb_gr_top_n_50,2013-04-30,0.03017772604809665,0.03065772604809665,0.00048,0.48,48
xgb_gr_top_n_50,2013-05-31,0.0109229291387511,0.011202929138751101,0.00028000000000000003,0.28,47
xgb_gr_top_n_50,2013-06-30,-0.012113208247621174,-0.011653208247621174,0.00045999999999999996,0.45999999999999996,46
xgb_gr_top_n_50,2013-07-31,0.06343160436875697,0.06383160436875697,0.0004,0.4,50
xgb_gr_top_n_50,2013-08-31,-0.03153796287282405,-0.03135796287282405,0.00018000000000000007,0.18000000000000005,49
xgb_gr_top_n_50,2013-09-30,0.041402361288504594,0.04178236128850459,0.00038,0.38,50
xgb_gr_top_n_50,2013-10-31,0.051078745813817876,0.051238745813817876,0.00016000000000000004,0.16000000000000003,50
xgb_gr_top_n_50,2013-11-30,0.008442154883735857,0.008642154883735858,0.00019999999999999996,0.19999999999999996,49
xgb_gr_top_n_50,2013-12-31,0.02851464659953208,0.02897464659953208,0.00045999999999999996,0.45999999999999996,48
xgb_gr_top_n_50,2014-01-31,-0.03442910507950176,-0.03410910507950176,0.0003199999999999999,0.31999999999999995,49
xgb_gr_top_n_50,2014-02-28,0.06103112904936916,0.06123112904936916,0.00019999999999999996,0.19999999999999996,50
xgb_gr_top_n_50,2014-03-31,0.0231471690890171,0.023447169089017103,0.0003000000000000001,0.30000000000000004,50
xgb_gr_top_n_50,2014-04-30,0.019416200573076046,0.019836200573076047,0.00042,0.42000000000000004,48
xgb_gr_top_n_50,2014-05-31,0.012738512570523339,0.01297851257052334,0.00024,0.24,49
xgb_gr_top_n_50,2014-06-30,0.030584333165086016,0.030884333165086018,0.0003000000000000001,0.30000000000000004,50
xgb_gr_top_n_50,2014-07-31,-0.03663480730789746,-0.036434807307897464,0.00019999999999999996,0.19999999999999996,50
xgb_gr_top_n_50,2014-08-31,0.05544036100363143,0.05560036100363143,0.00016000000000000004,0.16000000000000003,47
xgb_gr_top_n_50,2014-09-30,-0.04112847339091633,-0.040748473390916334,0.00038,0.38,49
xgb_gr_top_n_50,2014-10-31,0.014722605693834113,0.014982605693834113,0.00026000000000000003,0.26,50
xgb_gr_top_n_50,2014-11-30,0.0319705508860234,0.0322105508860234,0.00024,0.24,49
xgb_gr_top_n_50,2014-12-31,0.013514345318690623,0.013854345318690623,0.00033999999999999997,0.33999999999999997,49
xgb_gr_top_n_50,2015-01-31,-0.019833003042580392,-0.019673003042580392,0.00016000000000000004,0.16000000000000003,50
xgb_gr_top_n_50,2015-02-28,0.048093038019929965,0.04837303801992997,0.00028000000000000003,0.28,49
xgb_gr_top_n_50,2015-03-31,-0.018686255126446262,-0.018406255126446263,0.00028000000000000003,0.28,49
xgb_gr_top_n_50,2015-04-30,0.018113129087387735,0.018533129087387735,0.00042,0.42000000000000004,50
xgb_gr_top_n_50,2015-05-31,0.0037328760936207054,0.004052876093620705,0.0003199999999999999,0.31999999999999995,50
xgb_gr_top_n_50,2015-06-30,-0.032018870935564804,-0.031658870935564805,0.00035999999999999997,0.36,48
xgb_gr_top_n_50,2015-07-31,-0.0224229522387732,-0.022262952238773198,0.00016000000000000004,0.16000000000000003,49
xgb_gr_top_n_50,2015-08-31,-0.046966282625824037,-0.046666282625824035,0.0003000000000000001,0.30000000000000004,47
xgb_gr_top_n_50,2015-09-30,-0.04327814634163769,-0.042998146341637684,0.00028000000000000003,0.28,50
xgb_gr_top_n_50,2015-10-31,0.055843839646574564,0.05604383964657456,0.00019999999999999996,0.19999999999999996,50
xgb_gr_top_n_50,2015-11-30,-0.002061864362718242,-0.001801864362718242,0.00026000000000000003,0.26,49
xgb_gr_top_n_50,2015-12-31,-0.023992279628930878,-0.02363227962893088,0.00035999999999999997,0.36,49
xgb_gr_top_n_50,2016-01-31,-0.05664772978740913,-0.05648772978740913,0.00016000000000000004,0.16000000000000003,50
xgb_gr_top_n_50,2016-02-29,0.051880470980251066,0.052080470980251065,0.00019999999999999996,0.19999999999999996,49
xgb_gr_top_n_50,2016-03-31,0.09819932816643694,0.09861932816643694,0.00042,0.42000000000000004,50
xgb_gr_top_n_50,2016-04-30,-0.0008516612970368739,-0.000631661297036874,0.00021999999999999998,0.21999999999999997,50
xgb_gr_top_n_50,2016-05-31,0.011052056141451029,0.011232056141451029,0.00018000000000000007,0.18000000000000005,50
xgb_gr_top_n_50,2016-06-30,-0.004084692960433087,-0.003664692960433087,0.00042,0.42000000000000004,50
xgb_gr_top_n_50,2016-07-31,0.07273403005784969,0.07297403005784969,0.00024,0.24,50
xgb_gr_top_n_50,2016-08-31,-0.00029340212709963323,-5.3402127099633215e-05,0.00024,0.24,50
xgb_gr_top_n_50,2016-09-30,0.0199670557578831,0.020267055757883103,0.0003000000000000001,0.30000000000000004,50
xgb_gr_top_n_50,2016-10-31,-0.011792289960697594,-0.011552289960697593,0.00024,0.24,50
xgb_gr_top_n_50,2016-11-30,0.08266872050540713,0.08282872050540713,0.00016000000000000004,0.16000000000000003,50
xgb_gr_top_n_50,2016-12-31,0.036987431368746375,0.03728743136874638,0.0003000000000000001,0.30000000000000004,50
xgb_gr_top_n_50,2017-01-31,0.022648075330366075,0.022988075330366075,0.00033999999999999997,0.33999999999999997,49
xgb_gr_top_n_50,2017-02-28,0.018812087711083704,0.018972087711083704,0.00016000000000000004,0.16000000000000003,50
xgb_gr_top_n_50,2017-03-31,0.00045982105895005454,0.0006798210589500545,0.00021999999999999998,0.21999999999999997,49
xgb_gr_top_n_50,2017-04-30,0.015185253567822443,0.015645253567822443,0.00045999999999999996,0.45999999999999996,50
xgb_gr_top_n_50,2017-05-31,-0.016361643907136174,-0.016141643907136172,0.00021999999999999998,0.21999999999999997,49
xgb_gr_top_n_50,2017-06-30,-0.0005637016931964259,-0.00022370169319642594,0.00033999999999999997,0.33999999999999997,48
xgb_gr_top_n_50,2017-07-31,0.0174008132512558,0.0176408132512558,0.00024,0.24,49
xgb_gr_top_n_50,2017-08-31,-0.008680610963223234,-0.008460610963223234,0.00021999999999999998,0.21999999999999997,50
xgb_gr_top_n_50,2017-09-30,0.058633818285101676,0.05907381828510168,0.00043999999999999996,0.43999999999999995,50
xgb_gr_top_n_50,2017-10-31,0.011440197079556775,0.011700197079556775,0.00026000000000000003,0.26,49
xgb_gr_top_n_50,2017-11-30,0.07082447846834303,0.07106447846834303,0.00024,0.24,50
xgb_gr_top_n_50,2017-12-31,0.029042976735812704,0.029462976735812704,0.00042,0.42000000000000004,50
xgb_gr_top_n_50,2018-01-31,0.04412393745378048,0.04436393745378048,0.00024,0.24,50
xgb_gr_top_n_50,2018-02-28,-0.021545839784265625,-0.021385839784265625,0.00016000000000000004,0.16000000000000003,50
xgb_gr_top_n_50,2018-03-31,-0.0017980019469576954,-0.0016580019469576955,0.00014000000000000001,0.14,49
xgb_gr_top_n_50,2018-04-30,0.0017279911546959474,0.0021079911546959475,0.00038,0.38,50
xgb_gr_top_n_50,2018-05-31,0.02574979755322813,0.02592979755322813,0.00018000000000000007,0.18000000000000005,49
xgb_gr_top_n_50,2018-06-30,0.012561783499690634,0.012921783499690634,0.00035999999999999997,0.36,48
xgb_gr_top_n_50,2018-07-31,0.018597428517212775,0.018997428517212776,0.0004,0.4,50
xgb_gr_top_n_50,2018-08-31,0.0066901736862675565,0.006890173686267556,0.00019999999999999996,0.19999999999999996,48
xgb_gr_top_n_50,2018-09-30,-0.01970034392235487,-0.01930034392235487,0.0004,0.4,49
xgb_gr_top_n_50,2018-10-31,-0.07633356918092557,-0.07603356918092558,0.0003000000000000001,0.30000000000000004,47
xgb_gr_top_n_50,2018-11-30,0.05918597217013674,0.059445972170136745,0.00026000000000000003,0.26,50
xgb_gr_top_n_50,2018-12-31,-0.08949661315275842,-0.08917661315275842,0.0003199999999999999,0.31999999999999995,48
xgb_gr_top_n_50,2019-01-31,0.13362032471052296,0.13392032471052295,0.0003000000000000001,0.30000000000000004,50
xgb_gr_top_n_50,2019-02-28,0.01674865067896638,0.01704865067896638,0.0003000000000000001,0.30000000000000004,49
xgb_gr_top_n_50,2019-03-31,-0.017104940989238628,-0.016844940989238628,0.00026000000000000003,0.26,50
xgb_gr_top_n_50,2019-04-30,0.06482297680528082,0.06536297680528082,0.0005400000000000001,0.54,49
xgb_gr_top_n_50,2019-05-31,-0.12069096033461266,-0.12053096033461266,0.00016000000000000004,0.16000000000000003,49
xgb_gr_top_n_50,2019-06-30,0.10755268931256022,0.10785268931256022,0.0003000000000000001,0.30000000000000004,49
xgb_gr_top_n_50,2019-07-31,0.03650121865905689,0.03682121865905689,0.0003199999999999999,0.31999999999999995,48
xgb_gr_top_n_50,2019-08-31,-0.09311370359655288,-0.09293370359655288,0.00018000000000000007,0.18000000000000005,48
xgb_gr_top_n_50,2019-09-30,0.08670684806161241,0.08702684806161241,0.0003199999999999999,0.31999999999999995,49
xgb_gr_top_n_50,2019-10-31,-0.002766931017061341,-0.002426931017061341,0.00033999999999999997,0.33999999999999997,48
xgb_gr_top_n_50,2019-11-30,0.04322707717210183,0.04340707717210183,0.00018000000000000007,0.18000000000000005,50
xgb_gr_top_n_50,2019-12-31,0.060313863374660645,0.06061386337466065,0.0003000000000000001,0.30000000000000004,49
xgb_gr_top_n_50,2020-01-31,-0.05801094814414347,-0.05779094814414347,0.00021999999999999998,0.21999999999999997,50
xgb_gr_top_n_50,2020-02-29,-0.10424985978448541,-0.10402985978448541,0.00021999999999999998,0.21999999999999997,48
xgb_gr_top_n_50,2020-03-31,-0.22383203304385008,-0.22347203304385008,0.00035999999999999997,0.36,43
xgb_gr_top_n_50,2020-04-30,0.17082140446249283,0.17116140446249284,0.00033999999999999997,0.33999999999999997,50
xgb_gr_top_n_50,2020-05-31,0.046673088005123826,0.046853088005123826,0.00018000000000000007,0.18000000000000005,50
xgb_gr_top_n_50,2020-06-30,0.044924186933569525,0.045284186933569524,0.00035999999999999997,0.36,49
xgb_gr_top_n_50,2020-07-31,0.04395652048004611,0.044256520480046115,0.0003000000000000001,0.30000000000000004,48
xgb_gr_top_n_50,2020-08-31,0.0816514151269177,0.0819114151269177,0.00026000000000000003,0.26,50
xgb_gr_top_n_50,2020-09-30,-0.04532384386348048,-0.04492384386348048,0.0004,0.4,49
xgb_gr_top_n_50,2020-10-31,0.0016044185290212485,0.0019844185290212486,0.00038,0.38,49
xgb_gr_top_n_50,2020-11-30,0.1716618458292721,0.1719018458292721,0.00024,0.24,49
xgb_gr_top_n_50,2020-12-31,0.04809820985027832,0.04851820985027832,0.00042,0.42000000000000004,50
xgb_gr_top_n_50,2021-01-31,0.0005632457350410028,0.0008032457350410027,0.00024,0.24,50
xgb_gr_top_n_50,2021-02-28,0.03697665429407983,0.037176654294079826,0.00019999999999999996,0.19999999999999996,49
xgb_gr_top_n_50,2021-03-31,0.08696148551824602,0.08720148551824602,0.00024,0.24,50
xgb_gr_top_n_50,2021-04-30,0.03277977305389021,0.03329977305389021,0.0005200000000000001,0.52,48
xgb_gr_top_n_50,2021-05-31,0.03830938951865246,0.03850938951865246,0.00019999999999999996,0.19999999999999996,49
xgb_gr_top_n_50,2021-06-30,-0.045958846676596846,-0.045498846676596844,0.00045999999999999996,0.45999999999999996,50
xgb_gr_top_n_50,2021-07-31,-0.011869609671969122,-0.011669609671969122,0.00019999999999999996,0.19999999999999996,50
xgb_gr_top_n_50,2021-08-31,0.01507130859287411,0.015211308592874109,0.00014000000000000001,0.14,48
xgb_gr_top_n_50,2021-09-30,-0.03203855536541968,-0.03161855536541968,0.00042,0.42000000000000004,49
xgb_gr_top_n_50,2021-10-31,0.037314427137098316,0.03759442713709832,0.00028000000000000003,0.28,50
xgb_gr_top_n_50,2021-11-30,-0.012655158463652552,-0.012455158463652551,0.00019999999999999996,0.19999999999999996,50
xgb_gr_top_n_50,2021-12-31,0.06767838947486425,0.06799838947486425,0.0003199999999999999,0.31999999999999995,49
xgb_gr_top_n_50,2022-01-31,-0.0478869156175295,-0.047506915617529503,0.00038,0.38,48
xgb_gr_top_n_50,2022-02-28,0.019703993940261615,0.019983993940261614,0.00028000000000000003,0.28,50
xgb_gr_top_n_50,2022-03-31,0.012695287997203139,0.012995287997203139,0.0003000000000000001,0.30000000000000004,49
xgb_gr_top_n_50,2022-04-30,-0.053736527645059116,-0.05319652764505912,0.0005400000000000001,0.54,50
xgb_gr_top_n_50,2022-05-31,0.04071094070589163,0.040970940705891634,0.00026000000000000003,0.26,49
xgb_gr_top_n_50,2022-06-30,-0.09880162392319138,-0.09844162392319138,0.00035999999999999997,0.36,48
xgb_gr_top_n_50,2022-07-31,0.1139087874555228,0.1141487874555228,0.00024,0.24,49
xgb_gr_top_n_50,2022-08-31,-0.03402652429388128,-0.033806524293881285,0.00021999999999999998,0.21999999999999997,48
xgb_gr_top_n_50,2022-09-30,-0.10002078741264123,-0.09970078741264123,0.0003199999999999999,0.31999999999999995,46
xgb_gr_top_n_50,2022-10-31,0.09932489115350601,0.09960489115350601,0.00028000000000000003,0.28,50
xgb_gr_top_n_50,2022-11-30,0.12157337584179705,0.12179337584179704,0.00021999999999999998,0.21999999999999997,50
xgb_gr_top_n_50,2022-12-31,-0.06630017460129155,-0.06588017460129154,0.00042,0.42000000000000004,47
xgb_gr_top_n_50,2023-01-31,0.1181895888438942,0.1184695888438942,0.00028000000000000003,0.28,49
xgb_gr_top_n_50,2023-02-28,-0.02540005070373548,-0.02522005070373548,0.00018000000000000007,0.18000000000000005,48
xgb_gr_top_n_50,2023-03-31,-0.001058770374818617,-0.0008787703748186169,0.00018000000000000007,0.18000000000000005,48
xgb_gr_top_n_50,2023-04-30,0.0065014985715009695,0.007001498571500969,0.0005,0.5,48
xgb_gr_top_n_50,2023-05-31,-0.012181949222370656,-0.011941949222370655,0.00024,0.24,46
xgb_gr_top_n_50,2023-06-30,0.07033818944071966,0.07071818944071967,0.00038,0.38,49
xgb_gr_top_n_50,2023-07-31,0.09414783873031417,0.09448783873031416,0.00033999999999999997,0.33999999999999997,49
xgb_gr_top_n_50,2023-08-31,-0.023331418943700034,-0.023131418943700036,0.00019999999999999996,0.19999999999999996,48
xgb_gr_top_n_50,2023-09-30,-0.051472161699828135,-0.050972161699828135,0.0005,0.5,49
xgb_gr_top_n_50,2023-10-31,-0.03664760471954383,-0.03640760471954383,0.00024,0.24,48
xgb_gr_top_n_50,2023-11-30,0.06910842623730673,0.06934842623730673,0.00024,0.24,50
xgb_gr_top_n_50,2023-12-31,0.09351169298520969,0.09395169298520968,0.00043999999999999996,0.43999999999999995,48
xgb_gr_top_n_50,2024-01-31,-0.0217846771515468,-0.021504677151546803,0.00028000000000000003,0.28,48
xgb_gr_top_n_50,2024-02-29,0.07337052727715279,0.07355052727715279,0.00018000000000000007,0.18000000000000005,48
xgb_gr_top_n_50,2024-03-31,0.07373356376029876,0.07419356376029876,0.00045999999999999996,0.45999999999999996,50
xgb_gr_top_n_50,2024-04-30,-0.04188432700950492,-0.041584327009504915,0.0003000000000000001,0.30000000000000004,48
xgb_gr_top_n_50,2024-05-31,0.040180679935843816,0.04046067993584382,0.00028000000000000003,0.28,50
xgb_gr_top_n_50,2024-06-30,-0.022659573551532673,-0.022239573551532672,0.00042,0.42000000000000004,49
xgb_gr_top_n_50,2024-07-31,0.04917061087381471,0.049450610873814714,0.00028000000000000003,0.28,49
xgb_gr_top_n_50,2024-08-31,-0.02216381759594691,-0.02196381759594691,0.00019999999999999996,0.19999999999999996,50
xgb_gr_top_n_50,2024-09-30,0.01004601095370577,0.01038601095370577,0.00033999999999999997,0.33999999999999997,49
xgb_gr_top_n_50,2024-10-31,-0.00781814793905525,-0.007578147939055249,0.00024,0.24,50
xgb_gr_top_n_50,2024-11-30,0.07630928599504674,0.07646928599504674,0.00016000000000000004,0.16000000000000003,50
xgb_gr_top_n_50,2024-12-31,-0.06948945513409435,-0.06914945513409436,0.00033999999999999997,0.33999999999999997,49
xgb_gr_top_n_50,2025-01-31,0.018434194975121134,0.018654194975121136,0.00021999999999999998,0.21999999999999997,49
xgb_gr_top_n_50,2025-02-28,-0.045644950012011104,-0.045484950012011104,0.00016000000000000004,0.16000000000000003,48
xgb_gr_top_n_50,2025-03-31,-0.040873683105821956,-0.040713683105821956,0.00016000000000000004,0.16000000000000003,47
xgb_gr_top_n_50,2025-04-30,-0.049936944735154386,-0.04955694473515439,0.00038,0.38,49
xgb_gr_top_n_50,2025-05-31,0.05634205454195179,0.05656205454195179,0.00021999999999999998,0.21999999999999997,50
xgb_gr_top_n_50,2025-06-30,0.03510455276914147,0.03550455276914147,0.0004,0.4,50
xgb_gr_top_n_50,2025-07-31,0.02930373653733467,0.02956373653733467,0.00026000000000000003,0.26,49
xgb_gr_top_n_50,2025-08-31,0.07204097709246277,0.07220097709246276,0.00016000000000000004,0.16000000000000003,50
xgb_gr_top_n_50,2025-09-30,0.027625482396446396,0.027965482396446396,0.00033999999999999997,0.33999999999999997,50
xgb_gr_top_n_50,2025-10-31,-0.011674643092328959,-0.011434643092328958,0.00024,0.24,50
xgb_gr_top_n_50,2025-11-30,0.015870376982725826,0.016050376982725826,0.00018000000000000007,0.18000000000000005,50
xgb_gr_top_n_50,2025-12-31,0.015679646041870093,0.016119646041870092,0.00043999999999999996,0.43999999999999995,49
xgb_gr_top_n_50,2026-01-31,0.07648132944185797,0.07674132944185796,0.00026000000000000003,0.26,50
xgb_gr_top_n_50,2026-02-28,0.03864879573342897,0.03886879573342897,0.00021999999999999998,0.21999999999999997,49
xgb_gr_top_n_50,2026-03-31,-0.0196548038356465,-0.0194548038356465,0.00019999999999999996,0.19999999999999996,50
xgb_gr_top_n_50,2026-04-30,0.07983325366568135,0.08031325366568134,0.00048,0.48,50
xgb_gr_top_n_50,2026-05-31,-0.015356118611416015,-0.015056118611416015,0.0003000000000000001,0.30000000000000004,49
xgb_gr_top_n_25,2008-11-30,0.028320987654321006,0.029320987654321007,0.001,1.0,1
xgb_gr_top_n_25,2008-12-31,0.07196401799100438,0.07196401799100438,0.0,0.0,1
xgb_gr_top_n_25,2009-01-31,-0.12494172494172495,-0.12494172494172495,0.0,0.0,1
xgb_gr_top_n_25,2009-02-28,-0.008597912004735253,-0.008597912004735253,0.0,0.0,1
xgb_gr_top_n_25,2009-03-31,0.22460186710598573,0.22460186710598573,0.0,0.0,1
xgb_gr_top_n_25,2009-04-30,0.07937219730941703,0.07937219730941703,0.0,0.0,1
xgb_gr_top_n_25,2009-05-31,0.16825924387204005,0.16825924387204005,0.0,0.0,1
xgb_gr_top_n_25,2009-06-30,0.023535166268345807,0.024201832935012473,0.0006666666666666669,0.6666666666666667,3
xgb_gr_top_n_25,2009-07-31,0.11923205398870075,0.12006538732203409,0.0008333333333333334,0.8333333333333334,6
xgb_gr_top_n_25,2009-08-31,0.03201859652705059,0.03251859652705059,0.0005,0.5,12
xgb_gr_top_n_25,2009-09-30,0.05659321906787251,0.05704776452241797,0.0004545454545454546,0.4545454545454546,22
xgb_gr_top_n_25,2009-10-31,-1.3989487979903479e-05,0.00022601051202009653,0.00024,0.24,23
xgb_gr_top_n_25,2009-11-30,0.08151156637836339,0.08179156637836339,0.00028000000000000003,0.28,25
xgb_gr_top_n_25,2009-12-31,0.03623196273637202,0.03675196273637202,0.0005200000000000001,0.52,25
xgb_gr_top_n_25,2010-01-31,-0.022089337647678387,-0.02188933764767839,0.00019999999999999996,0.19999999999999996,25
xgb_gr_top_n_25,2010-02-28,0.050383658409043325,0.05066365840904333,0.00028000000000000003,0.28,25
xgb_gr_top_n_25,2010-03-31,0.057152528279812556,0.05759252827981256,0.00043999999999999996,0.43999999999999995,25
xgb_gr_top_n_25,2010-04-30,0.0408656486694169,0.0413856486694169,0.0005200000000000001,0.52,24
xgb_gr_top_n_25,2010-05-31,-0.08136923887845277,-0.08112923887845276,0.00024,0.24,25
xgb_gr_top_n_25,2010-06-30,-0.06753491127432797,-0.06709491127432797,0.00043999999999999996,0.43999999999999995,24
xgb_gr_top_n_25,2010-07-31,0.06923539639015203,0.06955539639015203,0.0003199999999999999,0.31999999999999995,25
xgb_gr_top_n_25,2010-08-31,-0.031372547678906286,-0.031212547678906286,0.00016000000000000004,0.16000000000000003,25
xgb_gr_top_n_25,2010-09-30,0.09693580791629622,0.09749580791629622,0.0005600000000000001,0.56,25
xgb_gr_top_n_25,2010-10-31,0.02594086110167076,0.026420861101670762,0.00048,0.48,25
xgb_gr_top_n_25,2010-11-30,-0.0017910547908702764,-0.0015910547908702766,0.00019999999999999996,0.19999999999999996,25
xgb_gr_top_n_25,2010-12-31,0.057359444529211726,0.05783944452921173,0.00048,0.48,25
xgb_gr_top_n_25,2011-01-31,0.012306779622217136,0.012706779622217135,0.0004,0.4,25
xgb_gr_top_n_25,2011-02-28,0.017133271505189552,0.01741327150518955,0.00028000000000000003,0.28,25
xgb_gr_top_n_25,2011-03-31,0.047495722383942375,0.04773572238394237,0.00024,0.24,25
xgb_gr_top_n_25,2011-04-30,0.04264514057249659,0.04304514057249659,0.0004,0.4,24
xgb_gr_top_n_25,2011-05-31,-0.007068598381304914,-0.006628598381304913,0.00043999999999999996,0.43999999999999995,24
xgb_gr_top_n_25,2011-06-30,-0.02716995957230674,-0.02684995957230674,0.0003199999999999999,0.31999999999999995,25
xgb_gr_top_n_25,2011-07-31,-0.053276615526002276,-0.05287661552600228,0.0004,0.4,24
xgb_gr_top_n_25,2011-08-31,-0.05960183208620341,-0.05944183208620341,0.00016000000000000004,0.16000000000000003,24
xgb_gr_top_n_25,2011-09-30,-0.07369724501326337,-0.07333724501326337,0.00035999999999999997,0.36,24
xgb_gr_top_n_25,2011-10-31,0.12632569035724647,0.12664569035724646,0.0003199999999999999,0.31999999999999995,24
xgb_gr_top_n_25,2011-11-30,0.02363303770324066,0.023833037703240658,0.00019999999999999996,0.19999999999999996,24
xgb_gr_top_n_25,2011-12-31,-0.004870896901726369,-0.004510896901726369,0.00035999999999999997,0.36,25
xgb_gr_top_n_25,2012-01-31,0.11244955975518402,0.11272955975518402,0.00028000000000000003,0.28,24
xgb_gr_top_n_25,2012-02-29,0.01061392253961734,0.01085392253961734,0.00024,0.24,25
xgb_gr_top_n_25,2012-03-31,0.0027384051952928524,0.0031384051952928526,0.0004,0.4,25
xgb_gr_top_n_25,2012-04-30,0.008163701410970092,0.008403701410970093,0.00024,0.24,25
xgb_gr_top_n_25,2012-05-31,-0.04491432398546888,-0.04467432398546888,0.00024,0.24,25
xgb_gr_top_n_25,2012-06-30,0.02353644855373998,0.02377644855373998,0.00024,0.24,25
xgb_gr_top_n_25,2012-07-31,-0.019217537902975295,-0.018977537902975294,0.00024,0.24,25
xgb_gr_top_n_25,2012-08-31,-0.00027770983831340465,-7.770983831340468e-05,0.00019999999999999996,0.19999999999999996,24
xgb_gr_top_n_25,2012-09-30,0.019341079293607958,0.01966107929360796,0.0003199999999999999,0.31999999999999995,25
xgb_gr_top_n_25,2012-10-31,0.002501209144109047,0.002781209144109047,0.00028000000000000003,0.28,25
xgb_gr_top_n_25,2012-11-30,0.007561003426375539,0.007761003426375539,0.00019999999999999996,0.19999999999999996,25
xgb_gr_top_n_25,2012-12-31,0.024247270187495607,0.02472727018749561,0.00048,0.48,25
xgb_gr_top_n_25,2013-01-31,0.05984519738873435,0.06024519738873435,0.0004,0.4,25
xgb_gr_top_n_25,2013-02-28,-0.016076172109937246,-0.015836172109937246,0.00024,0.24,25
xgb_gr_top_n_25,2013-03-31,0.04338797580323518,0.04374797580323518,0.00035999999999999997,0.36,25
xgb_gr_top_n_25,2013-04-30,0.03392380000539281,0.03456380000539281,0.00064,0.64,24
xgb_gr_top_n_25,2013-05-31,0.007477312618804715,0.007837312618804715,0.00035999999999999997,0.36,25
xgb_gr_top_n_25,2013-06-30,-0.0047204966663321034,-0.004240496666332103,0.00048,0.48,22
xgb_gr_top_n_25,2013-07-31,0.05728735589557376,0.05776735589557376,0.00048,0.48,25
xgb_gr_top_n_25,2013-08-31,-0.04331001555965616,-0.04319001555965616,0.00012,0.12,24
xgb_gr_top_n_25,2013-09-30,0.04476634013907492,0.04504634013907492,0.00028000000000000003,0.28,25
xgb_gr_top_n_25,2013-10-31,0.0488280591562208,0.0491080591562208,0.00028000000000000003,0.28,25
xgb_gr_top_n_25,2013-11-30,0.0074211945389137,0.0077011945389137,0.00028000000000000003,0.28,24
xgb_gr_top_n_25,2013-12-31,0.026167227024812386,0.026567227024812387,0.0004,0.4,23
xgb_gr_top_n_25,2014-01-31,-0.04131120843569697,-0.040991208435696966,0.0003199999999999999,0.31999999999999995,24
xgb_gr_top_n_25,2014-02-28,0.0672742667979518,0.0674342667979518,0.00016000000000000004,0.16000000000000003,25
xgb_gr_top_n_25,2014-03-31,0.014911669570337271,0.015191669570337272,0.00028000000000000003,0.28,25
xgb_gr_top_n_25,2014-04-30,0.025250803558021805,0.025890803558021806,0.00064,0.64,23
xgb_gr_top_n_25,2014-05-31,0.019576801017172654,0.019936801017172653,0.00035999999999999997,0.36,24
xgb_gr_top_n_25,2014-06-30,0.01792108257632867,0.01836108257632867,0.00043999999999999996,0.43999999999999995,25
xgb_gr_top_n_25,2014-07-31,-0.028459957444944214,-0.028219957444944214,0.00024,0.24,25
xgb_gr_top_n_25,2014-08-31,0.06165516371131403,0.061855163711314026,0.00019999999999999996,0.19999999999999996,23
xgb_gr_top_n_25,2014-09-30,-0.04089949264471078,-0.04049949264471078,0.0004,0.4,25
xgb_gr_top_n_25,2014-10-31,0.006007808423168624,0.006327808423168624,0.0003199999999999999,0.31999999999999995,25
xgb_gr_top_n_25,2014-11-30,0.02956642751544095,0.02976642751544095,0.00019999999999999996,0.19999999999999996,25
xgb_gr_top_n_25,2014-12-31,0.0022635491094746786,0.0026235491094746786,0.00035999999999999997,0.36,25
xgb_gr_top_n_25,2015-01-31,-0.007871976435506708,-0.0077119764355067085,0.00016000000000000004,0.16000000000000003,25
xgb_gr_top_n_25,2015-02-28,0.05000132260743247,0.050281322607432476,0.00028000000000000003,0.28,24
xgb_gr_top_n_25,2015-03-31,-0.041271527098878866,-0.041111527098878865,0.00016000000000000004,0.16000000000000003,24
xgb_gr_top_n_25,2015-04-30,0.03593960055517215,0.036379600555172156,0.00043999999999999996,0.43999999999999995,25
xgb_gr_top_n_25,2015-05-31,-0.011616425738139514,-0.011216425738139515,0.0004,0.4,25
xgb_gr_top_n_25,2015-06-30,-0.04483550693672358,-0.04447550693672358,0.00035999999999999997,0.36,24
xgb_gr_top_n_25,2015-07-31,-0.03788162112157495,-0.03776162112157495,0.00012,0.12,24
xgb_gr_top_n_25,2015-08-31,-0.03830875725818115,-0.03806875725818115,0.00024,0.24,24
xgb_gr_top_n_25,2015-09-30,-0.03255050905681832,-0.03215050905681832,0.0004,0.4,25
xgb_gr_top_n_25,2015-10-31,0.0765206928896238,0.07672069288962381,0.00019999999999999996,0.19999999999999996,25
xgb_gr_top_n_25,2015-11-30,-0.006202356882530025,-0.005922356882530025,0.00028000000000000003,0.28,24
xgb_gr_top_n_25,2015-12-31,-0.012596285094793517,-0.012156285094793518,0.00043999999999999996,0.43999999999999995,25
xgb_gr_top_n_25,2016-01-31,-0.0578661960949389,-0.0577461960949389,0.00012,0.12,25
xgb_gr_top_n_25,2016-02-29,0.03226580032414401,0.032665800324144005,0.0004,0.4,25
xgb_gr_top_n_25,2016-03-31,0.10069616291668715,0.10109616291668715,0.0004,0.4,25
xgb_gr_top_n_25,2016-04-30,-0.002651547304283652,-0.002331547304283652,0.0003199999999999999,0.31999999999999995,25
xgb_gr_top_n_25,2016-05-31,0.026076477373831532,0.02627647737383153,0.00019999999999999996,0.19999999999999996,25
xgb_gr_top_n_25,2016-06-30,-0.005189980991367733,-0.004789980991367733,0.0004,0.4,25
xgb_gr_top_n_25,2016-07-31,0.0887248220004694,0.0890848220004694,0.00035999999999999997,0.36,25
xgb_gr_top_n_25,2016-08-31,1.7857803006542745e-05,0.00041785780300654276,0.0004,0.4,25
xgb_gr_top_n_25,2016-09-30,0.013889964884713706,0.014249964884713705,0.00035999999999999997,0.36,25
xgb_gr_top_n_25,2016-10-31,-0.0178598121264549,-0.0174598121264549,0.0004,0.4,25
xgb_gr_top_n_25,2016-11-30,0.08217095291062312,0.08249095291062312,0.0003199999999999999,0.31999999999999995,25
xgb_gr_top_n_25,2016-12-31,0.03173431688904866,0.03221431688904866,0.00048,0.48,25
xgb_gr_top_n_25,2017-01-31,0.022972048080731788,0.023412048080731787,0.00043999999999999996,0.43999999999999995,25
xgb_gr_top_n_25,2017-02-28,0.01925851690881977,0.019458516908819768,0.00019999999999999996,0.19999999999999996,25
xgb_gr_top_n_25,2017-03-31,0.003326077262633112,0.003526077262633112,0.00019999999999999996,0.19999999999999996,24
xgb_gr_top_n_25,2017-04-30,0.021528709653271777,0.02216870965327178,0.00064,0.64,25
xgb_gr_top_n_25,2017-05-31,-0.016508497917557305,-0.016308497917557306,0.00019999999999999996,0.19999999999999996,25
xgb_gr_top_n_25,2017-06-30,-0.02027391847526015,-0.02003391847526015,0.00024,0.24,23
xgb_gr_top_n_25,2017-07-31,0.02122801878084234,0.02154801878084234,0.0003199999999999999,0.31999999999999995,24
xgb_gr_top_n_25,2017-08-31,-0.01586579721088973,-0.01562579721088973,0.00024,0.24,25
xgb_gr_top_n_25,2017-09-30,0.05350303700388333,0.05402303700388333,0.0005200000000000001,0.52,25
xgb_gr_top_n_25,2017-10-31,0.018892726203233987,0.019212726203233988,0.0003199999999999999,0.31999999999999995,24
xgb_gr_top_n_25,2017-11-30,0.06839068411968696,0.06859068411968697,0.00019999999999999996,0.19999999999999996,25
xgb_gr_top_n_25,2017-12-31,0.018215451252428745,0.018655451252428745,0.00043999999999999996,0.43999999999999995,25
xgb_gr_top_n_25,2018-01-31,0.04983138840207322,0.05031138840207322,0.00048,0.48,25
xgb_gr_top_n_25,2018-02-28,-0.020001449752754828,-0.019681449752754827,0.0003199999999999999,0.31999999999999995,25
xgb_gr_top_n_25,2018-03-31,-0.004556530489737875,-0.004356530489737875,0.00019999999999999996,0.19999999999999996,25
xgb_gr_top_n_25,2018-04-30,0.013809815071750933,0.014329815071750933,0.0005200000000000001,0.52,25
xgb_gr_top_n_25,2018-05-31,0.030127172354729993,0.03032717235472999,0.00019999999999999996,0.19999999999999996,24
xgb_gr_top_n_25,2018-06-30,0.029476664003031686,0.029876664003031687,0.0004,0.4,24
xgb_gr_top_n_25,2018-07-31,0.016229038478328225,0.016629038478328226,0.0004,0.4,25
xgb_gr_top_n_25,2018-08-31,0.0033540961267116134,0.0035940961267116136,0.00024,0.24,24
xgb_gr_top_n_25,2018-09-30,-0.017804344517602568,-0.017324344517602567,0.00048,0.48,25
xgb_gr_top_n_25,2018-10-31,-0.08543319613345747,-0.08515319613345747,0.00028000000000000003,0.28,24
xgb_gr_top_n_25,2018-11-30,0.06525969842692177,0.06549969842692177,0.00024,0.24,25
xgb_gr_top_n_25,2018-12-31,-0.06871190000555129,-0.06831190000555129,0.0004,0.4,25
xgb_gr_top_n_25,2019-01-31,0.12056817226993993,0.12092817226993993,0.00035999999999999997,0.36,25
xgb_gr_top_n_25,2019-02-28,0.011622038308566694,0.012022038308566694,0.0004,0.4,24
xgb_gr_top_n_25,2019-03-31,-0.014677881711106684,-0.014397881711106683,0.00028000000000000003,0.28,25
xgb_gr_top_n_25,2019-04-30,0.06260356445417656,0.06304356445417655,0.00043999999999999996,0.43999999999999995,24
xgb_gr_top_n_25,2019-05-31,-0.08576833764123541,-0.0855683376412354,0.00019999999999999996,0.19999999999999996,24
xgb_gr_top_n_25,2019-06-30,0.10840668149726303,0.10880668149726302,0.0004,0.4,24
xgb_gr_top_n_25,2019-07-31,0.04466119612100989,0.04510119612100989,0.00043999999999999996,0.43999999999999995,25
xgb_gr_top_n_25,2019-08-31,-0.09175333639364687,-0.09139333639364687,0.00035999999999999997,0.36,24
xgb_gr_top_n_25,2019-09-30,0.08244185693237165,0.08292185693237164,0.00048,0.48,25
xgb_gr_top_n_25,2019-10-31,-0.0077826824100868915,-0.007502682410086892,0.00028000000000000003,0.28,24
xgb_gr_top_n_25,2019-11-30,0.04677171830175546,0.04709171830175546,0.0003199999999999999,0.31999999999999995,25
xgb_gr_top_n_25,2019-12-31,0.06250865935488466,0.06286865935488466,0.00035999999999999997,0.36,24
xgb_gr_top_n_25,2020-01-31,-0.05942875601009148,-0.05910875601009148,0.0003199999999999999,0.31999999999999995,25
xgb_gr_top_n_25,2020-02-29,-0.09441485708045669,-0.09421485708045668,0.00019999999999999996,0.19999999999999996,24
xgb_gr_top_n_25,2020-03-31,-0.1380320214894895,-0.1376320214894895,0.0004,0.4,20
xgb_gr_top_n_25,2020-04-30,0.16865578692222913,0.16909578692222912,0.00043999999999999996,0.43999999999999995,25
xgb_gr_top_n_25,2020-05-31,0.037285543749744396,0.03752554374974439,0.00024,0.24,25
xgb_gr_top_n_25,2020-06-30,0.06714004707991958,0.06754004707991958,0.0004,0.4,24
xgb_gr_top_n_25,2020-07-31,0.042500821709783046,0.042900821709783044,0.0004,0.4,24
xgb_gr_top_n_25,2020-08-31,0.06076095838344835,0.061040958383448356,0.00028000000000000003,0.28,25
xgb_gr_top_n_25,2020-09-30,-0.055212562813266905,-0.054892562813266904,0.0003199999999999999,0.31999999999999995,24
xgb_gr_top_n_25,2020-10-31,0.0160678938901802,0.0165078938901802,0.00043999999999999996,0.43999999999999995,25
xgb_gr_top_n_25,2020-11-30,0.15892170583331347,0.15916170583331346,0.00024,0.24,24
xgb_gr_top_n_25,2020-12-31,0.04776924700691393,0.04828924700691393,0.0005200000000000001,0.52,25
xgb_gr_top_n_25,2021-01-31,0.007629880719781071,0.007949880719781071,0.0003199999999999999,0.31999999999999995,25
xgb_gr_top_n_25,2021-02-28,0.03563993789456372,0.035879937894563715,0.00024,0.24,24
xgb_gr_top_n_25,2021-03-31,0.07138178102397046,0.07158178102397046,0.00019999999999999996,0.19999999999999996,25
xgb_gr_top_n_25,2021-04-30,0.03780470788024899,0.038244707880248995,0.00043999999999999996,0.43999999999999995,24
xgb_gr_top_n_25,2021-05-31,0.05120067156623863,0.05140067156623863,0.00019999999999999996,0.19999999999999996,25
xgb_gr_top_n_25,2021-06-30,-0.061476752671775776,-0.06111675267177578,0.00035999999999999997,0.36,25
xgb_gr_top_n_25,2021-07-31,-0.00034993873883676574,-0.0001899387388367657,0.00016000000000000004,0.16000000000000003,25
xgb_gr_top_n_25,2021-08-31,0.004650859878049665,0.004890859878049665,0.00024,0.24,23
xgb_gr_top_n_25,2021-09-30,-0.029473958144659095,-0.029113958144659096,0.00035999999999999997,0.36,25
xgb_gr_top_n_25,2021-10-31,0.060300688482866266,0.06058068848286627,0.00028000000000000003,0.28,25
xgb_gr_top_n_25,2021-11-30,-0.007297479043898228,-0.0071374790438982275,0.00016000000000000004,0.16000000000000003,25
xgb_gr_top_n_25,2021-12-31,0.05390024852826635,0.05414024852826635,0.00024,0.24,25
xgb_gr_top_n_25,2022-01-31,-0.06095898976599203,-0.06075898976599203,0.00019999999999999996,0.19999999999999996,24
xgb_gr_top_n_25,2022-02-28,0.0034043371388312285,0.0037243371388312285,0.0003199999999999999,0.31999999999999995,25
xgb_gr_top_n_25,2022-03-31,0.014187091695076036,0.014427091695076036,0.00024,0.24,24
xgb_gr_top_n_25,2022-04-30,-0.06835048139243997,-0.06787048139243998,0.00048,0.48,25
xgb_gr_top_n_25,2022-05-31,0.04810212943152438,0.04830212943152438,0.00019999999999999996,0.19999999999999996,24
xgb_gr_top_n_25,2022-06-30,-0.09313966328864247,-0.09261966328864246,0.0005200000000000001,0.52,24
xgb_gr_top_n_25,2022-07-31,0.08995719273744528,0.09023719273744528,0.00028000000000000003,0.28,24
xgb_gr_top_n_25,2022-08-31,-0.024395702904486966,-0.024115702904486967,0.00028000000000000003,0.28,25
xgb_gr_top_n_25,2022-09-30,-0.09883038860505036,-0.09851038860505036,0.0003199999999999999,0.31999999999999995,23
xgb_gr_top_n_25,2022-10-31,0.09340610845791042,0.09372610845791042,0.0003199999999999999,0.31999999999999995,25
xgb_gr_top_n_25,2022-11-30,0.11687778511368477,0.11707778511368477,0.00019999999999999996,0.19999999999999996,25
xgb_gr_top_n_25,2022-12-31,-0.06671323208937711,-0.06623323208937712,0.00048,0.48,24
xgb_gr_top_n_25,2023-01-31,0.13762507081337813,0.13810507081337814,0.00048,0.48,25
xgb_gr_top_n_25,2023-02-28,-0.03217132969198018,-0.03185132969198018,0.0003199999999999999,0.31999999999999995,24
xgb_gr_top_n_25,2023-03-31,-0.00039160650779338245,-7.160650779338252e-05,0.0003199999999999999,0.31999999999999995,25
xgb_gr_top_n_25,2023-04-30,0.019888328468936727,0.020368328468936728,0.00048,0.48,24
xgb_gr_top_n_25,2023-05-31,-0.02749788522714914,-0.02725788522714914,0.00024,0.24,24
xgb_gr_top_n_25,2023-06-30,0.07803417269523322,0.07847417269523321,0.00043999999999999996,0.43999999999999995,25
xgb_gr_top_n_25,2023-07-31,0.10430341026320339,0.10470341026320339,0.0004,0.4,24
xgb_gr_top_n_25,2023-08-31,-0.01445239730840711,-0.014212397308407109,0.00024,0.24,23
xgb_gr_top_n_25,2023-09-30,-0.04195875779615602,-0.041398757796156024,0.0005600000000000001,0.56,24
xgb_gr_top_n_25,2023-10-31,-0.035024164266792314,-0.034664164266792315,0.00035999999999999997,0.36,24
xgb_gr_top_n_25,2023-11-30,0.06038968614182819,0.06074968614182819,0.00035999999999999997,0.36,25
xgb_gr_top_n_25,2023-12-31,0.08527289149235995,0.08571289149235994,0.00043999999999999996,0.43999999999999995,24
xgb_gr_top_n_25,2024-01-31,-0.018001519876659326,-0.017641519876659326,0.00035999999999999997,0.36,24
xgb_gr_top_n_25,2024-02-29,0.07816058868571585,0.07836058868571585,0.00019999999999999996,0.19999999999999996,23
xgb_gr_top_n_25,2024-03-31,0.05900702053967871,0.059447020539678715,0.00043999999999999996,0.43999999999999995,25
xgb_gr_top_n_25,2024-04-30,-0.02506509033099974,-0.02470509033099974,0.00035999999999999997,0.36,24
xgb_gr_top_n_25,2024-05-31,0.05861510988143436,0.05881510988143436,0.00019999999999999996,0.19999999999999996,25
xgb_gr_top_n_25,2024-06-30,-0.014251500905244751,-0.013771500905244751,0.00048,0.48,24
xgb_gr_top_n_25,2024-07-31,0.036294999910289394,0.03649499991028939,0.00019999999999999996,0.19999999999999996,24
xgb_gr_top_n_25,2024-08-31,-0.013810732632984971,-0.01357073263298497,0.00024,0.24,25
xgb_gr_top_n_25,2024-09-30,0.027693991926967722,0.02805399192696772,0.00035999999999999997,0.36,24
xgb_gr_top_n_25,2024-10-31,-0.0010396400586843144,-0.0007596400586843144,0.00028000000000000003,0.28,25
xgb_gr_top_n_25,2024-11-30,0.0916929929772542,0.0918929929772542,0.00019999999999999996,0.19999999999999996,25
xgb_gr_top_n_25,2024-12-31,-0.06951740813363406,-0.06907740813363407,0.00043999999999999996,0.43999999999999995,24
xgb_gr_top_n_25,2025-01-31,0.022924231710532057,0.023244231710532057,0.0003199999999999999,0.31999999999999995,24
xgb_gr_top_n_25,2025-02-28,-0.04686241740856337,-0.046582417408563365,0.00028000000000000003,0.28,25
xgb_gr_top_n_25,2025-03-31,-0.0517932581699393,-0.0516332581699393,0.00016000000000000004,0.16000000000000003,24
xgb_gr_top_n_25,2025-04-30,-0.017867508965625865,-0.017347508965625865,0.0005200000000000001,0.52,24
xgb_gr_top_n_25,2025-05-31,0.0845208752872933,0.0847608752872933,0.00024,0.24,25
xgb_gr_top_n_25,2025-06-30,0.05289959265545047,0.05321959265545047,0.0003199999999999999,0.31999999999999995,25
xgb_gr_top_n_25,2025-07-31,0.012029371852230662,0.012269371852230662,0.00024,0.24,25
xgb_gr_top_n_25,2025-08-31,0.07417850494333256,0.07441850494333256,0.00024,0.24,25
xgb_gr_top_n_25,2025-09-30,-0.00041104390523857907,6.895609476142095e-05,0.00048,0.48,25
xgb_gr_top_n_25,2025-10-31,-0.012949952912876053,-0.012749952912876053,0.00019999999999999996,0.19999999999999996,25
xgb_gr_top_n_25,2025-11-30,0.017946634234691585,0.018226634234691584,0.00028000000000000003,0.28,25
xgb_gr_top_n_25,2025-12-31,0.0009039029583870666,0.0013839029583870665,0.00048,0.48,25
xgb_gr_top_n_25,2026-01-31,0.06448103601117566,0.06480103601117566,0.0003199999999999999,0.31999999999999995,25
xgb_gr_top_n_25,2026-02-28,0.028799963071986158,0.029079963071986157,0.00028000000000000003,0.28,24
xgb_gr_top_n_25,2026-03-31,0.010452620795072969,0.01073262079507297,0.00028000000000000003,0.28,25
xgb_gr_top_n_25,2026-04-30,0.05893898624266063,0.05953898624266064,0.0006000000000000001,0.6,25
xgb_gr_top_n_25,2026-05-31,0.000937947882824625,0.001337947882824625,0.0004,0.4,24
vw_gr_top_pct_20,2008-11-30,0.028320987654321006,0.029320987654321007,0.001,1.0,1
vw_gr_top_pct_20,2008-12-31,0.07196401799100438,0.07196401799100438,0.0,0.0,1
vw_gr_top_pct_20,2009-01-31,-0.12494172494172495,-0.12494172494172495,0.0,0.0,1
vw_gr_top_pct_20,2009-02-28,-0.008597912004735253,-0.008597912004735253,0.0,0.0,1
vw_gr_top_pct_20,2009-03-31,0.22460186710598573,0.22460186710598573,0.0,0.0,1
vw_gr_top_pct_20,2009-04-30,0.07937219730941703,0.07937219730941703,0.0,0.0,1
vw_gr_top_pct_20,2009-05-31,0.16825924387204005,0.16825924387204005,0.0,0.0,1
vw_gr_top_pct_20,2009-06-30,-0.026849217638691414,-0.026849217638691414,0.0,0.0,1
vw_gr_top_pct_20,2009-07-31,0.09575307962500802,0.09625307962500802,0.0005,0.5,2
vw_gr_top_pct_20,2009-08-31,0.04270784987188408,0.04337451653855075,0.0006666666666666669,0.6666666666666667,3
vw_gr_top_pct_20,2009-09-30,0.0408165171593637,0.0414165171593637,0.0006000000000000001,0.6,5
vw_gr_top_pct_20,2009-10-31,0.012394160629258157,0.012894160629258158,0.0005,0.5,6
vw_gr_top_pct_20,2009-11-30,0.09034044579096254,0.0908960013465181,0.0005555555555555556,0.5555555555555556,9
vw_gr_top_pct_20,2009-12-31,0.011515392824450358,0.012115392824450358,0.0006000000000000001,0.6,15
vw_gr_top_pct_20,2010-01-31,-0.022360361508317602,-0.0220603615083176,0.0003000000000000001,0.30000000000000004,19
vw_gr_top_pct_20,2010-02-28,0.04950010283514812,0.04965010283514812,0.00015000000000000004,0.15000000000000002,19
vw_gr_top_pct_20,2010-03-31,0.05669721679648,0.057181087764221934,0.00048387096774193554,0.4838709677419355,31
vw_gr_top_pct_20,2010-04-30,0.022743896174666146,0.023292915782509284,0.0005490196078431372,0.5490196078431373,51
vw_gr_top_pct_20,2010-05-31,-0.059607631202594276,-0.05951329157995277,9.433962264150942e-05,0.09433962264150941,52
vw_gr_top_pct_20,2010-06-30,-0.035584388166091704,-0.03539920298090652,0.00018518518518518523,0.18518518518518523,52
vw_gr_top_pct_20,2010-07-31,0.05330088941483815,0.05339348200743074,9.259259259259256e-05,0.09259259259259256,54
vw_gr_top_pct_20,2010-08-31,-0.03691430643597962,-0.036825020721693906,8.92857142857143e-05,0.0892857142857143,56
vw_gr_top_pct_20,2010-09-30,0.09905898117278222,0.09927716299096404,0.00021818181818181818,0.21818181818181814,54
vw_gr_top_pct_20,2010-10-31,0.04443716008384003,0.044526445798125744,8.92857142857143e-05,0.0892857142857143,55
vw_gr_top_pct_20,2010-11-30,0.010976912565243765,0.011097602220416178,0.00012068965517241382,0.12068965517241381,58
vw_gr_top_pct_20,2010-12-31,0.04792003457649507,0.04813314933059343,0.0002131147540983607,0.21311475409836067,61
vw_gr_top_pct_20,2011-01-31,-0.00021596200465976646,-0.00010485089354865529,0.00011111111111111117,0.11111111111111116,63
vw_gr_top_pct_20,2011-02-28,0.03932388355965185,0.03940324863901693,7.936507936507942e-05,0.07936507936507942,63
vw_gr_top_pct_20,2011-03-31,0.018291926819663195,0.018424279760839664,0.00013235294117647058,0.13235294117647056,68
vw_gr_top_pct_20,2011-04-30,0.033951730090671636,0.03414290656125987,0.00019117647058823528,0.19117647058823528,68
vw_gr_top_pct_20,2011-05-31,-0.0027765015214862945,-0.0026919944792327733,8.450704225352113e-05,0.08450704225352113,71
vw_gr_top_pct_20,2011-06-30,-0.002295704451431678,-0.0021151488958761223,0.0001805555555555556,0.18055555555555558,72
vw_gr_top_pct_20,2011-07-31,-0.019813783239799147,-0.019716561017576927,9.722222222222222e-05,0.09722222222222221,71
vw_gr_top_pct_20,2011-08-31,-0.03747237000348824,-0.03741603197531923,5.633802816901412e-05,0.05633802816901412,69
vw_gr_top_pct_20,2011-09-30,-0.06633232628843282,-0.06615424409665199,0.00017808219178082197,0.17808219178082196,70
vw_gr_top_pct_20,2011-10-31,0.11986028951065983,0.11994600379637411,8.571428571428575e-05,0.08571428571428574,68
vw_gr_top_pct_20,2011-11-30,0.013765819148037753,0.013943901339818574,0.00017808219178082197,0.17808219178082196,72
vw_gr_top_pct_20,2011-12-31,0.01690207313493934,0.017066456696583177,0.00016438356164383562,0.1643835616438356,73
vw_gr_top_pct_20,2012-01-31,0.04188580950477366,0.041940604025321605,5.479452054794521e-05,0.0547945205479452,73
vw_gr_top_pct_20,2012-02-29,0.040882628579469435,0.04100262857946944,0.00012,0.12,75
vw_gr_top_pct_20,2012-03-31,0.03350560155960769,0.033689812085923476,0.0001842105263157895,0.1842105263157895,76
vw_gr_top_pct_20,2012-04-30,0.015497216993919483,0.015563006467603693,6.578947368421051e-05,0.06578947368421051,76
vw_gr_top_pct_20,2012-05-31,-0.03645986490239975,-0.03637986490239975,7.999999999999997e-05,0.07999999999999996,73
vw_gr_top_pct_20,2012-06-30,0.03070223923811589,0.030965397132852734,0.00026315789473684215,0.26315789473684215,75
vw_gr_top_pct_20,2012-07-31,0.009020435001069237,0.009127101667735903,0.0001066666666666667,0.10666666666666669,74
vw_gr_top_pct_20,2012-08-31,0.018229730061038032,0.01833783816914614,0.00010810810810810812,0.10810810810810811,72
vw_gr_top_pct_20,2012-09-30,0.01357999175745595,0.013744375319099786,0.00016438356164383562,0.1643835616438356,73
vw_gr_top_pct_20,2012-10-31,-0.00935407055530046,-0.00924596244719235,0.00010810810810810812,0.10810810810810811,73
vw_gr_top_pct_20,2012-11-30,0.008562580524845221,0.008684202146466842,0.0001216216216216216,0.1216216216216216,73
vw_gr_top_pct_20,2012-12-31,0.004038411030922143,0.0042650776975888096,0.00022666666666666668,0.22666666666666668,74
vw_gr_top_pct_20,2013-01-31,0.05333301309173307,0.05345143414436465,0.00011842105263157898,0.11842105263157898,75
vw_gr_top_pct_20,2013-02-28,0.018934518844236945,0.019075544485262587,0.0001410256410256411,0.14102564102564108,78
vw_gr_top_pct_20,2013-03-31,0.04715600732332238,0.04730600732332238,0.00015000000000000004,0.15000000000000002,79
vw_gr_top_pct_20,2013-04-30,0.013021574322237533,0.013249422423503356,0.00022784810126582277,0.22784810126582278,77
vw_gr_top_pct_20,2013-05-31,0.013788637692032951,0.013915219970513964,0.00012658227848101267,0.12658227848101267,77
vw_gr_top_pct_20,2013-06-30,-0.00939694420602462,-0.00922194420602462,0.00017500000000000005,0.17500000000000004,80
vw_gr_top_pct_20,2013-07-31,0.057727348225742776,0.05788984822574278,0.0001625,0.16249999999999998,80
vw_gr_top_pct_20,2013-08-31,-0.032260509074513236,-0.03216294809890348,9.756097560975608e-05,0.09756097560975607,79
vw_gr_top_pct_20,2013-09-30,0.03774615561059868,0.03789615561059868,0.00015000000000000004,0.15000000000000002,80
vw_gr_top_pct_20,2013-10-31,0.04078116586617371,0.04089366586617371,0.00011250000000000005,0.11250000000000004,78
vw_gr_top_pct_20,2013-11-30,0.03342499280959589,0.03354404042864351,0.00011904761904761907,0.11904761904761907,83
vw_gr_top_pct_20,2013-12-31,0.026306844960442353,0.026568749722347115,0.00026190476190476186,0.26190476190476186,82
vw_gr_top_pct_20,2014-01-31,-0.04074957600680149,-0.04058678530912707,0.00016279069767441857,0.16279069767441856,84
vw_gr_top_pct_20,2014-02-28,0.05436091398354847,0.05446436225941054,0.00010344827586206895,0.10344827586206895,87
vw_gr_top_pct_20,2014-03-31,0.016876932620766578,0.016989292171328375,0.00011235955056179781,0.1123595505617978,87
vw_gr_top_pct_20,2014-04-30,-0.0042946363563621725,-0.004103625120407116,0.0001910112359550562,0.1910112359550562,88
vw_gr_top_pct_20,2014-05-31,0.02037850073363957,0.02044591646397665,6.741573033707871e-05,0.0674157303370787,89
vw_gr_top_pct_20,2014-06-30,0.015095527084562322,0.015275302365461199,0.00017977528089887642,0.1797752808988764,88
vw_gr_top_pct_20,2014-07-31,-0.01599124913061779,-0.01592383340028071,6.741573033707871e-05,0.0674157303370787,89
vw_gr_top_pct_20,2014-08-31,0.0425033466833581,0.04257001335002476,6.666666666666666e-05,0.06666666666666665,87
vw_gr_top_pct_20,2014-09-30,-0.020483761761844348,-0.020279216307298894,0.0002045454545454546,0.20454545454545459,87
vw_gr_top_pct_20,2014-10-31,0.024852540473036523,0.024966176836672887,0.00011363636363636365,0.11363636363636365,87
vw_gr_top_pct_20,2014-11-30,0.03542602527940185,0.035522799472950235,9.677419354838712e-05,0.09677419354838712,93
vw_gr_top_pct_20,2014-12-31,-0.00026728649603031474,-9.337345255205388e-05,0.00017391304347826088,0.17391304347826086,90
vw_gr_top_pct_20,2015-01-31,-0.022059153217212336,-0.0219538900593176,0.00010526315789473685,0.10526315789473684,94
vw_gr_top_pct_20,2015-02-28,0.06322126481660441,0.06330459814993775,8.333333333333337e-05,0.08333333333333337,96
vw_gr_top_pct_20,2015-03-31,-0.005607960260461522,-0.005515176755306882,9.278350515463918e-05,0.09278350515463918,96
vw_gr_top_pct_20,2015-04-30,-0.010487267584755771,-0.010299148772874583,0.00018811881188118807,0.18811881188118806,101
vw_gr_top_pct_20,2015-05-31,0.019493495446184346,0.019620946426576504,0.00012745098039215687,0.12745098039215685,101
vw_gr_top_pct_20,2015-06-30,-0.01726715471335098,-0.01712574057193684,0.00014141414141414144,0.14141414141414144,97
vw_gr_top_pct_20,2015-07-31,0.03167227168061007,0.03176318077151916,9.090909090909094e-05,0.09090909090909094,99
vw_gr_top_pct_20,2015-08-31,-0.057904993976134744,-0.05782499397613475,7.999999999999997e-05,0.07999999999999996,98
vw_gr_top_pct_20,2015-09-30,-0.014319695914006366,-0.014198483792794245,0.00012121212121212122,0.12121212121212122,98
vw_gr_top_pct_20,2015-10-31,0.06243367889347766,0.06250510746490623,7.142857142857141e-05,0.0714285714285714,98
vw_gr_top_pct_20,2015-11-30,0.002220642230867956,0.002330642230867956,0.00010999999999999999,0.10999999999999999,100
vw_gr_top_pct_20,2015-12-31,-0.026856350526037284,-0.02665433032401708,0.000202020202020202,0.202020202020202,99
vw_gr_top_pct_20,2016-01-31,-0.0398189975338577,-0.03970675263589852,0.00011224489795918369,0.11224489795918369,97
vw_gr_top_pct_20,2016-02-29,0.03918600637530548,0.0392684806021096,8.247422680412375e-05,0.08247422680412375,94
vw_gr_top_pct_20,2016-03-31,0.06993853355181212,0.07015281926609783,0.00021428571428571433,0.2142857142857143,98
vw_gr_top_pct_20,2016-04-30,-0.01898864335075719,-0.01881864335075719,0.00017000000000000004,0.17000000000000004,98
vw_gr_top_pct_20,2016-05-31,0.010797388808382857,0.010927388808382857,0.00013000000000000002,0.13,99
vw_gr_top_pct_20,2016-06-30,0.021132742319659427,0.021332742319659426,0.00019999999999999996,0.19999999999999996,99
vw_gr_top_pct_20,2016-07-31,0.030087233584815923,0.030177233584815923,8.999999999999998e-05,0.08999999999999997,100
vw_gr_top_pct_20,2016-08-31,-0.0027532390756292288,-0.0026245262043421,0.00012871287128712872,0.12871287128712872,98
vw_gr_top_pct_20,2016-09-30,-0.005272819115143776,-0.005086544605339855,0.00018627450980392157,0.18627450980392157,100
vw_gr_top_pct_20,2016-10-31,-0.02380734168130141,-0.023661710613340246,0.0001456310679611651,0.1456310679611651,103
vw_gr_top_pct_20,2016-11-30,0.061825065440961786,0.06193290857821669,0.00010784313725490192,0.10784313725490191,102
vw_gr_top_pct_20,2016-12-31,0.011340599009604872,0.01155555228063291,0.0002149532710280374,0.2149532710280374,107
vw_gr_top_pct_20,2017-01-31,0.025094368371321545,0.025258004734957908,0.00016363636363636369,0.1636363636363637,108
vw_gr_top_pct_20,2017-02-28,0.028094634961841954,0.028177203769181404,8.25688073394495e-05,0.08256880733944949,108
vw_gr_top_pct_20,2017-03-31,0.002573922782176336,0.002684014525295602,0.00011009174311926606,0.11009174311926606,108
vw_gr_top_pct_20,2017-04-30,0.014051065630144882,0.014264028593107846,0.0002129629629629629,0.2129629629629629,106
vw_gr_top_pct_20,2017-05-31,0.018273886685970103,0.018365629805236157,9.174311926605506e-05,0.09174311926605505,109
vw_gr_top_pct_20,2017-06-30,-0.006093387732501358,-0.00586402993433622,0.00022935779816513757,0.22935779816513757,108
vw_gr_top_pct_20,2017-07-31,0.02250877488610639,0.022582848960180462,7.407407407407407e-05,0.07407407407407407,107
vw_gr_top_pct_20,2017-08-31,0.0020107567056869722,0.0021033492982795647,9.259259259259256e-05,0.09259259259259256,108
vw_gr_top_pct_20,2017-09-30,0.04315541400847352,0.04337559749471205,0.00022018348623853212,0.22018348623853212,109
vw_gr_top_pct_20,2017-10-31,0.030487713600571863,0.03061383972669799,0.00012612612612612618,0.12612612612612617,109
vw_gr_top_pct_20,2017-11-30,0.03255298769238564,0.032651201978099925,9.82142857142857e-05,0.0982142857142857,111
vw_gr_top_pct_20,2017-12-31,0.007380128361809057,0.007558699790380486,0.0001785714285714286,0.1785714285714286,112
vw_gr_top_pct_20,2018-01-31,0.05033511552616237,0.05045015977394998,0.00011504424778761058,0.11504424778761058,113
vw_gr_top_pct_20,2018-02-28,-0.04074436446663304,-0.04067418902803655,7.017543859649122e-05,0.07017543859649122,113
vw_gr_top_pct_20,2018-03-31,-0.007354002364079469,-0.007285036846838089,6.896551724137934e-05,0.06896551724137934,115
vw_gr_top_pct_20,2018-04-30,-0.009112527796643604,-0.008877233678996545,0.00023529411764705888,0.23529411764705888,119
vw_gr_top_pct_20,2018-05-31,0.04579189381874008,0.0459115519383982,0.00011965811965811969,0.11965811965811968,117
vw_gr_top_pct_20,2018-06-30,-0.0004823482227834003,-0.00032401488945006695,0.00015833333333333332,0.15833333333333333,120
vw_gr_top_pct_20,2018-07-31,0.032584995717446975,0.03267590480835607,9.090909090909094e-05,0.09090909090909094,121
vw_gr_top_pct_20,2018-08-31,0.04026509641771011,0.04033121212018945,6.611570247933885e-05,0.06611570247933884,119
vw_gr_top_pct_20,2018-09-30,-0.017255050044501626,-0.01707171671116829,0.00018333333333333336,0.18333333333333335,119
vw_gr_top_pct_20,2018-10-31,-0.08785305092588061,-0.08773540386705708,0.00011764705882352944,0.11764705882352944,115
vw_gr_top_pct_20,2018-11-30,0.014980649782454503,0.015091760893565613,0.00011111111111111117,0.11111111111111116,116
vw_gr_top_pct_20,2018-12-31,-0.08499675180475315,-0.08481341847141982,0.00018333333333333336,0.18333333333333335,118
vw_gr_top_pct_20,2019-01-31,0.09642016925061717,0.09650563933608725,8.54700854700855e-05,0.0854700854700855,117
vw_gr_top_pct_20,2019-02-28,0.03503389520439249,0.035117928817837867,8.40336134453782e-05,0.08403361344537819,116
vw_gr_top_pct_20,2019-03-31,0.006615736891829089,0.006657753698551779,4.2016806722689036e-05,0.04201680672268904,119
vw_gr_top_pct_20,2019-04-30,0.03563507129710066,0.035882934544963906,0.0002478632478632479,0.24786324786324787,116
vw_gr_top_pct_20,2019-05-31,-0.076633790359584,-0.07654832027411392,8.54700854700855e-05,0.0854700854700855,117
vw_gr_top_pct_20,2019-06-30,0.08428577708682104,0.08447543225923483,0.00018965517241379315,0.18965517241379315,115
vw_gr_top_pct_20,2019-07-31,0.02396206867021238,0.024138539258447677,0.00017647058823529416,0.17647058823529416,119
vw_gr_top_pct_20,2019-08-31,-0.01534914714446117,-0.015265813811127836,8.333333333333337e-05,0.08333333333333337,119
vw_gr_top_pct_20,2019-09-30,0.01592587673183504,0.016134210065168374,0.0002083333333333334,0.20833333333333337,120
vw_gr_top_pct_20,2019-10-31,0.020261574570958858,0.020361574570958857,9.999999999999998e-05,0.09999999999999998,119
vw_gr_top_pct_20,2019-11-30,0.03045305688057638,0.030553056880576378,9.999999999999998e-05,0.09999999999999998,119
vw_gr_top_pct_20,2019-12-31,0.025830718944360672,0.026093430808767453,0.00026271186440677966,0.2627118644067796,118
vw_gr_top_pct_20,2020-01-31,-0.01665630480561068,-0.016522971472277347,0.0001333333333333333,0.1333333333333333,119
vw_gr_top_pct_20,2020-02-29,-0.08216412543040193,-0.08203807501023386,0.00012605042016806722,0.12605042016806722,115
vw_gr_top_pct_20,2020-03-31,-0.14803062808253434,-0.1478037373262318,0.000226890756302521,0.22689075630252098,111
vw_gr_top_pct_20,2020-04-30,0.16810038467913774,0.16831968292475177,0.00021929824561403512,0.2192982456140351,114
vw_gr_top_pct_20,2020-05-31,0.08122403802112596,0.0815121736143463,0.000288135593220339,0.288135593220339,117
vw_gr_top_pct_20,2020-06-30,0.026683965168516652,0.026951206547826997,0.00026724137931034484,0.26724137931034486,115
vw_gr_top_pct_20,2020-07-31,0.06015980015809265,0.06027186912360989,0.00011206896551724132,0.11206896551724133,115
vw_gr_top_pct_20,2020-08-31,0.0388402411180406,0.03890058594562681,6.034482758620686e-05,0.06034482758620685,115
vw_gr_top_pct_20,2020-09-30,-0.018502409622583267,-0.018267627013887615,0.00023478260869565215,0.23478260869565215,115
vw_gr_top_pct_20,2020-10-31,-0.006530983179611916,-0.00642663535352496,0.00010434782608695649,0.10434782608695647,114
vw_gr_top_pct_20,2020-11-30,0.10390941711609783,0.10397028668131522,6.086956521739129e-05,0.060869565217391286,115
vw_gr_top_pct_20,2020-12-31,0.041764346629383435,0.04195400180179723,0.00018965517241379315,0.18965517241379315,116
vw_gr_top_pct_20,2021-01-31,0.023412996989977067,0.023498467075447154,8.54700854700855e-05,0.0854700854700855,116
vw_gr_top_pct_20,2021-02-28,0.029164525609085837,0.02923175249984214,6.722689075630251e-05,0.0672268907563025,118
vw_gr_top_pct_20,2021-03-31,0.06987478379747837,0.07001764094033551,0.00014285714285714292,0.1428571428571429,119
vw_gr_top_pct_20,2021-04-30,0.044703782796479116,0.04499790044353794,0.00029411764705882345,0.2941176470588235,118
vw_gr_top_pct_20,2021-05-31,0.01245675768707819,0.012549978026061242,9.322033898305082e-05,0.09322033898305082,117
vw_gr_top_pct_20,2021-06-30,-0.005758079327934823,-0.005585948180393839,0.0001721311475409836,0.17213114754098358,122
vw_gr_top_pct_20,2021-07-31,0.02740883065962285,0.027505604853171238,9.677419354838712e-05,0.09677419354838712,124
vw_gr_top_pct_20,2021-08-31,0.015561755358846217,0.015602405765350281,4.065040650406504e-05,0.04065040650406504,119
vw_gr_top_pct_20,2021-09-30,-0.04622968068534745,-0.04602968068534745,0.00019999999999999996,0.19999999999999996,124
vw_gr_top_pct_20,2021-10-31,0.05703010272314164,0.0571888328818718,0.00015873015873015873,0.15873015873015872,126
vw_gr_top_pct_20,2021-11-30,-0.0037869418488137435,-0.0037229418488137437,6.399999999999994e-05,0.06399999999999995,124
vw_gr_top_pct_20,2021-12-31,0.06504004189216687,0.06535500252208813,0.00031496062992125983,0.31496062992125984,126
vw_gr_top_pct_20,2022-01-31,-0.0756173246130194,-0.0754063871130194,0.0002109375,0.2109375,126
vw_gr_top_pct_20,2022-02-28,0.013344777859574117,0.013423518017054431,7.874015748031493e-05,0.07874015748031493,127
vw_gr_top_pct_20,2022-03-31,0.013541713442936639,0.01363546344293664,9.375e-05,0.09375,127
vw_gr_top_pct_20,2022-04-30,-0.04862336375369422,-0.04840630949012833,0.00021705426356589152,0.21705426356589153,129
vw_gr_top_pct_20,2022-05-31,0.02333446635929284,0.023466249305029274,0.00013178294573643412,0.13178294573643412,129
vw_gr_top_pct_20,2022-06-30,-0.10395958942742964,-0.10378129485378623,0.00017829457364341083,0.17829457364341084,126
vw_gr_top_pct_20,2022-07-31,0.10496172954710369,0.10505696764234178,9.523809523809524e-05,0.09523809523809523,126
vw_gr_top_pct_20,2022-08-31,-0.02552096992602239,-0.02539596992602239,0.000125,0.125,128
vw_gr_top_pct_20,2022-09-30,-0.08161774519516546,-0.08150663408405434,0.00011111111111111117,0.11111111111111116,122
vw_gr_top_pct_20,2022-10-31,0.11709480033346445,0.11719157452701284,9.677419354838712e-05,0.09677419354838712,124
vw_gr_top_pct_20,2022-11-30,0.08678381497685571,0.08688617718158012,0.0001023622047244095,0.10236220472440949,127
vw_gr_top_pct_20,2022-12-31,-0.053926315525267596,-0.053784583241803026,0.00014173228346456691,0.1417322834645669,127
vw_gr_top_pct_20,2023-01-31,0.07767150290067251,0.07774293147210108,7.142857142857141e-05,0.0714285714285714,126
vw_gr_top_pct_20,2023-02-28,-0.02212642845449612,-0.022056115954496122,7.031250000000001e-05,0.0703125,127
vw_gr_top_pct_20,2023-03-31,0.004537328543029724,0.004631816732006102,9.448818897637801e-05,0.09448818897637801,126
vw_gr_top_pct_20,2023-04-30,-0.0045808697009901474,-0.004410327065331233,0.0001705426356589147,0.1705426356589147,127
vw_gr_top_pct_20,2023-05-31,-0.02369585506912533,-0.023603547376817635,9.230769230769232e-05,0.09230769230769231,127
vw_gr_top_pct_20,2023-06-30,0.10838119707091436,0.10853744707091435,0.00015625,0.15625,127
vw_gr_top_pct_20,2023-07-31,0.06251388241629821,0.06263695933937513,0.0001230769230769231,0.12307692307692308,129
vw_gr_top_pct_20,2023-08-31,-0.012737476470443255,-0.012637476470443255,9.999999999999998e-05,0.09999999999999998,129
vw_gr_top_pct_20,2023-09-30,-0.045380337215468976,-0.04522003187195753,0.00016030534351145042,0.16030534351145043,129
vw_gr_top_pct_20,2023-10-31,-0.03363316939091775,-0.0335346845424329,9.848484848484852e-05,0.09848484848484851,131
vw_gr_top_pct_20,2023-11-30,0.07999612110979847,0.08004915141282877,5.3030303030302984e-05,0.05303030303030298,131
vw_gr_top_pct_20,2023-12-31,0.07872909644546203,0.07890202877628909,0.00017293233082706772,0.17293233082706772,132
vw_gr_top_pct_20,2024-01-31,0.003770282909040431,0.003867297834413565,9.701492537313428e-05,0.09701492537313428,133
vw_gr_top_pct_20,2024-02-29,0.07037814783160538,0.0704378493241427,5.970149253731339e-05,0.05970149253731338,134
vw_gr_top_pct_20,2024-03-31,0.05754867752782679,0.05771904789819716,0.0001703703703703704,0.1703703703703704,134
vw_gr_top_pct_20,2024-04-30,-0.052224443672591506,-0.05213555478370262,8.88888888888889e-05,0.0888888888888889,134
vw_gr_top_pct_20,2024-05-31,0.048399048096067133,0.0484516796750145,5.263157894736848e-05,0.052631578947368474,133
vw_gr_top_pct_20,2024-06-30,-0.015024921534973257,-0.014854551164602886,0.0001703703703703704,0.1703703703703704,134
vw_gr_top_pct_20,2024-07-31,0.062179307138236516,0.06228960125588357,0.00011029411764705888,0.11029411764705888,136
vw_gr_top_pct_20,2024-08-31,-0.01093876411682637,-0.010830068464652457,0.00010869565217391309,0.10869565217391308,137
vw_gr_top_pct_20,2024-09-30,0.012748813340866893,0.012880200202180761,0.00013138686131386858,0.13138686131386856,136
vw_gr_top_pct_20,2024-10-31,-0.020662839938154605,-0.020559898761684018,0.00010294117647058821,0.1029411764705882,135
vw_gr_top_pct_20,2024-11-30,0.07815090276301155,0.07826769108417943,0.00011678832116788319,0.11678832116788318,136
vw_gr_top_pct_20,2024-12-31,-0.06433505582745568,-0.0641572780496779,0.0001777777777777778,0.1777777777777778,134
vw_gr_top_pct_20,2025-01-31,0.013002764669701579,0.01313511761087805,0.00013235294117647058,0.13235294117647056,135
vw_gr_top_pct_20,2025-02-28,-0.03773006629718009,-0.0376785957089448,5.147058823529416e-05,0.05147058823529416,134
vw_gr_top_pct_20,2025-03-31,-0.025964380977415876,-0.025882899495934395,8.148148148148149e-05,0.08148148148148149,133
vw_gr_top_pct_20,2025-04-30,-0.031381086864455184,-0.0311462383796067,0.00023484848484848489,0.23484848484848486,131
vw_gr_top_pct_20,2025-05-31,0.052740795564043264,0.05286861511291544,0.0001278195488721805,0.1278195488721805,131
vw_gr_top_pct_20,2025-06-30,0.012983312391701888,0.013180282088671585,0.00019696969696969703,0.19696969696969702,132
vw_gr_top_pct_20,2025-07-31,0.012173799582936603,0.012278277194876902,0.00010447761194029848,0.10447761194029848,133
vw_gr_top_pct_20,2025-08-31,0.056511785289572944,0.05659387484181175,8.208955223880599e-05,0.08208955223880599,134
vw_gr_top_pct_20,2025-09-30,0.00797612604014904,0.008180505602192837,0.0002043795620437956,0.2043795620437956,137
vw_gr_top_pct_20,2025-10-31,-0.03246849950775676,-0.03237360899680785,9.489051094890511e-05,0.0948905109489051,137
vw_gr_top_pct_20,2025-11-30,0.03206376591531642,0.03214405788611934,8.029197080291972e-05,0.08029197080291972,137
vw_gr_top_pct_20,2025-12-31,0.005923282053976317,0.0061422601561660975,0.000218978102189781,0.21897810218978098,137
vw_gr_top_pct_20,2026-01-31,0.06459979208773292,0.06469468259868183,9.489051094890511e-05,0.0948905109489051,137
vw_gr_top_pct_20,2026-02-28,0.058997747444564194,0.059063440875221127,6.569343065693434e-05,0.06569343065693434,137
vw_gr_top_pct_20,2026-03-31,-0.03838100374687124,-0.03828028432241081,0.0001007194244604317,0.1007194244604317,138
vw_gr_top_pct_20,2026-04-30,0.07663276846856598,0.07688276846856598,0.00025,0.25,132
vw_gr_top_pct_20,2026-05-31,0.00036296503958582,0.0004749053380932827,0.00011194029850746269,0.11194029850746268,134
vw_gr_top_pct_10,2008-11-30,0.028320987654321006,0.029320987654321007,0.001,1.0,1
vw_gr_top_pct_10,2008-12-31,0.07196401799100438,0.07196401799100438,0.0,0.0,1
vw_gr_top_pct_10,2009-01-31,-0.12494172494172495,-0.12494172494172495,0.0,0.0,1
vw_gr_top_pct_10,2009-02-28,-0.008597912004735253,-0.008597912004735253,0.0,0.0,1
vw_gr_top_pct_10,2009-03-31,0.22460186710598573,0.22460186710598573,0.0,0.0,1
vw_gr_top_pct_10,2009-04-30,0.07937219730941703,0.07937219730941703,0.0,0.0,1
vw_gr_top_pct_10,2009-05-31,0.16825924387204005,0.16825924387204005,0.0,0.0,1
vw_gr_top_pct_10,2009-06-30,-0.026849217638691414,-0.026849217638691414,0.0,0.0,1
vw_gr_top_pct_10,2009-07-31,0.15037456605152566,0.15037456605152566,0.0,0.0,1
vw_gr_top_pct_10,2009-08-31,0.03189963422464642,0.03239963422464642,0.0005,0.5,2
vw_gr_top_pct_10,2009-09-30,0.053263706469922185,0.05359703980325552,0.00033333333333333343,0.33333333333333337,3
vw_gr_top_pct_10,2009-10-31,0.012867529641915256,0.013367529641915257,0.0005,0.5,4
vw_gr_top_pct_10,2009-11-30,0.08848679777782059,0.08888679777782059,0.0004,0.4,5
vw_gr_top_pct_10,2009-12-31,0.0062551662368201325,0.006755166236820133,0.0005,0.5,8
vw_gr_top_pct_10,2010-01-31,-0.020488943417580608,-0.02028894341758061,0.00019999999999999996,0.19999999999999996,10
vw_gr_top_pct_10,2010-02-28,0.06569438418833842,0.06589438418833843,0.00019999999999999996,0.19999999999999996,9
vw_gr_top_pct_10,2010-03-31,0.04742724877310256,0.04792724877310256,0.0005,0.5,16
vw_gr_top_pct_10,2010-04-30,0.031139505616939126,0.031677967155400666,0.0005384615384615384,0.5384615384615384,26
vw_gr_top_pct_10,2010-05-31,-0.05902628948591568,-0.058952215411841605,7.407407407407407e-05,0.07407407407407407,27
vw_gr_top_pct_10,2010-06-30,-0.028674898671189355,-0.02848971348600417,0.00018518518518518523,0.18518518518518523,26
vw_gr_top_pct_10,2010-07-31,0.05736395031013822,0.05743802438421229,7.407407407407407e-05,0.07407407407407407,27
vw_gr_top_pct_10,2010-08-31,-0.03423381549471357,-0.034162386923285,7.142857142857141e-05,0.0714285714285714,28
vw_gr_top_pct_10,2010-09-30,0.10361147552588612,0.10382576124017183,0.00021428571428571433,0.2142857142857143,27
vw_gr_top_pct_10,2010-10-31,0.03458026013522263,0.03472311727807978,0.00014285714285714292,0.1428571428571429,28
vw_gr_top_pct_10,2010-11-30,0.003862838611770175,0.0040007696462529335,0.00013793103448275868,0.13793103448275867,29
vw_gr_top_pct_10,2010-12-31,0.04936243693648682,0.04958824338809972,0.00022580645161290327,0.22580645161290325,31
vw_gr_top_pct_10,2011-01-31,0.0038487185550923793,0.003973718555092379,0.000125,0.125,32
vw_gr_top_pct_10,2011-02-28,0.041627555656632016,0.04172130565663201,9.375e-05,0.09375,32
vw_gr_top_pct_10,2011-03-31,0.01975530322250432,0.019902362046033732,0.0001470588235294118,0.1470588235294118,34
vw_gr_top_pct_10,2011-04-30,0.05302137099920794,0.053344900410972645,0.00032352941176470585,0.32352941176470584,34
vw_gr_top_pct_10,2011-05-31,0.008241567932166438,0.00832490126549977,8.333333333333337e-05,0.08333333333333337,36
vw_gr_top_pct_10,2011-06-30,-0.00805474324748222,-0.007860298803037775,0.00019444444444444443,0.19444444444444442,36
vw_gr_top_pct_10,2011-07-31,-0.015849002612762234,-0.01565455816831779,0.00019444444444444443,0.19444444444444442,35
vw_gr_top_pct_10,2011-08-31,-0.027558588097123825,-0.02750303254156827,5.5555555555555585e-05,0.05555555555555558,35
vw_gr_top_pct_10,2011-09-30,-0.06444658860075655,-0.06423037238454034,0.00021621621621621624,0.21621621621621623,35
vw_gr_top_pct_10,2011-10-31,0.11999573948588677,0.12011002520017248,0.00011428571428571432,0.11428571428571432,34
vw_gr_top_pct_10,2011-11-30,0.01612695901071658,0.016289121172878743,0.00016216216216216218,0.16216216216216217,36
vw_gr_top_pct_10,2011-12-31,0.0308099892809649,0.03116134063231625,0.00035135135135135135,0.3513513513513513,37
vw_gr_top_pct_10,2012-01-31,0.04028152938707437,0.04038963749518248,0.00010810810810810812,0.10810810810810811,37
vw_gr_top_pct_10,2012-02-29,0.04708289858027275,0.04726710910658854,0.0001842105263157895,0.1842105263157895,38
vw_gr_top_pct_10,2012-03-31,0.032960979003426115,0.03311887374026822,0.00015789473684210532,0.1578947368421053,38
vw_gr_top_pct_10,2012-04-30,0.028735281127628208,0.028919491653943998,0.0001842105263157895,0.1842105263157895,38
vw_gr_top_pct_10,2012-05-31,-0.03528130206971662,-0.0351497231223482,0.00013157894736842102,0.13157894736842102,37
vw_gr_top_pct_10,2012-06-30,0.03134735741481768,0.031531567941133466,0.0001842105263157895,0.1842105263157895,38
vw_gr_top_pct_10,2012-07-31,0.0002716879207621752,0.0003506352891832279,7.894736842105266e-05,0.07894736842105265,37
vw_gr_top_pct_10,2012-08-31,0.015812565636782343,0.01592067374489045,0.00010810810810810812,0.10810810810810811,36
vw_gr_top_pct_10,2012-09-30,0.012004939376152119,0.012248182619395363,0.0002432432432432432,0.2432432432432432,37
vw_gr_top_pct_10,2012-10-31,-0.023091262123042352,-0.022902072933853164,0.00018918918918918914,0.18918918918918914,36
vw_gr_top_pct_10,2012-11-30,0.003354580078511421,0.0035437692677006104,0.00018918918918918914,0.18918918918918914,36
vw_gr_top_pct_10,2012-12-31,0.005661179279791328,0.005950652964001854,0.00028947368421052634,0.2894736842105263,37
vw_gr_top_pct_10,2013-01-31,0.06322647810689765,0.06338437284373975,0.00015789473684210532,0.1578947368421053,37
vw_gr_top_pct_10,2013-02-28,0.013816978351244315,0.01397082450509047,0.00015384615384615385,0.15384615384615385,39
vw_gr_top_pct_10,2013-03-31,0.04517293534181025,0.045272935341810254,9.999999999999998e-05,0.09999999999999998,39
vw_gr_top_pct_10,2013-04-30,0.018013575548209086,0.018338575548209085,0.000325,0.32499999999999996,39
vw_gr_top_pct_10,2013-05-31,0.015010652143178458,0.015160652143178459,0.00015000000000000004,0.15000000000000002,39
vw_gr_top_pct_10,2013-06-30,-0.004931805167671409,-0.0047068051676714085,0.00022500000000000002,0.22499999999999998,40
vw_gr_top_pct_10,2013-07-31,0.0523714984767538,0.0524464984767538,7.499999999999995e-05,0.07499999999999996,40
vw_gr_top_pct_10,2013-08-31,-0.030681341979177258,-0.03060817124746994,7.317073170731703e-05,0.07317073170731703,38
vw_gr_top_pct_10,2013-09-30,0.04141802981240821,0.041593029812408214,0.00017500000000000005,0.17500000000000004,40
vw_gr_top_pct_10,2013-10-31,0.056772054173790366,0.056922054173790364,0.00015000000000000004,0.15000000000000002,40
vw_gr_top_pct_10,2013-11-30,0.035441450453787854,0.03553668854902595,9.523809523809524e-05,0.09523809523809523,41
vw_gr_top_pct_10,2013-12-31,0.03053707986849283,0.03077517510658807,0.00023809523809523815,0.23809523809523814,42
vw_gr_top_pct_10,2014-01-31,-0.040410801356992064,-0.040224754845364155,0.000186046511627907,0.18604651162790697,42
vw_gr_top_pct_10,2014-02-28,0.052841164794258544,0.05295480115789491,0.00011363636363636365,0.11363636363636365,44
vw_gr_top_pct_10,2014-03-31,0.021422949369524887,0.021511838258413775,8.88888888888889e-05,0.0888888888888889,44
vw_gr_top_pct_10,2014-04-30,0.00428963972233604,0.004534084166780485,0.0002444444444444445,0.24444444444444446,44
vw_gr_top_pct_10,2014-05-31,0.008178239476992304,0.008289350588103414,0.00011111111111111117,0.11111111111111116,45
vw_gr_top_pct_10,2014-06-30,0.012596581723190541,0.012841026167634986,0.0002444444444444445,0.24444444444444446,44
vw_gr_top_pct_10,2014-07-31,-0.0016100913764844225,-0.0014989802653733115,0.00011111111111111117,0.11111111111111116,45
vw_gr_top_pct_10,2014-08-31,0.05032795002835454,0.050416838917243426,8.88888888888889e-05,0.0888888888888889,42
vw_gr_top_pct_10,2014-09-30,-0.02282212584026971,-0.022503944022087892,0.00031818181818181826,0.31818181818181823,43
vw_gr_top_pct_10,2014-10-31,0.03405316973618021,0.03423498791799839,0.00018181818181818178,0.18181818181818177,44
vw_gr_top_pct_10,2014-11-30,0.03149130442348398,0.03166151718944143,0.00017021276595744684,0.17021276595744683,47
vw_gr_top_pct_10,2014-12-31,-0.0016951252789968773,-0.0013907774529099207,0.00030434782608695655,0.30434782608695654,45
vw_gr_top_pct_10,2015-01-31,-0.013742095016563852,-0.013554595016563852,0.0001875,0.1875,48
vw_gr_top_pct_10,2015-02-28,0.05470631463957827,0.05481048130624494,0.00010416666666666663,0.10416666666666663,48
vw_gr_top_pct_10,2015-03-31,-0.005571788254115173,-0.005469747437788642,0.00010204081632653062,0.10204081632653061,49
vw_gr_top_pct_10,2015-04-30,-0.008516585940605663,-0.008202860450409584,0.00031372549019607844,0.3137254901960784,51
vw_gr_top_pct_10,2015-05-31,0.026268109169465825,0.026483795443975628,0.00021568627450980397,0.21568627450980393,51
vw_gr_top_pct_10,2015-06-30,-0.007904162355427772,-0.007684162355427771,0.00021999999999999998,0.21999999999999997,49
vw_gr_top_pct_10,2015-07-31,0.03421523002240905,0.034335230022409055,0.00012,0.12,50
vw_gr_top_pct_10,2015-08-31,-0.05560753498145284,-0.05550753498145284,9.999999999999998e-05,0.09999999999999998,49
vw_gr_top_pct_10,2015-09-30,-0.008242051363334793,-0.008042051363334793,0.00019999999999999996,0.19999999999999996,49
vw_gr_top_pct_10,2015-10-31,0.06024056319187793,0.06032219584493915,8.163265306122448e-05,0.08163265306122447,49
vw_gr_top_pct_10,2015-11-30,-0.009040198780513084,-0.008940198780513085,9.999999999999998e-05,0.09999999999999998,50
vw_gr_top_pct_10,2015-12-31,-0.021880334635806898,-0.021720334635806898,0.00016000000000000004,0.16000000000000003,50
vw_gr_top_pct_10,2016-01-31,-0.03551794468322648,-0.03543631203016526,8.163265306122448e-05,0.08163265306122447,49
vw_gr_top_pct_10,2016-02-29,0.033500158436166945,0.03356138292596286,6.122448979591832e-05,0.061224489795918324,49
vw_gr_top_pct_10,2016-03-31,0.06506988003243588,0.06531477799161955,0.0002448979591836735,0.24489795918367352,49
vw_gr_top_pct_10,2016-04-30,-0.02942644133078702,-0.02926644133078702,0.00016000000000000004,0.16000000000000003,49
vw_gr_top_pct_10,2016-05-31,0.0046334062763661804,0.004733406276366181,9.999999999999998e-05,0.09999999999999998,50
vw_gr_top_pct_10,2016-06-30,0.009935444521171512,0.010155444521171512,0.00021999999999999998,0.21999999999999997,50
vw_gr_top_pct_10,2016-07-31,0.03217475794417354,0.03225475794417354,7.999999999999997e-05,0.07999999999999996,50
vw_gr_top_pct_10,2016-08-31,-0.0021328736509216616,-0.002015226592098132,0.00011764705882352944,0.11764705882352944,49
vw_gr_top_pct_10,2016-09-30,-0.007950582856758759,-0.007734896582248955,0.00021568627450980397,0.21568627450980393,51
vw_gr_top_pct_10,2016-10-31,-0.023999473609444266,-0.023884088994059652,0.00011538461538461542,0.11538461538461542,52
vw_gr_top_pct_10,2016-11-30,0.04436449556418254,0.044482142623006066,0.00011764705882352944,0.11764705882352944,51
vw_gr_top_pct_10,2016-12-31,0.009818279131699493,0.010077538390958752,0.0002592592592592593,0.2592592592592593,54
vw_gr_top_pct_10,2017-01-31,0.03088675180712277,0.031123115443486404,0.00023636363636363633,0.23636363636363633,55
vw_gr_top_pct_10,2017-02-28,0.023975134605206044,0.024084225514296953,0.00010909090909090913,0.10909090909090913,55
vw_gr_top_pct_10,2017-03-31,0.00959994722010314,0.009690856311012231,9.090909090909094e-05,0.09090909090909094,54
vw_gr_top_pct_10,2017-04-30,0.018751801785841366,0.019011061045100624,0.0002592592592592593,0.2592592592592593,53
vw_gr_top_pct_10,2017-05-31,0.014295350634721503,0.01442262336199423,0.0001272727272727273,0.12727272727272732,55
vw_gr_top_pct_10,2017-06-30,-0.010993210102515982,-0.01070230101160689,0.0002909090909090909,0.2909090909090909,55
vw_gr_top_pct_10,2017-07-31,0.0289415941261371,0.028997149681692654,5.5555555555555585e-05,0.05555555555555558,54
vw_gr_top_pct_10,2017-08-31,0.0126217487232216,0.01273285983433271,0.00011111111111111117,0.11111111111111116,54
vw_gr_top_pct_10,2017-09-30,0.03737763619689011,0.037595818015071926,0.00021818181818181818,0.21818181818181814,55
vw_gr_top_pct_10,2017-10-31,0.03142637605255241,0.0315870903382667,0.0001607142857142857,0.1607142857142857,55
vw_gr_top_pct_10,2017-11-30,0.04268284746108428,0.04284356174679856,0.0001607142857142857,0.1607142857142857,55
vw_gr_top_pct_10,2017-12-31,0.0035330709239954055,0.0037830709239954057,0.00025,0.25,56
vw_gr_top_pct_10,2018-01-31,0.05382972966543869,0.05400516826192992,0.00017543859649122806,0.17543859649122806,57
vw_gr_top_pct_10,2018-02-28,-0.03709345382041685,-0.03698819066252211,0.00010526315789473685,0.10526315789473684,56
vw_gr_top_pct_10,2018-03-31,-0.0026556441666187596,-0.0025694372700670355,8.620689655172409e-05,0.08620689655172409,58
vw_gr_top_pct_10,2018-04-30,0.002148146251998439,0.0023814795853317723,0.0002333333333333333,0.23333333333333328,60
vw_gr_top_pct_10,2018-05-31,0.05489333255437862,0.055079773232344725,0.00018644067796610165,0.18644067796610164,59
vw_gr_top_pct_10,2018-06-30,-0.007278959598574148,-0.007095626265240815,0.00018333333333333336,0.18333333333333335,60
vw_gr_top_pct_10,2018-07-31,0.029633066325693562,0.02976421386667717,0.0001311475409836066,0.1311475409836066,61
vw_gr_top_pct_10,2018-08-31,0.04826533265709628,0.048314512984965134,4.918032786885252e-05,0.049180327868852514,60
vw_gr_top_pct_10,2018-09-30,-0.014917782984364981,-0.014734449651031647,0.00018333333333333336,0.18333333333333335,60
vw_gr_top_pct_10,2018-10-31,-0.0918255779273008,-0.09170891126063413,0.0001166666666666667,0.1166666666666667,59
vw_gr_top_pct_10,2018-11-30,0.010382573487820965,0.010450370097990457,6.779661016949157e-05,0.06779661016949157,58
vw_gr_top_pct_10,2018-12-31,-0.08040778208338112,-0.08015778208338112,0.00025,0.25,60
vw_gr_top_pct_10,2019-01-31,0.08327743431951391,0.0834130275398529,0.00013559322033898302,0.13559322033898302,59
vw_gr_top_pct_10,2019-02-28,0.04454058509982502,0.04459058509982502,5.000000000000005e-05,0.050000000000000044,59
vw_gr_top_pct_10,2019-03-31,0.01627913296475248,0.016345799631419147,6.666666666666666e-05,0.06666666666666665,60
vw_gr_top_pct_10,2019-04-30,0.028338508017157978,0.028541897847666454,0.00020338983050847457,0.2033898305084746,59
vw_gr_top_pct_10,2019-05-31,-0.07574968465651238,-0.07564798974125815,0.00010169491525423725,0.10169491525423724,59
vw_gr_top_pct_10,2019-06-30,0.0897375245384606,0.09003062798673646,0.00029310344827586214,0.2931034482758621,58
vw_gr_top_pct_10,2019-07-31,0.03165472735684932,0.03185472735684932,0.00019999999999999996,0.19999999999999996,60
vw_gr_top_pct_10,2019-08-31,-0.020725204868213352,-0.02059187153488002,0.0001333333333333333,0.1333333333333333,60
vw_gr_top_pct_10,2019-09-30,0.015182526038691283,0.015432526038691283,0.00025,0.25,60
vw_gr_top_pct_10,2019-10-31,0.01877952906243609,0.01889619572910276,0.0001166666666666667,0.1166666666666667,59
vw_gr_top_pct_10,2019-11-30,0.026775796995006384,0.026875796995006383,9.999999999999998e-05,0.09999999999999998,59
vw_gr_top_pct_10,2019-12-31,0.02656220325219785,0.026884237150502935,0.0003220338983050848,0.3220338983050848,59
vw_gr_top_pct_10,2020-01-31,-0.008511565624406817,-0.008378232291073484,0.0001333333333333333,0.1333333333333333,60
vw_gr_top_pct_10,2020-02-29,-0.07775877138443953,-0.0776254380511062,0.0001333333333333333,0.1333333333333333,58
vw_gr_top_pct_10,2020-03-31,-0.14685138002032383,-0.14655138002032383,0.0003000000000000001,0.30000000000000004,55
vw_gr_top_pct_10,2020-04-30,0.176848524197683,0.1771818575310163,0.00033333333333333343,0.33333333333333337,57
vw_gr_top_pct_10,2020-05-31,0.07946083917666928,0.079765923922432,0.00030508474576271185,0.30508474576271183,58
vw_gr_top_pct_10,2020-06-30,0.025925053858224766,0.02621815730650063,0.00029310344827586214,0.2931034482758621,57
vw_gr_top_pct_10,2020-07-31,0.06014923533286407,0.06035613188458821,0.0002068965517241379,0.2068965517241379,58
vw_gr_top_pct_10,2020-08-31,0.041222213162874395,0.04134290281804681,0.00012068965517241382,0.12068965517241381,58
vw_gr_top_pct_10,2020-09-30,-0.028377157948644212,-0.02804957174174766,0.0003275862068965517,0.3275862068965517,58
vw_gr_top_pct_10,2020-10-31,-0.015987308057684523,-0.015883859781822454,0.00010344827586206895,0.10344827586206895,58
vw_gr_top_pct_10,2020-11-30,0.09049141830495452,0.09052590106357522,3.4482758620689616e-05,0.03448275862068961,58
vw_gr_top_pct_10,2020-12-31,0.03745411236955307,0.0376954916798979,0.00024137931034482764,0.24137931034482762,58
vw_gr_top_pct_10,2021-01-31,0.019749935828345454,0.019868579896142064,0.00011864406779661019,0.11864406779661019,59
vw_gr_top_pct_10,2021-02-28,0.020946874274504926,0.02103020760783826,8.333333333333337e-05,0.08333333333333337,60
vw_gr_top_pct_10,2021-03-31,0.06642540208954284,0.06657540208954284,0.00015000000000000004,0.15000000000000002,60
vw_gr_top_pct_10,2021-04-30,0.05237250897601112,0.05272250897601112,0.00035,0.35,60
vw_gr_top_pct_10,2021-05-31,0.01977297633183129,0.019874671247085526,0.00010169491525423725,0.10169491525423724,58
vw_gr_top_pct_10,2021-06-30,-0.003935665851088403,-0.0037061576543670916,0.0002295081967213115,0.2295081967213115,61
vw_gr_top_pct_10,2021-07-31,0.03169015373887449,0.031770798900164814,8.064516129032262e-05,0.08064516129032262,62
vw_gr_top_pct_10,2021-08-31,0.021110486356765136,0.021175002485797394,6.451612903225812e-05,0.06451612903225812,59
vw_gr_top_pct_10,2021-09-30,-0.046859912139156204,-0.04660594388518795,0.00025396825396825396,0.25396825396825395,62
vw_gr_top_pct_10,2021-10-31,0.05009142348029341,0.05026602665489659,0.00017460317460317465,0.17460317460317465,63
vw_gr_top_pct_10,2021-11-30,0.0023388433527371895,0.002402335416229253,6.349206349206349e-05,0.06349206349206349,62
vw_gr_top_pct_10,2021-12-31,0.056513017375836354,0.056809892375836356,0.000296875,0.296875,63
vw_gr_top_pct_10,2022-01-31,-0.06243572456209085,-0.06220134956209085,0.00023437500000000002,0.234375,64
vw_gr_top_pct_10,2022-02-28,0.019156172284179873,0.019249922284179873,9.375e-05,0.09375,64
vw_gr_top_pct_10,2022-03-31,0.01639652775773241,0.01652152775773241,0.000125,0.125,63
vw_gr_top_pct_10,2022-04-30,-0.06518050654060957,-0.0649189680790711,0.0002615384615384615,0.2615384615384615,65
vw_gr_top_pct_10,2022-05-31,0.012311499403392209,0.012434576326469132,0.0001230769230769231,0.12307692307692308,65
vw_gr_top_pct_10,2022-06-30,-0.1267637347190739,-0.12659450394984312,0.0001692307692307692,0.16923076923076918,64
vw_gr_top_pct_10,2022-07-31,0.11033825869199368,0.11041762377135876,7.936507936507942e-05,0.07936507936507942,63
vw_gr_top_pct_10,2022-08-31,-0.0158307418606514,-0.0157682418606514,6.25e-05,0.0625,64
vw_gr_top_pct_10,2022-09-30,-0.07873261110395449,-0.07857388094522433,0.00015873015873015873,0.15873015873015872,61
vw_gr_top_pct_10,2022-10-31,0.1284068504450459,0.12853588270311042,0.00012903225806451613,0.12903225806451613,62
vw_gr_top_pct_10,2022-11-30,0.0863985393161378,0.0865235393161378,0.000125,0.125,64
vw_gr_top_pct_10,2022-12-31,-0.06305432063727354,-0.06288244563727353,0.00017187500000000002,0.171875,64
vw_gr_top_pct_10,2023-01-31,0.08764915000976546,0.08771264207325752,6.349206349206349e-05,0.06349206349206349,63
vw_gr_top_pct_10,2023-02-28,-0.02419908413164694,-0.02413658413164694,6.25e-05,0.0625,63
vw_gr_top_pct_10,2023-03-31,0.003916410579794137,0.003978910579794137,6.25e-05,0.0625,63
vw_gr_top_pct_10,2023-04-30,-0.017418631737862542,-0.01720324712247793,0.00021538461538461544,0.2153846153846154,64
vw_gr_top_pct_10,2023-05-31,-0.01908067498023391,-0.018926828826387757,0.00015384615384615385,0.15384615384615385,63
vw_gr_top_pct_10,2023-06-30,0.11075768900009303,0.11096081400009303,0.00020312500000000002,0.203125,64
vw_gr_top_pct_10,2023-07-31,0.07356113731601047,0.07365344500831816,9.230769230769232e-05,0.09230769230769231,65
vw_gr_top_pct_10,2023-08-31,-0.007717900663793643,-0.007656362202255181,6.153846153846155e-05,0.06153846153846154,65
vw_gr_top_pct_10,2023-09-30,-0.03765128852437322,-0.037469470342555045,0.00018181818181818178,0.18181818181818177,66
vw_gr_top_pct_10,2023-10-31,-0.038875324704412614,-0.03879956712865504,7.57575757575758e-05,0.0757575757575758,65
vw_gr_top_pct_10,2023-11-30,0.08891923264104017,0.08899499021679774,7.57575757575758e-05,0.0757575757575758,66
vw_gr_top_pct_10,2023-12-31,0.07835933083243327,0.07856828605631386,0.0002089552238805971,0.20895522388059706,66
vw_gr_top_pct_10,2024-01-31,0.012314654740378019,0.012404206979183988,8.95522388059702e-05,0.08955223880597019,66
vw_gr_top_pct_10,2024-02-29,0.08521277376408959,0.08530232600289556,8.95522388059702e-05,0.08955223880597019,67
vw_gr_top_pct_10,2024-03-31,0.07186047937470236,0.07209577349234941,0.00023529411764705888,0.23529411764705888,68
vw_gr_top_pct_10,2024-04-30,-0.058286536495684375,-0.05819830120156673,8.823529411764708e-05,0.08823529411764708,68
vw_gr_top_pct_10,2024-05-31,0.06116736108230695,0.06124198794797859,7.462686567164179e-05,0.07462686567164178,67
vw_gr_top_pct_10,2024-06-30,-0.008599931588516971,-0.0084675786473405,0.00013235294117647058,0.13235294117647056,67
vw_gr_top_pct_10,2024-07-31,0.05406410745197844,0.05419646039315491,0.00013235294117647058,0.13235294117647056,68
vw_gr_top_pct_10,2024-08-31,-0.013536947777248638,-0.01342100574826313,0.00011594202898550721,0.1159420289855072,69
vw_gr_top_pct_10,2024-09-30,0.020689693620926694,0.02090708492527452,0.0002173913043478261,0.21739130434782605,68
vw_gr_top_pct_10,2024-10-31,-0.02029599190834116,-0.020119521320105863,0.00017647058823529416,0.17647058823529416,68
vw_gr_top_pct_10,2024-11-30,0.07524166366096137,0.07534311293632369,0.00010144927536231885,0.10144927536231885,68
vw_gr_top_pct_10,2024-12-31,-0.054787446993752466,-0.05452274111139953,0.00026470588235294115,0.2647058823529411,67
vw_gr_top_pct_10,2025-01-31,0.0007187413493035705,0.0008510942904800411,0.00013235294117647058,0.13235294117647056,68
vw_gr_top_pct_10,2025-02-28,-0.034091927469021774,-0.03404780982196295,4.4117647058823485e-05,0.044117647058823484,66
vw_gr_top_pct_10,2025-03-31,-0.0027977873329141784,-0.0026654343917377078,0.00013235294117647058,0.13235294117647056,66
vw_gr_top_pct_10,2025-04-30,-0.0359607567985153,-0.03568802952578803,0.00027272727272727274,0.2727272727272727,65
vw_gr_top_pct_10,2025-05-31,0.04913246607265638,0.04931157055026832,0.00017910447761194026,0.17910447761194026,66
vw_gr_top_pct_10,2025-06-30,0.010695922155378028,0.010998952458408331,0.000303030303030303,0.303030303030303,66
vw_gr_top_pct_10,2025-07-31,0.014727202720606696,0.014906307198218637,0.00017910447761194026,0.17910447761194026,66
vw_gr_top_pct_10,2025-08-31,0.06295462859695622,0.06305910620889651,0.00010447761194029848,0.10447761194029848,67
vw_gr_top_pct_10,2025-09-30,0.008902223934362224,0.009134107992333239,0.00023188405797101456,0.23188405797101452,69
vw_gr_top_pct_10,2025-10-31,-0.03363646974993392,-0.03349154221370204,0.00014492753623188405,0.14492753623188404,69
vw_gr_top_pct_10,2025-11-30,0.029055385363265858,0.029171327392251364,0.00011594202898550721,0.1159420289855072,69
vw_gr_top_pct_10,2025-12-31,0.010793944191228708,0.011083799263692476,0.0002898550724637681,0.28985507246376807,69
vw_gr_top_pct_10,2026-01-31,0.06735687507028035,0.06748730985288905,0.0001304347826086957,0.13043478260869568,69
vw_gr_top_pct_10,2026-02-28,0.07407960744621392,0.07418105672157624,0.00010144927536231885,0.10144927536231885,69
vw_gr_top_pct_10,2026-03-31,-0.039736481874633786,-0.039565053303205214,0.00017142857142857137,0.17142857142857137,70
vw_gr_top_pct_10,2026-04-30,0.09872412508388778,0.09905745841722112,0.00033333333333333343,0.33333333333333337,66
vw_gr_top_pct_10,2026-05-31,0.01669228840652632,0.016826616764735274,0.00013432835820895527,0.13432835820895528,67
vw_gr_top_n_50,2008-11-30,0.028320987654321006,0.029320987654321007,0.001,1.0,1
vw_gr_top_n_50,2008-12-31,0.07196401799100438,0.07196401799100438,0.0,0.0,1
vw_gr_top_n_50,2009-01-31,-0.12494172494172495,-0.12494172494172495,0.0,0.0,1
vw_gr_top_n_50,2009-02-28,-0.008597912004735253,-0.008597912004735253,0.0,0.0,1
vw_gr_top_n_50,2009-03-31,0.22460186710598573,0.22460186710598573,0.0,0.0,1
vw_gr_top_n_50,2009-04-30,0.07937219730941703,0.07937219730941703,0.0,0.0,1
vw_gr_top_n_50,2009-05-31,0.16825924387204005,0.16825924387204005,0.0,0.0,1
vw_gr_top_n_50,2009-06-30,0.033926669094396865,0.034593335761063534,0.0006666666666666669,0.6666666666666667,3
vw_gr_top_n_50,2009-07-31,0.11228076618900788,0.11311409952234122,0.0008333333333333334,0.8333333333333334,6
vw_gr_top_n_50,2009-08-31,0.03338160025907204,0.03388160025907204,0.0005,0.5,12
vw_gr_top_n_50,2009-09-30,0.057365223408074414,0.057865223408074415,0.0005,0.5,24
vw_gr_top_n_50,2009-10-31,0.005292392672209521,0.005542392672209521,0.00025,0.25,30
vw_gr_top_n_50,2009-11-30,0.06203959956680728,0.06230789224973411,0.0002682926829268293,0.2682926829268293,41
vw_gr_top_n_50,2009-12-31,0.024657423540566333,0.025097423540566332,0.00043999999999999996,0.43999999999999995,50
vw_gr_top_n_50,2010-01-31,-0.029555242070577418,-0.029315242070577417,0.00024,0.24,49
vw_gr_top_n_50,2010-02-28,0.04931897331462151,0.049418973314621514,9.999999999999998e-05,0.09999999999999998,49
vw_gr_top_n_50,2010-03-31,0.05814774201597127,0.05848774201597127,0.00033999999999999997,0.33999999999999997,50
vw_gr_top_n_50,2010-04-30,0.022220905461821826,0.022700905461821828,0.00048,0.48,50
vw_gr_top_n_50,2010-05-31,-0.060132186249226706,-0.06005218624922671,7.999999999999997e-05,0.07999999999999996,50
vw_gr_top_n_50,2010-06-30,-0.03437677900813407,-0.03421677900813407,0.00016000000000000004,0.16000000000000003,48
vw_gr_top_n_50,2010-07-31,0.05340959185619,0.05348959185619,7.999999999999997e-05,0.07999999999999996,50
vw_gr_top_n_50,2010-08-31,-0.03820822621629997,-0.03814822621629997,6.0000000000000056e-05,0.06000000000000005,50
vw_gr_top_n_50,2010-09-30,0.10057792423595481,0.10077792423595482,0.00019999999999999996,0.19999999999999996,49
vw_gr_top_n_50,2010-10-31,0.043868082073230154,0.04396808207323016,9.999999999999998e-05,0.09999999999999998,49
vw_gr_top_n_50,2010-11-30,0.008748837359863667,0.008908837359863668,0.00016000000000000004,0.16000000000000003,50
vw_gr_top_n_50,2010-12-31,0.044400373688665014,0.04462037368866501,0.00021999999999999998,0.21999999999999997,50
vw_gr_top_n_50,2011-01-31,0.0018090819814490513,0.0018690819814490515,6.0000000000000056e-05,0.06000000000000005,50
vw_gr_top_n_50,2011-02-28,0.03908402383220425,0.03916402383220425,7.999999999999997e-05,0.07999999999999996,50
vw_gr_top_n_50,2011-03-31,0.015315584430521414,0.015415584430521413,9.999999999999998e-05,0.09999999999999998,50
vw_gr_top_n_50,2011-04-30,0.0443101938384059,0.0445901938384059,0.00028000000000000003,0.28,50
vw_gr_top_n_50,2011-05-31,0.004200541366209689,0.004260541366209689,6.0000000000000056e-05,0.06000000000000005,50
vw_gr_top_n_50,2011-06-30,-0.006899036351101695,-0.006779036351101695,0.00012,0.12,50
vw_gr_top_n_50,2011-07-31,-0.0184069793181497,-0.018286979318149703,0.00012,0.12,49
vw_gr_top_n_50,2011-08-31,-0.0356256889709659,-0.0355656889709659,6.0000000000000056e-05,0.06000000000000005,49
vw_gr_top_n_50,2011-09-30,-0.05552974897140601,-0.05530974897140601,0.00021999999999999998,0.21999999999999997,48
vw_gr_top_n_50,2011-10-31,0.10953947686272356,0.10963947686272356,9.999999999999998e-05,0.09999999999999998,48
vw_gr_top_n_50,2011-11-30,0.009931494512318225,0.010091494512318226,0.00016000000000000004,0.16000000000000003,49
vw_gr_top_n_50,2011-12-31,0.022529171862594368,0.022729171862594367,0.00019999999999999996,0.19999999999999996,50
vw_gr_top_n_50,2012-01-31,0.040482705554261394,0.0405827055542614,9.999999999999998e-05,0.09999999999999998,50
vw_gr_top_n_50,2012-02-29,0.04360587085441731,0.04376587085441731,0.00016000000000000004,0.16000000000000003,50
vw_gr_top_n_50,2012-03-31,0.03344202983251741,0.033642029832517406,0.00019999999999999996,0.19999999999999996,50
vw_gr_top_n_50,2012-04-30,0.026170601196455427,0.026310601196455428,0.00014000000000000001,0.14,50
vw_gr_top_n_50,2012-05-31,-0.031334456529288575,-0.031234456529288572,9.999999999999998e-05,0.09999999999999998,48
vw_gr_top_n_50,2012-06-30,0.03192206671018379,0.03214206671018379,0.00021999999999999998,0.21999999999999997,49
vw_gr_top_n_50,2012-07-31,0.0081319553459861,0.0082319553459861,9.999999999999998e-05,0.09999999999999998,49
vw_gr_top_n_50,2012-08-31,0.012797339503088735,0.012897339503088735,9.999999999999998e-05,0.09999999999999998,49
vw_gr_top_n_50,2012-09-30,0.013784412796269845,0.014004412796269844,0.00021999999999999998,0.21999999999999997,50
vw_gr_top_n_50,2012-10-31,-0.015770122840390515,-0.015630122840390514,0.00014000000000000001,0.14,49
vw_gr_top_n_50,2012-11-30,0.007916017392691396,0.008056017392691395,0.00014000000000000001,0.14,49
vw_gr_top_n_50,2012-12-31,0.009011498912490394,0.009231498912490393,0.00021999999999999998,0.21999999999999997,49
vw_gr_top_n_50,2013-01-31,0.06119799454630303,0.06131799454630303,0.00012,0.12,49
vw_gr_top_n_50,2013-02-28,0.015109581252271449,0.015249581252271448,0.00014000000000000001,0.14,50
vw_gr_top_n_50,2013-03-31,0.04664730462690875,0.04676730462690875,0.00012,0.12,49
vw_gr_top_n_50,2013-04-30,0.015388394244667796,0.015748394244667795,0.00035999999999999997,0.36,48
vw_gr_top_n_50,2013-05-31,0.01100796463753638,0.01110796463753638,9.999999999999998e-05,0.09999999999999998,49
vw_gr_top_n_50,2013-06-30,-0.008099510483282892,-0.007919510483282892,0.00018000000000000007,0.18000000000000005,50
vw_gr_top_n_50,2013-07-31,0.05051649281930691,0.05061649281930691,9.999999999999998e-05,0.09999999999999998,50
vw_gr_top_n_50,2013-08-31,-0.03352590287352901,-0.03346590287352901,6.0000000000000056e-05,0.06000000000000005,47
vw_gr_top_n_50,2013-09-30,0.03868096269800735,0.03886096269800735,0.00018000000000000007,0.18000000000000005,50
vw_gr_top_n_50,2013-10-31,0.054403425315526666,0.054583425315526665,0.00018000000000000007,0.18000000000000005,49
vw_gr_top_n_50,2013-11-30,0.030535302177150548,0.030635302177150547,9.999999999999998e-05,0.09999999999999998,49
vw_gr_top_n_50,2013-12-31,0.03210775670248508,0.03230775670248508,0.00019999999999999996,0.19999999999999996,50
vw_gr_top_n_50,2014-01-31,-0.04186041500352768,-0.041680415003527684,0.00018000000000000007,0.18000000000000005,49
vw_gr_top_n_50,2014-02-28,0.05172760692879126,0.051827606928791264,9.999999999999998e-05,0.09999999999999998,50
vw_gr_top_n_50,2014-03-31,0.020226083432165743,0.020326083432165742,9.999999999999998e-05,0.09999999999999998,49
vw_gr_top_n_50,2014-04-30,0.00029362571444457977,0.0005136257144445798,0.00021999999999999998,0.21999999999999997,49
vw_gr_top_n_50,2014-05-31,0.011666493039254225,0.011746493039254225,7.999999999999997e-05,0.07999999999999996,50
vw_gr_top_n_50,2014-06-30,0.015641037438688443,0.015901037438688443,0.00026000000000000003,0.26,49
vw_gr_top_n_50,2014-07-31,-0.0033467515647486296,-0.0032267515647486297,0.00012,0.12,50
vw_gr_top_n_50,2014-08-31,0.04527994831270107,0.04537994831270107,9.999999999999998e-05,0.09999999999999998,47
vw_gr_top_n_50,2014-09-30,-0.018785005619124665,-0.018485005619124664,0.0003000000000000001,0.30000000000000004,49
vw_gr_top_n_50,2014-10-31,0.03330901129686742,0.03348901129686742,0.00018000000000000007,0.18000000000000005,49
vw_gr_top_n_50,2014-11-30,0.03434014312841765,0.03444014312841765,9.999999999999998e-05,0.09999999999999998,50
vw_gr_top_n_50,2014-12-31,-0.0006271572056606102,-0.0003271572056606101,0.0003000000000000001,0.30000000000000004,49
vw_gr_top_n_50,2015-01-31,-0.014414414143886617,-0.014294414143886616,0.00012,0.12,50
vw_gr_top_n_50,2015-02-28,0.053720881939226944,0.05382088193922695,9.999999999999998e-05,0.09999999999999998,50
vw_gr_top_n_50,2015-03-31,-0.005808733245207451,-0.0057487332452074505,6.0000000000000056e-05,0.06000000000000005,50
vw_gr_top_n_50,2015-04-30,-0.008312764407647012,-0.008012764407647012,0.0003000000000000001,0.30000000000000004,50
vw_gr_top_n_50,2015-05-31,0.025584006593978616,0.025784006593978614,0.00019999999999999996,0.19999999999999996,50
vw_gr_top_n_50,2015-06-30,-0.007904162355427772,-0.007684162355427771,0.00021999999999999998,0.21999999999999997,49
vw_gr_top_n_50,2015-07-31,0.03421523002240905,0.034335230022409055,0.00012,0.12,50
vw_gr_top_n_50,2015-08-31,-0.05560753498145284,-0.05550753498145284,9.999999999999998e-05,0.09999999999999998,49
vw_gr_top_n_50,2015-09-30,-0.008242051363334793,-0.008042051363334793,0.00019999999999999996,0.19999999999999996,49
vw_gr_top_n_50,2015-10-31,0.06047220668000746,0.060572206680007463,9.999999999999998e-05,0.09999999999999998,50
vw_gr_top_n_50,2015-11-30,-0.005760655328194078,-0.0056606553281940775,9.999999999999998e-05,0.09999999999999998,50
vw_gr_top_n_50,2015-12-31,-0.022975551852169224,-0.022795551852169225,0.00018000000000000007,0.18000000000000005,50
vw_gr_top_n_50,2016-01-31,-0.0392940847831497,-0.0392140847831497,7.999999999999997e-05,0.07999999999999996,50
vw_gr_top_n_50,2016-02-29,0.033980187629733316,0.034040187629733314,6.0000000000000056e-05,0.06000000000000005,50
vw_gr_top_n_50,2016-03-31,0.06623660949916996,0.06647660949916996,0.00024,0.24,50
vw_gr_top_n_50,2016-04-30,-0.02942644133078702,-0.02926644133078702,0.00016000000000000004,0.16000000000000003,49
vw_gr_top_n_50,2016-05-31,0.0046334062763661804,0.004733406276366181,9.999999999999998e-05,0.09999999999999998,50
vw_gr_top_n_50,2016-06-30,0.009935444521171512,0.010155444521171512,0.00021999999999999998,0.21999999999999997,50
vw_gr_top_n_50,2016-07-31,0.03217475794417354,0.03225475794417354,7.999999999999997e-05,0.07999999999999996,50
vw_gr_top_n_50,2016-08-31,-0.002207358536192569,-0.0021073585361925692,9.999999999999998e-05,0.09999999999999998,48
vw_gr_top_n_50,2016-09-30,-0.007871785183799112,-0.007651785183799113,0.00021999999999999998,0.21999999999999997,50
vw_gr_top_n_50,2016-10-31,-0.02429278910769049,-0.02419278910769049,9.999999999999998e-05,0.09999999999999998,50
vw_gr_top_n_50,2016-11-30,0.043046347409000936,0.04316634740900094,0.00012,0.12,50
vw_gr_top_n_50,2016-12-31,0.009352418804544096,0.009592418804544096,0.00024,0.24,50
vw_gr_top_n_50,2017-01-31,0.026243976632744758,0.026443976632744757,0.00019999999999999996,0.19999999999999996,50
vw_gr_top_n_50,2017-02-28,0.022574240182603105,0.022634240182603106,6.0000000000000056e-05,0.06000000000000005,50
vw_gr_top_n_50,2017-03-31,0.008402444381564437,0.008462444381564436,6.0000000000000056e-05,0.06000000000000005,49
vw_gr_top_n_50,2017-04-30,0.017208510321890698,0.017488510321890697,0.00028000000000000003,0.28,49
vw_gr_top_n_50,2017-05-31,0.01573926344655197,0.01589926344655197,0.00016000000000000004,0.16000000000000003,50
vw_gr_top_n_50,2017-06-30,-0.010934167333114137,-0.010654167333114136,0.00028000000000000003,0.28,50
vw_gr_top_n_50,2017-07-31,0.027598699218201586,0.027658699218201587,6.0000000000000056e-05,0.06000000000000005,50
vw_gr_top_n_50,2017-08-31,0.010407095937925806,0.010527095937925807,0.00012,0.12,50
vw_gr_top_n_50,2017-09-30,0.03322678337832412,0.033446783378324116,0.00021999999999999998,0.21999999999999997,50
vw_gr_top_n_50,2017-10-31,0.029646273975703224,0.029786273975703225,0.00014000000000000001,0.14,49
vw_gr_top_n_50,2017-11-30,0.04415889400364666,0.044278894003646666,0.00012,0.12,49
vw_gr_top_n_50,2017-12-31,0.005966241183337325,0.006226241183337325,0.00026000000000000003,0.26,50
vw_gr_top_n_50,2018-01-31,0.05933087339863509,0.05951087339863509,0.00018000000000000007,0.18000000000000005,50
vw_gr_top_n_50,2018-02-28,-0.03903962180051443,-0.03891962180051443,0.00012,0.12,49
vw_gr_top_n_50,2018-03-31,-0.004858251705006831,-0.0047782517050068305,7.999999999999997e-05,0.07999999999999996,50
vw_gr_top_n_50,2018-04-30,0.003545645873569621,0.003805645873569621,0.00026000000000000003,0.26,50
vw_gr_top_n_50,2018-05-31,0.05375078024168659,0.053890780241686594,0.00014000000000000001,0.14,50
vw_gr_top_n_50,2018-06-30,-0.003840537389506598,-0.003640537389506598,0.00019999999999999996,0.19999999999999996,50
vw_gr_top_n_50,2018-07-31,0.02540434038784658,0.025504340387846578,9.999999999999998e-05,0.09999999999999998,50
vw_gr_top_n_50,2018-08-31,0.050389160745458114,0.05040916074545811,2.000000000000002e-05,0.020000000000000018,49
vw_gr_top_n_50,2018-09-30,-0.017678249355888395,-0.017438249355888395,0.00024,0.24,50
vw_gr_top_n_50,2018-10-31,-0.10255433021292444,-0.10245433021292444,9.999999999999998e-05,0.09999999999999998,49
vw_gr_top_n_50,2018-11-30,0.01454925712948018,0.014609257129480179,6.0000000000000056e-05,0.06000000000000005,49
vw_gr_top_n_50,2018-12-31,-0.08119915166602505,-0.08097915166602505,0.00021999999999999998,0.21999999999999997,50
vw_gr_top_n_50,2019-01-31,0.08749725537255959,0.08761725537255959,0.00012,0.12,50
vw_gr_top_n_50,2019-02-28,0.044499127228424154,0.04457912722842415,7.999999999999997e-05,0.07999999999999996,49
vw_gr_top_n_50,2019-03-31,0.023451724047210357,0.023491724047210356,4.000000000000004e-05,0.040000000000000036,50
vw_gr_top_n_50,2019-04-30,0.027966825616204376,0.028206825616204377,0.00024,0.24,50
vw_gr_top_n_50,2019-05-31,-0.07978609233884776,-0.07970609233884776,7.999999999999997e-05,0.07999999999999996,50
vw_gr_top_n_50,2019-06-30,0.08703172700463048,0.08731172700463048,0.00028000000000000003,0.28,50
vw_gr_top_n_50,2019-07-31,0.03066049665484232,0.03084049665484232,0.00018000000000000007,0.18000000000000005,50
vw_gr_top_n_50,2019-08-31,-0.01134257649395549,-0.01120257649395549,0.00014000000000000001,0.14,50
vw_gr_top_n_50,2019-09-30,0.013562434107435758,0.013842434107435759,0.00028000000000000003,0.28,50
vw_gr_top_n_50,2019-10-31,0.025724567385893942,0.02582456738589394,9.999999999999998e-05,0.09999999999999998,49
vw_gr_top_n_50,2019-11-30,0.02480919990538495,0.02490919990538495,9.999999999999998e-05,0.09999999999999998,49
vw_gr_top_n_50,2019-12-31,0.030550574021291875,0.030890574021291875,0.00033999999999999997,0.33999999999999997,50
vw_gr_top_n_50,2020-01-31,-0.003310080920999717,-0.003150080920999717,0.00016000000000000004,0.16000000000000003,50
vw_gr_top_n_50,2020-02-29,-0.076841775248217,-0.07672177524821701,0.00012,0.12,48
vw_gr_top_n_50,2020-03-31,-0.14498658024884842,-0.14468658024884842,0.0003000000000000001,0.30000000000000004,46
vw_gr_top_n_50,2020-04-30,0.17798411010346418,0.17828411010346418,0.0003000000000000001,0.30000000000000004,50
vw_gr_top_n_50,2020-05-31,0.08079189588054349,0.08107189588054349,0.00028000000000000003,0.28,49
vw_gr_top_n_50,2020-06-30,0.03695831478544628,0.037238314785446286,0.00028000000000000003,0.28,49
vw_gr_top_n_50,2020-07-31,0.06439109867097881,0.06453109867097881,0.00014000000000000001,0.14,50
vw_gr_top_n_50,2020-08-31,0.04516182485022692,0.04522182485022692,6.0000000000000056e-05,0.06000000000000005,50
vw_gr_top_n_50,2020-09-30,-0.029269877174508237,-0.028929877174508237,0.00033999999999999997,0.33999999999999997,50
vw_gr_top_n_50,2020-10-31,-0.008272769596320903,-0.008152769596320903,0.00012,0.12,50
vw_gr_top_n_50,2020-11-30,0.08793094870588884,0.08799094870588885,6.0000000000000056e-05,0.06000000000000005,50
vw_gr_top_n_50,2020-12-31,0.03621922725909009,0.03647922725909009,0.00026000000000000003,0.26,50
vw_gr_top_n_50,2021-01-31,0.030317956247040236,0.030417956247040235,9.999999999999998e-05,0.09999999999999998,50
vw_gr_top_n_50,2021-02-28,0.02017486378953518,0.02025486378953518,7.999999999999997e-05,0.07999999999999996,50
vw_gr_top_n_50,2021-03-31,0.06926742480508144,0.06944742480508144,0.00018000000000000007,0.18000000000000005,50
vw_gr_top_n_50,2021-04-30,0.05300062249267093,0.05338062249267093,0.00038,0.38,50
vw_gr_top_n_50,2021-05-31,0.019924774174006003,0.020024774174006003,9.999999999999998e-05,0.09999999999999998,49
vw_gr_top_n_50,2021-06-30,0.0027449034543540166,0.0029649034543540167,0.00021999999999999998,0.21999999999999997,50
vw_gr_top_n_50,2021-07-31,0.030153083909699174,0.030233083909699175,7.999999999999997e-05,0.07999999999999996,50
vw_gr_top_n_50,2021-08-31,0.02034186620205738,0.020401866202057382,6.0000000000000056e-05,0.06000000000000005,47
vw_gr_top_n_50,2021-09-30,-0.039581804846330004,-0.039401804846330005,0.00018000000000000007,0.18000000000000005,49
vw_gr_top_n_50,2021-10-31,0.051944928635193545,0.052124928635193545,0.00018000000000000007,0.18000000000000005,50
vw_gr_top_n_50,2021-11-30,0.012684407621601711,0.012764407621601711,7.999999999999997e-05,0.07999999999999996,49
vw_gr_top_n_50,2021-12-31,0.059530602239930584,0.059870602239930584,0.00033999999999999997,0.33999999999999997,49
vw_gr_top_n_50,2022-01-31,-0.06877821737060114,-0.06853821737060113,0.00024,0.24,50
vw_gr_top_n_50,2022-02-28,0.02795690983631672,0.02805690983631672,9.999999999999998e-05,0.09999999999999998,50
vw_gr_top_n_50,2022-03-31,0.023465650934088877,0.023585650934088875,0.00012,0.12,49
vw_gr_top_n_50,2022-04-30,-0.059026280233485294,-0.05876628023348529,0.00026000000000000003,0.26,50
vw_gr_top_n_50,2022-05-31,0.005386555638491288,0.005526555638491288,0.00014000000000000001,0.14,50
vw_gr_top_n_50,2022-06-30,-0.13098144183197458,-0.13084144183197458,0.00014000000000000001,0.14,49
vw_gr_top_n_50,2022-07-31,0.11388834988888545,0.11404834988888544,0.00016000000000000004,0.16000000000000003,50
vw_gr_top_n_50,2022-08-31,-0.004848125443321228,-0.0047481254433212276,9.999999999999998e-05,0.09999999999999998,50
vw_gr_top_n_50,2022-09-30,-0.08152042022717815,-0.08136042022717815,0.00016000000000000004,0.16000000000000003,49
vw_gr_top_n_50,2022-10-31,0.12972767637763757,0.12982767637763756,9.999999999999998e-05,0.09999999999999998,50
vw_gr_top_n_50,2022-11-30,0.08642645212952685,0.08652645212952685,9.999999999999998e-05,0.09999999999999998,50
vw_gr_top_n_50,2022-12-31,-0.05676894927739271,-0.05662894927739271,0.00014000000000000001,0.14,50
vw_gr_top_n_50,2023-01-31,0.08824438288291717,0.08832438288291716,7.999999999999997e-05,0.07999999999999996,50
vw_gr_top_n_50,2023-02-28,-0.023455765827761172,-0.023375765827761172,7.999999999999997e-05,0.07999999999999996,50
vw_gr_top_n_50,2023-03-31,-0.0015272919587726369,-0.0014672919587726367,6.0000000000000056e-05,0.06000000000000005,50
vw_gr_top_n_50,2023-04-30,-0.02482225952251232,-0.024622259522512322,0.00019999999999999996,0.19999999999999996,49
vw_gr_top_n_50,2023-05-31,-0.007027139022248761,-0.006887139022248761,0.00014000000000000001,0.14,48
vw_gr_top_n_50,2023-06-30,0.12068441456100312,0.12090441456100312,0.00021999999999999998,0.21999999999999997,50
vw_gr_top_n_50,2023-07-31,0.06842757245919409,0.06850757245919409,7.999999999999997e-05,0.07999999999999996,50
vw_gr_top_n_50,2023-08-31,-0.008313361437643678,-0.008233361437643678,7.999999999999997e-05,0.07999999999999996,50
vw_gr_top_n_50,2023-09-30,-0.04271893337984456,-0.04253893337984456,0.00018000000000000007,0.18000000000000005,50
vw_gr_top_n_50,2023-10-31,-0.038132644612904214,-0.03805264461290422,7.999999999999997e-05,0.07999999999999996,50
vw_gr_top_n_50,2023-11-30,0.09288690263784304,0.09298690263784304,9.999999999999998e-05,0.09999999999999998,50
vw_gr_top_n_50,2023-12-31,0.08090153496298043,0.08114153496298043,0.00024,0.24,50
vw_gr_top_n_50,2024-01-31,0.020159392503983995,0.020239392503983995,7.999999999999997e-05,0.07999999999999996,49
vw_gr_top_n_50,2024-02-29,0.08662347461149912,0.08670347461149912,7.999999999999997e-05,0.07999999999999996,50
vw_gr_top_n_50,2024-03-31,0.07217128706250192,0.07245128706250192,0.00028000000000000003,0.28,50
vw_gr_top_n_50,2024-04-30,-0.06448966526247897,-0.06436966526247898,0.00012,0.12,50
vw_gr_top_n_50,2024-05-31,0.0772899594120688,0.0773699594120688,7.999999999999997e-05,0.07999999999999996,50
vw_gr_top_n_50,2024-06-30,-0.008078393563766056,-0.007858393563766056,0.00021999999999999998,0.21999999999999997,50
vw_gr_top_n_50,2024-07-31,0.04660332327812387,0.046703323278123876,9.999999999999998e-05,0.09999999999999998,50
vw_gr_top_n_50,2024-08-31,-0.019802166411671155,-0.019662166411671154,0.00014000000000000001,0.14,50
vw_gr_top_n_50,2024-09-30,0.027786548643788385,0.028066548643788384,0.00028000000000000003,0.28,49
vw_gr_top_n_50,2024-10-31,-0.03392915510373244,-0.03378915510373244,0.00014000000000000001,0.14,50
vw_gr_top_n_50,2024-11-30,0.07024125213951468,0.07030125213951469,6.0000000000000056e-05,0.06000000000000005,49
vw_gr_top_n_50,2024-12-31,-0.04951015841816776,-0.04921015841816776,0.0003000000000000001,0.30000000000000004,49
vw_gr_top_n_50,2025-01-31,0.0005811977295938223,0.0007211977295938223,0.00014000000000000001,0.14,50
vw_gr_top_n_50,2025-02-28,-0.038329816615607935,-0.03826981661560794,6.0000000000000056e-05,0.06000000000000005,49
vw_gr_top_n_50,2025-03-31,0.0037231942059311523,0.003803194205931152,7.999999999999997e-05,0.07999999999999996,49
vw_gr_top_n_50,2025-04-30,-0.043255208609909584,-0.042935208609909584,0.0003199999999999999,0.31999999999999995,49
vw_gr_top_n_50,2025-05-31,0.044404680528805966,0.044604680528805965,0.00019999999999999996,0.19999999999999996,49
vw_gr_top_n_50,2025-06-30,0.011672208936534393,0.011972208936534393,0.0003000000000000001,0.30000000000000004,50
vw_gr_top_n_50,2025-07-31,0.012497050954228267,0.012677050954228266,0.00018000000000000007,0.18000000000000005,49
vw_gr_top_n_50,2025-08-31,0.06498975967065101,0.06506975967065101,7.999999999999997e-05,0.07999999999999996,50
vw_gr_top_n_50,2025-09-30,0.019908522009795294,0.020168522009795294,0.00026000000000000003,0.26,50
vw_gr_top_n_50,2025-10-31,-0.026382241282930246,-0.026282241282930247,9.999999999999998e-05,0.09999999999999998,50
vw_gr_top_n_50,2025-11-30,0.03426950698491504,0.03434950698491503,7.999999999999997e-05,0.07999999999999996,50
vw_gr_top_n_50,2025-12-31,0.011553070028651706,0.011933070028651706,0.00038,0.38,50
vw_gr_top_n_50,2026-01-31,0.06536645533207058,0.06550645533207058,0.00014000000000000001,0.14,50
vw_gr_top_n_50,2026-02-28,0.09020962762683478,0.09034962762683478,0.00014000000000000001,0.14,50
vw_gr_top_n_50,2026-03-31,-0.04501722331170169,-0.044897223311701685,0.00012,0.12,50
vw_gr_top_n_50,2026-04-30,0.11596516648891962,0.11630516648891961,0.00033999999999999997,0.33999999999999997,50
vw_gr_top_n_50,2026-05-31,0.011531432597012163,0.011651432597012163,0.00012,0.12,50
vw_gr_top_n_25,2008-11-30,0.028320987654321006,0.029320987654321007,0.001,1.0,1
vw_gr_top_n_25,2008-12-31,0.07196401799100438,0.07196401799100438,0.0,0.0,1
vw_gr_top_n_25,2009-01-31,-0.12494172494172495,-0.12494172494172495,0.0,0.0,1
vw_gr_top_n_25,2009-02-28,-0.008597912004735253,-0.008597912004735253,0.0,0.0,1
vw_gr_top_n_25,2009-03-31,0.22460186710598573,0.22460186710598573,0.0,0.0,1
vw_gr_top_n_25,2009-04-30,0.07937219730941703,0.07937219730941703,0.0,0.0,1
vw_gr_top_n_25,2009-05-31,0.16825924387204005,0.16825924387204005,0.0,0.0,1
vw_gr_top_n_25,2009-06-30,0.033926669094396865,0.034593335761063534,0.0006666666666666669,0.6666666666666667,3
vw_gr_top_n_25,2009-07-31,0.11228076618900788,0.11311409952234122,0.0008333333333333334,0.8333333333333334,6
vw_gr_top_n_25,2009-08-31,0.03338160025907204,0.03388160025907204,0.0005,0.5,12
vw_gr_top_n_25,2009-09-30,0.05456855255545398,0.055114007100908524,0.0005454545454545455,0.5454545454545454,22
vw_gr_top_n_25,2009-10-31,0.01272437217568011,0.012964372175680111,0.00024,0.24,24
vw_gr_top_n_25,2009-11-30,0.06691685651803136,0.06727685651803136,0.00035999999999999997,0.36,25
vw_gr_top_n_25,2009-12-31,0.012465647303546537,0.013025647303546536,0.0005600000000000001,0.56,25
vw_gr_top_n_25,2010-01-31,-0.019454390831081303,-0.019254390831081304,0.00019999999999999996,0.19999999999999996,24
vw_gr_top_n_25,2010-02-28,0.053086178365859354,0.053246178365859355,0.00016000000000000004,0.16000000000000003,24
vw_gr_top_n_25,2010-03-31,0.05770694245513589,0.05806694245513589,0.00035999999999999997,0.36,25
vw_gr_top_n_25,2010-04-30,0.03190724972245435,0.03242724972245435,0.0005200000000000001,0.52,25
vw_gr_top_n_25,2010-05-31,-0.05749998994817727,-0.05749998994817727,0.0,0.0,25
vw_gr_top_n_25,2010-06-30,-0.02669080890188603,-0.026490808901886032,0.00019999999999999996,0.19999999999999996,24
vw_gr_top_n_25,2010-07-31,0.05249574567670032,0.052535745676700316,4.000000000000004e-05,0.040000000000000036,25
vw_gr_top_n_25,2010-08-31,-0.031111281043069997,-0.031031281043069996,7.999999999999997e-05,0.07999999999999996,25
vw_gr_top_n_25,2010-09-30,0.1045770281925065,0.1048170281925065,0.00024,0.24,24
vw_gr_top_n_25,2010-10-31,0.04129646277847351,0.04141646277847351,0.00012,0.12,25
vw_gr_top_n_25,2010-11-30,0.0029136003042606585,0.0031136003042606586,0.00019999999999999996,0.19999999999999996,25
vw_gr_top_n_25,2010-12-31,0.05116632642195386,0.051406326421953856,0.00024,0.24,25
vw_gr_top_n_25,2011-01-31,0.00393868778350298,0.0040586877835029804,0.00012,0.12,25
vw_gr_top_n_25,2011-02-28,0.036188142911807,0.036268142911806994,7.999999999999997e-05,0.07999999999999996,25
vw_gr_top_n_25,2011-03-31,0.01780423233777341,0.01788423233777341,7.999999999999997e-05,0.07999999999999996,25
vw_gr_top_n_25,2011-04-30,0.05502123407384754,0.05542123407384754,0.0004,0.4,25
vw_gr_top_n_25,2011-05-31,0.011683297736776366,0.011803297736776366,0.00012,0.12,25
vw_gr_top_n_25,2011-06-30,-0.012160049178463582,-0.012000049178463581,0.00016000000000000004,0.16000000000000003,25
vw_gr_top_n_25,2011-07-31,-0.008895887110010771,-0.008775887110010771,0.00012,0.12,24
vw_gr_top_n_25,2011-08-31,-0.027431041642430508,-0.027351041642430508,7.999999999999997e-05,0.07999999999999996,24
vw_gr_top_n_25,2011-09-30,-0.09634866635863693,-0.09610866635863692,0.00024,0.24,23
vw_gr_top_n_25,2011-10-31,0.12503101950183118,0.1252310195018312,0.00019999999999999996,0.19999999999999996,25
vw_gr_top_n_25,2011-11-30,0.014968253926512954,0.015088253926512954,0.00012,0.12,24
vw_gr_top_n_25,2011-12-31,0.025509087309364402,0.025909087309364403,0.0004,0.4,25
vw_gr_top_n_25,2012-01-31,0.04719439534189752,0.04731439534189752,0.00012,0.12,25
vw_gr_top_n_25,2012-02-29,0.0394214999831834,0.0396614999831834,0.00024,0.24,25
vw_gr_top_n_25,2012-03-31,0.034429232966942704,0.0346692329669427,0.00024,0.24,25
vw_gr_top_n_25,2012-04-30,0.02993329160111144,0.030053291601111438,0.00012,0.12,25
vw_gr_top_n_25,2012-05-31,-0.02800038319260466,-0.02792038319260466,7.999999999999997e-05,0.07999999999999996,24
vw_gr_top_n_25,2012-06-30,0.03234550498971677,0.03262550498971677,0.00028000000000000003,0.28,25
vw_gr_top_n_25,2012-07-31,-4.0097549315471994e-05,3.990245068452797e-05,7.999999999999997e-05,0.07999999999999996,25
vw_gr_top_n_25,2012-08-31,0.006540586987090413,0.006620586987090413,7.999999999999997e-05,0.07999999999999996,24
vw_gr_top_n_25,2012-09-30,0.00855170536857756,0.00891170536857756,0.00035999999999999997,0.36,25
vw_gr_top_n_25,2012-10-31,-0.015979240632877076,-0.015779240632877077,0.00019999999999999996,0.19999999999999996,24
vw_gr_top_n_25,2012-11-30,0.01464227811325275,0.014762278113252751,0.00012,0.12,24
vw_gr_top_n_25,2012-12-31,0.0025293229068798933,0.0028493229068798933,0.0003199999999999999,0.31999999999999995,24
vw_gr_top_n_25,2013-01-31,0.07144073165142326,0.07160073165142325,0.00016000000000000004,0.16000000000000003,24
vw_gr_top_n_25,2013-02-28,0.021487134340758374,0.021607134340758373,0.00012,0.12,25
vw_gr_top_n_25,2013-03-31,0.04666878997267783,0.04670878997267783,4.000000000000004e-05,0.040000000000000036,24
vw_gr_top_n_25,2013-04-30,0.0008328531566123094,0.0011528531566123094,0.0003199999999999999,0.31999999999999995,25
vw_gr_top_n_25,2013-05-31,0.02574337950135983,0.025783379501359827,4.000000000000004e-05,0.040000000000000036,24
vw_gr_top_n_25,2013-06-30,-0.013289152366933111,-0.01304915236693311,0.00024,0.24,25
vw_gr_top_n_25,2013-07-31,0.04684790527123211,0.046927905271232105,7.999999999999997e-05,0.07999999999999996,25
vw_gr_top_n_25,2013-08-31,-0.028172570789224312,-0.02801257078922431,0.00016000000000000004,0.16000000000000003,23
vw_gr_top_n_25,2013-09-30,0.04398825537987466,0.04422825537987466,0.00024,0.24,25
vw_gr_top_n_25,2013-10-31,0.050776388787929325,0.05097638878792932,0.00019999999999999996,0.19999999999999996,25
vw_gr_top_n_25,2013-11-30,0.04268086483188765,0.042760864831887645,7.999999999999997e-05,0.07999999999999996,25
vw_gr_top_n_25,2013-12-31,0.029730379072500316,0.029930379072500315,0.00019999999999999996,0.19999999999999996,25
vw_gr_top_n_25,2014-01-31,-0.04364259666106188,-0.04348259666106188,0.00016000000000000004,0.16000000000000003,24
vw_gr_top_n_25,2014-02-28,0.06783987010062764,0.06795987010062764,0.00012,0.12,25
vw_gr_top_n_25,2014-03-31,0.02620020133030227,0.02636020133030227,0.00016000000000000004,0.16000000000000003,25
vw_gr_top_n_25,2014-04-30,0.0035200391300206314,0.003920039130020632,0.0004,0.4,25
vw_gr_top_n_25,2014-05-31,0.017726754724280126,0.017766754724280125,4.000000000000004e-05,0.040000000000000036,25
vw_gr_top_n_25,2014-06-30,0.004610107268127408,0.004850107268127408,0.00024,0.24,24
vw_gr_top_n_25,2014-07-31,-0.0052092167924421414,-0.005009216792442142,0.00019999999999999996,0.19999999999999996,25
vw_gr_top_n_25,2014-08-31,0.05076849621298059,0.050848496212980585,7.999999999999997e-05,0.07999999999999996,23
vw_gr_top_n_25,2014-09-30,-0.02060648152959522,-0.020166481529595222,0.00043999999999999996,0.43999999999999995,24
vw_gr_top_n_25,2014-10-31,0.03358680040384575,0.03390680040384575,0.0003199999999999999,0.31999999999999995,25
vw_gr_top_n_25,2014-11-30,0.03339117122109119,0.03355117122109119,0.00016000000000000004,0.16000000000000003,25
vw_gr_top_n_25,2014-12-31,0.0032934784704880893,0.003573478470488089,0.00028000000000000003,0.28,24
vw_gr_top_n_25,2015-01-31,-0.002162981973093134,-0.002002981973093134,0.00016000000000000004,0.16000000000000003,25
vw_gr_top_n_25,2015-02-28,0.03962986565574529,0.039749865655745294,0.00012,0.12,25
vw_gr_top_n_25,2015-03-31,0.007297599247919572,0.007377599247919572,7.999999999999997e-05,0.07999999999999996,25
vw_gr_top_n_25,2015-04-30,0.0005221888909879895,0.0008821888909879894,0.00035999999999999997,0.36,25
vw_gr_top_n_25,2015-05-31,0.02799904051752697,0.028119040517526967,0.00012,0.12,25
vw_gr_top_n_25,2015-06-30,-0.013892861596499157,-0.013572861596499158,0.0003199999999999999,0.31999999999999995,25
vw_gr_top_n_25,2015-07-31,0.04147622609834235,0.041636226098342353,0.00016000000000000004,0.16000000000000003,25
vw_gr_top_n_25,2015-08-31,-0.05722435901730079,-0.05714435901730079,7.999999999999997e-05,0.07999999999999996,24
vw_gr_top_n_25,2015-09-30,-0.008558614259045255,-0.008318614259045254,0.00024,0.24,24
vw_gr_top_n_25,2015-10-31,0.05546831849338193,0.055508318493381927,4.000000000000004e-05,0.040000000000000036,25
vw_gr_top_n_25,2015-11-30,-0.001813075144555273,-0.001653075144555273,0.00016000000000000004,0.16000000000000003,25
vw_gr_top_n_25,2015-12-31,-0.0043727731896091426,-0.004212773189609142,0.00016000000000000004,0.16000000000000003,25
vw_gr_top_n_25,2016-01-31,-0.03206740255459893,-0.031987402554598934,7.999999999999997e-05,0.07999999999999996,25
vw_gr_top_n_25,2016-02-29,0.0229679007389943,0.023087900738994298,0.00012,0.12,25
vw_gr_top_n_25,2016-03-31,0.06036427053939516,0.06064427053939516,0.00028000000000000003,0.28,25
vw_gr_top_n_25,2016-04-30,-0.02861657301098058,-0.02853657301098058,7.999999999999997e-05,0.07999999999999996,25
vw_gr_top_n_25,2016-05-31,0.006675762484539895,0.0067957624845398955,0.00012,0.12,25
vw_gr_top_n_25,2016-06-30,0.01097431168578503,0.011294311685785029,0.0003199999999999999,0.31999999999999995,25
vw_gr_top_n_25,2016-07-31,0.028588394885193377,0.028748394885193377,0.00016000000000000004,0.16000000000000003,25
vw_gr_top_n_25,2016-08-31,-0.01539821970346774,-0.01519821970346774,0.00019999999999999996,0.19999999999999996,23
vw_gr_top_n_25,2016-09-30,0.004789261098364845,0.005029261098364845,0.00024,0.24,25
vw_gr_top_n_25,2016-10-31,-0.025899056351739957,-0.025779056351739958,0.00012,0.12,25
vw_gr_top_n_25,2016-11-30,0.04270721396828989,0.04286721396828989,0.00016000000000000004,0.16000000000000003,25
vw_gr_top_n_25,2016-12-31,0.010552089288185924,0.010832089288185924,0.00028000000000000003,0.28,25
vw_gr_top_n_25,2017-01-31,0.034775601069554726,0.034975601069554725,0.00019999999999999996,0.19999999999999996,25
vw_gr_top_n_25,2017-02-28,0.026498456629258267,0.026578456629258267,7.999999999999997e-05,0.07999999999999996,25
vw_gr_top_n_25,2017-03-31,0.00997748462671754,0.00997748462671754,0.0,0.0,24
vw_gr_top_n_25,2017-04-30,0.009633197869983236,0.009993197869983235,0.00035999999999999997,0.36,24
vw_gr_top_n_25,2017-05-31,0.003357691275913233,0.003477691275913233,0.00012,0.12,25
vw_gr_top_n_25,2017-06-30,-0.014028687553663027,-0.013588687553663027,0.00043999999999999996,0.43999999999999995,25
vw_gr_top_n_25,2017-07-31,0.03057632725163786,0.03061632725163786,4.000000000000004e-05,0.040000000000000036,25
vw_gr_top_n_25,2017-08-31,0.017256038887271622,0.017336038887271622,7.999999999999997e-05,0.07999999999999996,25
vw_gr_top_n_25,2017-09-30,0.02136415236774166,0.02168415236774166,0.0003199999999999999,0.31999999999999995,25
vw_gr_top_n_25,2017-10-31,0.032546303765065975,0.03266630376506598,0.00012,0.12,24
vw_gr_top_n_25,2017-11-30,0.04069272833810888,0.04085272833810888,0.00016000000000000004,0.16000000000000003,24
vw_gr_top_n_25,2017-12-31,0.0049843018961727836,0.0053043018961727835,0.0003199999999999999,0.31999999999999995,25
vw_gr_top_n_25,2018-01-31,0.06904964929730432,0.06924964929730433,0.00019999999999999996,0.19999999999999996,25
vw_gr_top_n_25,2018-02-28,-0.030615544254119696,-0.030495544254119697,0.00012,0.12,25
vw_gr_top_n_25,2018-03-31,-0.004832315484693149,-0.0047523154846931485,7.999999999999997e-05,0.07999999999999996,25
vw_gr_top_n_25,2018-04-30,0.00018055389045918888,0.0004605538904591889,0.00028000000000000003,0.28,25
vw_gr_top_n_25,2018-05-31,0.05382714828520923,0.05394714828520923,0.00012,0.12,25
vw_gr_top_n_25,2018-06-30,0.004242172787700649,0.004522172787700649,0.00028000000000000003,0.28,25
vw_gr_top_n_25,2018-07-31,0.025161843110458867,0.025281843110458866,0.00012,0.12,25
vw_gr_top_n_25,2018-08-31,0.03861765198998006,0.03865765198998006,4.000000000000004e-05,0.040000000000000036,24
vw_gr_top_n_25,2018-09-30,-0.010543970809027307,-0.010223970809027308,0.0003199999999999999,0.31999999999999995,25
vw_gr_top_n_25,2018-10-31,-0.08130160854126997,-0.08110160854126996,0.00019999999999999996,0.19999999999999996,25
vw_gr_top_n_25,2018-11-30,0.02562471353558271,0.02574471353558271,0.00012,0.12,25
vw_gr_top_n_25,2018-12-31,-0.06956934660240519,-0.06936934660240518,0.00019999999999999996,0.19999999999999996,25
vw_gr_top_n_25,2019-01-31,0.07821362694804994,0.07837362694804993,0.00016000000000000004,0.16000000000000003,25
vw_gr_top_n_25,2019-02-28,0.032693144909970225,0.03273314490997022,4.000000000000004e-05,0.040000000000000036,24
vw_gr_top_n_25,2019-03-31,0.032699351649541894,0.03277935164954189,7.999999999999997e-05,0.07999999999999996,25
vw_gr_top_n_25,2019-04-30,0.03164217607682397,0.03204217607682397,0.0004,0.4,25
vw_gr_top_n_25,2019-05-31,-0.07812267499174806,-0.07800267499174807,0.00012,0.12,25
vw_gr_top_n_25,2019-06-30,0.0864577521629012,0.0868577521629012,0.0004,0.4,25
vw_gr_top_n_25,2019-07-31,0.03317193390105153,0.03341193390105153,0.00024,0.24,25
vw_gr_top_n_25,2019-08-31,-0.024513049000833825,-0.024393049000833826,0.00012,0.12,25
vw_gr_top_n_25,2019-09-30,0.0009267061885929529,0.0011667061885929529,0.00024,0.24,25
vw_gr_top_n_25,2019-10-31,0.04577263539077879,0.04593263539077879,0.00016000000000000004,0.16000000000000003,25
vw_gr_top_n_25,2019-11-30,0.029004119479751875,0.029124119479751874,0.00012,0.12,24
vw_gr_top_n_25,2019-12-31,0.02864249751473376,0.02904249751473376,0.0004,0.4,25
vw_gr_top_n_25,2020-01-31,0.012242687135796897,0.012362687135796897,0.00012,0.12,25
vw_gr_top_n_25,2020-02-29,-0.08604130482147061,-0.08592130482147062,0.00012,0.12,24
vw_gr_top_n_25,2020-03-31,-0.13903086068683843,-0.13875086068683842,0.00028000000000000003,0.28,23
vw_gr_top_n_25,2020-04-30,0.19474193580807667,0.19506193580807665,0.0003199999999999999,0.31999999999999995,25
vw_gr_top_n_25,2020-05-31,0.08478989132241278,0.08506989132241279,0.00028000000000000003,0.28,24
vw_gr_top_n_25,2020-06-30,0.02581623124104685,0.02617623124104685,0.00035999999999999997,0.36,25
vw_gr_top_n_25,2020-07-31,0.06649708149091148,0.06669708149091148,0.00019999999999999996,0.19999999999999996,25
vw_gr_top_n_25,2020-08-31,0.04035973565418116,0.04043973565418116,7.999999999999997e-05,0.07999999999999996,25
vw_gr_top_n_25,2020-09-30,-0.01809596714471689,-0.01765596714471689,0.00043999999999999996,0.43999999999999995,25
vw_gr_top_n_25,2020-10-31,-0.0077495749815099406,-0.007509574981509941,0.00024,0.24,25
vw_gr_top_n_25,2020-11-30,0.07620419023062155,0.07632419023062155,0.00012,0.12,25
vw_gr_top_n_25,2020-12-31,0.029535568252970174,0.029735568252970173,0.00019999999999999996,0.19999999999999996,25
vw_gr_top_n_25,2021-01-31,0.027839860667632964,0.027959860667632962,0.00012,0.12,25
vw_gr_top_n_25,2021-02-28,0.026527190632046584,0.026647190632046583,0.00012,0.12,25
vw_gr_top_n_25,2021-03-31,0.06542745751489148,0.06558745751489148,0.00016000000000000004,0.16000000000000003,25
vw_gr_top_n_25,2021-04-30,0.04793678240938366,0.048376782409383666,0.00043999999999999996,0.43999999999999995,25
vw_gr_top_n_25,2021-05-31,0.02976329587589433,0.029923295875894332,0.00016000000000000004,0.16000000000000003,25
vw_gr_top_n_25,2021-06-30,0.01706829770989958,0.01730829770989958,0.00024,0.24,25
vw_gr_top_n_25,2021-07-31,0.02146042561025103,0.02154042561025103,7.999999999999997e-05,0.07999999999999996,25
vw_gr_top_n_25,2021-08-31,0.01747329518835699,0.01755329518835699,7.999999999999997e-05,0.07999999999999996,24
vw_gr_top_n_25,2021-09-30,-0.05593880504998556,-0.055658805049985556,0.00028000000000000003,0.28,25
vw_gr_top_n_25,2021-10-31,0.05977607404728272,0.059856074047282715,7.999999999999997e-05,0.07999999999999996,25
vw_gr_top_n_25,2021-11-30,0.018356982758419776,0.018396982758419774,4.000000000000004e-05,0.040000000000000036,24
vw_gr_top_n_25,2021-12-31,0.08096676852754142,0.08132676852754142,0.00035999999999999997,0.36,25
vw_gr_top_n_25,2022-01-31,-0.0841095745090664,-0.0838695745090664,0.00024,0.24,25
vw_gr_top_n_25,2022-02-28,0.016832331891379886,0.016872331891379884,4.000000000000004e-05,0.040000000000000036,25
vw_gr_top_n_25,2022-03-31,0.016292086343365292,0.016372086343365292,7.999999999999997e-05,0.07999999999999996,24
vw_gr_top_n_25,2022-04-30,-0.05548577238756632,-0.05516577238756632,0.0003199999999999999,0.31999999999999995,25
vw_gr_top_n_25,2022-05-31,0.012012067342060019,0.01217206734206002,0.00016000000000000004,0.16000000000000003,25
vw_gr_top_n_25,2022-06-30,-0.13383047048074123,-0.13363047048074123,0.00019999999999999996,0.19999999999999996,24
vw_gr_top_n_25,2022-07-31,0.12670380298586917,0.12686380298586916,0.00016000000000000004,0.16000000000000003,25
vw_gr_top_n_25,2022-08-31,0.0005700085709529504,0.0006500085709529504,7.999999999999997e-05,0.07999999999999996,25
vw_gr_top_n_25,2022-09-30,-0.09242898584748711,-0.09226898584748712,0.00016000000000000004,0.16000000000000003,25
vw_gr_top_n_25,2022-10-31,0.12270281404514509,0.12270281404514509,0.0,0.0,25
vw_gr_top_n_25,2022-11-30,0.07931518018683865,0.07939518018683865,7.999999999999997e-05,0.07999999999999996,25
vw_gr_top_n_25,2022-12-31,-0.04981841829194011,-0.04957841829194011,0.00024,0.24,25
vw_gr_top_n_25,2023-01-31,0.05682330515666442,0.05686330515666442,4.000000000000004e-05,0.040000000000000036,25
vw_gr_top_n_25,2023-02-28,-3.343608211610329e-05,8.656391788389672e-05,0.00012,0.12,25
vw_gr_top_n_25,2023-03-31,0.0042337788696584465,0.0042337788696584465,0.0,0.0,25
vw_gr_top_n_25,2023-04-30,-0.025909595037572525,-0.025749595037572525,0.00016000000000000004,0.16000000000000003,24
vw_gr_top_n_25,2023-05-31,-0.009868804772788944,-0.009748804772788944,0.00012,0.12,24
vw_gr_top_n_25,2023-06-30,0.11841317793359776,0.11861317793359777,0.00019999999999999996,0.19999999999999996,25
vw_gr_top_n_25,2023-07-31,0.06440097014680848,0.06456097014680848,0.00016000000000000004,0.16000000000000003,25
vw_gr_top_n_25,2023-08-31,-0.0029242588066064556,-0.0028042588066064557,0.00012,0.12,25
vw_gr_top_n_25,2023-09-30,-0.03132970631386595,-0.03104970631386595,0.00028000000000000003,0.28,25
vw_gr_top_n_25,2023-10-31,-0.035687110085653444,-0.03552711008565344,0.00016000000000000004,0.16000000000000003,25
vw_gr_top_n_25,2023-11-30,0.08468969204642632,0.08480969204642631,0.00012,0.12,25
vw_gr_top_n_25,2023-12-31,0.06864527309107119,0.06892527309107119,0.00028000000000000003,0.28,25
vw_gr_top_n_25,2024-01-31,0.06702633769832744,0.06706633769832744,4.000000000000004e-05,0.040000000000000036,24
vw_gr_top_n_25,2024-02-29,0.08701199112914781,0.08713199112914781,0.00012,0.12,25
vw_gr_top_n_25,2024-03-31,0.07306010059965203,0.07330010059965203,0.00024,0.24,25
vw_gr_top_n_25,2024-04-30,-0.032437957912899995,-0.032277957912899995,0.00016000000000000004,0.16000000000000003,25
vw_gr_top_n_25,2024-05-31,0.118023844817304,0.11822384481730401,0.00019999999999999996,0.19999999999999996,25
vw_gr_top_n_25,2024-06-30,0.01958787764851893,0.01982787764851893,0.00024,0.24,25
vw_gr_top_n_25,2024-07-31,0.01442560786550627,0.014625607865506271,0.00019999999999999996,0.19999999999999996,25
vw_gr_top_n_25,2024-08-31,-0.024666139600859536,-0.024546139600859537,0.00012,0.12,25
vw_gr_top_n_25,2024-09-30,0.044060817973311274,0.044380817973311275,0.0003199999999999999,0.31999999999999995,25
vw_gr_top_n_25,2024-10-31,-0.027902323960808773,-0.027742323960808772,0.00016000000000000004,0.16000000000000003,25
vw_gr_top_n_25,2024-11-30,0.0602381290620089,0.0604381290620089,0.00019999999999999996,0.19999999999999996,24
vw_gr_top_n_25,2024-12-31,-0.05303326682695402,-0.05267326682695402,0.00035999999999999997,0.36,24
vw_gr_top_n_25,2025-01-31,0.0015847073525105512,0.001784707352510551,0.00019999999999999996,0.19999999999999996,25
vw_gr_top_n_25,2025-02-28,-0.026543392992505053,-0.026423392992505054,0.00012,0.12,24
vw_gr_top_n_25,2025-03-31,0.003718289740430035,0.003918289740430035,0.00019999999999999996,0.19999999999999996,24
vw_gr_top_n_25,2025-04-30,-0.029480837002176893,-0.029040837002176894,0.00043999999999999996,0.43999999999999995,24
vw_gr_top_n_25,2025-05-31,0.04362294364608074,0.04382294364608074,0.00019999999999999996,0.19999999999999996,25
vw_gr_top_n_25,2025-06-30,0.0014405173548889096,0.0018005173548889097,0.00035999999999999997,0.36,25
vw_gr_top_n_25,2025-07-31,0.026581285587354515,0.026781285587354514,0.00019999999999999996,0.19999999999999996,25
vw_gr_top_n_25,2025-08-31,0.07197727409426616,0.07205727409426615,7.999999999999997e-05,0.07999999999999996,25
vw_gr_top_n_25,2025-09-30,0.03208831314194685,0.03236831314194685,0.00028000000000000003,0.28,25
vw_gr_top_n_25,2025-10-31,-0.028440506331969418,-0.028280506331969418,0.00016000000000000004,0.16000000000000003,25
vw_gr_top_n_25,2025-11-30,0.05074800528065374,0.05082800528065374,7.999999999999997e-05,0.07999999999999996,25
vw_gr_top_n_25,2025-12-31,0.02030370261288706,0.02062370261288706,0.0003199999999999999,0.31999999999999995,25
vw_gr_top_n_25,2026-01-31,0.08167047850777918,0.08183047850777918,0.00016000000000000004,0.16000000000000003,25
vw_gr_top_n_25,2026-02-28,0.055167049945136534,0.055327049945136535,0.00016000000000000004,0.16000000000000003,25
vw_gr_top_n_25,2026-03-31,-0.051674447094631065,-0.05159444709463107,7.999999999999997e-05,0.07999999999999996,25
vw_gr_top_n_25,2026-04-30,0.10519747026440478,0.10547747026440478,0.00028000000000000003,0.28,25
vw_gr_top_n_25,2026-05-31,-0.004296008960697576,-0.004136008960697575,0.00016000000000000004,0.16000000000000003,25
vw_xgb_gr_top_pct_20,2008-11-30,0.028320987654321006,0.029320987654321007,0.001,1.0,1
vw_xgb_gr_top_pct_20,2008-12-31,0.07196401799100438,0.07196401799100438,0.0,0.0,1
vw_xgb_gr_top_pct_20,2009-01-31,-0.12494172494172495,-0.12494172494172495,0.0,0.0,1
vw_xgb_gr_top_pct_20,2009-02-28,-0.008597912004735253,-0.008597912004735253,0.0,0.0,1
vw_xgb_gr_top_pct_20,2009-03-31,0.22460186710598573,0.22460186710598573,0.0,0.0,1
vw_xgb_gr_top_pct_20,2009-04-30,0.07937219730941703,0.07937219730941703,0.0,0.0,1
vw_xgb_gr_top_pct_20,2009-05-31,0.16825924387204005,0.16825924387204005,0.0,0.0,1
vw_xgb_gr_top_pct_20,2009-06-30,-0.026849217638691414,-0.026849217638691414,0.0,0.0,1
vw_xgb_gr_top_pct_20,2009-07-31,0.0752651859472565,0.0757651859472565,0.0005,0.5,2
vw_xgb_gr_top_pct_20,2009-08-31,0.027921913099233888,0.028255246432567223,0.00033333333333333343,0.33333333333333337,3
vw_xgb_gr_top_pct_20,2009-09-30,0.06879486697760881,0.0695948669776088,0.0008,0.8,5
vw_xgb_gr_top_pct_20,2009-10-31,0.03289987374818285,0.03339987374818285,0.0005,0.5,5
vw_xgb_gr_top_pct_20,2009-11-30,0.09265177664107815,0.09331844330774482,0.0006666666666666669,0.6666666666666667,9
vw_xgb_gr_top_pct_20,2009-12-31,0.01668135543397433,0.017348022100640997,0.0006666666666666669,0.6666666666666667,15
vw_xgb_gr_top_pct_20,2010-01-31,-0.0189646569015445,-0.01859623584891292,0.000368421052631579,0.368421052631579,19
vw_xgb_gr_top_pct_20,2010-02-28,0.0488198704120848,0.0491198704120848,0.0003000000000000001,0.30000000000000004,20
vw_xgb_gr_top_pct_20,2010-03-31,0.05113020187147805,0.05167858896825224,0.0005483870967741935,0.5483870967741935,30
vw_xgb_gr_top_pct_20,2010-04-30,0.02589080129014069,0.026498644427395593,0.000607843137254902,0.607843137254902,50
vw_xgb_gr_top_pct_20,2010-05-31,-0.07095443012030697,-0.07076212242799929,0.0001923076923076923,0.1923076923076923,52
vw_xgb_gr_top_pct_20,2010-06-30,-0.057195990666314485,-0.05688117585149967,0.0003148148148148148,0.31481481481481477,52
vw_xgb_gr_top_pct_20,2010-07-31,0.06882747466842673,0.06914228948324154,0.0003148148148148148,0.31481481481481477,53
vw_xgb_gr_top_pct_20,2010-08-31,-0.0446051828478549,-0.044350637393309446,0.0002545454545454545,0.2545454545454545,54
vw_xgb_gr_top_pct_20,2010-09-30,0.09588725697627182,0.09621452970354455,0.00032727272727272726,0.32727272727272727,55
vw_xgb_gr_top_pct_20,2010-10-31,0.048158717236942365,0.04852235360057873,0.00036363636363636367,0.36363636363636365,55
vw_xgb_gr_top_pct_20,2010-11-30,-0.005093032704195226,-0.0049175941077039985,0.00017543859649122806,0.17543859649122806,57
vw_xgb_gr_top_pct_20,2010-12-31,0.05451678602348269,0.05489383520381056,0.00037704918032786886,0.3770491803278688,61
vw_xgb_gr_top_pct_20,2011-01-31,0.02230926598132635,0.02253148820354857,0.00022222222222222223,0.2222222222222222,63
vw_xgb_gr_top_pct_20,2011-02-28,0.023574833984473874,0.023701818111458002,0.00012698412698412698,0.12698412698412698,63
vw_xgb_gr_top_pct_20,2011-03-31,0.0267937339198105,0.02695791302428811,0.00016417910447761197,0.16417910447761197,67
vw_xgb_gr_top_pct_20,2011-04-30,0.036461905773340506,0.036785435185105214,0.00032352941176470585,0.32352941176470584,67
vw_xgb_gr_top_pct_20,2011-05-31,-0.005663545762740026,-0.005306402905597169,0.00035714285714285714,0.3571428571428571,68
vw_xgb_gr_top_pct_20,2011-06-30,-0.01416869574105654,-0.013901090107253723,0.0002676056338028169,0.2676056338028169,71
vw_xgb_gr_top_pct_20,2011-07-31,-0.029814125333679106,-0.029518350685791783,0.000295774647887324,0.295774647887324,68
vw_xgb_gr_top_pct_20,2011-08-31,-0.030869503283214746,-0.03065521756892903,0.00021428571428571433,0.2142857142857143,68
vw_xgb_gr_top_pct_20,2011-09-30,-0.0685766500168847,-0.06829887223910693,0.0002777777777777778,0.2777777777777778,67
vw_xgb_gr_top_pct_20,2011-10-31,0.13466175476350745,0.1349805953432176,0.00031884057971014494,0.3188405797101449,68
vw_xgb_gr_top_pct_20,2011-11-30,0.018361664762685168,0.01858388698490739,0.00022222222222222223,0.2222222222222222,71
vw_xgb_gr_top_pct_20,2011-12-31,0.009926649729883264,0.01023220528543882,0.0003055555555555556,0.3055555555555556,72
vw_xgb_gr_top_pct_20,2012-01-31,0.057888756964127,0.05803944189563385,0.00015068493150684938,0.15068493150684936,72
vw_xgb_gr_top_pct_20,2012-02-29,0.03236276701015415,0.03254943367682082,0.00018666666666666666,0.18666666666666665,74
vw_xgb_gr_top_pct_20,2012-03-31,0.006606066617779116,0.006921856091463326,0.00031578947368421053,0.3157894736842105,76
vw_xgb_gr_top_pct_20,2012-04-30,0.013144915726921674,0.01336859993744799,0.00022368421052631584,0.22368421052631582,74
vw_xgb_gr_top_pct_20,2012-05-31,-0.0393289724523156,-0.03910230578564893,0.00022666666666666668,0.22666666666666668,75
vw_xgb_gr_top_pct_20,2012-06-30,0.04209044974287833,0.042445712900773064,0.0003552631578947368,0.35526315789473684,76
vw_xgb_gr_top_pct_20,2012-07-31,0.009987620569629728,0.010254287236296395,0.00026666666666666673,0.2666666666666667,74
vw_xgb_gr_top_pct_20,2012-08-31,0.005050971620715703,0.005172593242337325,0.0001216216216216216,0.1216216216216216,72
vw_xgb_gr_top_pct_20,2012-09-30,0.026783754724273533,0.02710319916871798,0.0003194444444444444,0.3194444444444444,71
vw_xgb_gr_top_pct_20,2012-10-31,-0.006457112388728775,-0.006183139785989049,0.000273972602739726,0.273972602739726,71
vw_xgb_gr_top_pct_20,2012-11-30,0.0012601274282535917,0.0014793055104453724,0.00021917808219178083,0.2191780821917808,73
vw_xgb_gr_top_pct_20,2012-12-31,0.013738037302880831,0.014062361627205157,0.00032432432432432436,0.32432432432432434,74
vw_xgb_gr_top_pct_20,2013-01-31,0.06109407494088403,0.06141407494088403,0.0003199999999999999,0.31999999999999995,75
vw_xgb_gr_top_pct_20,2013-02-28,0.01627235104887712,0.016439017715543784,0.00016666666666666663,0.16666666666666663,78
vw_xgb_gr_top_pct_20,2013-03-31,0.04280372314285278,0.043044229471966705,0.00024050632911392402,0.240506329113924,78
vw_xgb_gr_top_pct_20,2013-04-30,0.02394893943728898,0.024346375334724876,0.0003974358974358975,0.39743589743589747,76
vw_xgb_gr_top_pct_20,2013-05-31,0.014933688703610651,0.015138816908738856,0.0002051282051282052,0.20512820512820518,74
vw_xgb_gr_top_pct_20,2013-06-30,-0.01241911729826731,-0.01202671223497617,0.0003924050632911392,0.3924050632911392,74
vw_xgb_gr_top_pct_20,2013-07-31,0.05337288720458067,0.05372731758432751,0.00035443037974683546,0.35443037974683544,79
vw_xgb_gr_top_pct_20,2013-08-31,-0.0259181718964489,-0.025757678069288407,0.00016049382716049388,0.16049382716049387,79
vw_xgb_gr_top_pct_20,2013-09-30,0.03435716048740478,0.03464829972791111,0.00029113924050632915,0.2911392405063291,79
vw_xgb_gr_top_pct_20,2013-10-31,0.044558264663528704,0.04469750516985782,0.0001392405063291139,0.1392405063291139,78
vw_xgb_gr_top_pct_20,2013-11-30,0.021237487330085434,0.021466402992736035,0.00022891566265060239,0.22891566265060237,82
vw_xgb_gr_top_pct_20,2013-12-31,0.03003929894513886,0.030336917992757905,0.0002976190476190477,0.29761904761904767,80
vw_xgb_gr_top_pct_20,2014-01-31,-0.029240647957195356,-0.02893476560425418,0.0003058823529411765,0.3058823529411765,81
vw_xgb_gr_top_pct_20,2014-02-28,0.05303228170317957,0.05319507240085399,0.00016279069767441857,0.16279069767441856,86
vw_xgb_gr_top_pct_20,2014-03-31,0.020729108951007394,0.021043715692580428,0.0003146067415730337,0.3146067415730337,86
vw_xgb_gr_top_pct_20,2014-04-30,0.012725608946016688,0.013163811193207699,0.0004382022471910112,0.4382022471910112,87
vw_xgb_gr_top_pct_20,2014-05-31,0.010214123105446353,0.010405134341401409,0.0001910112359550562,0.1910112359550562,88
vw_xgb_gr_top_pct_20,2014-06-30,0.028863702932215757,0.029144601808620253,0.0002808988764044944,0.2808988764044944,88
vw_xgb_gr_top_pct_20,2014-07-31,-0.031566241046238605,-0.03139770172039591,0.0001685393258426966,0.1685393258426966,87
vw_xgb_gr_top_pct_20,2014-08-31,0.04928976881689315,0.049434213261337595,0.0001444444444444445,0.1444444444444445,84
vw_xgb_gr_top_pct_20,2014-09-30,-0.022521021767604996,-0.02225965813124136,0.00026136363636363634,0.26136363636363635,87
vw_xgb_gr_top_pct_20,2014-10-31,0.024490154690174064,0.024637881962901335,0.0001477272727272727,0.1477272727272727,87
vw_xgb_gr_top_pct_20,2014-11-30,0.034244844686860995,0.034427640385785725,0.00018279569892473113,0.18279569892473113,91
vw_xgb_gr_top_pct_20,2014-12-31,0.00829297928518467,0.008521240154749888,0.0002282608695652174,0.2282608695652174,91
vw_xgb_gr_top_pct_20,2015-01-31,-0.02647332693590245,-0.026252274304323503,0.0002210526315789474,0.2210526315789474,91
vw_xgb_gr_top_pct_20,2015-02-28,0.05207623950322416,0.05230540616989083,0.0002291666666666666,0.22916666666666663,95
vw_xgb_gr_top_pct_20,2015-03-31,-0.010674097063402806,-0.010478220774743013,0.0001958762886597938,0.19587628865979378,96
vw_xgb_gr_top_pct_20,2015-04-30,0.010386532009408592,0.010752868643071959,0.00036633663366336634,0.36633663366336633,100
vw_xgb_gr_top_pct_20,2015-05-31,0.003849028921956276,0.004146058624926573,0.0002970297029702971,0.29702970297029707,101
vw_xgb_gr_top_pct_20,2015-06-30,-0.023837829575886017,-0.023585304323360763,0.0002525252525252525,0.2525252525252525,97
vw_xgb_gr_top_pct_20,2015-07-31,0.014310861437858289,0.01446237658937344,0.0001515151515151515,0.1515151515151515,97
vw_xgb_gr_top_pct_20,2015-08-31,-0.050795017649657645,-0.050475017649657644,0.0003199999999999999,0.31999999999999995,95
vw_xgb_gr_top_pct_20,2015-09-30,-0.04135396238181962,-0.0411317401595974,0.00022222222222222223,0.2222222222222222,97
vw_xgb_gr_top_pct_20,2015-10-31,0.06208537538890445,0.06219762028686363,0.00011224489795918369,0.11224489795918369,98
vw_xgb_gr_top_pct_20,2015-11-30,0.0017400517454417628,0.0018814658868559042,0.00014141414141414144,0.14141414141414144,97
vw_xgb_gr_top_pct_20,2015-12-31,-0.025559755912238264,-0.025256725609207963,0.000303030303030303,0.303030303030303,93
vw_xgb_gr_top_pct_20,2016-01-31,-0.04266450744033573,-0.042509868265078,0.00015463917525773197,0.15463917525773196,96
vw_xgb_gr_top_pct_20,2016-02-29,0.055978512021811026,0.05615559535514436,0.00017708333333333337,0.17708333333333337,94
vw_xgb_gr_top_pct_20,2016-03-31,0.0946417190457914,0.09500254378805943,0.0003608247422680413,0.3608247422680413,96
vw_xgb_gr_top_pct_20,2016-04-30,-0.0037690143019877696,-0.0035547285877020555,0.00021428571428571433,0.2142857142857143,96
vw_xgb_gr_top_pct_20,2016-05-31,0.004183003979252966,0.004376881530273375,0.00019387755102040816,0.19387755102040816,98
vw_xgb_gr_top_pct_20,2016-06-30,-0.004717619822033432,-0.0044421096179518,0.00027551020408163264,0.2755102040816326,95
vw_xgb_gr_top_pct_20,2016-07-31,0.0616444496290319,0.06176816096923809,0.00012371134020618558,0.12371134020618557,97
vw_xgb_gr_top_pct_20,2016-08-31,0.0071379406261269165,0.007299556787743078,0.00016161616161616168,0.16161616161616166,98
vw_xgb_gr_top_pct_20,2016-09-30,0.0139773711748075,0.014254598897579778,0.00027722772277227726,0.27722772277227725,101
vw_xgb_gr_top_pct_20,2016-10-31,-0.017435128201822032,-0.017207405429544805,0.0002277227722772277,0.2277227722772277,100
vw_xgb_gr_top_pct_20,2016-11-30,0.07361723165979964,0.07378723165979964,0.00017000000000000004,0.17000000000000004,100
vw_xgb_gr_top_pct_20,2016-12-31,0.025767598911366804,0.02605731853753503,0.00028971962616822434,0.28971962616822433,107
vw_xgb_gr_top_pct_20,2017-01-31,0.023403443894014848,0.02366949893988641,0.0002660550458715596,0.2660550458715596,108
vw_xgb_gr_top_pct_20,2017-02-28,0.02205539359597481,0.02218502322560444,0.00012962962962962966,0.12962962962962965,108
vw_xgb_gr_top_pct_20,2017-03-31,0.005971775923534308,0.0061199240716824565,0.00014814814814814815,0.14814814814814814,106
vw_xgb_gr_top_pct_20,2017-04-30,0.006007390561544905,0.006306455982105653,0.00029906542056074774,0.2990654205607477,106
vw_xgb_gr_top_pct_20,2017-05-31,-0.006515541608887721,-0.0062953581226491894,0.00022018348623853212,0.22018348623853212,107
vw_xgb_gr_top_pct_20,2017-06-30,0.006775746496770516,0.0070720427930668125,0.0002962962962962963,0.2962962962962963,105
vw_xgb_gr_top_pct_20,2017-07-31,0.01644826718719721,0.01659641533534536,0.00014814814814814815,0.14814814814814814,107
vw_xgb_gr_top_pct_20,2017-08-31,-0.009129679951088989,-0.008961455652023569,0.0001682242990654206,0.16822429906542058,107
vw_xgb_gr_top_pct_20,2017-09-30,0.04568357576180643,0.04597987205810272,0.0002962962962962963,0.2962962962962963,108
vw_xgb_gr_top_pct_20,2017-10-31,0.013936246699966228,0.014136246699966229,0.00019999999999999996,0.19999999999999996,109
vw_xgb_gr_top_pct_20,2017-11-30,0.04916041441999644,0.04935861261819464,0.00019819819819819818,0.19819819819819817,110
vw_xgb_gr_top_pct_20,2017-12-31,0.023312389946020192,0.023654732288362533,0.00034234234234234234,0.3423423423423423,111
vw_xgb_gr_top_pct_20,2018-01-31,0.036798237654640305,0.03701252336892602,0.00021428571428571433,0.2142857142857143,111
vw_xgb_gr_top_pct_20,2018-02-28,-0.03656361002847409,-0.03641316755059798,0.0001504424778761062,0.1504424778761062,111
vw_xgb_gr_top_pct_20,2018-03-31,-0.008914872131861647,-0.008758350392731212,0.00015652173913043477,0.15652173913043477,114
vw_xgb_gr_top_pct_20,2018-04-30,0.004477931098954101,0.004774541268445626,0.00029661016949152546,0.2966101694915254,114
vw_xgb_gr_top_pct_20,2018-05-31,0.03413359889443976,0.034323254066853555,0.00018965517241379315,0.18965517241379315,115
vw_xgb_gr_top_pct_20,2018-06-30,0.020265418096172137,0.02051965538430773,0.0002542372881355932,0.2542372881355932,116
vw_xgb_gr_top_pct_20,2018-07-31,0.028872767208814404,0.02908285124242785,0.00021008403361344544,0.2100840336134454,119
vw_xgb_gr_top_pct_20,2018-08-31,0.01920126977023371,0.019359603103567043,0.00015833333333333332,0.15833333333333333,117
vw_xgb_gr_top_pct_20,2018-09-30,-0.016840695465853196,-0.016571787902827987,0.00026890756302521015,0.26890756302521013,116
vw_xgb_gr_top_pct_20,2018-10-31,-0.06962903035504524,-0.06944258967707914,0.00018644067796610165,0.18644067796610164,115
vw_xgb_gr_top_pct_20,2018-11-30,0.03969854283820811,0.039863760229512456,0.0001652173913043479,0.16521739130434787,115
vw_xgb_gr_top_pct_20,2018-12-31,-0.09712191378418451,-0.09688661966653746,0.00023529411764705888,0.23529411764705888,115
vw_xgb_gr_top_pct_20,2019-01-31,0.12167023287286426,0.12184264666596771,0.0001724137931034483,0.1724137931034483,115
vw_xgb_gr_top_pct_20,2019-02-28,0.0163751534419616,0.01653617039111414,0.0001610169491525424,0.1610169491525424,116
vw_xgb_gr_top_pct_20,2019-03-31,-0.006955859796687052,-0.006820266576348069,0.00013559322033898302,0.13559322033898302,118
vw_xgb_gr_top_pct_20,2019-04-30,0.055293058879826856,0.0557375033242713,0.00044444444444444447,0.4444444444444444,116
vw_xgb_gr_top_pct_20,2019-05-31,-0.10339928207479625,-0.10323688891240308,0.00016239316239316238,0.16239316239316237,114
vw_xgb_gr_top_pct_20,2019-06-30,0.09454587652701797,0.09483897997529384,0.00029310344827586214,0.2931034482758621,115
vw_xgb_gr_top_pct_20,2019-07-31,0.016319179426689822,0.01652086009895873,0.00020168067226890751,0.2016806722689075,117
vw_xgb_gr_top_pct_20,2019-08-31,-0.054840951779672215,-0.05470045591190362,0.00014049586776859502,0.14049586776859502,119
vw_xgb_gr_top_pct_20,2019-09-30,0.05791893887311627,0.05822145988151963,0.0003025210084033614,0.3025210084033614,118
vw_xgb_gr_top_pct_20,2019-10-31,0.0076180271265305,0.007859693793197167,0.0002416666666666667,0.2416666666666667,118
vw_xgb_gr_top_pct_20,2019-11-30,0.025395398776580737,0.025537065443247405,0.00014166666666666673,0.14166666666666672,117
vw_xgb_gr_top_pct_20,2019-12-31,0.03738436609026852,0.037692058397960825,0.0003076923076923077,0.3076923076923077,116
vw_xgb_gr_top_pct_20,2020-01-31,-0.05222523566172252,-0.05196252379731574,0.00026271186440677966,0.2627118644067796,117
vw_xgb_gr_top_pct_20,2020-02-29,-0.08857710668283157,-0.08846693719130615,0.00011016949152542378,0.11016949152542377,112
vw_xgb_gr_top_pct_20,2020-03-31,-0.19796396928577406,-0.1977075590293638,0.0002564102564102564,0.2564102564102564,103
vw_xgb_gr_top_pct_20,2020-04-30,0.15273287541294198,0.1530096611272277,0.00027678571428571433,0.2767857142857143,112
vw_xgb_gr_top_pct_20,2020-05-31,0.053662904482311376,0.053893673713080605,0.00023076923076923076,0.23076923076923073,117
vw_xgb_gr_top_pct_20,2020-06-30,0.020144360539996176,0.02055664124175056,0.000412280701754386,0.4122807017543859,112
vw_xgb_gr_top_pct_20,2020-07-31,0.053361663507654915,0.053624821402391755,0.00026315789473684215,0.26315789473684215,111
vw_xgb_gr_top_pct_20,2020-08-31,0.056921669631488,0.0571497398069266,0.00022807017543859654,0.22807017543859653,113
vw_xgb_gr_top_pct_20,2020-09-30,-0.032179885037554985,-0.031867385037554985,0.0003125,0.3125,111
vw_xgb_gr_top_pct_20,2020-10-31,0.002774898158327419,0.003051683872613133,0.00027678571428571433,0.2767857142857143,109
vw_xgb_gr_top_pct_20,2020-11-30,0.15321198283447268,0.15340841140590125,0.0001964285714285714,0.1964285714285714,110
vw_xgb_gr_top_pct_20,2020-12-31,0.04841568299600394,0.04879287597846008,0.00037719298245614036,0.3771929824561403,114
vw_xgb_gr_top_pct_20,2021-01-31,0.005125124636954788,0.0053772985499982665,0.00025217391304347824,0.25217391304347825,115
vw_xgb_gr_top_pct_20,2021-02-28,0.05904507274039036,0.05921601291133053,0.00017094017094017089,0.1709401709401709,115
vw_xgb_gr_top_pct_20,2021-03-31,0.09099908662133696,0.09114438576663611,0.00014529914529914535,0.14529914529914534,117
vw_xgb_gr_top_pct_20,2021-04-30,0.03316152253473975,0.033610675077112635,0.00044915254237288144,0.4491525423728814,116
vw_xgb_gr_top_pct_20,2021-05-31,0.029345225199229188,0.029574038758551222,0.00022881355932203383,0.22881355932203384,117
vw_xgb_gr_top_pct_20,2021-06-30,-0.022790088476388262,-0.022492567815231238,0.0002975206611570248,0.2975206611570248,121
vw_xgb_gr_top_pct_20,2021-07-31,0.007998700040036676,0.008177561828654563,0.00017886178861788616,0.17886178861788615,123
vw_xgb_gr_top_pct_20,2021-08-31,0.016077327088662368,0.0162002779083345,0.00012295081967213117,0.12295081967213117,118
vw_xgb_gr_top_pct_20,2021-09-30,-0.03753082117240976,-0.0372163050433775,0.0003145161290322581,0.3145161290322581,122
vw_xgb_gr_top_pct_20,2021-10-31,0.05645848222100855,0.05661048222100855,0.00015200000000000004,0.15200000000000002,125
vw_xgb_gr_top_pct_20,2021-11-30,-0.010805487649215975,-0.010700648939538556,0.00010483870967741937,0.10483870967741937,123
vw_xgb_gr_top_pct_20,2021-12-31,0.07574869130143702,0.07607408812683385,0.00032539682539682536,0.32539682539682535,125
vw_xgb_gr_top_pct_20,2022-01-31,-0.045787580606873886,-0.045622226276165224,0.00016535433070866145,0.16535433070866146,125
vw_xgb_gr_top_pct_20,2022-02-28,0.014567435995223752,0.014718229646017404,0.00015079365079365083,0.1507936507936508,126
vw_xgb_gr_top_pct_20,2022-03-31,0.017180217080467297,0.017447933615900368,0.00026771653543307086,0.26771653543307083,125
vw_xgb_gr_top_pct_20,2022-04-30,-0.041729518988016696,-0.04134670648801669,0.0003828125,0.3828125,126
vw_xgb_gr_top_pct_20,2022-05-31,0.04028448627901416,0.04051104877901416,0.0002265625,0.2265625,126
vw_xgb_gr_top_pct_20,2022-06-30,-0.09656584124266172,-0.0962170040333594,0.00034883720930232553,0.34883720930232553,123
vw_xgb_gr_top_pct_20,2022-07-31,0.1032785858737554,0.1034849350801046,0.00020634920634920642,0.2063492063492064,125
vw_xgb_gr_top_pct_20,2022-08-31,-0.032210543757725536,-0.03203085625772554,0.0001796875,0.1796875,124
vw_xgb_gr_top_pct_20,2022-09-30,-0.09711275526233706,-0.09677148542106723,0.00034126984126984133,0.3412698412698413,121
vw_xgb_gr_top_pct_20,2022-10-31,0.09843700529965282,0.09863861820287863,0.0002016129032258065,0.2016129032258065,124
vw_xgb_gr_top_pct_20,2022-11-30,0.09882120244033891,0.09901017881829167,0.0001889763779527559,0.1889763779527559,124
vw_xgb_gr_top_pct_20,2022-12-31,-0.054756550958080207,-0.054423217624746875,0.00033333333333333343,0.33333333333333337,123
vw_xgb_gr_top_pct_20,2023-01-31,0.10802243746685712,0.10818910413352378,0.00016666666666666663,0.16666666666666663,125
vw_xgb_gr_top_pct_20,2023-02-28,-0.023303763102819546,-0.023091164677622695,0.00021259842519685037,0.21259842519685035,124
vw_xgb_gr_top_pct_20,2023-03-31,0.0027765405478073525,0.0029182728312719193,0.00014173228346456691,0.1417322834645669,125
vw_xgb_gr_top_pct_20,2023-04-30,-0.011395947253214361,-0.01101610229197405,0.0003798449612403101,0.3798449612403101,126
vw_xgb_gr_top_pct_20,2023-05-31,-0.013954147342116377,-0.013799108582426455,0.00015503875968992254,0.15503875968992253,123
vw_xgb_gr_top_pct_20,2023-06-30,0.06616031634798256,0.06645952894640775,0.00029921259842519685,0.2992125984251969,125
vw_xgb_gr_top_pct_20,2023-07-31,0.06149658479492457,0.061767902624381935,0.00027131782945736437,0.2713178294573644,128
vw_xgb_gr_top_pct_20,2023-08-31,-0.022403376348137116,-0.02227159340240068,0.00013178294573643412,0.13178294573643412,126
vw_xgb_gr_top_pct_20,2023-09-30,-0.05517235687389147,-0.054787741489276086,0.0003846153846153846,0.3846153846153846,128
vw_xgb_gr_top_pct_20,2023-10-31,-0.042962772790803454,-0.04272431125234191,0.00023846153846153852,0.2384615384615385,125
vw_xgb_gr_top_pct_20,2023-11-30,0.06803227332548771,0.06821688871010309,0.00018461538461538463,0.18461538461538463,130
vw_xgb_gr_top_pct_20,2023-12-31,0.08387271736600514,0.08421622881638682,0.00034351145038167945,0.3435114503816794,128
vw_xgb_gr_top_pct_20,2024-01-31,-0.02728826765446023,-0.0270079646241572,0.0002803030303030303,0.2803030303030303,129
vw_xgb_gr_top_pct_20,2024-02-29,0.048462209552398605,0.04860724772033754,0.00014503816793893132,0.14503816793893132,129
vw_xgb_gr_top_pct_20,2024-03-31,0.06641831988107569,0.06675666574573734,0.00033834586466165417,0.33834586466165417,133
vw_xgb_gr_top_pct_20,2024-04-30,-0.03959844277069545,-0.039363594285846966,0.00023484848484848489,0.23484848484848486,129
vw_xgb_gr_top_pct_20,2024-05-31,0.03935657727152011,0.03952580804075088,0.0001692307692307692,0.16923076923076918,130
vw_xgb_gr_top_pct_20,2024-06-30,-0.015850370034517183,-0.015557136951810416,0.000293233082706767,0.29323308270676696,131
vw_xgb_gr_top_pct_20,2024-07-31,0.05499517491713651,0.05512950327534547,0.00013432835820895527,0.13432835820895528,133
vw_xgb_gr_top_pct_20,2024-08-31,-0.01317528450537177,-0.013020872740665887,0.00015441176470588238,0.15441176470588236,134
vw_xgb_gr_top_pct_20,2024-09-30,0.013144906346889734,0.013463424865408252,0.00031851851851851854,0.31851851851851853,133
vw_xgb_gr_top_pct_20,2024-10-31,-0.019421954658984757,-0.01921454725157735,0.00020740740740740737,0.20740740740740737,134
vw_xgb_gr_top_pct_20,2024-11-30,0.07879055142764167,0.07895966907470049,0.0001691176470588235,0.16911764705882348,134
vw_xgb_gr_top_pct_20,2024-12-31,-0.06952428827083679,-0.06922578080815021,0.00029850746268656717,0.29850746268656714,132
vw_xgb_gr_top_pct_20,2025-01-31,0.031228296068284832,0.0314223259190311,0.00019402985074626867,0.19402985074626866,132
vw_xgb_gr_top_pct_20,2025-02-28,-0.03551237790425653,-0.0353864519783306,0.0001259259259259259,0.12592592592592589,129
vw_xgb_gr_top_pct_20,2025-03-31,-0.03255997662121349,-0.032418185576437365,0.0001417910447761194,0.14179104477611937,130
vw_xgb_gr_top_pct_20,2025-04-30,-0.051825265379337834,-0.05145121957781112,0.00037404580152671754,0.3740458015267175,130
vw_xgb_gr_top_pct_20,2025-05-31,0.049331548228766835,0.04949063913785774,0.00015909090909090907,0.15909090909090906,132
vw_xgb_gr_top_pct_20,2025-06-30,0.028006711822069593,0.028289154570161196,0.0002824427480916031,0.2824427480916031,131
vw_xgb_gr_top_pct_20,2025-07-31,0.021093434994973646,0.0213322409651229,0.00023880597014925377,0.23880597014925375,131
vw_xgb_gr_top_pct_20,2025-08-31,0.061092678806718884,0.06127924597089799,0.00018656716417910448,0.18656716417910446,134
vw_xgb_gr_top_pct_20,2025-09-30,-0.0035214172078113005,-0.003227299560752477,0.00029411764705882345,0.2941176470588235,134
vw_xgb_gr_top_pct_20,2025-10-31,-0.022212567224387147,-0.022043449577328324,0.0001691176470588235,0.16911764705882348,135
vw_xgb_gr_top_pct_20,2025-11-30,0.016812342195823612,0.016981459842882435,0.0001691176470588235,0.16911764705882348,136
vw_xgb_gr_top_pct_20,2025-12-31,0.015082147900940328,0.015390971430352092,0.00030882352941176476,0.3088235294117647,135
vw_xgb_gr_top_pct_20,2026-01-31,0.07884346265529625,0.07902728618470801,0.00018382352941176473,0.18382352941176472,136
vw_xgb_gr_top_pct_20,2026-02-28,0.051964748047638454,0.052097100988814926,0.00013235294117647058,0.13235294117647056,135
vw_xgb_gr_top_pct_20,2026-03-31,-0.036906705627269346,-0.036754531714225866,0.00015217391304347827,0.15217391304347827,137
vw_xgb_gr_top_pct_20,2026-04-30,0.07226248178892343,0.07257786640430805,0.0003153846153846154,0.3153846153846154,130
vw_xgb_gr_top_pct_20,2026-05-31,-0.010676152621101666,-0.010471607166556212,0.0002045454545454546,0.20454545454545459,131
vw_xgb_gr_top_pct_10,2008-11-30,0.028320987654321006,0.029320987654321007,0.001,1.0,1
vw_xgb_gr_top_pct_10,2008-12-31,0.07196401799100438,0.07196401799100438,0.0,0.0,1
vw_xgb_gr_top_pct_10,2009-01-31,-0.12494172494172495,-0.12494172494172495,0.0,0.0,1
vw_xgb_gr_top_pct_10,2009-02-28,-0.008597912004735253,-0.008597912004735253,0.0,0.0,1
vw_xgb_gr_top_pct_10,2009-03-31,0.22460186710598573,0.22460186710598573,0.0,0.0,1
vw_xgb_gr_top_pct_10,2009-04-30,0.07937219730941703,0.07937219730941703,0.0,0.0,1
vw_xgb_gr_top_pct_10,2009-05-31,0.16825924387204005,0.16825924387204005,0.0,0.0,1
vw_xgb_gr_top_pct_10,2009-06-30,-0.026849217638691414,-0.026849217638691414,0.0,0.0,1
vw_xgb_gr_top_pct_10,2009-07-31,0.15037456605152566,0.15037456605152566,0.0,0.0,1
vw_xgb_gr_top_pct_10,2009-08-31,0.004218017870331211,0.004718017870331211,0.0005,0.5,2
vw_xgb_gr_top_pct_10,2009-09-30,0.09969544569515627,0.10036211236182294,0.0006666666666666669,0.6666666666666667,3
vw_xgb_gr_top_pct_10,2009-10-31,0.0018958313746702555,0.0023958313746702555,0.0005,0.5,3
vw_xgb_gr_top_pct_10,2009-11-30,0.11287453296223418,0.11347453296223418,0.0006000000000000001,0.6,5
vw_xgb_gr_top_pct_10,2009-12-31,0.0009422428243804449,0.001567242824380445,0.000625,0.625,8
vw_xgb_gr_top_pct_10,2010-01-31,-0.0016763361810850153,-0.0012763361810850153,0.0004,0.4,10
vw_xgb_gr_top_pct_10,2010-02-28,0.044974929024098255,0.04527492902409826,0.0003000000000000001,0.30000000000000004,10
vw_xgb_gr_top_pct_10,2010-03-31,0.05385499784337045,0.05441749784337045,0.0005625000000000001,0.5625,16
vw_xgb_gr_top_pct_10,2010-04-30,0.030760984919480098,0.03141483107332625,0.0006538461538461538,0.6538461538461539,25
vw_xgb_gr_top_pct_10,2010-05-31,-0.07424641567595158,-0.07397718490672081,0.0002692307692307693,0.2692307692307693,26
vw_xgb_gr_top_pct_10,2010-06-30,-0.05948214656325223,-0.059074739155844824,0.00040740740740740744,0.40740740740740744,26
vw_xgb_gr_top_pct_10,2010-07-31,0.06343955232119033,0.06377288565452367,0.00033333333333333343,0.33333333333333337,26
vw_xgb_gr_top_pct_10,2010-08-31,-0.03619504514492015,-0.03598075943063443,0.00021428571428571433,0.2142857142857143,28
vw_xgb_gr_top_pct_10,2010-09-30,0.09024521245989249,0.09081664103132106,0.0005714285714285714,0.5714285714285714,28
vw_xgb_gr_top_pct_10,2010-10-31,0.03940005600875174,0.03990005600875174,0.0005,0.5,28
vw_xgb_gr_top_pct_10,2010-11-30,-0.007236953470422985,-0.006995574160078157,0.00024137931034482764,0.24137931034482762,29
vw_xgb_gr_top_pct_10,2010-12-31,0.054189911400981054,0.05460926623969073,0.00041935483870967743,0.4193548387096774,31
vw_xgb_gr_top_pct_10,2011-01-31,0.01683467512278404,0.01714717512278404,0.0003125,0.3125,32
vw_xgb_gr_top_pct_10,2011-02-28,0.02119725295755032,0.02141600295755032,0.00021875,0.21875,32
vw_xgb_gr_top_pct_10,2011-03-31,0.03823841322095216,0.03844429557389333,0.00020588235294117656,0.20588235294117652,34
vw_xgb_gr_top_pct_10,2011-04-30,0.03154146420914178,0.0320120524444359,0.00047058823529411766,0.47058823529411764,33
vw_xgb_gr_top_pct_10,2011-05-31,-0.008988075873438223,-0.008616647302009652,0.00037142857142857143,0.37142857142857144,34
vw_xgb_gr_top_pct_10,2011-06-30,-0.021393497707843656,-0.0210879421522881,0.0003055555555555556,0.3055555555555556,36
vw_xgb_gr_top_pct_10,2011-07-31,-0.04534380230716318,-0.0450660245293854,0.0002777777777777778,0.2777777777777778,35
vw_xgb_gr_top_pct_10,2011-08-31,-0.04682705087631136,-0.046655622304882786,0.00017142857142857137,0.17142857142857137,33
vw_xgb_gr_top_pct_10,2011-09-30,-0.06867779321854786,-0.06840001544077008,0.0002777777777777778,0.2777777777777778,35
vw_xgb_gr_top_pct_10,2011-10-31,0.11981514783179587,0.12021514783179586,0.0004,0.4,34
vw_xgb_gr_top_pct_10,2011-11-30,0.02264889642178136,0.022871118644003582,0.00022222222222222223,0.2222222222222222,35
vw_xgb_gr_top_pct_10,2011-12-31,0.012720595653316078,0.01305392898664941,0.00033333333333333343,0.33333333333333337,36
vw_xgb_gr_top_pct_10,2012-01-31,0.04594481655399342,0.04616103277020964,0.00021621621621621624,0.21621621621621623,36
vw_xgb_gr_top_pct_10,2012-02-29,0.02466373038412099,0.024900572489384147,0.00023684210526315788,0.23684210526315785,38
vw_xgb_gr_top_pct_10,2012-03-31,0.009214073893927777,0.009582494946559356,0.000368421052631579,0.368421052631579,38
vw_xgb_gr_top_pct_10,2012-04-30,0.01741587335400179,0.017679031248738635,0.00026315789473684215,0.26315789473684215,37
vw_xgb_gr_top_pct_10,2012-05-31,-0.024584818024219957,-0.024400607497904167,0.0001842105263157895,0.1842105263157895,38
vw_xgb_gr_top_pct_10,2012-06-30,0.037907350554329665,0.03819682423854019,0.00028947368421052634,0.2894736842105263,38
vw_xgb_gr_top_pct_10,2012-07-31,-6.594652190013245e-05,0.00017089558336302543,0.00023684210526315788,0.23684210526315785,37
vw_xgb_gr_top_pct_10,2012-08-31,0.005349677982180019,0.005538867171369208,0.00018918918918918914,0.18918918918918914,36
vw_xgb_gr_top_pct_10,2012-09-30,0.01983785914245343,0.02019897025356454,0.0003611111111111112,0.36111111111111116,36
vw_xgb_gr_top_pct_10,2012-10-31,-0.0034883911009669735,-0.003137039749615622,0.00035135135135135135,0.3513513513513513,37
vw_xgb_gr_top_pct_10,2012-11-30,0.0019620269377711034,0.0021782431539873197,0.00021621621621621624,0.21621621621621623,37
vw_xgb_gr_top_pct_10,2012-12-31,0.020530043124364385,0.020908421502742764,0.00037837837837837845,0.3783783783783784,37
vw_xgb_gr_top_pct_10,2013-01-31,0.061141025125389346,0.06150944617802093,0.000368421052631579,0.368421052631579,38
vw_xgb_gr_top_pct_10,2013-02-28,0.007239073385792579,0.007444201590920784,0.0002051282051282052,0.20512820512820518,39
vw_xgb_gr_top_pct_10,2013-03-31,0.04796207605294257,0.04828707605294257,0.000325,0.32499999999999996,39
vw_xgb_gr_top_pct_10,2013-04-30,0.029522420173617673,0.03018908684028434,0.0006666666666666669,0.6666666666666667,37
vw_xgb_gr_top_pct_10,2013-05-31,0.004182222153805638,0.0044642734358569195,0.00028205128205128203,0.28205128205128205,38
vw_xgb_gr_top_pct_10,2013-06-30,-0.002819829178383055,-0.002319829178383055,0.0005,0.5,36
vw_xgb_gr_top_pct_10,2013-07-31,0.061988276194878164,0.062413276194878166,0.00042500000000000003,0.42500000000000004,40
vw_xgb_gr_top_pct_10,2013-08-31,-0.033187787627950244,-0.03301705592063317,0.00017073170731707321,0.1707317073170732,40
vw_xgb_gr_top_pct_10,2013-09-30,0.04489663378768097,0.045296633787680965,0.0004,0.4,40
vw_xgb_gr_top_pct_10,2013-10-31,0.050726520873243704,0.0509265208732437,0.00019999999999999996,0.19999999999999996,40
vw_xgb_gr_top_pct_10,2013-11-30,0.008557571008889354,0.008771856723175068,0.00021428571428571433,0.2142857142857143,41
vw_xgb_gr_top_pct_10,2013-12-31,0.02806944871963206,0.028474210624393963,0.0004047619047619048,0.40476190476190477,40
vw_xgb_gr_top_pct_10,2014-01-31,-0.0348168737151354,-0.03451454813374005,0.00030232558139534885,0.3023255813953488,42
vw_xgb_gr_top_pct_10,2014-02-28,0.057670882582015075,0.057856929093642984,0.000186046511627907,0.18604651162790697,43
vw_xgb_gr_top_pct_10,2014-03-31,0.023620166407401694,0.02390905529629058,0.0002888888888888889,0.28888888888888886,45
vw_xgb_gr_top_pct_10,2014-04-30,0.02525027048964081,0.025739159378529698,0.000488888888888889,0.48888888888888893,43
vw_xgb_gr_top_pct_10,2014-05-31,0.01429596346045144,0.014562630127118106,0.00026666666666666673,0.2666666666666667,44
vw_xgb_gr_top_pct_10,2014-06-30,0.03384589393994433,0.034179227273277664,0.00033333333333333343,0.33333333333333337,45
vw_xgb_gr_top_pct_10,2014-07-31,-0.03391602213303654,-0.03376046657748098,0.00015555555555555556,0.15555555555555556,45
vw_xgb_gr_top_pct_10,2014-08-31,0.05106472096271971,0.05128694318494193,0.00022222222222222223,0.2222222222222222,42
vw_xgb_gr_top_pct_10,2014-09-30,-0.02074919416880224,-0.020385557805165877,0.00036363636363636367,0.36363636363636365,44
vw_xgb_gr_top_pct_10,2014-10-31,0.028224103924883788,0.028451376652156517,0.0002272727272727273,0.2272727272727273,44
vw_xgb_gr_top_pct_10,2014-11-30,0.039206023063330625,0.039482618808011474,0.00027659574468085103,0.276595744680851,46
vw_xgb_gr_top_pct_10,2014-12-31,0.009320784902161594,0.009668610989118117,0.00034782608695652176,0.34782608695652173,45
vw_xgb_gr_top_pct_10,2015-01-31,-0.0270955162581287,-0.026887182924795364,0.0002083333333333334,0.20833333333333337,48
vw_xgb_gr_top_pct_10,2015-02-28,0.04210476254148563,0.04243809587481896,0.00033333333333333343,0.33333333333333337,47
vw_xgb_gr_top_pct_10,2015-03-31,-0.012470133739505002,-0.01216401129052541,0.0003061224489795919,0.30612244897959184,48
vw_xgb_gr_top_pct_10,2015-04-30,0.010216558100354045,0.010667538492510908,0.0004509803921568628,0.4509803921568627,51
vw_xgb_gr_top_pct_10,2015-05-31,0.009703682048864244,0.010037015382197577,0.00033333333333333343,0.33333333333333337,51
vw_xgb_gr_top_pct_10,2015-06-30,-0.02946863772860752,-0.02910863772860752,0.00035999999999999997,0.36,48
vw_xgb_gr_top_pct_10,2015-07-31,-0.010375886268046709,-0.010215886268046709,0.00016000000000000004,0.16000000000000003,49
vw_xgb_gr_top_pct_10,2015-08-31,-0.053772310072894965,-0.05347231007289496,0.0003000000000000001,0.30000000000000004,47
vw_xgb_gr_top_pct_10,2015-09-30,-0.03958339425345727,-0.03930339425345727,0.00028000000000000003,0.28,50
vw_xgb_gr_top_pct_10,2015-10-31,0.04591933253284164,0.04610300600222939,0.0001836734693877551,0.18367346938775508,49
vw_xgb_gr_top_pct_10,2015-11-30,-0.005251327096030024,-0.0049913270960300245,0.00026000000000000003,0.26,49
vw_xgb_gr_top_pct_10,2015-12-31,-0.017284659065314036,-0.016924659065314037,0.00035999999999999997,0.36,49
vw_xgb_gr_top_pct_10,2016-01-31,-0.04926743005498598,-0.049124572912128836,0.00014285714285714292,0.1428571428571429,49
vw_xgb_gr_top_pct_10,2016-02-29,0.050134071894656754,0.050321571894656754,0.0001875,0.1875,47
vw_xgb_gr_top_pct_10,2016-03-31,0.09890465589988365,0.09935363549172038,0.00044897959183673474,0.44897959183673475,49
vw_xgb_gr_top_pct_10,2016-04-30,-0.0008561093508423599,-0.0006316195549239925,0.00022448979591836737,0.22448979591836737,49
vw_xgb_gr_top_pct_10,2016-05-31,0.008436249156542801,0.00859951446266525,0.00016326530612244895,0.16326530612244894,49
vw_xgb_gr_top_pct_10,2016-06-30,0.0014706241433313366,0.0018787874086374592,0.00040816326530612246,0.40816326530612246,49
vw_xgb_gr_top_pct_10,2016-07-31,0.06600628993340854,0.06625118789259221,0.0002448979591836735,0.24489795918367352,49
vw_xgb_gr_top_pct_10,2016-08-31,-0.0036880542078454393,-0.0034280542078454395,0.00026000000000000003,0.26,50
vw_xgb_gr_top_pct_10,2016-09-30,0.021743301328058212,0.02205702681825429,0.00031372549019607844,0.3137254901960784,51
vw_xgb_gr_top_pct_10,2016-10-31,-0.012329859081252592,-0.012074957120468278,0.00025490196078431374,0.2549019607843137,51
vw_xgb_gr_top_pct_10,2016-11-30,0.06777971075414767,0.06793971075414766,0.00016000000000000004,0.16000000000000003,50
vw_xgb_gr_top_pct_10,2016-12-31,0.03778418801980054,0.03811752135313387,0.00033333333333333343,0.33333333333333337,54
vw_xgb_gr_top_pct_10,2017-01-31,0.023462504999752446,0.02380795954520699,0.0003454545454545455,0.34545454545454546,54
vw_xgb_gr_top_pct_10,2017-02-28,0.018203900683787876,0.018352048831936023,0.00014814814814814815,0.14814814814814814,54
vw_xgb_gr_top_pct_10,2017-03-31,-0.0019711310355291518,-0.001767427331825448,0.00020370370370370372,0.20370370370370372,53
vw_xgb_gr_top_pct_10,2017-04-30,0.008723673050090112,0.009112561938979,0.00038888888888888887,0.38888888888888884,54
vw_xgb_gr_top_pct_10,2017-05-31,-0.01024977848727441,-0.01003159666909259,0.00021818181818181818,0.21818181818181814,54
vw_xgb_gr_top_pct_10,2017-06-30,-0.00546018653884973,-0.0051453717240349155,0.0003148148148148148,0.31481481481481477,52
vw_xgb_gr_top_pct_10,2017-07-31,0.021059566834658025,0.021281789056880246,0.00022222222222222223,0.2222222222222222,53
vw_xgb_gr_top_pct_10,2017-08-31,-0.0056387032827269114,-0.0054535180975417265,0.00018518518518518523,0.18518518518518523,54
vw_xgb_gr_top_pct_10,2017-09-30,0.05101065111892085,0.05139954000780974,0.00038888888888888887,0.38888888888888884,54
vw_xgb_gr_top_pct_10,2017-10-31,0.016288062122397938,0.016542607576943393,0.0002545454545454545,0.2545454545454545,54
vw_xgb_gr_top_pct_10,2017-11-30,0.06410361072565798,0.06430003929708655,0.0001964285714285714,0.1964285714285714,56
vw_xgb_gr_top_pct_10,2017-12-31,0.026071479681844485,0.026428622538987343,0.00035714285714285714,0.3571428571428571,56
vw_xgb_gr_top_pct_10,2018-01-31,0.04175991510498498,0.042045629390699266,0.0002857142857142857,0.2857142857142857,56
vw_xgb_gr_top_pct_10,2018-02-28,-0.019255989101115097,-0.01908055050462387,0.00017543859649122806,0.17543859649122806,57
vw_xgb_gr_top_pct_10,2018-03-31,0.002468327808621046,0.0026235002224141496,0.00015517241379310343,0.15517241379310343,57
vw_xgb_gr_top_pct_10,2018-04-30,9.174625658406218e-05,0.0004985259176010113,0.00040677966101694915,0.4067796610169492,58
vw_xgb_gr_top_pct_10,2018-05-31,0.023724527790878327,0.023948665721912808,0.00022413793103448276,0.22413793103448276,57
vw_xgb_gr_top_pct_10,2018-06-30,0.014439566936087864,0.014863295749647187,0.00042372881355932197,0.423728813559322,57
vw_xgb_gr_top_pct_10,2018-07-31,0.022788070526458648,0.023054737193125313,0.00026666666666666673,0.2666666666666667,60
vw_xgb_gr_top_pct_10,2018-08-31,0.00173357756443453,0.0019002442311011965,0.00016666666666666663,0.16666666666666663,57
vw_xgb_gr_top_pct_10,2018-09-30,-0.017201024502048363,-0.016784357835381698,0.00041666666666666664,0.41666666666666663,59
vw_xgb_gr_top_pct_10,2018-10-31,-0.0762367781143594,-0.07599948997876618,0.00023728813559322038,0.23728813559322037,56
vw_xgb_gr_top_pct_10,2018-11-30,0.0548642349184913,0.055122855608146476,0.00025862068965517237,0.2586206896551724,58
vw_xgb_gr_top_pct_10,2018-12-31,-0.09415985072985927,-0.09385985072985928,0.0003000000000000001,0.30000000000000004,57
vw_xgb_gr_top_pct_10,2019-01-31,0.12419134942128898,0.12444997011094415,0.00025862068965517237,0.2586206896551724,58
vw_xgb_gr_top_pct_10,2019-02-28,0.010771067702136079,0.011042254142814045,0.0002711864406779662,0.27118644067796616,58
vw_xgb_gr_top_pct_10,2019-03-31,-0.008718985551294828,-0.008532544873328727,0.00018644067796610165,0.18644067796610164,59
vw_xgb_gr_top_pct_10,2019-04-30,0.060898380679932536,0.0614238044087461,0.0005254237288135593,0.5254237288135593,58
vw_xgb_gr_top_pct_10,2019-05-31,-0.1146268094074266,-0.11445731788200288,0.00016949152542372882,0.1694915254237288,58
vw_xgb_gr_top_pct_10,2019-06-30,0.09407531699161721,0.09436842043989307,0.00029310344827586214,0.2931034482758621,57
vw_xgb_gr_top_pct_10,2019-07-31,0.025978040215670004,0.026261373549003337,0.0002833333333333333,0.2833333333333333,58
vw_xgb_gr_top_pct_10,2019-08-31,-0.06680452242513786,-0.0666241945562854,0.000180327868852459,0.180327868852459,59
vw_xgb_gr_top_pct_10,2019-09-30,0.06480064711174967,0.06511731377841634,0.00031666666666666665,0.31666666666666665,59
vw_xgb_gr_top_pct_10,2019-10-31,-0.00030312410981396634,-3.1241098139662624e-06,0.0003000000000000001,0.30000000000000004,58
vw_xgb_gr_top_pct_10,2019-11-30,0.033064648809752746,0.03324798214308608,0.00018333333333333336,0.18333333333333335,60
vw_xgb_gr_top_pct_10,2019-12-31,0.048882107168472785,0.04917024276169312,0.000288135593220339,0.288135593220339,58
vw_xgb_gr_top_pct_10,2020-01-31,-0.056791409137825884,-0.05652022269714792,0.0002711864406779662,0.27118644067796616,59
vw_xgb_gr_top_pct_10,2020-02-29,-0.09337274769238069,-0.09315240870932984,0.00022033898305084742,0.22033898305084743,56
vw_xgb_gr_top_pct_10,2020-03-31,-0.20917212369104451,-0.20881619148765468,0.0003559322033898306,0.35593220338983056,50
vw_xgb_gr_top_pct_10,2020-04-30,0.1477358066774842,0.1480750923917699,0.00033928571428571433,0.3392857142857143,56
vw_xgb_gr_top_pct_10,2020-05-31,0.04274829239826332,0.04298558053385654,0.00023728813559322038,0.23728813559322037,59
vw_xgb_gr_top_pct_10,2020-06-30,0.029993557655844005,0.03034443484882646,0.0003508771929824561,0.3508771929824561,55
vw_xgb_gr_top_pct_10,2020-07-31,0.03948608313454909,0.03985450418718067,0.000368421052631579,0.368421052631579,55
vw_xgb_gr_top_pct_10,2020-08-31,0.053208504104663046,0.053436574280101644,0.00022807017543859654,0.22807017543859653,57
vw_xgb_gr_top_pct_10,2020-09-30,-0.03750589135170639,-0.03713089135170639,0.000375,0.375,55
vw_xgb_gr_top_pct_10,2020-10-31,-0.007618517412678152,-0.007297088841249581,0.0003214285714285714,0.3214285714285714,53
vw_xgb_gr_top_pct_10,2020-11-30,0.16450028383739373,0.1647681409802509,0.00026785714285714287,0.2678571428571429,55
vw_xgb_gr_top_pct_10,2020-12-31,0.04401539750967609,0.04441890628160591,0.0004035087719298246,0.4035087719298246,57
vw_xgb_gr_top_pct_10,2021-01-31,-0.005219766017670437,-0.00494390394870492,0.00027586206896551725,0.27586206896551724,58
vw_xgb_gr_top_pct_10,2021-02-28,0.039649714296779534,0.03981920582220326,0.00016949152542372882,0.1694915254237288,58
vw_xgb_gr_top_pct_10,2021-03-31,0.08542071089711933,0.08562410072762781,0.00020338983050847457,0.2033898305084746,59
vw_xgb_gr_top_pct_10,2021-04-30,0.02825674575204126,0.028714372870685328,0.0004576271186440678,0.4576271186440678,57
vw_xgb_gr_top_pct_10,2021-05-31,0.02985458628997736,0.030074925273028207,0.00022033898305084742,0.22033898305084743,58
vw_xgb_gr_top_pct_10,2021-06-30,-0.03629793369702652,-0.0359372779593216,0.000360655737704918,0.360655737704918,61
vw_xgb_gr_top_pct_10,2021-07-31,-0.0065374036693036435,-0.006359984314464934,0.00017741935483870963,0.17741935483870963,62
vw_xgb_gr_top_pct_10,2021-08-31,0.013612192558385552,0.01377612698461506,0.00016393442622950817,0.16393442622950816,59
vw_xgb_gr_top_pct_10,2021-09-30,-0.04197730869076818,-0.04160634094883269,0.0003709677419354839,0.3709677419354839,61
vw_xgb_gr_top_pct_10,2021-10-31,0.04512525429165265,0.04536334952974789,0.00023809523809523815,0.23809523809523814,63
vw_xgb_gr_top_pct_10,2021-11-30,-0.011949971165058918,-0.011804809874736337,0.00014516129032258063,0.14516129032258063,62
vw_xgb_gr_top_pct_10,2021-12-31,0.07213308433736908,0.07248229068657543,0.00034920634920634924,0.3492063492063492,62
vw_xgb_gr_top_pct_10,2022-01-31,-0.0429274334473766,-0.042646183447376605,0.00028125000000000003,0.28125,62
vw_xgb_gr_top_pct_10,2022-02-28,0.01582211800925301,0.016091959279094282,0.0002698412698412699,0.2698412698412699,63
vw_xgb_gr_top_pct_10,2022-03-31,0.020116663660766025,0.020444788660766024,0.000328125,0.328125,62
vw_xgb_gr_top_pct_10,2022-04-30,-0.04823743998992899,-0.047706189989928996,0.00053125,0.53125,64
vw_xgb_gr_top_pct_10,2022-05-31,0.040039323342189785,0.040242448342189784,0.00020312500000000002,0.203125,63
vw_xgb_gr_top_pct_10,2022-06-30,-0.0942566473385048,-0.09388741656927403,0.00036923076923076927,0.36923076923076925,62
vw_xgb_gr_top_pct_10,2022-07-31,0.09743227566061329,0.09768624391458154,0.00025396825396825396,0.25396825396825395,62
vw_xgb_gr_top_pct_10,2022-08-31,-0.03941676776067678,-0.03916676776067678,0.00025,0.25,62
vw_xgb_gr_top_pct_10,2022-09-30,-0.10107271152003343,-0.10073937818670009,0.00033333333333333343,0.33333333333333337,59
vw_xgb_gr_top_pct_10,2022-10-31,0.0894661733258294,0.08969197977744231,0.00022580645161290327,0.22580645161290325,62
vw_xgb_gr_top_pct_10,2022-11-30,0.10269090985374447,0.10290965985374448,0.00021875,0.21875,63
vw_xgb_gr_top_pct_10,2022-12-31,-0.05289136143905873,-0.052510409058106354,0.00038095238095238096,0.38095238095238093,60
vw_xgb_gr_top_pct_10,2023-01-31,0.1191706887314559,0.11944053000129717,0.0002698412698412699,0.2698412698412699,62
vw_xgb_gr_top_pct_10,2023-02-28,-0.024729365075178495,-0.024557490075178497,0.00017187500000000002,0.171875,62
vw_xgb_gr_top_pct_10,2023-03-31,-0.0023720499211801593,-0.002184549921180159,0.0001875,0.1875,62
vw_xgb_gr_top_pct_10,2023-04-30,0.002094017013355094,0.002524786244124325,0.0004307692307692309,0.4307692307692308,63
vw_xgb_gr_top_pct_10,2023-05-31,-0.014362104082628512,-0.014162104082628512,0.00019999999999999996,0.19999999999999996,60
vw_xgb_gr_top_pct_10,2023-06-30,0.07064780908483984,0.07097593408483983,0.000328125,0.328125,62
vw_xgb_gr_top_pct_10,2023-07-31,0.07752323683695454,0.07783092914464686,0.0003076923076923077,0.3076923076923077,64
vw_xgb_gr_top_pct_10,2023-08-31,-0.039926061496472175,-0.039726061496472176,0.00019999999999999996,0.19999999999999996,63
vw_xgb_gr_top_pct_10,2023-09-30,-0.057349419787968106,-0.05690326594181426,0.0004461538461538462,0.4461538461538461,63
vw_xgb_gr_top_pct_10,2023-10-31,-0.04076305192520079,-0.040501513463662334,0.0002615384615384615,0.2615384615384615,61
vw_xgb_gr_top_pct_10,2023-11-30,0.06654778018977119,0.06677854942054041,0.00023076923076923076,0.23076923076923073,65
vw_xgb_gr_top_pct_10,2023-12-31,0.07524969941170584,0.07564363880564523,0.00039393939393939396,0.3939393939393939,64
vw_xgb_gr_top_pct_10,2024-01-31,-0.022822249122726856,-0.022564673365151097,0.00025757575757575756,0.25757575757575757,64
vw_xgb_gr_top_pct_10,2024-02-29,0.05313776881944604,0.05330443548611271,0.00016666666666666663,0.16666666666666663,64
vw_xgb_gr_top_pct_10,2024-03-31,0.07020519791845625,0.07063803373935178,0.00043283582089552247,0.4328358208955224,67
vw_xgb_gr_top_pct_10,2024-04-30,-0.03343904789698994,-0.033136017593959635,0.000303030303030303,0.303030303030303,64
vw_xgb_gr_top_pct_10,2024-05-31,0.03727829508292391,0.037509064313693136,0.00023076923076923076,0.23076923076923073,65
vw_xgb_gr_top_pct_10,2024-06-30,-0.01599018203666635,-0.015631973081442468,0.0003582089552238807,0.35820895522388063,66
vw_xgb_gr_top_pct_10,2024-07-31,0.04284741907977417,0.04310115042305775,0.0002537313432835821,0.25373134328358204,66
vw_xgb_gr_top_pct_10,2024-08-31,-0.012615924563725189,-0.012410042210784011,0.00020588235294117656,0.20588235294117652,67
vw_xgb_gr_top_pct_10,2024-09-30,0.00580150528594954,0.00616915234477307,0.00036764705882352946,0.36764705882352944,67
vw_xgb_gr_top_pct_10,2024-10-31,-0.018239104585392532,-0.018003810467745473,0.00023529411764705888,0.23529411764705888,68
vw_xgb_gr_top_pct_10,2024-11-30,0.07081704500462949,0.07097880971051183,0.00016176470588235293,0.16176470588235292,68
vw_xgb_gr_top_pct_10,2024-12-31,-0.067160818727941,-0.06678768439958278,0.00037313432835820896,0.3731343283582089,66
vw_xgb_gr_top_pct_10,2025-01-31,0.015286944632019338,0.015555601348437248,0.00026865671641791044,0.26865671641791045,65
vw_xgb_gr_top_pct_10,2025-02-28,-0.03831225818706683,-0.03812108171647859,0.00019117647058823528,0.19117647058823528,66
vw_xgb_gr_top_pct_10,2025-03-31,-0.04485303449878763,-0.044688855394310015,0.00016417910447761197,0.16417910447761197,64
vw_xgb_gr_top_pct_10,2025-04-30,-0.05130175434376545,-0.05086236040437151,0.0004393939393939395,0.43939393939393945,65
vw_xgb_gr_top_pct_10,2025-05-31,0.04719395238996175,0.0474515281475375,0.00025757575757575756,0.25757575757575757,66
vw_xgb_gr_top_pct_10,2025-06-30,0.022849189109930796,0.023227976988718674,0.00037878787878787884,0.3787878787878788,66
vw_xgb_gr_top_pct_10,2025-07-31,0.022291552346211323,0.02247065682382326,0.00017910447761194026,0.17910447761194026,66
vw_xgb_gr_top_pct_10,2025-08-31,0.06423707063158901,0.06438632436293229,0.00014925373134328358,0.14925373134328357,67
vw_xgb_gr_top_pct_10,2025-09-30,0.007110112233193791,0.0074777592920173205,0.00036764705882352946,0.36764705882352944,68
vw_xgb_gr_top_pct_10,2025-10-31,-0.024695581096394213,-0.024430875214041272,0.00026470588235294115,0.2647058823529411,68
vw_xgb_gr_top_pct_10,2025-11-30,0.004933349023476911,0.005109819611712205,0.00017647058823529416,0.17647058823529416,68
vw_xgb_gr_top_pct_10,2025-12-31,0.028625635954428394,0.029007988895604863,0.00038235294117647055,0.38235294117647056,67
vw_xgb_gr_top_pct_10,2026-01-31,0.07389719001500392,0.07407366060323921,0.00017647058823529416,0.17647058823529416,68
vw_xgb_gr_top_pct_10,2026-02-28,0.048154464396167704,0.04837505263146182,0.00022058823529411768,0.22058823529411764,67
vw_xgb_gr_top_pct_10,2026-03-31,-0.035699618652493006,-0.03549672010176837,0.0002028985507246377,0.2028985507246377,69
vw_xgb_gr_top_pct_10,2026-04-30,0.08448114860082846,0.08494268706236692,0.0004615384615384616,0.46153846153846156,65
vw_xgb_gr_top_pct_10,2026-05-31,-0.015023449260704523,-0.014735570472825735,0.00028787878787878786,0.28787878787878785,65
vw_xgb_gr_top_n_50,2008-11-30,0.028320987654321006,0.029320987654321007,0.001,1.0,1
vw_xgb_gr_top_n_50,2008-12-31,0.07196401799100438,0.07196401799100438,0.0,0.0,1
vw_xgb_gr_top_n_50,2009-01-31,-0.12494172494172495,-0.12494172494172495,0.0,0.0,1
vw_xgb_gr_top_n_50,2009-02-28,-0.008597912004735253,-0.008597912004735253,0.0,0.0,1
vw_xgb_gr_top_n_50,2009-03-31,0.22460186710598573,0.22460186710598573,0.0,0.0,1
vw_xgb_gr_top_n_50,2009-04-30,0.07937219730941703,0.07937219730941703,0.0,0.0,1
vw_xgb_gr_top_n_50,2009-05-31,0.16825924387204005,0.16825924387204005,0.0,0.0,1
vw_xgb_gr_top_n_50,2009-06-30,0.033926669094396865,0.034593335761063534,0.0006666666666666669,0.6666666666666667,3
vw_xgb_gr_top_n_50,2009-07-31,0.11228076618900788,0.11311409952234122,0.0008333333333333334,0.8333333333333334,6
vw_xgb_gr_top_n_50,2009-08-31,0.03338160025907203,0.03388160025907203,0.0005,0.5,12
vw_xgb_gr_top_n_50,2009-09-30,0.05736522340807442,0.05786522340807442,0.0005,0.5,24
vw_xgb_gr_top_n_50,2009-10-31,0.005292392672209521,0.005542392672209521,0.00025,0.25,30
vw_xgb_gr_top_n_50,2009-11-30,0.06203959956680727,0.0623078922497341,0.0002682926829268293,0.2682926829268293,41
vw_xgb_gr_top_n_50,2009-12-31,0.029076924102144863,0.029516924102144862,0.00043999999999999996,0.43999999999999995,49
vw_xgb_gr_top_n_50,2010-01-31,-0.019175948772220196,-0.018955948772220194,0.00021999999999999998,0.21999999999999997,50
vw_xgb_gr_top_n_50,2010-02-28,0.04788823462340364,0.048028234623403644,0.00014000000000000001,0.14,50
vw_xgb_gr_top_n_50,2010-03-31,0.05525071870378431,0.05561071870378431,0.00035999999999999997,0.36,48
vw_xgb_gr_top_n_50,2010-04-30,0.025679575640878343,0.026219575640878342,0.0005400000000000001,0.54,49
vw_xgb_gr_top_n_50,2010-05-31,-0.07108814416035017,-0.07092814416035018,0.00016000000000000004,0.16000000000000003,50
vw_xgb_gr_top_n_50,2010-06-30,-0.0555287015516516,-0.0552487015516516,0.00028000000000000003,0.28,48
vw_xgb_gr_top_n_50,2010-07-31,0.0696230676319785,0.06996306763197849,0.00033999999999999997,0.33999999999999997,49
vw_xgb_gr_top_n_50,2010-08-31,-0.04229813933877871,-0.04201813933877871,0.00028000000000000003,0.28,49
vw_xgb_gr_top_n_50,2010-09-30,0.09605357703600217,0.09643357703600218,0.00038,0.38,50
vw_xgb_gr_top_n_50,2010-10-31,0.04856692283317734,0.048966922833177336,0.0004,0.4,50
vw_xgb_gr_top_n_50,2010-11-30,-0.007935253956573716,-0.007735253956573716,0.00019999999999999996,0.19999999999999996,50
vw_xgb_gr_top_n_50,2010-12-31,0.05359518412985841,0.05397518412985841,0.00038,0.38,50
vw_xgb_gr_top_n_50,2011-01-31,0.015120247463544016,0.015360247463544016,0.00024,0.24,50
vw_xgb_gr_top_n_50,2011-02-28,0.02679529645872851,0.02693529645872851,0.00014000000000000001,0.14,50
vw_xgb_gr_top_n_50,2011-03-31,0.030186762680109194,0.030306762680109192,0.00012,0.12,50
vw_xgb_gr_top_n_50,2011-04-30,0.03540300454399488,0.035823004543994875,0.00042,0.42000000000000004,49
vw_xgb_gr_top_n_50,2011-05-31,-0.00585336077815892,-0.00551336077815892,0.00033999999999999997,0.33999999999999997,48
vw_xgb_gr_top_n_50,2011-06-30,-0.01914616948158842,-0.018846169481588418,0.0003000000000000001,0.30000000000000004,50
vw_xgb_gr_top_n_50,2011-07-31,-0.036447327087073815,-0.03616732708707381,0.00028000000000000003,0.28,48
vw_xgb_gr_top_n_50,2011-08-31,-0.03181491975868155,-0.03161491975868155,0.00019999999999999996,0.19999999999999996,48
vw_xgb_gr_top_n_50,2011-09-30,-0.07369064036303331,-0.07339064036303332,0.0003000000000000001,0.30000000000000004,49
vw_xgb_gr_top_n_50,2011-10-31,0.13536174931364592,0.1356817493136459,0.0003199999999999999,0.31999999999999995,49
vw_xgb_gr_top_n_50,2011-11-30,0.0234314688731647,0.023651468873164702,0.00021999999999999998,0.21999999999999997,49
vw_xgb_gr_top_n_50,2011-12-31,0.008094188691475775,0.008434188691475775,0.00033999999999999997,0.33999999999999997,50
vw_xgb_gr_top_n_50,2012-01-31,0.04958433434507463,0.04972433434507463,0.00014000000000000001,0.14,49
vw_xgb_gr_top_n_50,2012-02-29,0.02445913875114566,0.024699138751145662,0.00024,0.24,50
vw_xgb_gr_top_n_50,2012-03-31,0.007983038072798944,0.008323038072798944,0.00033999999999999997,0.33999999999999997,50
vw_xgb_gr_top_n_50,2012-04-30,0.011621608143564747,0.011841608143564747,0.00021999999999999998,0.21999999999999997,48
vw_xgb_gr_top_n_50,2012-05-31,-0.032878738632241965,-0.032678738632241966,0.00019999999999999996,0.19999999999999996,50
vw_xgb_gr_top_n_50,2012-06-30,0.04116185377293391,0.04150185377293391,0.00033999999999999997,0.33999999999999997,50
vw_xgb_gr_top_n_50,2012-07-31,-0.0012089975605422435,-0.0009689975605422436,0.00024,0.24,49
vw_xgb_gr_top_n_50,2012-08-31,0.00616290096144587,0.00632290096144587,0.00016000000000000004,0.16000000000000003,48
vw_xgb_gr_top_n_50,2012-09-30,0.022315164158610446,0.022615164158610448,0.0003000000000000001,0.30000000000000004,50
vw_xgb_gr_top_n_50,2012-10-31,0.0007492438619916594,0.0010292438619916595,0.00028000000000000003,0.28,50
vw_xgb_gr_top_n_50,2012-11-30,0.0018660549931446364,0.0020660549931446363,0.00019999999999999996,0.19999999999999996,50
vw_xgb_gr_top_n_50,2012-12-31,0.014504554951906449,0.01478455495190645,0.00028000000000000003,0.28,50
vw_xgb_gr_top_n_50,2013-01-31,0.061033417272268624,0.06141341727226862,0.00038,0.38,50
vw_xgb_gr_top_n_50,2013-02-28,0.009080736561338546,0.009200736561338546,0.00012,0.12,50
vw_xgb_gr_top_n_50,2013-03-31,0.04360954819523804,0.04392954819523804,0.0003199999999999999,0.31999999999999995,49
vw_xgb_gr_top_n_50,2013-04-30,0.028216841078755914,0.028696841078755916,0.00048,0.48,48
vw_xgb_gr_top_n_50,2013-05-31,0.006464881257871189,0.006744881257871189,0.00028000000000000003,0.28,47
vw_xgb_gr_top_n_50,2013-06-30,-0.008641801385510418,-0.008181801385510418,0.00045999999999999996,0.45999999999999996,46
vw_xgb_gr_top_n_50,2013-07-31,0.062065217332167376,0.06246521733216737,0.0004,0.4,50
vw_xgb_gr_top_n_50,2013-08-31,-0.03621719243290055,-0.03603719243290055,0.00018000000000000007,0.18000000000000005,49
vw_xgb_gr_top_n_50,2013-09-30,0.04132728309327675,0.041707283093276745,0.00038,0.38,50
vw_xgb_gr_top_n_50,2013-10-31,0.04903053625493948,0.04919053625493948,0.00016000000000000004,0.16000000000000003,50
vw_xgb_gr_top_n_50,2013-11-30,0.011141325314659792,0.011341325314659792,0.00019999999999999996,0.19999999999999996,49
vw_xgb_gr_top_n_50,2013-12-31,0.02761787873615041,0.02807787873615041,0.00045999999999999996,0.45999999999999996,48
vw_xgb_gr_top_n_50,2014-01-31,-0.037462508755288594,-0.03714250875528859,0.0003199999999999999,0.31999999999999995,49
vw_xgb_gr_top_n_50,2014-02-28,0.0559476246362115,0.0561476246362115,0.00019999999999999996,0.19999999999999996,50
vw_xgb_gr_top_n_50,2014-03-31,0.025541646533760766,0.025841646533760768,0.0003000000000000001,0.30000000000000004,50
vw_xgb_gr_top_n_50,2014-04-30,0.022918366082541202,0.023338366082541202,0.00042,0.42000000000000004,48
vw_xgb_gr_top_n_50,2014-05-31,0.014983604176727238,0.015223604176727239,0.00024,0.24,49
vw_xgb_gr_top_n_50,2014-06-30,0.03279455568586403,0.03309455568586403,0.0003000000000000001,0.30000000000000004,50
vw_xgb_gr_top_n_50,2014-07-31,-0.03576693124246646,-0.03556693124246646,0.00019999999999999996,0.19999999999999996,50
vw_xgb_gr_top_n_50,2014-08-31,0.04974178861345224,0.04990178861345224,0.00016000000000000004,0.16000000000000003,47
vw_xgb_gr_top_n_50,2014-09-30,-0.024367770776719217,-0.02398777077671922,0.00038,0.38,49
vw_xgb_gr_top_n_50,2014-10-31,0.024207896044932536,0.024467896044932536,0.00026000000000000003,0.26,50
vw_xgb_gr_top_n_50,2014-11-30,0.03848382288355917,0.03872382288355917,0.00024,0.24,49
vw_xgb_gr_top_n_50,2014-12-31,0.011008890264558393,0.011348890264558393,0.00033999999999999997,0.33999999999999997,49
vw_xgb_gr_top_n_50,2015-01-31,-0.026859074407585663,-0.026699074407585663,0.00016000000000000004,0.16000000000000003,50
vw_xgb_gr_top_n_50,2015-02-28,0.04088188834364378,0.04116188834364378,0.00028000000000000003,0.28,49
vw_xgb_gr_top_n_50,2015-03-31,-0.011591771968356429,-0.011311771968356428,0.00028000000000000003,0.28,49
vw_xgb_gr_top_n_50,2015-04-30,0.01094182522847183,0.01136182522847183,0.00042,0.42000000000000004,50
vw_xgb_gr_top_n_50,2015-05-31,0.008328249186204376,0.008648249186204375,0.0003199999999999999,0.31999999999999995,50
vw_xgb_gr_top_n_50,2015-06-30,-0.02946863772860752,-0.02910863772860752,0.00035999999999999997,0.36,48
vw_xgb_gr_top_n_50,2015-07-31,-0.010375886268046709,-0.010215886268046709,0.00016000000000000004,0.16000000000000003,49
vw_xgb_gr_top_n_50,2015-08-31,-0.053772310072894965,-0.05347231007289496,0.0003000000000000001,0.30000000000000004,47
vw_xgb_gr_top_n_50,2015-09-30,-0.03958339425345727,-0.03930339425345727,0.00028000000000000003,0.28,50
vw_xgb_gr_top_n_50,2015-10-31,0.046299245708290596,0.046499245708290594,0.00019999999999999996,0.19999999999999996,50
vw_xgb_gr_top_n_50,2015-11-30,-0.005251327096030024,-0.0049913270960300245,0.00026000000000000003,0.26,49
vw_xgb_gr_top_n_50,2015-12-31,-0.017284659065314036,-0.016924659065314037,0.00035999999999999997,0.36,49
vw_xgb_gr_top_n_50,2016-01-31,-0.05073908299458968,-0.05057908299458968,0.00016000000000000004,0.16000000000000003,50
vw_xgb_gr_top_n_50,2016-02-29,0.050443951741109216,0.050643951741109215,0.00019999999999999996,0.19999999999999996,49
vw_xgb_gr_top_n_50,2016-03-31,0.10056762852555663,0.10098762852555664,0.00042,0.42000000000000004,50
vw_xgb_gr_top_n_50,2016-04-30,-0.0011299040525353328,-0.0009099040525353329,0.00021999999999999998,0.21999999999999997,50
vw_xgb_gr_top_n_50,2016-05-31,0.00855458450512078,0.00873458450512078,0.00018000000000000007,0.18000000000000005,50
vw_xgb_gr_top_n_50,2016-06-30,0.000959603537343021,0.001379603537343021,0.00042,0.42000000000000004,50
vw_xgb_gr_top_n_50,2016-07-31,0.06387569659506595,0.06411569659506595,0.00024,0.24,50
vw_xgb_gr_top_n_50,2016-08-31,-0.0036680542078454397,-0.0034280542078454395,0.00024,0.24,50
vw_xgb_gr_top_n_50,2016-09-30,0.02060332515221061,0.020903325152210613,0.0003000000000000001,0.30000000000000004,50
vw_xgb_gr_top_n_50,2016-10-31,-0.010624588871883648,-0.010384588871883647,0.00024,0.24,50
vw_xgb_gr_top_n_50,2016-11-30,0.06777971075414767,0.06793971075414766,0.00016000000000000004,0.16000000000000003,50
vw_xgb_gr_top_n_50,2016-12-31,0.03881635494642987,0.03911635494642987,0.0003000000000000001,0.30000000000000004,50
vw_xgb_gr_top_n_50,2017-01-31,0.02377898135922479,0.02411898135922479,0.00033999999999999997,0.33999999999999997,49
vw_xgb_gr_top_n_50,2017-02-28,0.018582455377742894,0.018742455377742894,0.00016000000000000004,0.16000000000000003,50
vw_xgb_gr_top_n_50,2017-03-31,-0.00017943388676603886,4.0566113233961125e-05,0.00021999999999999998,0.21999999999999997,49
vw_xgb_gr_top_n_50,2017-04-30,0.008491585514653784,0.008951585514653785,0.00045999999999999996,0.45999999999999996,50
vw_xgb_gr_top_n_50,2017-05-31,-0.008311105587832336,-0.008091105587832336,0.00021999999999999998,0.21999999999999997,49
vw_xgb_gr_top_n_50,2017-06-30,-0.00587442406389543,-0.00553442406389543,0.00033999999999999997,0.33999999999999997,48
vw_xgb_gr_top_n_50,2017-07-31,0.020914166539740646,0.021154166539740647,0.00024,0.24,49
vw_xgb_gr_top_n_50,2017-08-31,-0.0026586972252604,-0.0024386972252604,0.00021999999999999998,0.21999999999999997,50
vw_xgb_gr_top_n_50,2017-09-30,0.04712409846692929,0.04756409846692929,0.00043999999999999996,0.43999999999999995,50
vw_xgb_gr_top_n_50,2017-10-31,0.012679634142019298,0.012939634142019298,0.00026000000000000003,0.26,49
vw_xgb_gr_top_n_50,2017-11-30,0.06639333219510274,0.06663333219510274,0.00024,0.24,50
vw_xgb_gr_top_n_50,2017-12-31,0.026015454581889707,0.026435454581889707,0.00042,0.42000000000000004,50
vw_xgb_gr_top_n_50,2018-01-31,0.0425424567676688,0.0427824567676688,0.00024,0.24,50
vw_xgb_gr_top_n_50,2018-02-28,-0.018168799544768906,-0.018008799544768906,0.00016000000000000004,0.16000000000000003,50
vw_xgb_gr_top_n_50,2018-03-31,0.005878306282890017,0.006018306282890017,0.00014000000000000001,0.14,49
vw_xgb_gr_top_n_50,2018-04-30,-0.0018800532898760234,-0.0015000532898760232,0.00038,0.38,50
vw_xgb_gr_top_n_50,2018-05-31,0.02429451135605209,0.024474511356052088,0.00018000000000000007,0.18000000000000005,49
vw_xgb_gr_top_n_50,2018-06-30,0.011762020738931385,0.012122020738931384,0.00035999999999999997,0.36,48
vw_xgb_gr_top_n_50,2018-07-31,0.022787906258045554,0.023187906258045555,0.0004,0.4,50
vw_xgb_gr_top_n_50,2018-08-31,0.004856280820058118,0.005056280820058118,0.00019999999999999996,0.19999999999999996,48
vw_xgb_gr_top_n_50,2018-09-30,-0.016996423873751318,-0.016596423873751317,0.0004,0.4,49
vw_xgb_gr_top_n_50,2018-10-31,-0.07436808942444283,-0.07406808942444283,0.0003000000000000001,0.30000000000000004,47
vw_xgb_gr_top_n_50,2018-11-30,0.056836394624793625,0.05709639462479363,0.00026000000000000003,0.26,50
vw_xgb_gr_top_n_50,2018-12-31,-0.08972256166584841,-0.08940256166584841,0.0003199999999999999,0.31999999999999995,48
vw_xgb_gr_top_n_50,2019-01-31,0.12276834538122106,0.12306834538122105,0.0003000000000000001,0.30000000000000004,50
vw_xgb_gr_top_n_50,2019-02-28,0.011629716693360421,0.011929716693360421,0.0003000000000000001,0.30000000000000004,49
vw_xgb_gr_top_n_50,2019-03-31,-0.011979446384292037,-0.011719446384292037,0.00026000000000000003,0.26,50
vw_xgb_gr_top_n_50,2019-04-30,0.059630363059992864,0.06017036305999286,0.0005400000000000001,0.54,49
vw_xgb_gr_top_n_50,2019-05-31,-0.10890286329372069,-0.1087428632937207,0.00016000000000000004,0.16000000000000003,49
vw_xgb_gr_top_n_50,2019-06-30,0.09359057834020489,0.09389057834020488,0.0003000000000000001,0.30000000000000004,49
vw_xgb_gr_top_n_50,2019-07-31,0.030917493532657776,0.031237493532657777,0.0003199999999999999,0.31999999999999995,48
vw_xgb_gr_top_n_50,2019-08-31,-0.07527869850402907,-0.07509869850402907,0.00018000000000000007,0.18000000000000005,48
vw_xgb_gr_top_n_50,2019-09-30,0.07763362658655919,0.07795362658655919,0.0003199999999999999,0.31999999999999995,49
vw_xgb_gr_top_n_50,2019-10-31,-0.003385102713680954,-0.003045102713680954,0.00033999999999999997,0.33999999999999997,48
vw_xgb_gr_top_n_50,2019-11-30,0.03174818427054728,0.03192818427054728,0.00018000000000000007,0.18000000000000005,50
vw_xgb_gr_top_n_50,2019-12-31,0.05386841413483558,0.05416841413483558,0.0003000000000000001,0.30000000000000004,49
vw_xgb_gr_top_n_50,2020-01-31,-0.05653623022443033,-0.05631623022443033,0.00021999999999999998,0.21999999999999997,50
vw_xgb_gr_top_n_50,2020-02-29,-0.09417652897150358,-0.09395652897150358,0.00021999999999999998,0.21999999999999997,48
vw_xgb_gr_top_n_50,2020-03-31,-0.20671373385558717,-0.20635373385558717,0.00035999999999999997,0.36,43
vw_xgb_gr_top_n_50,2020-04-30,0.14421195263658707,0.14455195263658707,0.00033999999999999997,0.33999999999999997,50
vw_xgb_gr_top_n_50,2020-05-31,0.04689504631264059,0.04707504631264059,0.00018000000000000007,0.18000000000000005,50
vw_xgb_gr_top_n_50,2020-06-30,0.03186212659617088,0.03222212659617088,0.00035999999999999997,0.36,49
vw_xgb_gr_top_n_50,2020-07-31,0.045821189283914994,0.046121189283914996,0.0003000000000000001,0.30000000000000004,48
vw_xgb_gr_top_n_50,2020-08-31,0.06493532018016034,0.06519532018016033,0.00026000000000000003,0.26,50
vw_xgb_gr_top_n_50,2020-09-30,-0.04429583964865184,-0.04389583964865184,0.0004,0.4,49
vw_xgb_gr_top_n_50,2020-10-31,-0.007636604033555197,-0.007256604033555197,0.00038,0.38,49
vw_xgb_gr_top_n_50,2020-11-30,0.16416850928628013,0.16440850928628012,0.00024,0.24,49
vw_xgb_gr_top_n_50,2020-12-31,0.043142194336308025,0.04356219433630802,0.00042,0.42000000000000004,50
vw_xgb_gr_top_n_50,2021-01-31,-0.006983605042162671,-0.0067436050421626715,0.00024,0.24,50
vw_xgb_gr_top_n_50,2021-02-28,0.04098487089146388,0.04118487089146388,0.00019999999999999996,0.19999999999999996,49
vw_xgb_gr_top_n_50,2021-03-31,0.092191271463914,0.092431271463914,0.00024,0.24,50
vw_xgb_gr_top_n_50,2021-04-30,0.03240019952654986,0.032920199526549856,0.0005200000000000001,0.52,48
vw_xgb_gr_top_n_50,2021-05-31,0.030566302039510346,0.030766302039510345,0.00019999999999999996,0.19999999999999996,49
vw_xgb_gr_top_n_50,2021-06-30,-0.036828973958938055,-0.03636897395893805,0.00045999999999999996,0.45999999999999996,50
vw_xgb_gr_top_n_50,2021-07-31,-0.011393741388427643,-0.011193741388427643,0.00019999999999999996,0.19999999999999996,50
vw_xgb_gr_top_n_50,2021-08-31,0.017970866458541023,0.018110866458541024,0.00014000000000000001,0.14,48
vw_xgb_gr_top_n_50,2021-09-30,-0.03268078474444153,-0.03226078474444153,0.00042,0.42000000000000004,49
vw_xgb_gr_top_n_50,2021-10-31,0.03721384613964736,0.03749384613964736,0.00028000000000000003,0.28,50
vw_xgb_gr_top_n_50,2021-11-30,-0.016656985583098517,-0.016456985583098518,0.00019999999999999996,0.19999999999999996,50
vw_xgb_gr_top_n_50,2021-12-31,0.06955938025625691,0.06987938025625691,0.0003199999999999999,0.31999999999999995,49
vw_xgb_gr_top_n_50,2022-01-31,-0.04865225017997514,-0.04827225017997514,0.00038,0.38,48
vw_xgb_gr_top_n_50,2022-02-28,0.009598432388371601,0.009878432388371602,0.00028000000000000003,0.28,50
vw_xgb_gr_top_n_50,2022-03-31,0.020252057322112514,0.020552057322112516,0.0003000000000000001,0.30000000000000004,49
vw_xgb_gr_top_n_50,2022-04-30,-0.04874156057752131,-0.04820156057752131,0.0005400000000000001,0.54,50
vw_xgb_gr_top_n_50,2022-05-31,0.047902587290867576,0.04816258729086758,0.00026000000000000003,0.26,49
vw_xgb_gr_top_n_50,2022-06-30,-0.09496316578144134,-0.09460316578144135,0.00035999999999999997,0.36,48
vw_xgb_gr_top_n_50,2022-07-31,0.10617780609707261,0.10641780609707262,0.00024,0.24,49
vw_xgb_gr_top_n_50,2022-08-31,-0.03235261758110989,-0.03213261758110989,0.00021999999999999998,0.21999999999999997,48
vw_xgb_gr_top_n_50,2022-09-30,-0.1022168749834037,-0.1018968749834037,0.0003199999999999999,0.31999999999999995,46
vw_xgb_gr_top_n_50,2022-10-31,0.09871570774194764,0.09899570774194764,0.00028000000000000003,0.28,50
vw_xgb_gr_top_n_50,2022-11-30,0.11818651780568665,0.11840651780568665,0.00021999999999999998,0.21999999999999997,50
vw_xgb_gr_top_n_50,2022-12-31,-0.06355764189103914,-0.06313764189103914,0.00042,0.42000000000000004,47
vw_xgb_gr_top_n_50,2023-01-31,0.1094616280826379,0.1097416280826379,0.00028000000000000003,0.28,49
vw_xgb_gr_top_n_50,2023-02-28,-0.027237638032610013,-0.027057638032610014,0.00018000000000000007,0.18000000000000005,48
vw_xgb_gr_top_n_50,2023-03-31,-0.005141767744354895,-0.004961767744354894,0.00018000000000000007,0.18000000000000005,48
vw_xgb_gr_top_n_50,2023-04-30,0.009862278538753811,0.010362278538753811,0.0005,0.5,48
vw_xgb_gr_top_n_50,2023-05-31,-0.013778025184155948,-0.013538025184155948,0.00024,0.24,46
vw_xgb_gr_top_n_50,2023-06-30,0.06455837524327845,0.06493837524327846,0.00038,0.38,49
vw_xgb_gr_top_n_50,2023-07-31,0.08446543105396528,0.08480543105396528,0.00033999999999999997,0.33999999999999997,49
vw_xgb_gr_top_n_50,2023-08-31,-0.018702793931239234,-0.018502793931239235,0.00019999999999999996,0.19999999999999996,48
vw_xgb_gr_top_n_50,2023-09-30,-0.05604494914976042,-0.05554494914976042,0.0005,0.5,49
vw_xgb_gr_top_n_50,2023-10-31,-0.038784355947322595,-0.0385443559473226,0.00024,0.24,48
vw_xgb_gr_top_n_50,2023-11-30,0.06700227789443468,0.06724227789443468,0.00024,0.24,50
vw_xgb_gr_top_n_50,2023-12-31,0.07574680853065457,0.07618680853065457,0.00043999999999999996,0.43999999999999995,48
vw_xgb_gr_top_n_50,2024-01-31,-0.022158263528299665,-0.021878263528299666,0.00028000000000000003,0.28,48
vw_xgb_gr_top_n_50,2024-02-29,0.05890324648275285,0.05908324648275285,0.00018000000000000007,0.18000000000000005,48
vw_xgb_gr_top_n_50,2024-03-31,0.07267045572076375,0.07313045572076375,0.00045999999999999996,0.45999999999999996,50
vw_xgb_gr_top_n_50,2024-04-30,-0.04126648249681851,-0.04096648249681851,0.0003000000000000001,0.30000000000000004,48
vw_xgb_gr_top_n_50,2024-05-31,0.035803695188789134,0.036083695188789136,0.00028000000000000003,0.28,50
vw_xgb_gr_top_n_50,2024-06-30,-0.0146645143554759,-0.0142445143554759,0.00042,0.42000000000000004,49
vw_xgb_gr_top_n_50,2024-07-31,0.049834777658060575,0.05011477765806058,0.00028000000000000003,0.28,49
vw_xgb_gr_top_n_50,2024-08-31,-0.015700993047959536,-0.015500993047959537,0.00019999999999999996,0.19999999999999996,50
vw_xgb_gr_top_n_50,2024-09-30,0.002535656498058172,0.002875656498058172,0.00033999999999999997,0.33999999999999997,49
vw_xgb_gr_top_n_50,2024-10-31,-0.010322615184342042,-0.010082615184342041,0.00024,0.24,50
vw_xgb_gr_top_n_50,2024-11-30,0.06950895116208597,0.06966895116208596,0.00016000000000000004,0.16000000000000003,50
vw_xgb_gr_top_n_50,2024-12-31,-0.07406598404001341,-0.07372598404001342,0.00033999999999999997,0.33999999999999997,49
vw_xgb_gr_top_n_50,2025-01-31,0.01857261828707168,0.018792618287071683,0.00021999999999999998,0.21999999999999997,49
vw_xgb_gr_top_n_50,2025-02-28,-0.04060611563198215,-0.04044611563198215,0.00016000000000000004,0.16000000000000003,48
vw_xgb_gr_top_n_50,2025-03-31,-0.03427481695328502,-0.03411481695328502,0.00016000000000000004,0.16000000000000003,47
vw_xgb_gr_top_n_50,2025-04-30,-0.06205117163066729,-0.06167117163066729,0.00038,0.38,49
vw_xgb_gr_top_n_50,2025-05-31,0.05029700660053007,0.050517006600530066,0.00021999999999999998,0.21999999999999997,50
vw_xgb_gr_top_n_50,2025-06-30,0.030304419802403736,0.030704419802403737,0.0004,0.4,50
vw_xgb_gr_top_n_50,2025-07-31,0.027090000938850653,0.027350000938850653,0.00026000000000000003,0.26,49
vw_xgb_gr_top_n_50,2025-08-31,0.07569395426962908,0.07585395426962907,0.00016000000000000004,0.16000000000000003,50
vw_xgb_gr_top_n_50,2025-09-30,0.017829465688972104,0.018169465688972104,0.00033999999999999997,0.33999999999999997,50
vw_xgb_gr_top_n_50,2025-10-31,-0.013322997579196562,-0.013082997579196561,0.00024,0.24,50
vw_xgb_gr_top_n_50,2025-11-30,0.013427856726444323,0.013607856726444323,0.00018000000000000007,0.18000000000000005,50
vw_xgb_gr_top_n_50,2025-12-31,0.01713379892272085,0.01757379892272085,0.00043999999999999996,0.43999999999999995,49
vw_xgb_gr_top_n_50,2026-01-31,0.07690009581800698,0.07716009581800698,0.00026000000000000003,0.26,50
vw_xgb_gr_top_n_50,2026-02-28,0.03526260420369862,0.03548260420369862,0.00021999999999999998,0.21999999999999997,49
vw_xgb_gr_top_n_50,2026-03-31,-0.028863075706256874,-0.028663075706256876,0.00019999999999999996,0.19999999999999996,50
vw_xgb_gr_top_n_50,2026-04-30,0.07963340410239926,0.08011340410239925,0.00048,0.48,50
vw_xgb_gr_top_n_50,2026-05-31,-0.014873238014371787,-0.014573238014371787,0.0003000000000000001,0.30000000000000004,49
vw_xgb_gr_top_n_25,2008-11-30,0.028320987654321006,0.029320987654321007,0.001,1.0,1
vw_xgb_gr_top_n_25,2008-12-31,0.07196401799100438,0.07196401799100438,0.0,0.0,1
vw_xgb_gr_top_n_25,2009-01-31,-0.12494172494172495,-0.12494172494172495,0.0,0.0,1
vw_xgb_gr_top_n_25,2009-02-28,-0.008597912004735253,-0.008597912004735253,0.0,0.0,1
vw_xgb_gr_top_n_25,2009-03-31,0.22460186710598573,0.22460186710598573,0.0,0.0,1
vw_xgb_gr_top_n_25,2009-04-30,0.07937219730941703,0.07937219730941703,0.0,0.0,1
vw_xgb_gr_top_n_25,2009-05-31,0.16825924387204005,0.16825924387204005,0.0,0.0,1
vw_xgb_gr_top_n_25,2009-06-30,0.033926669094396865,0.034593335761063534,0.0006666666666666669,0.6666666666666667,3
vw_xgb_gr_top_n_25,2009-07-31,0.11228076618900788,0.11311409952234122,0.0008333333333333334,0.8333333333333334,6
vw_xgb_gr_top_n_25,2009-08-31,0.03338160025907203,0.03388160025907203,0.0005,0.5,12
vw_xgb_gr_top_n_25,2009-09-30,0.05769421502156377,0.05814876047610923,0.0004545454545454546,0.4545454545454546,22
vw_xgb_gr_top_n_25,2009-10-31,0.005974004812525738,0.006214004812525738,0.00024,0.24,23
vw_xgb_gr_top_n_25,2009-11-30,0.07734219818301628,0.07762219818301629,0.00028000000000000003,0.28,25
vw_xgb_gr_top_n_25,2009-12-31,0.03161235791182523,0.03213235791182523,0.0005200000000000001,0.52,25
vw_xgb_gr_top_n_25,2010-01-31,-0.019963240198941138,-0.01976324019894114,0.00019999999999999996,0.19999999999999996,25
vw_xgb_gr_top_n_25,2010-02-28,0.050569229531829796,0.0508492295318298,0.00028000000000000003,0.28,25
vw_xgb_gr_top_n_25,2010-03-31,0.05176693113937173,0.052206931139371734,0.00043999999999999996,0.43999999999999995,25
vw_xgb_gr_top_n_25,2010-04-30,0.030677926137039506,0.031197926137039506,0.0005200000000000001,0.52,24
vw_xgb_gr_top_n_25,2010-05-31,-0.07427489013458294,-0.07403489013458293,0.00024,0.24,25
vw_xgb_gr_top_n_25,2010-06-30,-0.060021463609442584,-0.05958146360944258,0.00043999999999999996,0.43999999999999995,24
vw_xgb_gr_top_n_25,2010-07-31,0.06344853432350551,0.06376853432350552,0.0003199999999999999,0.31999999999999995,25
vw_xgb_gr_top_n_25,2010-08-31,-0.026379030508628533,-0.026219030508628532,0.00016000000000000004,0.16000000000000003,25
vw_xgb_gr_top_n_25,2010-09-30,0.08974458075989032,0.09030458075989033,0.0005600000000000001,0.56,25
vw_xgb_gr_top_n_25,2010-10-31,0.027528258739681625,0.028008258739681626,0.00048,0.48,25
vw_xgb_gr_top_n_25,2010-11-30,-0.005712162714723263,-0.005512162714723263,0.00019999999999999996,0.19999999999999996,25
vw_xgb_gr_top_n_25,2010-12-31,0.05088944340780963,0.051369443407809634,0.00048,0.48,25
vw_xgb_gr_top_n_25,2011-01-31,0.00931137243104521,0.00971137243104521,0.0004,0.4,25
vw_xgb_gr_top_n_25,2011-02-28,0.014815524547254525,0.015095524547254525,0.00028000000000000003,0.28,25
vw_xgb_gr_top_n_25,2011-03-31,0.044358648803019964,0.04459864880301996,0.00024,0.24,25
vw_xgb_gr_top_n_25,2011-04-30,0.04510340526153592,0.045503405261535915,0.0004,0.4,24
vw_xgb_gr_top_n_25,2011-05-31,-0.0018381860260668734,-0.0013981860260668733,0.00043999999999999996,0.43999999999999995,24
vw_xgb_gr_top_n_25,2011-06-30,-0.030206277256217724,-0.029886277256217723,0.0003199999999999999,0.31999999999999995,25
vw_xgb_gr_top_n_25,2011-07-31,-0.04068970597449832,-0.040289705974498324,0.0004,0.4,24
vw_xgb_gr_top_n_25,2011-08-31,-0.041234495693372085,-0.041074495693372085,0.00016000000000000004,0.16000000000000003,24
vw_xgb_gr_top_n_25,2011-09-30,-0.058551389478884046,-0.05819138947888405,0.00035999999999999997,0.36,24
vw_xgb_gr_top_n_25,2011-10-31,0.10435576009966047,0.10467576009966047,0.0003199999999999999,0.31999999999999995,24
vw_xgb_gr_top_n_25,2011-11-30,0.02419928286568304,0.02439928286568304,0.00019999999999999996,0.19999999999999996,24
vw_xgb_gr_top_n_25,2011-12-31,0.015140640280923514,0.015500640280923513,0.00035999999999999997,0.36,25
vw_xgb_gr_top_n_25,2012-01-31,0.07090691590889037,0.07118691590889037,0.00028000000000000003,0.28,24
vw_xgb_gr_top_n_25,2012-02-29,0.011229462971437718,0.011469462971437718,0.00024,0.24,25
vw_xgb_gr_top_n_25,2012-03-31,0.0070618966678410045,0.007461896667841005,0.0004,0.4,25
vw_xgb_gr_top_n_25,2012-04-30,0.018867069342061112,0.019107069342061113,0.00024,0.24,25
vw_xgb_gr_top_n_25,2012-05-31,-0.024302542734920402,-0.0240625427349204,0.00024,0.24,25
vw_xgb_gr_top_n_25,2012-06-30,0.032487648803376325,0.03272764880337632,0.00024,0.24,25
vw_xgb_gr_top_n_25,2012-07-31,-0.012514723886960642,-0.012274723886960642,0.00024,0.24,25
vw_xgb_gr_top_n_25,2012-08-31,-0.010397159870967756,-0.010197159870967755,0.00019999999999999996,0.19999999999999996,24
vw_xgb_gr_top_n_25,2012-09-30,0.014984021389825299,0.015304021389825298,0.0003199999999999999,0.31999999999999995,25
vw_xgb_gr_top_n_25,2012-10-31,0.002084926674330435,0.002364926674330435,0.00028000000000000003,0.28,25
vw_xgb_gr_top_n_25,2012-11-30,-0.0020386759139354167,-0.0018386759139354166,0.00019999999999999996,0.19999999999999996,25
vw_xgb_gr_top_n_25,2012-12-31,0.016738176327711216,0.017218176327711218,0.00048,0.48,25
vw_xgb_gr_top_n_25,2013-01-31,0.05665401148758284,0.05705401148758284,0.0004,0.4,25
vw_xgb_gr_top_n_25,2013-02-28,-0.0018406629432503078,-0.0016006629432503078,0.00024,0.24,25
vw_xgb_gr_top_n_25,2013-03-31,0.04094776865916224,0.04130776865916224,0.00035999999999999997,0.36,25
vw_xgb_gr_top_n_25,2013-04-30,0.029628494735452784,0.030268494735452785,0.00064,0.64,24
vw_xgb_gr_top_n_25,2013-05-31,0.0023051472730121806,0.0026651472730121807,0.00035999999999999997,0.36,25
vw_xgb_gr_top_n_25,2013-06-30,-0.0021735114728426565,-0.0016935114728426563,0.00048,0.48,22
vw_xgb_gr_top_n_25,2013-07-31,0.05766395123185536,0.05814395123185536,0.00048,0.48,25
vw_xgb_gr_top_n_25,2013-08-31,-0.043519433734348065,-0.04339943373434806,0.00012,0.12,24
vw_xgb_gr_top_n_25,2013-09-30,0.04655299712904258,0.04683299712904258,0.00028000000000000003,0.28,25
vw_xgb_gr_top_n_25,2013-10-31,0.044411510021483996,0.044691510021484,0.00028000000000000003,0.28,25
vw_xgb_gr_top_n_25,2013-11-30,0.009376790964296342,0.009656790964296343,0.00028000000000000003,0.28,24
vw_xgb_gr_top_n_25,2013-12-31,0.025111404470108664,0.025511404470108665,0.0004,0.4,23
vw_xgb_gr_top_n_25,2014-01-31,-0.03944717457064227,-0.03912717457064227,0.0003199999999999999,0.31999999999999995,24
vw_xgb_gr_top_n_25,2014-02-28,0.06477799414777814,0.06493799414777814,0.00016000000000000004,0.16000000000000003,25
vw_xgb_gr_top_n_25,2014-03-31,0.016614611984149916,0.016894611984149915,0.00028000000000000003,0.28,25
vw_xgb_gr_top_n_25,2014-04-30,0.02567769881079915,0.02631769881079915,0.00064,0.64,23
vw_xgb_gr_top_n_25,2014-05-31,0.0203534210260215,0.0207134210260215,0.00035999999999999997,0.36,24
vw_xgb_gr_top_n_25,2014-06-30,0.02214620795115516,0.02258620795115516,0.00043999999999999996,0.43999999999999995,25
vw_xgb_gr_top_n_25,2014-07-31,-0.027550701904625035,-0.027310701904625034,0.00024,0.24,25
vw_xgb_gr_top_n_25,2014-08-31,0.05510645565833198,0.05530645565833198,0.00019999999999999996,0.19999999999999996,23
vw_xgb_gr_top_n_25,2014-09-30,-0.019015042453171673,-0.018615042453171672,0.0004,0.4,25
vw_xgb_gr_top_n_25,2014-10-31,0.023170079959737886,0.023490079959737887,0.0003199999999999999,0.31999999999999995,25
vw_xgb_gr_top_n_25,2014-11-30,0.03865422502757255,0.03885422502757255,0.00019999999999999996,0.19999999999999996,25
vw_xgb_gr_top_n_25,2014-12-31,-0.006880178986052129,-0.006520178986052129,0.00035999999999999997,0.36,25
vw_xgb_gr_top_n_25,2015-01-31,-0.026471551788206076,-0.026311551788206076,0.00016000000000000004,0.16000000000000003,25
vw_xgb_gr_top_n_25,2015-02-28,0.04717439098093732,0.047454390980937323,0.00028000000000000003,0.28,24
vw_xgb_gr_top_n_25,2015-03-31,-0.03166300198433877,-0.03150300198433877,0.00016000000000000004,0.16000000000000003,24
vw_xgb_gr_top_n_25,2015-04-30,0.020804901570522758,0.021244901570522758,0.00043999999999999996,0.43999999999999995,25
vw_xgb_gr_top_n_25,2015-05-31,-0.0053758358560890345,-0.004975835856089034,0.0004,0.4,25
vw_xgb_gr_top_n_25,2015-06-30,-0.04494794722938516,-0.04458794722938516,0.00035999999999999997,0.36,24
vw_xgb_gr_top_n_25,2015-07-31,-0.030245097741624576,-0.030125097741624578,0.00012,0.12,24
vw_xgb_gr_top_n_25,2015-08-31,-0.04276327322711801,-0.04252327322711801,0.00024,0.24,24
vw_xgb_gr_top_n_25,2015-09-30,-0.028080111953193036,-0.027680111953193035,0.0004,0.4,25
vw_xgb_gr_top_n_25,2015-10-31,0.06285957599814343,0.06305957599814344,0.00019999999999999996,0.19999999999999996,25
vw_xgb_gr_top_n_25,2015-11-30,-0.00929983434364252,-0.00901983434364252,0.00028000000000000003,0.28,24
vw_xgb_gr_top_n_25,2015-12-31,-0.0035814878304196323,-0.0031414878304196325,0.00043999999999999996,0.43999999999999995,25
vw_xgb_gr_top_n_25,2016-01-31,-0.04196608589242,-0.04184608589242,0.00012,0.12,25
vw_xgb_gr_top_n_25,2016-02-29,0.03287061391173375,0.03327061391173375,0.0004,0.4,25
vw_xgb_gr_top_n_25,2016-03-31,0.09992955621757346,0.10032955621757346,0.0004,0.4,25
vw_xgb_gr_top_n_25,2016-04-30,-0.0037354961121135863,-0.0034154961121135863,0.0003199999999999999,0.31999999999999995,25
vw_xgb_gr_top_n_25,2016-05-31,0.017309677619257727,0.017509677619257726,0.00019999999999999996,0.19999999999999996,25
vw_xgb_gr_top_n_25,2016-06-30,-0.003986399387864199,-0.0035863993878641988,0.0004,0.4,25
vw_xgb_gr_top_n_25,2016-07-31,0.07909175105346722,0.07945175105346722,0.00035999999999999997,0.36,25
vw_xgb_gr_top_n_25,2016-08-31,-0.0024591153432836146,-0.0020591153432836145,0.0004,0.4,25
vw_xgb_gr_top_n_25,2016-09-30,0.00378000501358354,0.00414000501358354,0.00035999999999999997,0.36,25
vw_xgb_gr_top_n_25,2016-10-31,-0.015427157333213457,-0.015027157333213458,0.0004,0.4,25
vw_xgb_gr_top_n_25,2016-11-30,0.0774919033931768,0.0778119033931768,0.0003199999999999999,0.31999999999999995,25
vw_xgb_gr_top_n_25,2016-12-31,0.03715664407475761,0.037636644074757614,0.00048,0.48,25
vw_xgb_gr_top_n_25,2017-01-31,0.025763529031575024,0.026203529031575024,0.00043999999999999996,0.43999999999999995,25
vw_xgb_gr_top_n_25,2017-02-28,0.023054609885368497,0.023254609885368496,0.00019999999999999996,0.19999999999999996,25
vw_xgb_gr_top_n_25,2017-03-31,0.00023883293204409397,0.0004388329320440939,0.00019999999999999996,0.19999999999999996,24
vw_xgb_gr_top_n_25,2017-04-30,0.010604306006275831,0.011244306006275831,0.00064,0.64,25
vw_xgb_gr_top_n_25,2017-05-31,-0.008602291886282348,-0.008402291886282347,0.00019999999999999996,0.19999999999999996,25
vw_xgb_gr_top_n_25,2017-06-30,-0.017686872299871807,-0.017446872299871807,0.00024,0.24,23
vw_xgb_gr_top_n_25,2017-07-31,0.02322764934802124,0.02354764934802124,0.0003199999999999999,0.31999999999999995,24
vw_xgb_gr_top_n_25,2017-08-31,-0.011454058168630613,-0.011214058168630612,0.00024,0.24,25
vw_xgb_gr_top_n_25,2017-09-30,0.04129147798392579,0.04181147798392579,0.0005200000000000001,0.52,25
vw_xgb_gr_top_n_25,2017-10-31,0.022590831681865802,0.022910831681865803,0.0003199999999999999,0.31999999999999995,24
vw_xgb_gr_top_n_25,2017-11-30,0.06472974383391657,0.06492974383391657,0.00019999999999999996,0.19999999999999996,25
vw_xgb_gr_top_n_25,2017-12-31,0.012646702390588533,0.013086702390588532,0.00043999999999999996,0.43999999999999995,25
vw_xgb_gr_top_n_25,2018-01-31,0.05137497094798969,0.051854970947989694,0.00048,0.48,25
vw_xgb_gr_top_n_25,2018-02-28,-0.01684373092692042,-0.01652373092692042,0.0003199999999999999,0.31999999999999995,25
vw_xgb_gr_top_n_25,2018-03-31,0.009409219207785388,0.009609219207785388,0.00019999999999999996,0.19999999999999996,25
vw_xgb_gr_top_n_25,2018-04-30,0.01076809229173128,0.01128809229173128,0.0005200000000000001,0.52,25
vw_xgb_gr_top_n_25,2018-05-31,0.028494108061388305,0.028694108061388304,0.00019999999999999996,0.19999999999999996,24
vw_xgb_gr_top_n_25,2018-06-30,0.025532488291621025,0.025932488291621026,0.0004,0.4,24
vw_xgb_gr_top_n_25,2018-07-31,0.020058224597318403,0.020458224597318404,0.0004,0.4,25
vw_xgb_gr_top_n_25,2018-08-31,0.0013236099934163098,0.0015636099934163098,0.00024,0.24,24
vw_xgb_gr_top_n_25,2018-09-30,-0.018916129366327125,-0.018436129366327124,0.00048,0.48,25
vw_xgb_gr_top_n_25,2018-10-31,-0.08383441260054623,-0.08355441260054623,0.00028000000000000003,0.28,24
vw_xgb_gr_top_n_25,2018-11-30,0.06198895832605779,0.062228958326057786,0.00024,0.24,25
vw_xgb_gr_top_n_25,2018-12-31,-0.07093304274915802,-0.07053304274915802,0.0004,0.4,25
vw_xgb_gr_top_n_25,2019-01-31,0.11245883650858572,0.11281883650858572,0.00035999999999999997,0.36,25
vw_xgb_gr_top_n_25,2019-02-28,0.0036606762729694186,0.004060676272969419,0.0004,0.4,24
vw_xgb_gr_top_n_25,2019-03-31,-0.008807259125650009,-0.008527259125650008,0.00028000000000000003,0.28,25
vw_xgb_gr_top_n_25,2019-04-30,0.05335351305036415,0.05379351305036415,0.00043999999999999996,0.43999999999999995,24
vw_xgb_gr_top_n_25,2019-05-31,-0.07567879232369212,-0.07547879232369212,0.00019999999999999996,0.19999999999999996,24
vw_xgb_gr_top_n_25,2019-06-30,0.10017856451126911,0.1005785645112691,0.0004,0.4,24
vw_xgb_gr_top_n_25,2019-07-31,0.04022821608629773,0.04066821608629773,0.00043999999999999996,0.43999999999999995,25
vw_xgb_gr_top_n_25,2019-08-31,-0.08509133055487464,-0.08473133055487464,0.00035999999999999997,0.36,24
vw_xgb_gr_top_n_25,2019-09-30,0.07297688659521182,0.07345688659521181,0.00048,0.48,25
vw_xgb_gr_top_n_25,2019-10-31,-0.007395071213967275,-0.007115071213967275,0.00028000000000000003,0.28,24
vw_xgb_gr_top_n_25,2019-11-30,0.030869120598173073,0.031189120598173074,0.0003199999999999999,0.31999999999999995,25
vw_xgb_gr_top_n_25,2019-12-31,0.05474404962234375,0.05510404962234375,0.00035999999999999997,0.36,24
vw_xgb_gr_top_n_25,2020-01-31,-0.05065853997481508,-0.05033853997481508,0.0003199999999999999,0.31999999999999995,25
vw_xgb_gr_top_n_25,2020-02-29,-0.08706365341163376,-0.08686365341163375,0.00019999999999999996,0.19999999999999996,24
vw_xgb_gr_top_n_25,2020-03-31,-0.11770700231318881,-0.11730700231318882,0.0004,0.4,20
vw_xgb_gr_top_n_25,2020-04-30,0.1542273504378383,0.1546673504378383,0.00043999999999999996,0.43999999999999995,25
vw_xgb_gr_top_n_25,2020-05-31,0.03587514991026408,0.03611514991026408,0.00024,0.24,25
vw_xgb_gr_top_n_25,2020-06-30,0.045177287271255,0.045577287271255,0.0004,0.4,24
vw_xgb_gr_top_n_25,2020-07-31,0.044609730491043886,0.045009730491043884,0.0004,0.4,24
vw_xgb_gr_top_n_25,2020-08-31,0.051274442986067585,0.05155444298606759,0.00028000000000000003,0.28,25
vw_xgb_gr_top_n_25,2020-09-30,-0.05708222240513243,-0.05676222240513243,0.0003199999999999999,0.31999999999999995,24
vw_xgb_gr_top_n_25,2020-10-31,0.007956879435988901,0.0083968794359889,0.00043999999999999996,0.43999999999999995,25
vw_xgb_gr_top_n_25,2020-11-30,0.15423153477341542,0.1544715347734154,0.00024,0.24,24
vw_xgb_gr_top_n_25,2020-12-31,0.03691111121817598,0.03743111121817598,0.0005200000000000001,0.52,25
vw_xgb_gr_top_n_25,2021-01-31,-0.003907880720509501,-0.0035878807205095013,0.0003199999999999999,0.31999999999999995,25
vw_xgb_gr_top_n_25,2021-02-28,0.0332182507636015,0.033458250763601496,0.00024,0.24,24
vw_xgb_gr_top_n_25,2021-03-31,0.07638183519750072,0.07658183519750072,0.00019999999999999996,0.19999999999999996,25
vw_xgb_gr_top_n_25,2021-04-30,0.03427441492099124,0.03471441492099124,0.00043999999999999996,0.43999999999999995,24
vw_xgb_gr_top_n_25,2021-05-31,0.036062758106764806,0.036262758106764804,0.00019999999999999996,0.19999999999999996,25
vw_xgb_gr_top_n_25,2021-06-30,-0.05152480311916827,-0.051164803119168274,0.00035999999999999997,0.36,25
vw_xgb_gr_top_n_25,2021-07-31,0.0021431358158772403,0.0023031358158772403,0.00016000000000000004,0.16000000000000003,25
vw_xgb_gr_top_n_25,2021-08-31,0.013877108703284399,0.0141171087032844,0.00024,0.24,23
vw_xgb_gr_top_n_25,2021-09-30,-0.03237333118731002,-0.03201333118731002,0.00035999999999999997,0.36,25
vw_xgb_gr_top_n_25,2021-10-31,0.06439024435352035,0.06467024435352035,0.00028000000000000003,0.28,25
vw_xgb_gr_top_n_25,2021-11-30,-0.011580568762842707,-0.011420568762842706,0.00016000000000000004,0.16000000000000003,25
vw_xgb_gr_top_n_25,2021-12-31,0.06488012443075616,0.06512012443075617,0.00024,0.24,25
vw_xgb_gr_top_n_25,2022-01-31,-0.05909255504782053,-0.05889255504782053,0.00019999999999999996,0.19999999999999996,24
vw_xgb_gr_top_n_25,2022-02-28,-0.0008905958888234507,-0.0005705958888234507,0.0003199999999999999,0.31999999999999995,25
vw_xgb_gr_top_n_25,2022-03-31,0.015089674517705659,0.01532967451770566,0.00024,0.24,24
vw_xgb_gr_top_n_25,2022-04-30,-0.06570856590699456,-0.06522856590699457,0.00048,0.48,25
vw_xgb_gr_top_n_25,2022-05-31,0.05295846257927537,0.05315846257927537,0.00019999999999999996,0.19999999999999996,24
vw_xgb_gr_top_n_25,2022-06-30,-0.08994115019387244,-0.08942115019387244,0.0005200000000000001,0.52,24
vw_xgb_gr_top_n_25,2022-07-31,0.08704267505028097,0.08732267505028098,0.00028000000000000003,0.28,24
vw_xgb_gr_top_n_25,2022-08-31,-0.023562793179843385,-0.023282793179843386,0.00028000000000000003,0.28,25
vw_xgb_gr_top_n_25,2022-09-30,-0.10749878046842372,-0.10717878046842372,0.0003199999999999999,0.31999999999999995,23
vw_xgb_gr_top_n_25,2022-10-31,0.09659014123359978,0.09691014123359978,0.0003199999999999999,0.31999999999999995,25
vw_xgb_gr_top_n_25,2022-11-30,0.1130863133190383,0.11328631331903831,0.00019999999999999996,0.19999999999999996,25
vw_xgb_gr_top_n_25,2022-12-31,-0.067178308397972,-0.066698308397972,0.00048,0.48,24
vw_xgb_gr_top_n_25,2023-01-31,0.1275990964712509,0.1280790964712509,0.00048,0.48,25
vw_xgb_gr_top_n_25,2023-02-28,-0.03279617248003066,-0.03247617248003066,0.0003199999999999999,0.31999999999999995,24
vw_xgb_gr_top_n_25,2023-03-31,-0.011619528588134729,-0.01129952858813473,0.0003199999999999999,0.31999999999999995,25
vw_xgb_gr_top_n_25,2023-04-30,0.0272902206913557,0.0277702206913557,0.00048,0.48,24
vw_xgb_gr_top_n_25,2023-05-31,-0.02296780012237503,-0.02272780012237503,0.00024,0.24,24
vw_xgb_gr_top_n_25,2023-06-30,0.07345332209223929,0.07389332209223928,0.00043999999999999996,0.43999999999999995,25
vw_xgb_gr_top_n_25,2023-07-31,0.09038463322917822,0.09078463322917822,0.0004,0.4,24
vw_xgb_gr_top_n_25,2023-08-31,-0.006964990602555208,-0.006724990602555208,0.00024,0.24,23
vw_xgb_gr_top_n_25,2023-09-30,-0.03723697343059031,-0.036676973430590315,0.0005600000000000001,0.56,24
vw_xgb_gr_top_n_25,2023-10-31,-0.038466549667869665,-0.038106549667869666,0.00035999999999999997,0.36,24
vw_xgb_gr_top_n_25,2023-11-30,0.06425861000233951,0.06461861000233951,0.00035999999999999997,0.36,25
vw_xgb_gr_top_n_25,2023-12-31,0.07169967778332824,0.07213967778332823,0.00043999999999999996,0.43999999999999995,24
vw_xgb_gr_top_n_25,2024-01-31,-0.029180522064597935,-0.028820522064597936,0.00035999999999999997,0.36,24
vw_xgb_gr_top_n_25,2024-02-29,0.06745666355881927,0.06765666355881927,0.00019999999999999996,0.19999999999999996,23
vw_xgb_gr_top_n_25,2024-03-31,0.05409067435077866,0.054530674350778664,0.00043999999999999996,0.43999999999999995,25
vw_xgb_gr_top_n_25,2024-04-30,-0.029574449070617972,-0.029214449070617973,0.00035999999999999997,0.36,24
vw_xgb_gr_top_n_25,2024-05-31,0.04768783002972333,0.04788783002972333,0.00019999999999999996,0.19999999999999996,25
vw_xgb_gr_top_n_25,2024-06-30,-0.002132933865396826,-0.001652933865396826,0.00048,0.48,24
vw_xgb_gr_top_n_25,2024-07-31,0.034298791079969325,0.034498791079969324,0.00019999999999999996,0.19999999999999996,24
vw_xgb_gr_top_n_25,2024-08-31,0.002403276447485813,0.002643276447485813,0.00024,0.24,25
vw_xgb_gr_top_n_25,2024-09-30,0.019733983067115577,0.020093983067115576,0.00035999999999999997,0.36,24
vw_xgb_gr_top_n_25,2024-10-31,-0.0038008523852885645,-0.0035208523852885646,0.00028000000000000003,0.28,25
vw_xgb_gr_top_n_25,2024-11-30,0.07723694293096993,0.07743694293096993,0.00019999999999999996,0.19999999999999996,25
vw_xgb_gr_top_n_25,2024-12-31,-0.07647006001581903,-0.07603006001581904,0.00043999999999999996,0.43999999999999995,24
vw_xgb_gr_top_n_25,2025-01-31,0.02205225752765135,0.02237225752765135,0.0003199999999999999,0.31999999999999995,24
vw_xgb_gr_top_n_25,2025-02-28,-0.05147229461134972,-0.05119229461134972,0.00028000000000000003,0.28,25
vw_xgb_gr_top_n_25,2025-03-31,-0.0489987599160205,-0.0488387599160205,0.00016000000000000004,0.16000000000000003,24
vw_xgb_gr_top_n_25,2025-04-30,-0.027074575058572754,-0.026554575058572755,0.0005200000000000001,0.52,24
vw_xgb_gr_top_n_25,2025-05-31,0.07305242586786574,0.07329242586786575,0.00024,0.24,25
vw_xgb_gr_top_n_25,2025-06-30,0.049010351724736265,0.049330351724736266,0.0003199999999999999,0.31999999999999995,25
vw_xgb_gr_top_n_25,2025-07-31,0.007088205116738719,0.0073282051167387185,0.00024,0.24,25
vw_xgb_gr_top_n_25,2025-08-31,0.07454238422976345,0.07478238422976345,0.00024,0.24,25
vw_xgb_gr_top_n_25,2025-09-30,-0.012334417565869218,-0.011854417565869219,0.00048,0.48,25
vw_xgb_gr_top_n_25,2025-10-31,-0.01853400866476986,-0.01833400866476986,0.00019999999999999996,0.19999999999999996,25
vw_xgb_gr_top_n_25,2025-11-30,0.019041270780017928,0.019321270780017927,0.00028000000000000003,0.28,25
vw_xgb_gr_top_n_25,2025-12-31,0.00729162144319079,0.007771621443190791,0.00048,0.48,25
vw_xgb_gr_top_n_25,2026-01-31,0.06785004067083181,0.06817004067083181,0.0003199999999999999,0.31999999999999995,25
vw_xgb_gr_top_n_25,2026-02-28,0.029723598086373443,0.030003598086373442,0.00028000000000000003,0.28,24
vw_xgb_gr_top_n_25,2026-03-31,0.009076218114592567,0.009356218114592568,0.00028000000000000003,0.28,25
vw_xgb_gr_top_n_25,2026-04-30,0.061889856697220885,0.06248985669722089,0.0006000000000000001,0.6,25
vw_xgb_gr_top_n_25,2026-05-31,0.0022094078298484014,0.0026094078298484016,0.0004,0.4,24
rf_gr_top_pct_20,2008-11-30,0.014160493827160503,0.014660493827160503,0.0005,1.0,1
rf_gr_top_pct_20,2008-12-31,0.03598200899550219,0.03598200899550219,0.0,0.0,1
rf_gr_top_pct_20,2009-01-31,-0.062470862470862476,-0.062470862470862476,0.0,0.0,1
rf_gr_top_pct_20,2009-02-28,-0.0042989560023676265,-0.0042989560023676265,0.0,0.0,1
rf_gr_top_pct_20,2009-03-31,0.11230093355299287,0.11230093355299287,0.0,0.0,1
rf_gr_top_pct_20,2009-04-30,0.03968609865470851,0.03968609865470851,0.0,0.0,1
rf_gr_top_pct_20,2009-05-31,0.08412962193602003,0.08412962193602003,0.0,0.0,1
rf_gr_top_pct_20,2009-06-30,-0.013424608819345707,-0.013424608819345707,0.0,0.0,1
rf_gr_top_pct_20,2009-07-31,0.04787653981250401,0.04812653981250401,0.00025,0.5,2
rf_gr_top_pct_20,2009-08-31,0.04270784987188408,0.04337451653855075,0.0006666666666666669,0.6666666666666667,3
rf_gr_top_pct_20,2009-09-30,0.0408165171593637,0.0414165171593637,0.0006000000000000001,0.6,5
rf_gr_top_pct_20,2009-10-31,0.012394160629258157,0.012894160629258158,0.0005,0.5,6
rf_gr_top_pct_20,2009-11-30,0.09034044579096254,0.0908960013465181,0.0005555555555555556,0.5555555555555556,9
rf_gr_top_pct_20,2009-12-31,0.005757696412225179,0.006057696412225179,0.00030000000000000003,0.6,15
rf_gr_top_pct_20,2010-01-31,-0.011180180754158801,-0.0110301807541588,0.00015000000000000004,0.30000000000000004,19
rf_gr_top_pct_20,2010-02-28,0.02475005141757406,0.02482505141757406,7.500000000000002e-05,0.15000000000000002,19
rf_gr_top_pct_20,2010-03-31,0.02834860839824,0.028590543882110967,0.00024193548387096777,0.4838709677419355,31
rf_gr_top_pct_20,2010-04-30,0.011371948087333073,0.011646457891254642,0.0002745098039215686,0.5490196078431373,51
rf_gr_top_pct_20,2010-05-31,-0.029803815601297138,-0.029756645789976385,4.716981132075471e-05,0.09433962264150941,52
rf_gr_top_pct_20,2010-06-30,-0.035584388166091704,-0.03539920298090652,0.00018518518518518523,0.18518518518518523,52
rf_gr_top_pct_20,2010-07-31,0.05330088941483815,0.05339348200743074,9.259259259259256e-05,0.09259259259259256,54
rf_gr_top_pct_20,2010-08-31,-0.03691430643597962,-0.036825020721693906,8.92857142857143e-05,0.0892857142857143,56
rf_gr_top_pct_20,2010-09-30,0.09905898117278222,0.09927716299096404,0.00021818181818181818,0.21818181818181814,54
rf_gr_top_pct_20,2010-10-31,0.04443716008384003,0.044526445798125744,8.92857142857143e-05,0.0892857142857143,55
rf_gr_top_pct_20,2010-11-30,0.010976912565243765,0.011097602220416178,0.00012068965517241382,0.12068965517241381,58
rf_gr_top_pct_20,2010-12-31,0.04792003457649507,0.04813314933059343,0.0002131147540983607,0.21311475409836067,61
rf_gr_top_pct_20,2011-01-31,-0.00021596200465976646,-0.00010485089354865529,0.00011111111111111117,0.11111111111111116,63
rf_gr_top_pct_20,2011-02-28,0.03932388355965185,0.03940324863901693,7.936507936507942e-05,0.07936507936507942,63
rf_gr_top_pct_20,2011-03-31,0.018291926819663195,0.018424279760839664,0.00013235294117647058,0.13235294117647056,68
rf_gr_top_pct_20,2011-04-30,0.033951730090671636,0.03414290656125987,0.00019117647058823528,0.19117647058823528,68
rf_gr_top_pct_20,2011-05-31,-0.0027765015214862945,-0.0026919944792327733,8.450704225352113e-05,0.08450704225352113,71
rf_gr_top_pct_20,2011-06-30,-0.001147852225715839,-0.0010575744479380611,9.02777777777778e-05,0.18055555555555558,72
rf_gr_top_pct_20,2011-07-31,-0.009906891619899574,-0.009858280508788463,4.861111111111111e-05,0.09722222222222221,71
rf_gr_top_pct_20,2011-08-31,-0.03747237000348824,-0.03741603197531923,5.633802816901412e-05,0.05633802816901412,69
rf_gr_top_pct_20,2011-09-30,-0.06633232628843282,-0.06615424409665199,0.00017808219178082197,0.17808219178082196,70
rf_gr_top_pct_20,2011-10-31,0.11986028951065983,0.11994600379637411,8.571428571428575e-05,0.08571428571428574,68
rf_gr_top_pct_20,2011-11-30,0.013765819148037753,0.013943901339818574,0.00017808219178082197,0.17808219178082196,72
rf_gr_top_pct_20,2011-12-31,0.01690207313493934,0.017066456696583177,0.00016438356164383562,0.1643835616438356,73
rf_gr_top_pct_20,2012-01-31,0.04188580950477366,0.041940604025321605,5.479452054794521e-05,0.0547945205479452,73
rf_gr_top_pct_20,2012-02-29,0.040882628579469435,0.04100262857946944,0.00012,0.12,75
rf_gr_top_pct_20,2012-03-31,0.03350560155960769,0.033689812085923476,0.0001842105263157895,0.1842105263157895,76
rf_gr_top_pct_20,2012-04-30,0.015497216993919483,0.015563006467603693,6.578947368421051e-05,0.06578947368421051,76
rf_gr_top_pct_20,2012-05-31,-0.03645986490239975,-0.03637986490239975,7.999999999999997e-05,0.07999999999999996,73
rf_gr_top_pct_20,2012-06-30,0.03070223923811589,0.030965397132852734,0.00026315789473684215,0.26315789473684215,75
rf_gr_top_pct_20,2012-07-31,0.009020435001069237,0.009127101667735903,0.0001066666666666667,0.10666666666666669,74
rf_gr_top_pct_20,2012-08-31,0.018229730061038032,0.01833783816914614,0.00010810810810810812,0.10810810810810811,72
rf_gr_top_pct_20,2012-09-30,0.01357999175745595,0.013744375319099786,0.00016438356164383562,0.1643835616438356,73
rf_gr_top_pct_20,2012-10-31,-0.00467703527765023,-0.004622981223596175,5.405405405405406e-05,0.10810810810810811,73
rf_gr_top_pct_20,2012-11-30,0.008562580524845221,0.008684202146466842,0.0001216216216216216,0.1216216216216216,73
rf_gr_top_pct_20,2012-12-31,0.004038411030922143,0.0042650776975888096,0.00022666666666666668,0.22666666666666668,74
rf_gr_top_pct_20,2013-01-31,0.05333301309173307,0.05345143414436465,0.00011842105263157898,0.11842105263157898,75
rf_gr_top_pct_20,2013-02-28,0.018934518844236945,0.019075544485262587,0.0001410256410256411,0.14102564102564108,78
rf_gr_top_pct_20,2013-03-31,0.04715600732332238,0.04730600732332238,0.00015000000000000004,0.15000000000000002,79
rf_gr_top_pct_20,2013-04-30,0.013021574322237533,0.013249422423503356,0.00022784810126582277,0.22784810126582278,77
rf_gr_top_pct_20,2013-05-31,0.013788637692032951,0.013915219970513964,0.00012658227848101267,0.12658227848101267,77
rf_gr_top_pct_20,2013-06-30,-0.00469847210301231,-0.00461097210301231,8.750000000000003e-05,0.17500000000000004,80
rf_gr_top_pct_20,2013-07-31,0.057727348225742776,0.05788984822574278,0.0001625,0.16249999999999998,80
rf_gr_top_pct_20,2013-08-31,-0.016130254537256618,-0.01608147404945174,4.878048780487804e-05,0.09756097560975607,79
rf_gr_top_pct_20,2013-09-30,0.03774615561059868,0.03789615561059868,0.00015000000000000004,0.15000000000000002,80
rf_gr_top_pct_20,2013-10-31,0.04078116586617371,0.04089366586617371,0.00011250000000000005,0.11250000000000004,78
rf_gr_top_pct_20,2013-11-30,0.016712496404797945,0.016772020214321753,5.952380952380954e-05,0.11904761904761907,83
rf_gr_top_pct_20,2013-12-31,0.013153422480221177,0.013284374861173558,0.00013095238095238093,0.26190476190476186,82
rf_gr_top_pct_20,2014-01-31,-0.020374788003400746,-0.020293392654563536,8.139534883720928e-05,0.16279069767441856,84
rf_gr_top_pct_20,2014-02-28,0.05436091398354847,0.05446436225941054,0.00010344827586206895,0.10344827586206895,87
rf_gr_top_pct_20,2014-03-31,0.008438466310383289,0.008494646085664187,5.6179775280898906e-05,0.1123595505617978,87
rf_gr_top_pct_20,2014-04-30,-0.0042946363563621725,-0.004103625120407116,0.0001910112359550562,0.1910112359550562,88
rf_gr_top_pct_20,2014-05-31,0.02037850073363957,0.02044591646397665,6.741573033707871e-05,0.0674157303370787,89
rf_gr_top_pct_20,2014-06-30,0.015095527084562322,0.015275302365461199,0.00017977528089887642,0.1797752808988764,88
rf_gr_top_pct_20,2014-07-31,-0.01599124913061779,-0.01592383340028071,6.741573033707871e-05,0.0674157303370787,89
rf_gr_top_pct_20,2014-08-31,0.0425033466833581,0.04257001335002476,6.666666666666666e-05,0.06666666666666665,87
rf_gr_top_pct_20,2014-09-30,-0.010241880880922174,-0.010139608153649447,0.0001022727272727273,0.20454545454545459,87
rf_gr_top_pct_20,2014-10-31,0.024852540473036523,0.024966176836672887,0.00011363636363636365,0.11363636363636365,87
rf_gr_top_pct_20,2014-11-30,0.03542602527940185,0.035522799472950235,9.677419354838712e-05,0.09677419354838712,93
rf_gr_top_pct_20,2014-12-31,-0.00026728649603031474,-9.337345255205388e-05,0.00017391304347826088,0.17391304347826086,90
rf_gr_top_pct_20,2015-01-31,-0.022059153217212336,-0.0219538900593176,0.00010526315789473685,0.10526315789473684,94
rf_gr_top_pct_20,2015-02-28,0.06322126481660441,0.06330459814993775,8.333333333333337e-05,0.08333333333333337,96
rf_gr_top_pct_20,2015-03-31,-0.005607960260461522,-0.005515176755306882,9.278350515463918e-05,0.09278350515463918,96
rf_gr_top_pct_20,2015-04-30,-0.010487267584755771,-0.010299148772874583,0.00018811881188118807,0.18811881188118806,101
rf_gr_top_pct_20,2015-05-31,0.019493495446184346,0.019620946426576504,0.00012745098039215687,0.12745098039215685,101
rf_gr_top_pct_20,2015-06-30,-0.01726715471335098,-0.01712574057193684,0.00014141414141414144,0.14141414141414144,97
rf_gr_top_pct_20,2015-07-31,0.03167227168061007,0.03176318077151916,9.090909090909094e-05,0.09090909090909094,99
rf_gr_top_pct_20,2015-08-31,-0.057904993976134744,-0.05782499397613475,7.999999999999997e-05,0.07999999999999996,98
rf_gr_top_pct_20,2015-09-30,-0.014319695914006366,-0.014198483792794245,0.00012121212121212122,0.12121212121212122,98
rf_gr_top_pct_20,2015-10-31,0.06243367889347766,0.06250510746490623,7.142857142857141e-05,0.0714285714285714,98
rf_gr_top_pct_20,2015-11-30,0.002220642230867956,0.002330642230867956,0.00010999999999999999,0.10999999999999999,100
rf_gr_top_pct_20,2015-12-31,-0.026856350526037284,-0.02665433032401708,0.000202020202020202,0.202020202020202,99
rf_gr_top_pct_20,2016-01-31,-0.0398189975338577,-0.03970675263589852,0.00011224489795918369,0.11224489795918369,97
rf_gr_top_pct_20,2016-02-29,0.03918600637530548,0.0392684806021096,8.247422680412375e-05,0.08247422680412375,94
rf_gr_top_pct_20,2016-03-31,0.06993853355181212,0.07015281926609783,0.00021428571428571433,0.2142857142857143,98
rf_gr_top_pct_20,2016-04-30,-0.01898864335075719,-0.01881864335075719,0.00017000000000000004,0.17000000000000004,98
rf_gr_top_pct_20,2016-05-31,0.010797388808382857,0.010927388808382857,0.00013000000000000002,0.13,99
rf_gr_top_pct_20,2016-06-30,0.021132742319659427,0.021332742319659426,0.00019999999999999996,0.19999999999999996,99
rf_gr_top_pct_20,2016-07-31,0.030087233584815923,0.030177233584815923,8.999999999999998e-05,0.08999999999999997,100
rf_gr_top_pct_20,2016-08-31,-0.0027532390756292288,-0.0026245262043421,0.00012871287128712872,0.12871287128712872,98
rf_gr_top_pct_20,2016-09-30,-0.005272819115143776,-0.005086544605339855,0.00018627450980392157,0.18627450980392157,100
rf_gr_top_pct_20,2016-10-31,-0.02380734168130141,-0.023661710613340246,0.0001456310679611651,0.1456310679611651,103
rf_gr_top_pct_20,2016-11-30,0.061825065440961786,0.06193290857821669,0.00010784313725490192,0.10784313725490191,102
rf_gr_top_pct_20,2016-12-31,0.011340599009604872,0.01155555228063291,0.0002149532710280374,0.2149532710280374,107
rf_gr_top_pct_20,2017-01-31,0.025094368371321545,0.025258004734957908,0.00016363636363636369,0.1636363636363637,108
rf_gr_top_pct_20,2017-02-28,0.028094634961841954,0.028177203769181404,8.25688073394495e-05,0.08256880733944949,108
rf_gr_top_pct_20,2017-03-31,0.002573922782176336,0.002684014525295602,0.00011009174311926606,0.11009174311926606,108
rf_gr_top_pct_20,2017-04-30,0.014051065630144882,0.014264028593107846,0.0002129629629629629,0.2129629629629629,106
rf_gr_top_pct_20,2017-05-31,0.018273886685970103,0.018365629805236157,9.174311926605506e-05,0.09174311926605505,109
rf_gr_top_pct_20,2017-06-30,-0.006093387732501358,-0.00586402993433622,0.00022935779816513757,0.22935779816513757,108
rf_gr_top_pct_20,2017-07-31,0.02250877488610639,0.022582848960180462,7.407407407407407e-05,0.07407407407407407,107
rf_gr_top_pct_20,2017-08-31,0.0020107567056869722,0.0021033492982795647,9.259259259259256e-05,0.09259259259259256,108
rf_gr_top_pct_20,2017-09-30,0.04315541400847352,0.04337559749471205,0.00022018348623853212,0.22018348623853212,109
rf_gr_top_pct_20,2017-10-31,0.030487713600571863,0.03061383972669799,0.00012612612612612618,0.12612612612612617,109
rf_gr_top_pct_20,2017-11-30,0.03255298769238564,0.032651201978099925,9.82142857142857e-05,0.0982142857142857,111
rf_gr_top_pct_20,2017-12-31,0.007380128361809057,0.007558699790380486,0.0001785714285714286,0.1785714285714286,112
rf_gr_top_pct_20,2018-01-31,0.05033511552616237,0.05045015977394998,0.00011504424778761058,0.11504424778761058,113
rf_gr_top_pct_20,2018-02-28,-0.02037218223331652,-0.020337094514018276,3.508771929824561e-05,0.07017543859649122,113
rf_gr_top_pct_20,2018-03-31,-0.007354002364079469,-0.007285036846838089,6.896551724137934e-05,0.06896551724137934,115
rf_gr_top_pct_20,2018-04-30,-0.009112527796643604,-0.008877233678996545,0.00023529411764705888,0.23529411764705888,119
rf_gr_top_pct_20,2018-05-31,0.04579189381874008,0.0459115519383982,0.00011965811965811969,0.11965811965811968,117
rf_gr_top_pct_20,2018-06-30,-0.0004823482227834003,-0.00032401488945006695,0.00015833333333333332,0.15833333333333333,120
rf_gr_top_pct_20,2018-07-31,0.032584995717446975,0.03267590480835607,9.090909090909094e-05,0.09090909090909094,121
rf_gr_top_pct_20,2018-08-31,0.04026509641771011,0.04033121212018945,6.611570247933885e-05,0.06611570247933884,119
rf_gr_top_pct_20,2018-09-30,-0.017255050044501626,-0.01707171671116829,0.00018333333333333336,0.18333333333333335,119
rf_gr_top_pct_20,2018-10-31,-0.08785305092588061,-0.08773540386705708,0.00011764705882352944,0.11764705882352944,115
rf_gr_top_pct_20,2018-11-30,0.014980649782454503,0.015091760893565613,0.00011111111111111117,0.11111111111111116,116
rf_gr_top_pct_20,2018-12-31,-0.08499675180475315,-0.08481341847141982,0.00018333333333333336,0.18333333333333335,118
rf_gr_top_pct_20,2019-01-31,0.09642016925061717,0.09650563933608725,8.54700854700855e-05,0.0854700854700855,117
rf_gr_top_pct_20,2019-02-28,0.03503389520439249,0.035117928817837867,8.40336134453782e-05,0.08403361344537819,116
rf_gr_top_pct_20,2019-03-31,0.006615736891829089,0.006657753698551779,4.2016806722689036e-05,0.04201680672268904,119
rf_gr_top_pct_20,2019-04-30,0.03563507129710066,0.035882934544963906,0.0002478632478632479,0.24786324786324787,116
rf_gr_top_pct_20,2019-05-31,-0.076633790359584,-0.07654832027411392,8.54700854700855e-05,0.0854700854700855,117
rf_gr_top_pct_20,2019-06-30,0.08428577708682104,0.08447543225923483,0.00018965517241379315,0.18965517241379315,115
rf_gr_top_pct_20,2019-07-31,0.02396206867021238,0.024138539258447677,0.00017647058823529416,0.17647058823529416,119
rf_gr_top_pct_20,2019-08-31,-0.01534914714446117,-0.015265813811127836,8.333333333333337e-05,0.08333333333333337,119
rf_gr_top_pct_20,2019-09-30,0.01592587673183504,0.016134210065168374,0.0002083333333333334,0.20833333333333337,120
rf_gr_top_pct_20,2019-10-31,0.020261574570958858,0.020361574570958857,9.999999999999998e-05,0.09999999999999998,119
rf_gr_top_pct_20,2019-11-30,0.03045305688057638,0.030553056880576378,9.999999999999998e-05,0.09999999999999998,119
rf_gr_top_pct_20,2019-12-31,0.025830718944360672,0.026093430808767453,0.00026271186440677966,0.2627118644067796,118
rf_gr_top_pct_20,2020-01-31,-0.00832815240280534,-0.008261485736138673,6.666666666666666e-05,0.1333333333333333,119
rf_gr_top_pct_20,2020-02-29,-0.08216412543040193,-0.08203807501023386,0.00012605042016806722,0.12605042016806722,115
rf_gr_top_pct_20,2020-03-31,-0.14803062808253434,-0.1478037373262318,0.000226890756302521,0.22689075630252098,111
rf_gr_top_pct_20,2020-04-30,0.16810038467913774,0.16831968292475177,0.00021929824561403512,0.2192982456140351,114
rf_gr_top_pct_20,2020-05-31,0.08122403802112596,0.0815121736143463,0.000288135593220339,0.288135593220339,117
rf_gr_top_pct_20,2020-06-30,0.026683965168516652,0.026951206547826997,0.00026724137931034484,0.26724137931034486,115
rf_gr_top_pct_20,2020-07-31,0.06015980015809265,0.06027186912360989,0.00011206896551724132,0.11206896551724133,115
rf_gr_top_pct_20,2020-08-31,0.0388402411180406,0.03890058594562681,6.034482758620686e-05,0.06034482758620685,115
rf_gr_top_pct_20,2020-09-30,-0.018502409622583267,-0.018267627013887615,0.00023478260869565215,0.23478260869565215,115
rf_gr_top_pct_20,2020-10-31,-0.006530983179611916,-0.00642663535352496,0.00010434782608695649,0.10434782608695647,114
rf_gr_top_pct_20,2020-11-30,0.10390941711609783,0.10397028668131522,6.086956521739129e-05,0.060869565217391286,115
rf_gr_top_pct_20,2020-12-31,0.041764346629383435,0.04195400180179723,0.00018965517241379315,0.18965517241379315,116
rf_gr_top_pct_20,2021-01-31,0.023412996989977067,0.023498467075447154,8.54700854700855e-05,0.0854700854700855,116
rf_gr_top_pct_20,2021-02-28,0.029164525609085837,0.02923175249984214,6.722689075630251e-05,0.0672268907563025,118
rf_gr_top_pct_20,2021-03-31,0.034937391898739185,0.035008820470167755,7.142857142857146e-05,0.1428571428571429,119
rf_gr_top_pct_20,2021-04-30,0.022351891398239558,0.02249895022176897,0.00014705882352941172,0.2941176470588235,118
rf_gr_top_pct_20,2021-05-31,0.006228378843539095,0.006274989013030621,4.661016949152541e-05,0.09322033898305082,117
rf_gr_top_pct_20,2021-06-30,-0.0028790396639674113,-0.0027929740901969195,8.60655737704918e-05,0.17213114754098358,122
rf_gr_top_pct_20,2021-07-31,0.013704415329811426,0.013752802426585619,4.838709677419356e-05,0.09677419354838712,124
rf_gr_top_pct_20,2021-08-31,0.007780877679423108,0.007801202882675141,2.032520325203252e-05,0.04065040650406504,119
rf_gr_top_pct_20,2021-09-30,-0.023114840342673724,-0.023014840342673724,9.999999999999998e-05,0.19999999999999996,124
rf_gr_top_pct_20,2021-10-31,0.02851505136157082,0.0285944164409359,7.936507936507937e-05,0.15873015873015872,126
rf_gr_top_pct_20,2021-11-30,-0.0018934709244068718,-0.0018614709244068718,3.199999999999997e-05,0.06399999999999995,124
rf_gr_top_pct_20,2021-12-31,0.03252002094608344,0.032677501261044066,0.00015748031496062991,0.31496062992125984,126
rf_gr_top_pct_20,2022-01-31,-0.0378086623065097,-0.0377031935565097,0.00010546875,0.2109375,126
rf_gr_top_pct_20,2022-02-28,0.013344777859574117,0.013423518017054431,7.874015748031493e-05,0.07874015748031493,127
rf_gr_top_pct_20,2022-03-31,0.013541713442936639,0.01363546344293664,9.375e-05,0.09375,127
rf_gr_top_pct_20,2022-04-30,-0.04862336375369422,-0.04840630949012833,0.00021705426356589152,0.21705426356589153,129
rf_gr_top_pct_20,2022-05-31,0.02333446635929284,0.023466249305029274,0.00013178294573643412,0.13178294573643412,129
rf_gr_top_pct_20,2022-06-30,-0.10395958942742964,-0.10378129485378623,0.00017829457364341083,0.17829457364341084,126
rf_gr_top_pct_20,2022-07-31,0.10496172954710369,0.10505696764234178,9.523809523809524e-05,0.09523809523809523,126
rf_gr_top_pct_20,2022-08-31,-0.02552096992602239,-0.02539596992602239,0.000125,0.125,128
rf_gr_top_pct_20,2022-09-30,-0.08161774519516546,-0.08150663408405434,0.00011111111111111117,0.11111111111111116,122
rf_gr_top_pct_20,2022-10-31,0.11709480033346445,0.11719157452701284,9.677419354838712e-05,0.09677419354838712,124
rf_gr_top_pct_20,2022-11-30,0.08678381497685571,0.08688617718158012,0.0001023622047244095,0.10236220472440949,127
rf_gr_top_pct_20,2022-12-31,-0.053926315525267596,-0.053784583241803026,0.00014173228346456691,0.1417322834645669,127
rf_gr_top_pct_20,2023-01-31,0.07767150290067251,0.07774293147210108,7.142857142857141e-05,0.0714285714285714,126
rf_gr_top_pct_20,2023-02-28,-0.02212642845449612,-0.022056115954496122,7.031250000000001e-05,0.0703125,127
rf_gr_top_pct_20,2023-03-31,0.004537328543029724,0.004631816732006102,9.448818897637801e-05,0.09448818897637801,126
rf_gr_top_pct_20,2023-04-30,-0.0045808697009901474,-0.004410327065331233,0.0001705426356589147,0.1705426356589147,127
rf_gr_top_pct_20,2023-05-31,-0.02369585506912533,-0.023603547376817635,9.230769230769232e-05,0.09230769230769231,127
rf_gr_top_pct_20,2023-06-30,0.10838119707091436,0.10853744707091435,0.00015625,0.15625,127
rf_gr_top_pct_20,2023-07-31,0.06251388241629821,0.06263695933937513,0.0001230769230769231,0.12307692307692308,129
rf_gr_top_pct_20,2023-08-31,-0.012737476470443255,-0.012637476470443255,9.999999999999998e-05,0.09999999999999998,129
rf_gr_top_pct_20,2023-09-30,-0.045380337215468976,-0.04522003187195753,0.00016030534351145042,0.16030534351145043,129
rf_gr_top_pct_20,2023-10-31,-0.03363316939091775,-0.0335346845424329,9.848484848484852e-05,0.09848484848484851,131
rf_gr_top_pct_20,2023-11-30,0.07999612110979847,0.08004915141282877,5.3030303030302984e-05,0.05303030303030298,131
rf_gr_top_pct_20,2023-12-31,0.07872909644546203,0.07890202877628909,0.00017293233082706772,0.17293233082706772,132
rf_gr_top_pct_20,2024-01-31,0.0018851414545202154,0.0019336489172067826,4.850746268656714e-05,0.09701492537313428,133
rf_gr_top_pct_20,2024-02-29,0.07037814783160538,0.0704378493241427,5.970149253731339e-05,0.05970149253731338,134
rf_gr_top_pct_20,2024-03-31,0.028774338763913394,0.02885952394909858,8.51851851851852e-05,0.1703703703703704,134
rf_gr_top_pct_20,2024-04-30,-0.026112221836295753,-0.02606777739185131,4.444444444444445e-05,0.0888888888888889,134
rf_gr_top_pct_20,2024-05-31,0.048399048096067133,0.0484516796750145,5.263157894736848e-05,0.052631578947368474,133
rf_gr_top_pct_20,2024-06-30,-0.007512460767486628,-0.007427275582301443,8.51851851851852e-05,0.1703703703703704,134
rf_gr_top_pct_20,2024-07-31,0.062179307138236516,0.06228960125588357,0.00011029411764705888,0.11029411764705888,136
rf_gr_top_pct_20,2024-08-31,-0.01093876411682637,-0.010830068464652457,0.00010869565217391309,0.10869565217391308,137
rf_gr_top_pct_20,2024-09-30,0.006374406670433447,0.006440100101090381,6.569343065693429e-05,0.13138686131386856,136
rf_gr_top_pct_20,2024-10-31,-0.010331419969077302,-0.010279949380842009,5.1470588235294106e-05,0.1029411764705882,135
rf_gr_top_pct_20,2024-11-30,0.039075451381505776,0.039133845542089714,5.8394160583941595e-05,0.11678832116788318,136
rf_gr_top_pct_20,2024-12-31,-0.03216752791372784,-0.03207863902483895,8.88888888888889e-05,0.1777777777777778,134
rf_gr_top_pct_20,2025-01-31,0.013002764669701579,0.01313511761087805,0.00013235294117647058,0.13235294117647056,135
rf_gr_top_pct_20,2025-02-28,-0.018865033148590046,-0.0188392978544724,2.573529411764708e-05,0.05147058823529416,134
rf_gr_top_pct_20,2025-03-31,-0.025964380977415876,-0.025882899495934395,8.148148148148149e-05,0.08148148148148149,133
rf_gr_top_pct_20,2025-04-30,-0.031381086864455184,-0.0311462383796067,0.00023484848484848489,0.23484848484848486,131
rf_gr_top_pct_20,2025-05-31,0.052740795564043264,0.05286861511291544,0.0001278195488721805,0.1278195488721805,131
rf_gr_top_pct_20,2025-06-30,0.012983312391701888,0.013180282088671585,0.00019696969696969703,0.19696969696969702,132
rf_gr_top_pct_20,2025-07-31,0.012173799582936603,0.012278277194876902,0.00010447761194029848,0.10447761194029848,133
rf_gr_top_pct_20,2025-08-31,0.056511785289572944,0.05659387484181175,8.208955223880599e-05,0.08208955223880599,134
rf_gr_top_pct_20,2025-09-30,0.00797612604014904,0.008180505602192837,0.0002043795620437956,0.2043795620437956,137
rf_gr_top_pct_20,2025-10-31,-0.03246849950775676,-0.03237360899680785,9.489051094890511e-05,0.0948905109489051,137
rf_gr_top_pct_20,2025-11-30,0.03206376591531642,0.03214405788611934,8.029197080291972e-05,0.08029197080291972,137
rf_gr_top_pct_20,2025-12-31,0.005923282053976317,0.0061422601561660975,0.000218978102189781,0.21897810218978098,137
rf_gr_top_pct_20,2026-01-31,0.06459979208773292,0.06469468259868183,9.489051094890511e-05,0.0948905109489051,137
rf_gr_top_pct_20,2026-02-28,0.058997747444564194,0.059063440875221127,6.569343065693434e-05,0.06569343065693434,137
rf_gr_top_pct_20,2026-03-31,-0.03838100374687124,-0.03828028432241081,0.0001007194244604317,0.1007194244604317,138
rf_gr_top_pct_20,2026-04-30,0.07663276846856598,0.07688276846856598,0.00025,0.25,132
rf_gr_top_pct_20,2026-05-31,0.00018148251979291,0.00023745266904664136,5.5970149253731344e-05,0.11194029850746268,134
rf_gr_top_pct_10,2008-11-30,0.014160493827160503,0.014660493827160503,0.0005,1.0,1
rf_gr_top_pct_10,2008-12-31,0.03598200899550219,0.03598200899550219,0.0,0.0,1
rf_gr_top_pct_10,2009-01-31,-0.062470862470862476,-0.062470862470862476,0.0,0.0,1
rf_gr_top_pct_10,2009-02-28,-0.0042989560023676265,-0.0042989560023676265,0.0,0.0,1
rf_gr_top_pct_10,2009-03-31,0.11230093355299287,0.11230093355299287,0.0,0.0,1
rf_gr_top_pct_10,2009-04-30,0.03968609865470851,0.03968609865470851,0.0,0.0,1
rf_gr_top_pct_10,2009-05-31,0.08412962193602003,0.08412962193602003,0.0,0.0,1
rf_gr_top_pct_10,2009-06-30,-0.013424608819345707,-0.013424608819345707,0.0,0.0,1
rf_gr_top_pct_10,2009-07-31,0.07518728302576283,0.07518728302576283,0.0,0.0,1
rf_gr_top_pct_10,2009-08-31,0.03189963422464642,0.03239963422464642,0.0005,0.5,2
rf_gr_top_pct_10,2009-09-30,0.053263706469922185,0.05359703980325552,0.00033333333333333343,0.33333333333333337,3
rf_gr_top_pct_10,2009-10-31,0.012867529641915256,0.013367529641915257,0.0005,0.5,4
rf_gr_top_pct_10,2009-11-30,0.08848679777782059,0.08888679777782059,0.0004,0.4,5
rf_gr_top_pct_10,2009-12-31,0.0031275831184100662,0.0033775831184100664,0.00025,0.5,8
rf_gr_top_pct_10,2010-01-31,-0.010244471708790304,-0.010144471708790305,9.999999999999998e-05,0.19999999999999996,10
rf_gr_top_pct_10,2010-02-28,0.03284719209416921,0.032947192094169214,9.999999999999998e-05,0.19999999999999996,9
rf_gr_top_pct_10,2010-03-31,0.02371362438655128,0.02396362438655128,0.00025,0.5,16
rf_gr_top_pct_10,2010-04-30,0.015569752808469563,0.015838983577700333,0.0002692307692307692,0.5384615384615384,26
rf_gr_top_pct_10,2010-05-31,-0.02951314474295784,-0.029476107705920802,3.7037037037037037e-05,0.07407407407407407,27
rf_gr_top_pct_10,2010-06-30,-0.028674898671189355,-0.02848971348600417,0.00018518518518518523,0.18518518518518523,26
rf_gr_top_pct_10,2010-07-31,0.05736395031013822,0.05743802438421229,7.407407407407407e-05,0.07407407407407407,27
rf_gr_top_pct_10,2010-08-31,-0.03423381549471357,-0.034162386923285,7.142857142857141e-05,0.0714285714285714,28
rf_gr_top_pct_10,2010-09-30,0.10361147552588612,0.10382576124017183,0.00021428571428571433,0.2142857142857143,27
rf_gr_top_pct_10,2010-10-31,0.03458026013522263,0.03472311727807978,0.00014285714285714292,0.1428571428571429,28
rf_gr_top_pct_10,2010-11-30,0.003862838611770175,0.0040007696462529335,0.00013793103448275868,0.13793103448275867,29
rf_gr_top_pct_10,2010-12-31,0.04936243693648682,0.04958824338809972,0.00022580645161290327,0.22580645161290325,31
rf_gr_top_pct_10,2011-01-31,0.0038487185550923793,0.003973718555092379,0.000125,0.125,32
rf_gr_top_pct_10,2011-02-28,0.041627555656632016,0.04172130565663201,9.375e-05,0.09375,32
rf_gr_top_pct_10,2011-03-31,0.01975530322250432,0.019902362046033732,0.0001470588235294118,0.1470588235294118,34
rf_gr_top_pct_10,2011-04-30,0.05302137099920794,0.053344900410972645,0.00032352941176470585,0.32352941176470584,34
rf_gr_top_pct_10,2011-05-31,0.008241567932166438,0.00832490126549977,8.333333333333337e-05,0.08333333333333337,36
rf_gr_top_pct_10,2011-06-30,-0.00402737162374111,-0.0039301494015188876,9.722222222222222e-05,0.19444444444444442,36
rf_gr_top_pct_10,2011-07-31,-0.007924501306381117,-0.007827279084158895,9.722222222222222e-05,0.19444444444444442,35
rf_gr_top_pct_10,2011-08-31,-0.027558588097123825,-0.02750303254156827,5.5555555555555585e-05,0.05555555555555558,35
rf_gr_top_pct_10,2011-09-30,-0.06444658860075655,-0.06423037238454034,0.00021621621621621624,0.21621621621621623,35
rf_gr_top_pct_10,2011-10-31,0.11999573948588677,0.12011002520017248,0.00011428571428571432,0.11428571428571432,34
rf_gr_top_pct_10,2011-11-30,0.01612695901071658,0.016289121172878743,0.00016216216216216218,0.16216216216216217,36
rf_gr_top_pct_10,2011-12-31,0.0308099892809649,0.03116134063231625,0.00035135135135135135,0.3513513513513513,37
rf_gr_top_pct_10,2012-01-31,0.04028152938707437,0.04038963749518248,0.00010810810810810812,0.10810810810810811,37
rf_gr_top_pct_10,2012-02-29,0.04708289858027275,0.04726710910658854,0.0001842105263157895,0.1842105263157895,38
rf_gr_top_pct_10,2012-03-31,0.032960979003426115,0.03311887374026822,0.00015789473684210532,0.1578947368421053,38
rf_gr_top_pct_10,2012-04-30,0.028735281127628208,0.028919491653943998,0.0001842105263157895,0.1842105263157895,38
rf_gr_top_pct_10,2012-05-31,-0.03528130206971662,-0.0351497231223482,0.00013157894736842102,0.13157894736842102,37
rf_gr_top_pct_10,2012-06-30,0.03134735741481768,0.031531567941133466,0.0001842105263157895,0.1842105263157895,38
rf_gr_top_pct_10,2012-07-31,0.0002716879207621752,0.0003506352891832279,7.894736842105266e-05,0.07894736842105265,37
rf_gr_top_pct_10,2012-08-31,0.015812565636782343,0.01592067374489045,0.00010810810810810812,0.10810810810810811,36
rf_gr_top_pct_10,2012-09-30,0.012004939376152119,0.012248182619395363,0.0002432432432432432,0.2432432432432432,37
rf_gr_top_pct_10,2012-10-31,-0.011545631061521176,-0.011451036466926582,9.459459459459457e-05,0.18918918918918914,36
rf_gr_top_pct_10,2012-11-30,0.003354580078511421,0.0035437692677006104,0.00018918918918918914,0.18918918918918914,36
rf_gr_top_pct_10,2012-12-31,0.005661179279791328,0.005950652964001854,0.00028947368421052634,0.2894736842105263,37
rf_gr_top_pct_10,2013-01-31,0.06322647810689765,0.06338437284373975,0.00015789473684210532,0.1578947368421053,37
rf_gr_top_pct_10,2013-02-28,0.013816978351244315,0.01397082450509047,0.00015384615384615385,0.15384615384615385,39
rf_gr_top_pct_10,2013-03-31,0.04517293534181025,0.045272935341810254,9.999999999999998e-05,0.09999999999999998,39
rf_gr_top_pct_10,2013-04-30,0.018013575548209086,0.018338575548209085,0.000325,0.32499999999999996,39
rf_gr_top_pct_10,2013-05-31,0.015010652143178458,0.015160652143178459,0.00015000000000000004,0.15000000000000002,39
rf_gr_top_pct_10,2013-06-30,-0.0024659025838357045,-0.0023534025838357043,0.00011250000000000001,0.22499999999999998,40
rf_gr_top_pct_10,2013-07-31,0.0523714984767538,0.0524464984767538,7.499999999999995e-05,0.07499999999999996,40
rf_gr_top_pct_10,2013-08-31,-0.015340670989588629,-0.01530408562373497,3.6585365853658515e-05,0.07317073170731703,38
rf_gr_top_pct_10,2013-09-30,0.04141802981240821,0.041593029812408214,0.00017500000000000005,0.17500000000000004,40
rf_gr_top_pct_10,2013-10-31,0.056772054173790366,0.056922054173790364,0.00015000000000000004,0.15000000000000002,40
rf_gr_top_pct_10,2013-11-30,0.017720725226893927,0.017768344274512973,4.761904761904762e-05,0.09523809523809523,41
rf_gr_top_pct_10,2013-12-31,0.015268539934246416,0.015387587553294035,0.00011904761904761907,0.23809523809523814,42
rf_gr_top_pct_10,2014-01-31,-0.020205400678496032,-0.020112377422682078,9.30232558139535e-05,0.18604651162790697,42
rf_gr_top_pct_10,2014-02-28,0.052841164794258544,0.05295480115789491,0.00011363636363636365,0.11363636363636365,44
rf_gr_top_pct_10,2014-03-31,0.010711474684762443,0.010755919129206887,4.444444444444445e-05,0.0888888888888889,44
rf_gr_top_pct_10,2014-04-30,0.00428963972233604,0.004534084166780485,0.0002444444444444445,0.24444444444444446,44
rf_gr_top_pct_10,2014-05-31,0.008178239476992304,0.008289350588103414,0.00011111111111111117,0.11111111111111116,45
rf_gr_top_pct_10,2014-06-30,0.012596581723190541,0.012841026167634986,0.0002444444444444445,0.24444444444444446,44
rf_gr_top_pct_10,2014-07-31,-0.0016100913764844225,-0.0014989802653733115,0.00011111111111111117,0.11111111111111116,45
rf_gr_top_pct_10,2014-08-31,0.05032795002835454,0.050416838917243426,8.88888888888889e-05,0.0888888888888889,42
rf_gr_top_pct_10,2014-09-30,-0.011411062920134855,-0.011251972011043946,0.00015909090909090913,0.31818181818181823,43
rf_gr_top_pct_10,2014-10-31,0.03405316973618021,0.03423498791799839,0.00018181818181818178,0.18181818181818177,44
rf_gr_top_pct_10,2014-11-30,0.03149130442348398,0.03166151718944143,0.00017021276595744684,0.17021276595744683,47
rf_gr_top_pct_10,2014-12-31,-0.0016951252789968773,-0.0013907774529099207,0.00030434782608695655,0.30434782608695654,45
rf_gr_top_pct_10,2015-01-31,-0.013742095016563852,-0.013554595016563852,0.0001875,0.1875,48
rf_gr_top_pct_10,2015-02-28,0.05470631463957827,0.05481048130624494,0.00010416666666666663,0.10416666666666663,48
rf_gr_top_pct_10,2015-03-31,-0.005571788254115173,-0.005469747437788642,0.00010204081632653062,0.10204081632653061,49
rf_gr_top_pct_10,2015-04-30,-0.008516585940605663,-0.008202860450409584,0.00031372549019607844,0.3137254901960784,51
rf_gr_top_pct_10,2015-05-31,0.026268109169465825,0.026483795443975628,0.00021568627450980397,0.21568627450980393,51
rf_gr_top_pct_10,2015-06-30,-0.007904162355427772,-0.007684162355427771,0.00021999999999999998,0.21999999999999997,49
rf_gr_top_pct_10,2015-07-31,0.03421523002240905,0.034335230022409055,0.00012,0.12,50
rf_gr_top_pct_10,2015-08-31,-0.05560753498145284,-0.05550753498145284,9.999999999999998e-05,0.09999999999999998,49
rf_gr_top_pct_10,2015-09-30,-0.008242051363334793,-0.008042051363334793,0.00019999999999999996,0.19999999999999996,49
rf_gr_top_pct_10,2015-10-31,0.06024056319187793,0.06032219584493915,8.163265306122448e-05,0.08163265306122447,49
rf_gr_top_pct_10,2015-11-30,-0.009040198780513084,-0.008940198780513085,9.999999999999998e-05,0.09999999999999998,50
rf_gr_top_pct_10,2015-12-31,-0.021880334635806898,-0.021720334635806898,0.00016000000000000004,0.16000000000000003,50
rf_gr_top_pct_10,2016-01-31,-0.03551794468322648,-0.03543631203016526,8.163265306122448e-05,0.08163265306122447,49
rf_gr_top_pct_10,2016-02-29,0.033500158436166945,0.03356138292596286,6.122448979591832e-05,0.061224489795918324,49
rf_gr_top_pct_10,2016-03-31,0.06506988003243588,0.06531477799161955,0.0002448979591836735,0.24489795918367352,49
rf_gr_top_pct_10,2016-04-30,-0.02942644133078702,-0.02926644133078702,0.00016000000000000004,0.16000000000000003,49
rf_gr_top_pct_10,2016-05-31,0.0046334062763661804,0.004733406276366181,9.999999999999998e-05,0.09999999999999998,50
rf_gr_top_pct_10,2016-06-30,0.009935444521171512,0.010155444521171512,0.00021999999999999998,0.21999999999999997,50
rf_gr_top_pct_10,2016-07-31,0.03217475794417354,0.03225475794417354,7.999999999999997e-05,0.07999999999999996,50
rf_gr_top_pct_10,2016-08-31,-0.0021328736509216616,-0.002015226592098132,0.00011764705882352944,0.11764705882352944,49
rf_gr_top_pct_10,2016-09-30,-0.007950582856758759,-0.007734896582248955,0.00021568627450980397,0.21568627450980393,51
rf_gr_top_pct_10,2016-10-31,-0.023999473609444266,-0.023884088994059652,0.00011538461538461542,0.11538461538461542,52
rf_gr_top_pct_10,2016-11-30,0.04436449556418254,0.044482142623006066,0.00011764705882352944,0.11764705882352944,51
rf_gr_top_pct_10,2016-12-31,0.009818279131699493,0.010077538390958752,0.0002592592592592593,0.2592592592592593,54
rf_gr_top_pct_10,2017-01-31,0.03088675180712277,0.031123115443486404,0.00023636363636363633,0.23636363636363633,55
rf_gr_top_pct_10,2017-02-28,0.023975134605206044,0.024084225514296953,0.00010909090909090913,0.10909090909090913,55
rf_gr_top_pct_10,2017-03-31,0.00959994722010314,0.009690856311012231,9.090909090909094e-05,0.09090909090909094,54
rf_gr_top_pct_10,2017-04-30,0.018751801785841366,0.019011061045100624,0.0002592592592592593,0.2592592592592593,53
rf_gr_top_pct_10,2017-05-31,0.014295350634721503,0.01442262336199423,0.0001272727272727273,0.12727272727272732,55
rf_gr_top_pct_10,2017-06-30,-0.010993210102515982,-0.01070230101160689,0.0002909090909090909,0.2909090909090909,55
rf_gr_top_pct_10,2017-07-31,0.0289415941261371,0.028997149681692654,5.5555555555555585e-05,0.05555555555555558,54
rf_gr_top_pct_10,2017-08-31,0.0126217487232216,0.01273285983433271,0.00011111111111111117,0.11111111111111116,54
rf_gr_top_pct_10,2017-09-30,0.03737763619689011,0.037595818015071926,0.00021818181818181818,0.21818181818181814,55
rf_gr_top_pct_10,2017-10-31,0.03142637605255241,0.0315870903382667,0.0001607142857142857,0.1607142857142857,55
rf_gr_top_pct_10,2017-11-30,0.04268284746108428,0.04284356174679856,0.0001607142857142857,0.1607142857142857,55
rf_gr_top_pct_10,2017-12-31,0.0035330709239954055,0.0037830709239954057,0.00025,0.25,56
rf_gr_top_pct_10,2018-01-31,0.05382972966543869,0.05400516826192992,0.00017543859649122806,0.17543859649122806,57
rf_gr_top_pct_10,2018-02-28,-0.018546726910208425,-0.018494095331261055,5.2631578947368424e-05,0.10526315789473684,56
rf_gr_top_pct_10,2018-03-31,-0.0026556441666187596,-0.0025694372700670355,8.620689655172409e-05,0.08620689655172409,58
rf_gr_top_pct_10,2018-04-30,0.002148146251998439,0.0023814795853317723,0.0002333333333333333,0.23333333333333328,60
rf_gr_top_pct_10,2018-05-31,0.05489333255437862,0.055079773232344725,0.00018644067796610165,0.18644067796610164,59
rf_gr_top_pct_10,2018-06-30,-0.007278959598574148,-0.007095626265240815,0.00018333333333333336,0.18333333333333335,60
rf_gr_top_pct_10,2018-07-31,0.029633066325693562,0.02976421386667717,0.0001311475409836066,0.1311475409836066,61
rf_gr_top_pct_10,2018-08-31,0.04826533265709628,0.048314512984965134,4.918032786885252e-05,0.049180327868852514,60
rf_gr_top_pct_10,2018-09-30,-0.014917782984364981,-0.014734449651031647,0.00018333333333333336,0.18333333333333335,60
rf_gr_top_pct_10,2018-10-31,-0.0918255779273008,-0.09170891126063413,0.0001166666666666667,0.1166666666666667,59
rf_gr_top_pct_10,2018-11-30,0.010382573487820965,0.010450370097990457,6.779661016949157e-05,0.06779661016949157,58
rf_gr_top_pct_10,2018-12-31,-0.08040778208338112,-0.08015778208338112,0.00025,0.25,60
rf_gr_top_pct_10,2019-01-31,0.08327743431951391,0.0834130275398529,0.00013559322033898302,0.13559322033898302,59
rf_gr_top_pct_10,2019-02-28,0.04454058509982502,0.04459058509982502,5.000000000000005e-05,0.050000000000000044,59
rf_gr_top_pct_10,2019-03-31,0.01627913296475248,0.016345799631419147,6.666666666666666e-05,0.06666666666666665,60
rf_gr_top_pct_10,2019-04-30,0.028338508017157978,0.028541897847666454,0.00020338983050847457,0.2033898305084746,59
rf_gr_top_pct_10,2019-05-31,-0.07574968465651238,-0.07564798974125815,0.00010169491525423725,0.10169491525423724,59
rf_gr_top_pct_10,2019-06-30,0.0897375245384606,0.09003062798673646,0.00029310344827586214,0.2931034482758621,58
rf_gr_top_pct_10,2019-07-31,0.03165472735684932,0.03185472735684932,0.00019999999999999996,0.19999999999999996,60
rf_gr_top_pct_10,2019-08-31,-0.020725204868213352,-0.02059187153488002,0.0001333333333333333,0.1333333333333333,60
rf_gr_top_pct_10,2019-09-30,0.015182526038691283,0.015432526038691283,0.00025,0.25,60
rf_gr_top_pct_10,2019-10-31,0.01877952906243609,0.01889619572910276,0.0001166666666666667,0.1166666666666667,59
rf_gr_top_pct_10,2019-11-30,0.026775796995006384,0.026875796995006383,9.999999999999998e-05,0.09999999999999998,59
rf_gr_top_pct_10,2019-12-31,0.02656220325219785,0.026884237150502935,0.0003220338983050848,0.3220338983050848,59
rf_gr_top_pct_10,2020-01-31,-0.004255782812203408,-0.004189116145536742,6.666666666666666e-05,0.1333333333333333,60
rf_gr_top_pct_10,2020-02-29,-0.07775877138443953,-0.0776254380511062,0.0001333333333333333,0.1333333333333333,58
rf_gr_top_pct_10,2020-03-31,-0.14685138002032383,-0.14655138002032383,0.0003000000000000001,0.30000000000000004,55
rf_gr_top_pct_10,2020-04-30,0.176848524197683,0.1771818575310163,0.00033333333333333343,0.33333333333333337,57
rf_gr_top_pct_10,2020-05-31,0.07946083917666928,0.079765923922432,0.00030508474576271185,0.30508474576271183,58
rf_gr_top_pct_10,2020-06-30,0.025925053858224766,0.02621815730650063,0.00029310344827586214,0.2931034482758621,57
rf_gr_top_pct_10,2020-07-31,0.06014923533286407,0.06035613188458821,0.0002068965517241379,0.2068965517241379,58
rf_gr_top_pct_10,2020-08-31,0.041222213162874395,0.04134290281804681,0.00012068965517241382,0.12068965517241381,58
rf_gr_top_pct_10,2020-09-30,-0.028377157948644212,-0.02804957174174766,0.0003275862068965517,0.3275862068965517,58
rf_gr_top_pct_10,2020-10-31,-0.015987308057684523,-0.015883859781822454,0.00010344827586206895,0.10344827586206895,58
rf_gr_top_pct_10,2020-11-30,0.09049141830495452,0.09052590106357522,3.4482758620689616e-05,0.03448275862068961,58
rf_gr_top_pct_10,2020-12-31,0.03745411236955307,0.0376954916798979,0.00024137931034482764,0.24137931034482762,58
rf_gr_top_pct_10,2021-01-31,0.019749935828345454,0.019868579896142064,0.00011864406779661019,0.11864406779661019,59
rf_gr_top_pct_10,2021-02-28,0.020946874274504926,0.02103020760783826,8.333333333333337e-05,0.08333333333333337,60
rf_gr_top_pct_10,2021-03-31,0.03321270104477142,0.03328770104477142,7.500000000000002e-05,0.15000000000000002,60
rf_gr_top_pct_10,2021-04-30,0.02618625448800556,0.02636125448800556,0.000175,0.35,60
rf_gr_top_pct_10,2021-05-31,0.009886488165915645,0.009937335623542763,5.084745762711862e-05,0.10169491525423724,58
rf_gr_top_pct_10,2021-06-30,-0.0019678329255442017,-0.0018530788271835458,0.00011475409836065575,0.2295081967213115,61
rf_gr_top_pct_10,2021-07-31,0.015845076869437244,0.015885399450082407,4.032258064516131e-05,0.08064516129032262,62
rf_gr_top_pct_10,2021-08-31,0.010555243178382568,0.010587501242898697,3.225806451612906e-05,0.06451612903225812,59
rf_gr_top_pct_10,2021-09-30,-0.023429956069578102,-0.023302971942593974,0.00012698412698412698,0.25396825396825395,62
rf_gr_top_pct_10,2021-10-31,0.025045711740146706,0.025133013327448293,8.730158730158732e-05,0.17460317460317465,63
rf_gr_top_pct_10,2021-11-30,0.0011694216763685947,0.0012011677081146266,3.1746031746031745e-05,0.06349206349206349,62
rf_gr_top_pct_10,2021-12-31,0.028256508687918177,0.028404946187918178,0.0001484375,0.296875,63
rf_gr_top_pct_10,2022-01-31,-0.031217862281045426,-0.031100674781045425,0.00011718750000000001,0.234375,64
rf_gr_top_pct_10,2022-02-28,0.019156172284179873,0.019249922284179873,9.375e-05,0.09375,64
rf_gr_top_pct_10,2022-03-31,0.01639652775773241,0.01652152775773241,0.000125,0.125,63
rf_gr_top_pct_10,2022-04-30,-0.06518050654060957,-0.0649189680790711,0.0002615384615384615,0.2615384615384615,65
rf_gr_top_pct_10,2022-05-31,0.012311499403392209,0.012434576326469132,0.0001230769230769231,0.12307692307692308,65
rf_gr_top_pct_10,2022-06-30,-0.1267637347190739,-0.12659450394984312,0.0001692307692307692,0.16923076923076918,64
rf_gr_top_pct_10,2022-07-31,0.11033825869199368,0.11041762377135876,7.936507936507942e-05,0.07936507936507942,63
rf_gr_top_pct_10,2022-08-31,-0.0158307418606514,-0.0157682418606514,6.25e-05,0.0625,64
rf_gr_top_pct_10,2022-09-30,-0.07873261110395449,-0.07857388094522433,0.00015873015873015873,0.15873015873015872,61
rf_gr_top_pct_10,2022-10-31,0.1284068504450459,0.12853588270311042,0.00012903225806451613,0.12903225806451613,62
rf_gr_top_pct_10,2022-11-30,0.0863985393161378,0.0865235393161378,0.000125,0.125,64
rf_gr_top_pct_10,2022-12-31,-0.06305432063727354,-0.06288244563727353,0.00017187500000000002,0.171875,64
rf_gr_top_pct_10,2023-01-31,0.08764915000976546,0.08771264207325752,6.349206349206349e-05,0.06349206349206349,63
rf_gr_top_pct_10,2023-02-28,-0.02419908413164694,-0.02413658413164694,6.25e-05,0.0625,63
rf_gr_top_pct_10,2023-03-31,0.003916410579794137,0.003978910579794137,6.25e-05,0.0625,63
rf_gr_top_pct_10,2023-04-30,-0.017418631737862542,-0.01720324712247793,0.00021538461538461544,0.2153846153846154,64
rf_gr_top_pct_10,2023-05-31,-0.01908067498023391,-0.018926828826387757,0.00015384615384615385,0.15384615384615385,63
rf_gr_top_pct_10,2023-06-30,0.11075768900009303,0.11096081400009303,0.00020312500000000002,0.203125,64
rf_gr_top_pct_10,2023-07-31,0.07356113731601047,0.07365344500831816,9.230769230769232e-05,0.09230769230769231,65
rf_gr_top_pct_10,2023-08-31,-0.007717900663793643,-0.007656362202255181,6.153846153846155e-05,0.06153846153846154,65
rf_gr_top_pct_10,2023-09-30,-0.03765128852437322,-0.037469470342555045,0.00018181818181818178,0.18181818181818177,66
rf_gr_top_pct_10,2023-10-31,-0.038875324704412614,-0.03879956712865504,7.57575757575758e-05,0.0757575757575758,65
rf_gr_top_pct_10,2023-11-30,0.08891923264104017,0.08899499021679774,7.57575757575758e-05,0.0757575757575758,66
rf_gr_top_pct_10,2023-12-31,0.07835933083243327,0.07856828605631386,0.0002089552238805971,0.20895522388059706,66
rf_gr_top_pct_10,2024-01-31,0.006157327370189009,0.006202103489591994,4.47761194029851e-05,0.08955223880597019,66
rf_gr_top_pct_10,2024-02-29,0.08521277376408959,0.08530232600289556,8.95522388059702e-05,0.08955223880597019,67
rf_gr_top_pct_10,2024-03-31,0.03593023968735118,0.03604788674617471,0.00011764705882352944,0.23529411764705888,68
rf_gr_top_pct_10,2024-04-30,-0.029143268247842188,-0.029099150600783365,4.411764705882354e-05,0.08823529411764708,68
rf_gr_top_pct_10,2024-05-31,0.06116736108230695,0.06124198794797859,7.462686567164179e-05,0.07462686567164178,67
rf_gr_top_pct_10,2024-06-30,-0.004299965794258486,-0.00423378932367025,6.617647058823529e-05,0.13235294117647056,67
rf_gr_top_pct_10,2024-07-31,0.05406410745197844,0.05419646039315491,0.00013235294117647058,0.13235294117647056,68
rf_gr_top_pct_10,2024-08-31,-0.013536947777248638,-0.01342100574826313,0.00011594202898550721,0.1159420289855072,69
rf_gr_top_pct_10,2024-09-30,0.010344846810463347,0.01045354246263726,0.00010869565217391305,0.21739130434782605,68
rf_gr_top_pct_10,2024-10-31,-0.01014799595417058,-0.010059760660052932,8.823529411764708e-05,0.17647058823529416,68
rf_gr_top_pct_10,2024-11-30,0.037620831830480685,0.037671556468161844,5.072463768115943e-05,0.10144927536231885,68
rf_gr_top_pct_10,2024-12-31,-0.027393723496876233,-0.027261370555699764,0.00013235294117647058,0.2647058823529411,67
rf_gr_top_pct_10,2025-01-31,0.0007187413493035705,0.0008510942904800411,0.00013235294117647058,0.13235294117647056,68
rf_gr_top_pct_10,2025-02-28,-0.017045963734510887,-0.017023904910981474,2.2058823529411742e-05,0.044117647058823484,66
rf_gr_top_pct_10,2025-03-31,-0.0027977873329141784,-0.0026654343917377078,0.00013235294117647058,0.13235294117647056,66
rf_gr_top_pct_10,2025-04-30,-0.0359607567985153,-0.03568802952578803,0.00027272727272727274,0.2727272727272727,65
rf_gr_top_pct_10,2025-05-31,0.04913246607265638,0.04931157055026832,0.00017910447761194026,0.17910447761194026,66
rf_gr_top_pct_10,2025-06-30,0.010695922155378028,0.010998952458408331,0.000303030303030303,0.303030303030303,66
rf_gr_top_pct_10,2025-07-31,0.014727202720606696,0.014906307198218637,0.00017910447761194026,0.17910447761194026,66
rf_gr_top_pct_10,2025-08-31,0.06295462859695622,0.06305910620889651,0.00010447761194029848,0.10447761194029848,67
rf_gr_top_pct_10,2025-09-30,0.008902223934362224,0.009134107992333239,0.00023188405797101456,0.23188405797101452,69
rf_gr_top_pct_10,2025-10-31,-0.03363646974993392,-0.03349154221370204,0.00014492753623188405,0.14492753623188404,69
rf_gr_top_pct_10,2025-11-30,0.029055385363265858,0.029171327392251364,0.00011594202898550721,0.1159420289855072,69
rf_gr_top_pct_10,2025-12-31,0.010793944191228708,0.011083799263692476,0.0002898550724637681,0.28985507246376807,69
rf_gr_top_pct_10,2026-01-31,0.06735687507028035,0.06748730985288905,0.0001304347826086957,0.13043478260869568,69
rf_gr_top_pct_10,2026-02-28,0.07407960744621392,0.07418105672157624,0.00010144927536231885,0.10144927536231885,69
rf_gr_top_pct_10,2026-03-31,-0.039736481874633786,-0.039565053303205214,0.00017142857142857137,0.17142857142857137,70
rf_gr_top_pct_10,2026-04-30,0.09872412508388778,0.09905745841722112,0.00033333333333333343,0.33333333333333337,66
rf_gr_top_pct_10,2026-05-31,0.00834614420326316,0.008413308382367637,6.716417910447764e-05,0.13432835820895528,67
rf_gr_top_n_50,2008-11-30,0.014160493827160503,0.014660493827160503,0.0005,1.0,1
rf_gr_top_n_50,2008-12-31,0.03598200899550219,0.03598200899550219,0.0,0.0,1
rf_gr_top_n_50,2009-01-31,-0.062470862470862476,-0.062470862470862476,0.0,0.0,1
rf_gr_top_n_50,2009-02-28,-0.0042989560023676265,-0.0042989560023676265,0.0,0.0,1
rf_gr_top_n_50,2009-03-31,0.11230093355299287,0.11230093355299287,0.0,0.0,1
rf_gr_top_n_50,2009-04-30,0.03968609865470851,0.03968609865470851,0.0,0.0,1
rf_gr_top_n_50,2009-05-31,0.08412962193602003,0.08412962193602003,0.0,0.0,1
rf_gr_top_n_50,2009-06-30,0.016963334547198432,0.017296667880531767,0.00033333333333333343,0.6666666666666667,3
rf_gr_top_n_50,2009-07-31,0.05614038309450394,0.05655704976117061,0.0004166666666666667,0.8333333333333334,6
rf_gr_top_n_50,2009-08-31,0.03338160025907204,0.03388160025907204,0.0005,0.5,12
rf_gr_top_n_50,2009-09-30,0.057365223408074414,0.057865223408074415,0.0005,0.5,24
rf_gr_top_n_50,2009-10-31,0.005292392672209521,0.005542392672209521,0.00025,0.25,30
rf_gr_top_n_50,2009-11-30,0.06203959956680728,0.06230789224973411,0.0002682926829268293,0.2682926829268293,41
rf_gr_top_n_50,2009-12-31,0.012328711770283166,0.012548711770283166,0.00021999999999999998,0.43999999999999995,50
rf_gr_top_n_50,2010-01-31,-0.014777621035288709,-0.014657621035288709,0.00012,0.24,49
rf_gr_top_n_50,2010-02-28,0.024659486657310756,0.024709486657310757,4.999999999999999e-05,0.09999999999999998,49
rf_gr_top_n_50,2010-03-31,0.029073871007985634,0.029243871007985634,0.00016999999999999999,0.33999999999999997,50
rf_gr_top_n_50,2010-04-30,0.011110452730910913,0.011350452730910914,0.00024,0.48,50
rf_gr_top_n_50,2010-05-31,-0.030066093124613353,-0.030026093124613355,3.999999999999998e-05,0.07999999999999996,50
rf_gr_top_n_50,2010-06-30,-0.03437677900813407,-0.03421677900813407,0.00016000000000000004,0.16000000000000003,48
rf_gr_top_n_50,2010-07-31,0.05340959185619,0.05348959185619,7.999999999999997e-05,0.07999999999999996,50
rf_gr_top_n_50,2010-08-31,-0.03820822621629997,-0.03814822621629997,6.0000000000000056e-05,0.06000000000000005,50
rf_gr_top_n_50,2010-09-30,0.10057792423595481,0.10077792423595482,0.00019999999999999996,0.19999999999999996,49
rf_gr_top_n_50,2010-10-31,0.043868082073230154,0.04396808207323016,9.999999999999998e-05,0.09999999999999998,49
rf_gr_top_n_50,2010-11-30,0.008748837359863667,0.008908837359863668,0.00016000000000000004,0.16000000000000003,50
rf_gr_top_n_50,2010-12-31,0.044400373688665014,0.04462037368866501,0.00021999999999999998,0.21999999999999997,50
rf_gr_top_n_50,2011-01-31,0.0018090819814490513,0.0018690819814490515,6.0000000000000056e-05,0.06000000000000005,50
rf_gr_top_n_50,2011-02-28,0.03908402383220425,0.03916402383220425,7.999999999999997e-05,0.07999999999999996,50
rf_gr_top_n_50,2011-03-31,0.015315584430521414,0.015415584430521413,9.999999999999998e-05,0.09999999999999998,50
rf_gr_top_n_50,2011-04-30,0.0443101938384059,0.0445901938384059,0.00028000000000000003,0.28,50
rf_gr_top_n_50,2011-05-31,0.004200541366209689,0.004260541366209689,6.0000000000000056e-05,0.06000000000000005,50
rf_gr_top_n_50,2011-06-30,-0.0034495181755508477,-0.0033895181755508475,6e-05,0.12,50
rf_gr_top_n_50,2011-07-31,-0.00920348965907485,-0.009143489659074851,6e-05,0.12,49
rf_gr_top_n_50,2011-08-31,-0.0356256889709659,-0.0355656889709659,6.0000000000000056e-05,0.06000000000000005,49
rf_gr_top_n_50,2011-09-30,-0.05552974897140601,-0.05530974897140601,0.00021999999999999998,0.21999999999999997,48
rf_gr_top_n_50,2011-10-31,0.10953947686272356,0.10963947686272356,9.999999999999998e-05,0.09999999999999998,48
rf_gr_top_n_50,2011-11-30,0.009931494512318225,0.010091494512318226,0.00016000000000000004,0.16000000000000003,49
rf_gr_top_n_50,2011-12-31,0.022529171862594368,0.022729171862594367,0.00019999999999999996,0.19999999999999996,50
rf_gr_top_n_50,2012-01-31,0.040482705554261394,0.0405827055542614,9.999999999999998e-05,0.09999999999999998,50
rf_gr_top_n_50,2012-02-29,0.04360587085441731,0.04376587085441731,0.00016000000000000004,0.16000000000000003,50
rf_gr_top_n_50,2012-03-31,0.03344202983251741,0.033642029832517406,0.00019999999999999996,0.19999999999999996,50
rf_gr_top_n_50,2012-04-30,0.026170601196455427,0.026310601196455428,0.00014000000000000001,0.14,50
rf_gr_top_n_50,2012-05-31,-0.031334456529288575,-0.031234456529288572,9.999999999999998e-05,0.09999999999999998,48
rf_gr_top_n_50,2012-06-30,0.03192206671018379,0.03214206671018379,0.00021999999999999998,0.21999999999999997,49
rf_gr_top_n_50,2012-07-31,0.0081319553459861,0.0082319553459861,9.999999999999998e-05,0.09999999999999998,49
rf_gr_top_n_50,2012-08-31,0.012797339503088735,0.012897339503088735,9.999999999999998e-05,0.09999999999999998,49
rf_gr_top_n_50,2012-09-30,0.013784412796269845,0.014004412796269844,0.00021999999999999998,0.21999999999999997,50
rf_gr_top_n_50,2012-10-31,-0.007885061420195258,-0.007815061420195257,7.000000000000001e-05,0.14,49
rf_gr_top_n_50,2012-11-30,0.007916017392691396,0.008056017392691395,0.00014000000000000001,0.14,49
rf_gr_top_n_50,2012-12-31,0.009011498912490394,0.009231498912490393,0.00021999999999999998,0.21999999999999997,49
rf_gr_top_n_50,2013-01-31,0.06119799454630303,0.06131799454630303,0.00012,0.12,49
rf_gr_top_n_50,2013-02-28,0.015109581252271449,0.015249581252271448,0.00014000000000000001,0.14,50
rf_gr_top_n_50,2013-03-31,0.04664730462690875,0.04676730462690875,0.00012,0.12,49
rf_gr_top_n_50,2013-04-30,0.015388394244667796,0.015748394244667795,0.00035999999999999997,0.36,48
rf_gr_top_n_50,2013-05-31,0.01100796463753638,0.01110796463753638,9.999999999999998e-05,0.09999999999999998,49
rf_gr_top_n_50,2013-06-30,-0.004049755241641446,-0.003959755241641446,9.000000000000003e-05,0.18000000000000005,50
rf_gr_top_n_50,2013-07-31,0.05051649281930691,0.05061649281930691,9.999999999999998e-05,0.09999999999999998,50
rf_gr_top_n_50,2013-08-31,-0.016762951436764505,-0.016732951436764506,3.0000000000000028e-05,0.06000000000000005,47
rf_gr_top_n_50,2013-09-30,0.03868096269800735,0.03886096269800735,0.00018000000000000007,0.18000000000000005,50
rf_gr_top_n_50,2013-10-31,0.054403425315526666,0.054583425315526665,0.00018000000000000007,0.18000000000000005,49
rf_gr_top_n_50,2013-11-30,0.015267651088575274,0.015317651088575274,4.999999999999999e-05,0.09999999999999998,49
rf_gr_top_n_50,2013-12-31,0.01605387835124254,0.01615387835124254,9.999999999999998e-05,0.19999999999999996,50
rf_gr_top_n_50,2014-01-31,-0.02093020750176384,-0.020840207501763842,9.000000000000003e-05,0.18000000000000005,49
rf_gr_top_n_50,2014-02-28,0.05172760692879126,0.051827606928791264,9.999999999999998e-05,0.09999999999999998,50
rf_gr_top_n_50,2014-03-31,0.010113041716082872,0.010163041716082871,4.999999999999999e-05,0.09999999999999998,49
rf_gr_top_n_50,2014-04-30,0.00029362571444457977,0.0005136257144445798,0.00021999999999999998,0.21999999999999997,49
rf_gr_top_n_50,2014-05-31,0.011666493039254225,0.011746493039254225,7.999999999999997e-05,0.07999999999999996,50
rf_gr_top_n_50,2014-06-30,0.015641037438688443,0.015901037438688443,0.00026000000000000003,0.26,49
rf_gr_top_n_50,2014-07-31,-0.0033467515647486296,-0.0032267515647486297,0.00012,0.12,50
rf_gr_top_n_50,2014-08-31,0.04527994831270107,0.04537994831270107,9.999999999999998e-05,0.09999999999999998,47
rf_gr_top_n_50,2014-09-30,-0.009392502809562333,-0.009242502809562332,0.00015000000000000004,0.30000000000000004,49
rf_gr_top_n_50,2014-10-31,0.03330901129686742,0.03348901129686742,0.00018000000000000007,0.18000000000000005,49
rf_gr_top_n_50,2014-11-30,0.03434014312841765,0.03444014312841765,9.999999999999998e-05,0.09999999999999998,50
rf_gr_top_n_50,2014-12-31,-0.0006271572056606102,-0.0003271572056606101,0.0003000000000000001,0.30000000000000004,49
rf_gr_top_n_50,2015-01-31,-0.014414414143886617,-0.014294414143886616,0.00012,0.12,50
rf_gr_top_n_50,2015-02-28,0.053720881939226944,0.05382088193922695,9.999999999999998e-05,0.09999999999999998,50
rf_gr_top_n_50,2015-03-31,-0.005808733245207451,-0.0057487332452074505,6.0000000000000056e-05,0.06000000000000005,50
rf_gr_top_n_50,2015-04-30,-0.008312764407647012,-0.008012764407647012,0.0003000000000000001,0.30000000000000004,50
rf_gr_top_n_50,2015-05-31,0.025584006593978616,0.025784006593978614,0.00019999999999999996,0.19999999999999996,50
rf_gr_top_n_50,2015-06-30,-0.007904162355427772,-0.007684162355427771,0.00021999999999999998,0.21999999999999997,49
rf_gr_top_n_50,2015-07-31,0.03421523002240905,0.034335230022409055,0.00012,0.12,50
rf_gr_top_n_50,2015-08-31,-0.05560753498145284,-0.05550753498145284,9.999999999999998e-05,0.09999999999999998,49
rf_gr_top_n_50,2015-09-30,-0.008242051363334793,-0.008042051363334793,0.00019999999999999996,0.19999999999999996,49
rf_gr_top_n_50,2015-10-31,0.06047220668000746,0.060572206680007463,9.999999999999998e-05,0.09999999999999998,50
rf_gr_top_n_50,2015-11-30,-0.005760655328194078,-0.0056606553281940775,9.999999999999998e-05,0.09999999999999998,50
rf_gr_top_n_50,2015-12-31,-0.022975551852169224,-0.022795551852169225,0.00018000000000000007,0.18000000000000005,50
rf_gr_top_n_50,2016-01-31,-0.0392940847831497,-0.0392140847831497,7.999999999999997e-05,0.07999999999999996,50
rf_gr_top_n_50,2016-02-29,0.033980187629733316,0.034040187629733314,6.0000000000000056e-05,0.06000000000000005,50
rf_gr_top_n_50,2016-03-31,0.06623660949916996,0.06647660949916996,0.00024,0.24,50
rf_gr_top_n_50,2016-04-30,-0.02942644133078702,-0.02926644133078702,0.00016000000000000004,0.16000000000000003,49
rf_gr_top_n_50,2016-05-31,0.0046334062763661804,0.004733406276366181,9.999999999999998e-05,0.09999999999999998,50
rf_gr_top_n_50,2016-06-30,0.009935444521171512,0.010155444521171512,0.00021999999999999998,0.21999999999999997,50
rf_gr_top_n_50,2016-07-31,0.03217475794417354,0.03225475794417354,7.999999999999997e-05,0.07999999999999996,50
rf_gr_top_n_50,2016-08-31,-0.002207358536192569,-0.0021073585361925692,9.999999999999998e-05,0.09999999999999998,48
rf_gr_top_n_50,2016-09-30,-0.007871785183799112,-0.007651785183799113,0.00021999999999999998,0.21999999999999997,50
rf_gr_top_n_50,2016-10-31,-0.02429278910769049,-0.02419278910769049,9.999999999999998e-05,0.09999999999999998,50
rf_gr_top_n_50,2016-11-30,0.043046347409000936,0.04316634740900094,0.00012,0.12,50
rf_gr_top_n_50,2016-12-31,0.009352418804544096,0.009592418804544096,0.00024,0.24,50
rf_gr_top_n_50,2017-01-31,0.026243976632744758,0.026443976632744757,0.00019999999999999996,0.19999999999999996,50
rf_gr_top_n_50,2017-02-28,0.022574240182603105,0.022634240182603106,6.0000000000000056e-05,0.06000000000000005,50
rf_gr_top_n_50,2017-03-31,0.008402444381564437,0.008462444381564436,6.0000000000000056e-05,0.06000000000000005,49
rf_gr_top_n_50,2017-04-30,0.017208510321890698,0.017488510321890697,0.00028000000000000003,0.28,49
rf_gr_top_n_50,2017-05-31,0.01573926344655197,0.01589926344655197,0.00016000000000000004,0.16000000000000003,50
rf_gr_top_n_50,2017-06-30,-0.010934167333114137,-0.010654167333114136,0.00028000000000000003,0.28,50
rf_gr_top_n_50,2017-07-31,0.027598699218201586,0.027658699218201587,6.0000000000000056e-05,0.06000000000000005,50
rf_gr_top_n_50,2017-08-31,0.010407095937925806,0.010527095937925807,0.00012,0.12,50
rf_gr_top_n_50,2017-09-30,0.03322678337832412,0.033446783378324116,0.00021999999999999998,0.21999999999999997,50
rf_gr_top_n_50,2017-10-31,0.029646273975703224,0.029786273975703225,0.00014000000000000001,0.14,49
rf_gr_top_n_50,2017-11-30,0.04415889400364666,0.044278894003646666,0.00012,0.12,49
rf_gr_top_n_50,2017-12-31,0.005966241183337325,0.006226241183337325,0.00026000000000000003,0.26,50
rf_gr_top_n_50,2018-01-31,0.05933087339863509,0.05951087339863509,0.00018000000000000007,0.18000000000000005,50
rf_gr_top_n_50,2018-02-28,-0.019519810900257215,-0.019459810900257214,6e-05,0.12,49
rf_gr_top_n_50,2018-03-31,-0.004858251705006831,-0.0047782517050068305,7.999999999999997e-05,0.07999999999999996,50
rf_gr_top_n_50,2018-04-30,0.003545645873569621,0.003805645873569621,0.00026000000000000003,0.26,50
rf_gr_top_n_50,2018-05-31,0.05375078024168659,0.053890780241686594,0.00014000000000000001,0.14,50
rf_gr_top_n_50,2018-06-30,-0.003840537389506598,-0.003640537389506598,0.00019999999999999996,0.19999999999999996,50
rf_gr_top_n_50,2018-07-31,0.02540434038784658,0.025504340387846578,9.999999999999998e-05,0.09999999999999998,50
rf_gr_top_n_50,2018-08-31,0.050389160745458114,0.05040916074545811,2.000000000000002e-05,0.020000000000000018,49
rf_gr_top_n_50,2018-09-30,-0.017678249355888395,-0.017438249355888395,0.00024,0.24,50
rf_gr_top_n_50,2018-10-31,-0.10255433021292444,-0.10245433021292444,9.999999999999998e-05,0.09999999999999998,49
rf_gr_top_n_50,2018-11-30,0.01454925712948018,0.014609257129480179,6.0000000000000056e-05,0.06000000000000005,49
rf_gr_top_n_50,2018-12-31,-0.08119915166602505,-0.08097915166602505,0.00021999999999999998,0.21999999999999997,50
rf_gr_top_n_50,2019-01-31,0.08749725537255959,0.08761725537255959,0.00012,0.12,50
rf_gr_top_n_50,2019-02-28,0.044499127228424154,0.04457912722842415,7.999999999999997e-05,0.07999999999999996,49
rf_gr_top_n_50,2019-03-31,0.023451724047210357,0.023491724047210356,4.000000000000004e-05,0.040000000000000036,50
rf_gr_top_n_50,2019-04-30,0.027966825616204376,0.028206825616204377,0.00024,0.24,50
rf_gr_top_n_50,2019-05-31,-0.07978609233884776,-0.07970609233884776,7.999999999999997e-05,0.07999999999999996,50
rf_gr_top_n_50,2019-06-30,0.08703172700463048,0.08731172700463048,0.00028000000000000003,0.28,50
rf_gr_top_n_50,2019-07-31,0.03066049665484232,0.03084049665484232,0.00018000000000000007,0.18000000000000005,50
rf_gr_top_n_50,2019-08-31,-0.01134257649395549,-0.01120257649395549,0.00014000000000000001,0.14,50
rf_gr_top_n_50,2019-09-30,0.013562434107435758,0.013842434107435759,0.00028000000000000003,0.28,50
rf_gr_top_n_50,2019-10-31,0.025724567385893942,0.02582456738589394,9.999999999999998e-05,0.09999999999999998,49
rf_gr_top_n_50,2019-11-30,0.02480919990538495,0.02490919990538495,9.999999999999998e-05,0.09999999999999998,49
rf_gr_top_n_50,2019-12-31,0.030550574021291875,0.030890574021291875,0.00033999999999999997,0.33999999999999997,50
rf_gr_top_n_50,2020-01-31,-0.0016550404604998585,-0.0015750404604998585,8.000000000000002e-05,0.16000000000000003,50
rf_gr_top_n_50,2020-02-29,-0.076841775248217,-0.07672177524821701,0.00012,0.12,48
rf_gr_top_n_50,2020-03-31,-0.14498658024884842,-0.14468658024884842,0.0003000000000000001,0.30000000000000004,46
rf_gr_top_n_50,2020-04-30,0.17798411010346418,0.17828411010346418,0.0003000000000000001,0.30000000000000004,50
rf_gr_top_n_50,2020-05-31,0.08079189588054349,0.08107189588054349,0.00028000000000000003,0.28,49
rf_gr_top_n_50,2020-06-30,0.03695831478544628,0.037238314785446286,0.00028000000000000003,0.28,49
rf_gr_top_n_50,2020-07-31,0.06439109867097881,0.06453109867097881,0.00014000000000000001,0.14,50
rf_gr_top_n_50,2020-08-31,0.04516182485022692,0.04522182485022692,6.0000000000000056e-05,0.06000000000000005,50
rf_gr_top_n_50,2020-09-30,-0.029269877174508237,-0.028929877174508237,0.00033999999999999997,0.33999999999999997,50
rf_gr_top_n_50,2020-10-31,-0.008272769596320903,-0.008152769596320903,0.00012,0.12,50
rf_gr_top_n_50,2020-11-30,0.08793094870588884,0.08799094870588885,6.0000000000000056e-05,0.06000000000000005,50
rf_gr_top_n_50,2020-12-31,0.03621922725909009,0.03647922725909009,0.00026000000000000003,0.26,50
rf_gr_top_n_50,2021-01-31,0.030317956247040236,0.030417956247040235,9.999999999999998e-05,0.09999999999999998,50
rf_gr_top_n_50,2021-02-28,0.02017486378953518,0.02025486378953518,7.999999999999997e-05,0.07999999999999996,50
rf_gr_top_n_50,2021-03-31,0.03463371240254072,0.03472371240254072,9.000000000000003e-05,0.18000000000000005,50
rf_gr_top_n_50,2021-04-30,0.026500311246335465,0.026690311246335464,0.00019,0.38,50
rf_gr_top_n_50,2021-05-31,0.009962387087003002,0.010012387087003001,4.999999999999999e-05,0.09999999999999998,49
rf_gr_top_n_50,2021-06-30,0.0013724517271770083,0.0014824517271770084,0.00010999999999999999,0.21999999999999997,50
rf_gr_top_n_50,2021-07-31,0.015076541954849587,0.015116541954849587,3.999999999999998e-05,0.07999999999999996,50
rf_gr_top_n_50,2021-08-31,0.01017093310102869,0.010200933101028691,3.0000000000000028e-05,0.06000000000000005,47
rf_gr_top_n_50,2021-09-30,-0.019790902423165002,-0.019700902423165002,9.000000000000003e-05,0.18000000000000005,49
rf_gr_top_n_50,2021-10-31,0.025972464317596772,0.026062464317596772,9.000000000000003e-05,0.18000000000000005,50
rf_gr_top_n_50,2021-11-30,0.0063422038108008555,0.006382203810800856,3.999999999999998e-05,0.07999999999999996,49
rf_gr_top_n_50,2021-12-31,0.029765301119965292,0.029935301119965292,0.00016999999999999999,0.33999999999999997,49
rf_gr_top_n_50,2022-01-31,-0.03438910868530057,-0.034269108685300566,0.00012,0.24,50
rf_gr_top_n_50,2022-02-28,0.02795690983631672,0.02805690983631672,9.999999999999998e-05,0.09999999999999998,50
rf_gr_top_n_50,2022-03-31,0.023465650934088877,0.023585650934088875,0.00012,0.12,49
rf_gr_top_n_50,2022-04-30,-0.059026280233485294,-0.05876628023348529,0.00026000000000000003,0.26,50
rf_gr_top_n_50,2022-05-31,0.005386555638491288,0.005526555638491288,0.00014000000000000001,0.14,50
rf_gr_top_n_50,2022-06-30,-0.13098144183197458,-0.13084144183197458,0.00014000000000000001,0.14,49
rf_gr_top_n_50,2022-07-31,0.11388834988888545,0.11404834988888544,0.00016000000000000004,0.16000000000000003,50
rf_gr_top_n_50,2022-08-31,-0.004848125443321228,-0.0047481254433212276,9.999999999999998e-05,0.09999999999999998,50
rf_gr_top_n_50,2022-09-30,-0.08152042022717815,-0.08136042022717815,0.00016000000000000004,0.16000000000000003,49
rf_gr_top_n_50,2022-10-31,0.12972767637763757,0.12982767637763756,9.999999999999998e-05,0.09999999999999998,50
rf_gr_top_n_50,2022-11-30,0.08642645212952685,0.08652645212952685,9.999999999999998e-05,0.09999999999999998,50
rf_gr_top_n_50,2022-12-31,-0.05676894927739271,-0.05662894927739271,0.00014000000000000001,0.14,50
rf_gr_top_n_50,2023-01-31,0.08824438288291717,0.08832438288291716,7.999999999999997e-05,0.07999999999999996,50
rf_gr_top_n_50,2023-02-28,-0.023455765827761172,-0.023375765827761172,7.999999999999997e-05,0.07999999999999996,50
rf_gr_top_n_50,2023-03-31,-0.0015272919587726369,-0.0014672919587726367,6.0000000000000056e-05,0.06000000000000005,50
rf_gr_top_n_50,2023-04-30,-0.02482225952251232,-0.024622259522512322,0.00019999999999999996,0.19999999999999996,49
rf_gr_top_n_50,2023-05-31,-0.007027139022248761,-0.006887139022248761,0.00014000000000000001,0.14,48
rf_gr_top_n_50,2023-06-30,0.12068441456100312,0.12090441456100312,0.00021999999999999998,0.21999999999999997,50
rf_gr_top_n_50,2023-07-31,0.06842757245919409,0.06850757245919409,7.999999999999997e-05,0.07999999999999996,50
rf_gr_top_n_50,2023-08-31,-0.008313361437643678,-0.008233361437643678,7.999999999999997e-05,0.07999999999999996,50
rf_gr_top_n_50,2023-09-30,-0.04271893337984456,-0.04253893337984456,0.00018000000000000007,0.18000000000000005,50
rf_gr_top_n_50,2023-10-31,-0.038132644612904214,-0.03805264461290422,7.999999999999997e-05,0.07999999999999996,50
rf_gr_top_n_50,2023-11-30,0.09288690263784304,0.09298690263784304,9.999999999999998e-05,0.09999999999999998,50
rf_gr_top_n_50,2023-12-31,0.08090153496298043,0.08114153496298043,0.00024,0.24,50
rf_gr_top_n_50,2024-01-31,0.010079696251991998,0.010119696251991998,3.999999999999998e-05,0.07999999999999996,49
rf_gr_top_n_50,2024-02-29,0.08662347461149912,0.08670347461149912,7.999999999999997e-05,0.07999999999999996,50
rf_gr_top_n_50,2024-03-31,0.03608564353125096,0.03622564353125096,0.00014000000000000001,0.28,50
rf_gr_top_n_50,2024-04-30,-0.032244832631239485,-0.03218483263123949,6e-05,0.12,50
rf_gr_top_n_50,2024-05-31,0.0772899594120688,0.0773699594120688,7.999999999999997e-05,0.07999999999999996,50
rf_gr_top_n_50,2024-06-30,-0.004039196781883028,-0.003929196781883028,0.00010999999999999999,0.21999999999999997,50
rf_gr_top_n_50,2024-07-31,0.04660332327812387,0.046703323278123876,9.999999999999998e-05,0.09999999999999998,50
rf_gr_top_n_50,2024-08-31,-0.019802166411671155,-0.019662166411671154,0.00014000000000000001,0.14,50
rf_gr_top_n_50,2024-09-30,0.013893274321894192,0.014033274321894192,0.00014000000000000001,0.28,49
rf_gr_top_n_50,2024-10-31,-0.01696457755186622,-0.01689457755186622,7.000000000000001e-05,0.14,50
rf_gr_top_n_50,2024-11-30,0.03512062606975734,0.03515062606975734,3.0000000000000028e-05,0.06000000000000005,49
rf_gr_top_n_50,2024-12-31,-0.02475507920908388,-0.02460507920908388,0.00015000000000000004,0.30000000000000004,49
rf_gr_top_n_50,2025-01-31,0.0005811977295938223,0.0007211977295938223,0.00014000000000000001,0.14,50
rf_gr_top_n_50,2025-02-28,-0.019164908307803968,-0.01913490830780397,3.0000000000000028e-05,0.06000000000000005,49
rf_gr_top_n_50,2025-03-31,0.0037231942059311523,0.003803194205931152,7.999999999999997e-05,0.07999999999999996,49
rf_gr_top_n_50,2025-04-30,-0.043255208609909584,-0.042935208609909584,0.0003199999999999999,0.31999999999999995,49
rf_gr_top_n_50,2025-05-31,0.044404680528805966,0.044604680528805965,0.00019999999999999996,0.19999999999999996,49
rf_gr_top_n_50,2025-06-30,0.011672208936534393,0.011972208936534393,0.0003000000000000001,0.30000000000000004,50
rf_gr_top_n_50,2025-07-31,0.012497050954228267,0.012677050954228266,0.00018000000000000007,0.18000000000000005,49
rf_gr_top_n_50,2025-08-31,0.06498975967065101,0.06506975967065101,7.999999999999997e-05,0.07999999999999996,50
rf_gr_top_n_50,2025-09-30,0.019908522009795294,0.020168522009795294,0.00026000000000000003,0.26,50
rf_gr_top_n_50,2025-10-31,-0.026382241282930246,-0.026282241282930247,9.999999999999998e-05,0.09999999999999998,50
rf_gr_top_n_50,2025-11-30,0.03426950698491504,0.03434950698491503,7.999999999999997e-05,0.07999999999999996,50
rf_gr_top_n_50,2025-12-31,0.011553070028651706,0.011933070028651706,0.00038,0.38,50
rf_gr_top_n_50,2026-01-31,0.06536645533207058,0.06550645533207058,0.00014000000000000001,0.14,50
rf_gr_top_n_50,2026-02-28,0.09020962762683478,0.09034962762683478,0.00014000000000000001,0.14,50
rf_gr_top_n_50,2026-03-31,-0.04501722331170169,-0.044897223311701685,0.00012,0.12,50
rf_gr_top_n_50,2026-04-30,0.11596516648891962,0.11630516648891961,0.00033999999999999997,0.33999999999999997,50
rf_gr_top_n_50,2026-05-31,0.0057657162985060816,0.005825716298506082,6e-05,0.12,50
rf_gr_top_n_25,2008-11-30,0.014160493827160503,0.014660493827160503,0.0005,1.0,1
rf_gr_top_n_25,2008-12-31,0.03598200899550219,0.03598200899550219,0.0,0.0,1
rf_gr_top_n_25,2009-01-31,-0.062470862470862476,-0.062470862470862476,0.0,0.0,1
rf_gr_top_n_25,2009-02-28,-0.0042989560023676265,-0.0042989560023676265,0.0,0.0,1
rf_gr_top_n_25,2009-03-31,0.11230093355299287,0.11230093355299287,0.0,0.0,1
rf_gr_top_n_25,2009-04-30,0.03968609865470851,0.03968609865470851,0.0,0.0,1
rf_gr_top_n_25,2009-05-31,0.08412962193602003,0.08412962193602003,0.0,0.0,1
rf_gr_top_n_25,2009-06-30,0.016963334547198432,0.017296667880531767,0.00033333333333333343,0.6666666666666667,3
rf_gr_top_n_25,2009-07-31,0.05614038309450394,0.05655704976117061,0.0004166666666666667,0.8333333333333334,6
rf_gr_top_n_25,2009-08-31,0.03338160025907204,0.03388160025907204,0.0005,0.5,12
rf_gr_top_n_25,2009-09-30,0.05456855255545398,0.055114007100908524,0.0005454545454545455,0.5454545454545454,22
rf_gr_top_n_25,2009-10-31,0.01272437217568011,0.012964372175680111,0.00024,0.24,24
rf_gr_top_n_25,2009-11-30,0.06691685651803136,0.06727685651803136,0.00035999999999999997,0.36,25
rf_gr_top_n_25,2009-12-31,0.006232823651773268,0.006512823651773268,0.00028000000000000003,0.56,25
rf_gr_top_n_25,2010-01-31,-0.009727195415540651,-0.009627195415540652,9.999999999999998e-05,0.19999999999999996,24
rf_gr_top_n_25,2010-02-28,0.026543089182929677,0.026623089182929677,8.000000000000002e-05,0.16000000000000003,24
rf_gr_top_n_25,2010-03-31,0.028853471227567946,0.029033471227567945,0.00017999999999999998,0.36,25
rf_gr_top_n_25,2010-04-30,0.015953624861227176,0.016213624861227176,0.00026000000000000003,0.52,25
rf_gr_top_n_25,2010-05-31,-0.028749994974088634,-0.028749994974088634,0.0,0.0,25
rf_gr_top_n_25,2010-06-30,-0.02669080890188603,-0.026490808901886032,0.00019999999999999996,0.19999999999999996,24
rf_gr_top_n_25,2010-07-31,0.05249574567670032,0.052535745676700316,4.000000000000004e-05,0.040000000000000036,25
rf_gr_top_n_25,2010-08-31,-0.031111281043069997,-0.031031281043069996,7.999999999999997e-05,0.07999999999999996,25
rf_gr_top_n_25,2010-09-30,0.1045770281925065,0.1048170281925065,0.00024,0.24,24
rf_gr_top_n_25,2010-10-31,0.04129646277847351,0.04141646277847351,0.00012,0.12,25
rf_gr_top_n_25,2010-11-30,0.0029136003042606585,0.0031136003042606586,0.00019999999999999996,0.19999999999999996,25
rf_gr_top_n_25,2010-12-31,0.05116632642195386,0.051406326421953856,0.00024,0.24,25
rf_gr_top_n_25,2011-01-31,0.00393868778350298,0.0040586877835029804,0.00012,0.12,25
rf_gr_top_n_25,2011-02-28,0.036188142911807,0.036268142911806994,7.999999999999997e-05,0.07999999999999996,25
rf_gr_top_n_25,2011-03-31,0.01780423233777341,0.01788423233777341,7.999999999999997e-05,0.07999999999999996,25
rf_gr_top_n_25,2011-04-30,0.05502123407384754,0.05542123407384754,0.0004,0.4,25
rf_gr_top_n_25,2011-05-31,0.011683297736776366,0.011803297736776366,0.00012,0.12,25
rf_gr_top_n_25,2011-06-30,-0.006080024589231791,-0.006000024589231791,8.000000000000002e-05,0.16000000000000003,25
rf_gr_top_n_25,2011-07-31,-0.004447943555005386,-0.0043879435550053855,6e-05,0.12,24
rf_gr_top_n_25,2011-08-31,-0.027431041642430508,-0.027351041642430508,7.999999999999997e-05,0.07999999999999996,24
rf_gr_top_n_25,2011-09-30,-0.09634866635863693,-0.09610866635863692,0.00024,0.24,23
rf_gr_top_n_25,2011-10-31,0.12503101950183118,0.1252310195018312,0.00019999999999999996,0.19999999999999996,25
rf_gr_top_n_25,2011-11-30,0.014968253926512954,0.015088253926512954,0.00012,0.12,24
rf_gr_top_n_25,2011-12-31,0.025509087309364402,0.025909087309364403,0.0004,0.4,25
rf_gr_top_n_25,2012-01-31,0.04719439534189752,0.04731439534189752,0.00012,0.12,25
rf_gr_top_n_25,2012-02-29,0.0394214999831834,0.0396614999831834,0.00024,0.24,25
rf_gr_top_n_25,2012-03-31,0.034429232966942704,0.0346692329669427,0.00024,0.24,25
rf_gr_top_n_25,2012-04-30,0.02993329160111144,0.030053291601111438,0.00012,0.12,25
rf_gr_top_n_25,2012-05-31,-0.02800038319260466,-0.02792038319260466,7.999999999999997e-05,0.07999999999999996,24
rf_gr_top_n_25,2012-06-30,0.03234550498971677,0.03262550498971677,0.00028000000000000003,0.28,25
rf_gr_top_n_25,2012-07-31,-4.0097549315471994e-05,3.990245068452797e-05,7.999999999999997e-05,0.07999999999999996,25
rf_gr_top_n_25,2012-08-31,0.006540586987090413,0.006620586987090413,7.999999999999997e-05,0.07999999999999996,24
rf_gr_top_n_25,2012-09-30,0.00855170536857756,0.00891170536857756,0.00035999999999999997,0.36,25
rf_gr_top_n_25,2012-10-31,-0.007989620316438538,-0.007889620316438539,9.999999999999998e-05,0.19999999999999996,24
rf_gr_top_n_25,2012-11-30,0.01464227811325275,0.014762278113252751,0.00012,0.12,24
rf_gr_top_n_25,2012-12-31,0.0025293229068798933,0.0028493229068798933,0.0003199999999999999,0.31999999999999995,24
rf_gr_top_n_25,2013-01-31,0.07144073165142326,0.07160073165142325,0.00016000000000000004,0.16000000000000003,24
rf_gr_top_n_25,2013-02-28,0.021487134340758374,0.021607134340758373,0.00012,0.12,25
rf_gr_top_n_25,2013-03-31,0.04666878997267783,0.04670878997267783,4.000000000000004e-05,0.040000000000000036,24
rf_gr_top_n_25,2013-04-30,0.0008328531566123094,0.0011528531566123094,0.0003199999999999999,0.31999999999999995,25
rf_gr_top_n_25,2013-05-31,0.02574337950135983,0.025783379501359827,4.000000000000004e-05,0.040000000000000036,24
rf_gr_top_n_25,2013-06-30,-0.0066445761834665554,-0.006524576183466555,0.00012,0.24,25
rf_gr_top_n_25,2013-07-31,0.04684790527123211,0.046927905271232105,7.999999999999997e-05,0.07999999999999996,25
rf_gr_top_n_25,2013-08-31,-0.014086285394612156,-0.014006285394612156,8.000000000000002e-05,0.16000000000000003,23
rf_gr_top_n_25,2013-09-30,0.04398825537987466,0.04422825537987466,0.00024,0.24,25
rf_gr_top_n_25,2013-10-31,0.050776388787929325,0.05097638878792932,0.00019999999999999996,0.19999999999999996,25
rf_gr_top_n_25,2013-11-30,0.021340432415943824,0.021380432415943822,3.999999999999998e-05,0.07999999999999996,25
rf_gr_top_n_25,2013-12-31,0.014865189536250158,0.014965189536250157,9.999999999999998e-05,0.19999999999999996,25
rf_gr_top_n_25,2014-01-31,-0.02182129833053094,-0.02174129833053094,8.000000000000002e-05,0.16000000000000003,24
rf_gr_top_n_25,2014-02-28,0.06783987010062764,0.06795987010062764,0.00012,0.12,25
rf_gr_top_n_25,2014-03-31,0.013100100665151135,0.013180100665151136,8.000000000000002e-05,0.16000000000000003,25
rf_gr_top_n_25,2014-04-30,0.0035200391300206314,0.003920039130020632,0.0004,0.4,25
rf_gr_top_n_25,2014-05-31,0.017726754724280126,0.017766754724280125,4.000000000000004e-05,0.040000000000000036,25
rf_gr_top_n_25,2014-06-30,0.004610107268127408,0.004850107268127408,0.00024,0.24,24
rf_gr_top_n_25,2014-07-31,-0.0052092167924421414,-0.005009216792442142,0.00019999999999999996,0.19999999999999996,25
rf_gr_top_n_25,2014-08-31,0.05076849621298059,0.050848496212980585,7.999999999999997e-05,0.07999999999999996,23
rf_gr_top_n_25,2014-09-30,-0.01030324076479761,-0.010083240764797611,0.00021999999999999998,0.43999999999999995,24
rf_gr_top_n_25,2014-10-31,0.03358680040384575,0.03390680040384575,0.0003199999999999999,0.31999999999999995,25
rf_gr_top_n_25,2014-11-30,0.03339117122109119,0.03355117122109119,0.00016000000000000004,0.16000000000000003,25
rf_gr_top_n_25,2014-12-31,0.0032934784704880893,0.003573478470488089,0.00028000000000000003,0.28,24
rf_gr_top_n_25,2015-01-31,-0.002162981973093134,-0.002002981973093134,0.00016000000000000004,0.16000000000000003,25
rf_gr_top_n_25,2015-02-28,0.03962986565574529,0.039749865655745294,0.00012,0.12,25
rf_gr_top_n_25,2015-03-31,0.007297599247919572,0.007377599247919572,7.999999999999997e-05,0.07999999999999996,25
rf_gr_top_n_25,2015-04-30,0.0005221888909879895,0.0008821888909879894,0.00035999999999999997,0.36,25
rf_gr_top_n_25,2015-05-31,0.02799904051752697,0.028119040517526967,0.00012,0.12,25
rf_gr_top_n_25,2015-06-30,-0.013892861596499157,-0.013572861596499158,0.0003199999999999999,0.31999999999999995,25
rf_gr_top_n_25,2015-07-31,0.04147622609834235,0.041636226098342353,0.00016000000000000004,0.16000000000000003,25
rf_gr_top_n_25,2015-08-31,-0.05722435901730079,-0.05714435901730079,7.999999999999997e-05,0.07999999999999996,24
rf_gr_top_n_25,2015-09-30,-0.008558614259045255,-0.008318614259045254,0.00024,0.24,24
rf_gr_top_n_25,2015-10-31,0.05546831849338193,0.055508318493381927,4.000000000000004e-05,0.040000000000000036,25
rf_gr_top_n_25,2015-11-30,-0.001813075144555273,-0.001653075144555273,0.00016000000000000004,0.16000000000000003,25
rf_gr_top_n_25,2015-12-31,-0.0043727731896091426,-0.004212773189609142,0.00016000000000000004,0.16000000000000003,25
rf_gr_top_n_25,2016-01-31,-0.03206740255459893,-0.031987402554598934,7.999999999999997e-05,0.07999999999999996,25
rf_gr_top_n_25,2016-02-29,0.0229679007389943,0.023087900738994298,0.00012,0.12,25
rf_gr_top_n_25,2016-03-31,0.06036427053939516,0.06064427053939516,0.00028000000000000003,0.28,25
rf_gr_top_n_25,2016-04-30,-0.02861657301098058,-0.02853657301098058,7.999999999999997e-05,0.07999999999999996,25
rf_gr_top_n_25,2016-05-31,0.006675762484539895,0.0067957624845398955,0.00012,0.12,25
rf_gr_top_n_25,2016-06-30,0.01097431168578503,0.011294311685785029,0.0003199999999999999,0.31999999999999995,25
rf_gr_top_n_25,2016-07-31,0.028588394885193377,0.028748394885193377,0.00016000000000000004,0.16000000000000003,25
rf_gr_top_n_25,2016-08-31,-0.01539821970346774,-0.01519821970346774,0.00019999999999999996,0.19999999999999996,23
rf_gr_top_n_25,2016-09-30,0.004789261098364845,0.005029261098364845,0.00024,0.24,25
rf_gr_top_n_25,2016-10-31,-0.025899056351739957,-0.025779056351739958,0.00012,0.12,25
rf_gr_top_n_25,2016-11-30,0.04270721396828989,0.04286721396828989,0.00016000000000000004,0.16000000000000003,25
rf_gr_top_n_25,2016-12-31,0.010552089288185924,0.010832089288185924,0.00028000000000000003,0.28,25
rf_gr_top_n_25,2017-01-31,0.034775601069554726,0.034975601069554725,0.00019999999999999996,0.19999999999999996,25
rf_gr_top_n_25,2017-02-28,0.026498456629258267,0.026578456629258267,7.999999999999997e-05,0.07999999999999996,25
rf_gr_top_n_25,2017-03-31,0.00997748462671754,0.00997748462671754,0.0,0.0,24
rf_gr_top_n_25,2017-04-30,0.009633197869983236,0.009993197869983235,0.00035999999999999997,0.36,24
rf_gr_top_n_25,2017-05-31,0.003357691275913233,0.003477691275913233,0.00012,0.12,25
rf_gr_top_n_25,2017-06-30,-0.014028687553663027,-0.013588687553663027,0.00043999999999999996,0.43999999999999995,25
rf_gr_top_n_25,2017-07-31,0.03057632725163786,0.03061632725163786,4.000000000000004e-05,0.040000000000000036,25
rf_gr_top_n_25,2017-08-31,0.017256038887271622,0.017336038887271622,7.999999999999997e-05,0.07999999999999996,25
rf_gr_top_n_25,2017-09-30,0.02136415236774166,0.02168415236774166,0.0003199999999999999,0.31999999999999995,25
rf_gr_top_n_25,2017-10-31,0.032546303765065975,0.03266630376506598,0.00012,0.12,24
rf_gr_top_n_25,2017-11-30,0.04069272833810888,0.04085272833810888,0.00016000000000000004,0.16000000000000003,24
rf_gr_top_n_25,2017-12-31,0.0049843018961727836,0.0053043018961727835,0.0003199999999999999,0.31999999999999995,25
rf_gr_top_n_25,2018-01-31,0.06904964929730432,0.06924964929730433,0.00019999999999999996,0.19999999999999996,25
rf_gr_top_n_25,2018-02-28,-0.015307772127059848,-0.015247772127059848,6e-05,0.12,25
rf_gr_top_n_25,2018-03-31,-0.004832315484693149,-0.0047523154846931485,7.999999999999997e-05,0.07999999999999996,25
rf_gr_top_n_25,2018-04-30,0.00018055389045918888,0.0004605538904591889,0.00028000000000000003,0.28,25
rf_gr_top_n_25,2018-05-31,0.05382714828520923,0.05394714828520923,0.00012,0.12,25
rf_gr_top_n_25,2018-06-30,0.004242172787700649,0.004522172787700649,0.00028000000000000003,0.28,25
rf_gr_top_n_25,2018-07-31,0.025161843110458867,0.025281843110458866,0.00012,0.12,25
rf_gr_top_n_25,2018-08-31,0.03861765198998006,0.03865765198998006,4.000000000000004e-05,0.040000000000000036,24
rf_gr_top_n_25,2018-09-30,-0.010543970809027307,-0.010223970809027308,0.0003199999999999999,0.31999999999999995,25
rf_gr_top_n_25,2018-10-31,-0.08130160854126997,-0.08110160854126996,0.00019999999999999996,0.19999999999999996,25
rf_gr_top_n_25,2018-11-30,0.02562471353558271,0.02574471353558271,0.00012,0.12,25
rf_gr_top_n_25,2018-12-31,-0.06956934660240519,-0.06936934660240518,0.00019999999999999996,0.19999999999999996,25
rf_gr_top_n_25,2019-01-31,0.07821362694804994,0.07837362694804993,0.00016000000000000004,0.16000000000000003,25
rf_gr_top_n_25,2019-02-28,0.032693144909970225,0.03273314490997022,4.000000000000004e-05,0.040000000000000036,24
rf_gr_top_n_25,2019-03-31,0.032699351649541894,0.03277935164954189,7.999999999999997e-05,0.07999999999999996,25
rf_gr_top_n_25,2019-04-30,0.03164217607682397,0.03204217607682397,0.0004,0.4,25
rf_gr_top_n_25,2019-05-31,-0.07812267499174806,-0.07800267499174807,0.00012,0.12,25
rf_gr_top_n_25,2019-06-30,0.0864577521629012,0.0868577521629012,0.0004,0.4,25
rf_gr_top_n_25,2019-07-31,0.03317193390105153,0.03341193390105153,0.00024,0.24,25
rf_gr_top_n_25,2019-08-31,-0.024513049000833825,-0.024393049000833826,0.00012,0.12,25
rf_gr_top_n_25,2019-09-30,0.0009267061885929529,0.0011667061885929529,0.00024,0.24,25
rf_gr_top_n_25,2019-10-31,0.04577263539077879,0.04593263539077879,0.00016000000000000004,0.16000000000000003,25
rf_gr_top_n_25,2019-11-30,0.029004119479751875,0.029124119479751874,0.00012,0.12,24
rf_gr_top_n_25,2019-12-31,0.02864249751473376,0.02904249751473376,0.0004,0.4,25
rf_gr_top_n_25,2020-01-31,0.006121343567898448,0.0061813435678984485,6e-05,0.12,25
rf_gr_top_n_25,2020-02-29,-0.08604130482147061,-0.08592130482147062,0.00012,0.12,24
rf_gr_top_n_25,2020-03-31,-0.13903086068683843,-0.13875086068683842,0.00028000000000000003,0.28,23
rf_gr_top_n_25,2020-04-30,0.19474193580807667,0.19506193580807665,0.0003199999999999999,0.31999999999999995,25
rf_gr_top_n_25,2020-05-31,0.08478989132241278,0.08506989132241279,0.00028000000000000003,0.28,24
rf_gr_top_n_25,2020-06-30,0.02581623124104685,0.02617623124104685,0.00035999999999999997,0.36,25
rf_gr_top_n_25,2020-07-31,0.06649708149091148,0.06669708149091148,0.00019999999999999996,0.19999999999999996,25
rf_gr_top_n_25,2020-08-31,0.04035973565418116,0.04043973565418116,7.999999999999997e-05,0.07999999999999996,25
rf_gr_top_n_25,2020-09-30,-0.01809596714471689,-0.01765596714471689,0.00043999999999999996,0.43999999999999995,25
rf_gr_top_n_25,2020-10-31,-0.0077495749815099406,-0.007509574981509941,0.00024,0.24,25
rf_gr_top_n_25,2020-11-30,0.07620419023062155,0.07632419023062155,0.00012,0.12,25
rf_gr_top_n_25,2020-12-31,0.029535568252970174,0.029735568252970173,0.00019999999999999996,0.19999999999999996,25
rf_gr_top_n_25,2021-01-31,0.027839860667632964,0.027959860667632962,0.00012,0.12,25
rf_gr_top_n_25,2021-02-28,0.026527190632046584,0.026647190632046583,0.00012,0.12,25
rf_gr_top_n_25,2021-03-31,0.03271372875744574,0.03279372875744574,8.000000000000002e-05,0.16000000000000003,25
rf_gr_top_n_25,2021-04-30,0.02396839120469183,0.024188391204691833,0.00021999999999999998,0.43999999999999995,25
rf_gr_top_n_25,2021-05-31,0.014881647937947166,0.014961647937947166,8.000000000000002e-05,0.16000000000000003,25
rf_gr_top_n_25,2021-06-30,0.00853414885494979,0.00865414885494979,0.00012,0.24,25
rf_gr_top_n_25,2021-07-31,0.010730212805125514,0.010770212805125514,3.999999999999998e-05,0.07999999999999996,25
rf_gr_top_n_25,2021-08-31,0.008736647594178495,0.008776647594178495,3.999999999999998e-05,0.07999999999999996,24
rf_gr_top_n_25,2021-09-30,-0.02796940252499278,-0.027829402524992778,0.00014000000000000001,0.28,25
rf_gr_top_n_25,2021-10-31,0.02988803702364136,0.029928037023641357,3.999999999999998e-05,0.07999999999999996,25
rf_gr_top_n_25,2021-11-30,0.009178491379209888,0.009198491379209887,2.000000000000002e-05,0.040000000000000036,24
rf_gr_top_n_25,2021-12-31,0.04048338426377071,0.04066338426377071,0.00017999999999999998,0.36,25
rf_gr_top_n_25,2022-01-31,-0.0420547872545332,-0.0419347872545332,0.00012,0.24,25
rf_gr_top_n_25,2022-02-28,0.016832331891379886,0.016872331891379884,4.000000000000004e-05,0.040000000000000036,25
rf_gr_top_n_25,2022-03-31,0.016292086343365292,0.016372086343365292,7.999999999999997e-05,0.07999999999999996,24
rf_gr_top_n_25,2022-04-30,-0.05548577238756632,-0.05516577238756632,0.0003199999999999999,0.31999999999999995,25
rf_gr_top_n_25,2022-05-31,0.012012067342060019,0.01217206734206002,0.00016000000000000004,0.16000000000000003,25
rf_gr_top_n_25,2022-06-30,-0.13383047048074123,-0.13363047048074123,0.00019999999999999996,0.19999999999999996,24
rf_gr_top_n_25,2022-07-31,0.12670380298586917,0.12686380298586916,0.00016000000000000004,0.16000000000000003,25
rf_gr_top_n_25,2022-08-31,0.0005700085709529504,0.0006500085709529504,7.999999999999997e-05,0.07999999999999996,25
rf_gr_top_n_25,2022-09-30,-0.09242898584748711,-0.09226898584748712,0.00016000000000000004,0.16000000000000003,25
rf_gr_top_n_25,2022-10-31,0.12270281404514509,0.12270281404514509,0.0,0.0,25
rf_gr_top_n_25,2022-11-30,0.07931518018683865,0.07939518018683865,7.999999999999997e-05,0.07999999999999996,25
rf_gr_top_n_25,2022-12-31,-0.04981841829194011,-0.04957841829194011,0.00024,0.24,25
rf_gr_top_n_25,2023-01-31,0.05682330515666442,0.05686330515666442,4.000000000000004e-05,0.040000000000000036,25
rf_gr_top_n_25,2023-02-28,-3.343608211610329e-05,8.656391788389672e-05,0.00012,0.12,25
rf_gr_top_n_25,2023-03-31,0.0042337788696584465,0.0042337788696584465,0.0,0.0,25
rf_gr_top_n_25,2023-04-30,-0.025909595037572525,-0.025749595037572525,0.00016000000000000004,0.16000000000000003,24
rf_gr_top_n_25,2023-05-31,-0.009868804772788944,-0.009748804772788944,0.00012,0.12,24
rf_gr_top_n_25,2023-06-30,0.11841317793359776,0.11861317793359777,0.00019999999999999996,0.19999999999999996,25
rf_gr_top_n_25,2023-07-31,0.06440097014680848,0.06456097014680848,0.00016000000000000004,0.16000000000000003,25
rf_gr_top_n_25,2023-08-31,-0.0029242588066064556,-0.0028042588066064557,0.00012,0.12,25
rf_gr_top_n_25,2023-09-30,-0.03132970631386595,-0.03104970631386595,0.00028000000000000003,0.28,25
rf_gr_top_n_25,2023-10-31,-0.035687110085653444,-0.03552711008565344,0.00016000000000000004,0.16000000000000003,25
rf_gr_top_n_25,2023-11-30,0.08468969204642632,0.08480969204642631,0.00012,0.12,25
rf_gr_top_n_25,2023-12-31,0.06864527309107119,0.06892527309107119,0.00028000000000000003,0.28,25
rf_gr_top_n_25,2024-01-31,0.03351316884916372,0.03353316884916372,2.000000000000002e-05,0.040000000000000036,24
rf_gr_top_n_25,2024-02-29,0.08701199112914781,0.08713199112914781,0.00012,0.12,25
rf_gr_top_n_25,2024-03-31,0.03653005029982601,0.036650050299826015,0.00012,0.24,25
rf_gr_top_n_25,2024-04-30,-0.016218978956449998,-0.016138978956449997,8.000000000000002e-05,0.16000000000000003,25
rf_gr_top_n_25,2024-05-31,0.118023844817304,0.11822384481730401,0.00019999999999999996,0.19999999999999996,25
rf_gr_top_n_25,2024-06-30,0.009793938824259465,0.009913938824259465,0.00012,0.24,25
rf_gr_top_n_25,2024-07-31,0.01442560786550627,0.014625607865506271,0.00019999999999999996,0.19999999999999996,25
rf_gr_top_n_25,2024-08-31,-0.024666139600859536,-0.024546139600859537,0.00012,0.12,25
rf_gr_top_n_25,2024-09-30,0.022030408986655637,0.022190408986655637,0.00015999999999999996,0.31999999999999995,25
rf_gr_top_n_25,2024-10-31,-0.013951161980404386,-0.013871161980404386,8.000000000000002e-05,0.16000000000000003,25
rf_gr_top_n_25,2024-11-30,0.03011906453100445,0.03021906453100445,9.999999999999998e-05,0.19999999999999996,24
rf_gr_top_n_25,2024-12-31,-0.02651663341347701,-0.02633663341347701,0.00017999999999999998,0.36,24
rf_gr_top_n_25,2025-01-31,0.0015847073525105512,0.001784707352510551,0.00019999999999999996,0.19999999999999996,25
rf_gr_top_n_25,2025-02-28,-0.013271696496252526,-0.013211696496252527,6e-05,0.12,24
rf_gr_top_n_25,2025-03-31,0.003718289740430035,0.003918289740430035,0.00019999999999999996,0.19999999999999996,24
rf_gr_top_n_25,2025-04-30,-0.029480837002176893,-0.029040837002176894,0.00043999999999999996,0.43999999999999995,24
rf_gr_top_n_25,2025-05-31,0.04362294364608074,0.04382294364608074,0.00019999999999999996,0.19999999999999996,25
rf_gr_top_n_25,2025-06-30,0.0014405173548889096,0.0018005173548889097,0.00035999999999999997,0.36,25
rf_gr_top_n_25,2025-07-31,0.026581285587354515,0.026781285587354514,0.00019999999999999996,0.19999999999999996,25
rf_gr_top_n_25,2025-08-31,0.07197727409426616,0.07205727409426615,7.999999999999997e-05,0.07999999999999996,25
rf_gr_top_n_25,2025-09-30,0.03208831314194685,0.03236831314194685,0.00028000000000000003,0.28,25
rf_gr_top_n_25,2025-10-31,-0.028440506331969418,-0.028280506331969418,0.00016000000000000004,0.16000000000000003,25
rf_gr_top_n_25,2025-11-30,0.05074800528065374,0.05082800528065374,7.999999999999997e-05,0.07999999999999996,25
rf_gr_top_n_25,2025-12-31,0.02030370261288706,0.02062370261288706,0.0003199999999999999,0.31999999999999995,25
rf_gr_top_n_25,2026-01-31,0.08167047850777918,0.08183047850777918,0.00016000000000000004,0.16000000000000003,25
rf_gr_top_n_25,2026-02-28,0.055167049945136534,0.055327049945136535,0.00016000000000000004,0.16000000000000003,25
rf_gr_top_n_25,2026-03-31,-0.051674447094631065,-0.05159444709463107,7.999999999999997e-05,0.07999999999999996,25
rf_gr_top_n_25,2026-04-30,0.10519747026440478,0.10547747026440478,0.00028000000000000003,0.28,25
rf_gr_top_n_25,2026-05-31,-0.002148004480348788,-0.0020680044803487877,8.000000000000002e-05,0.16000000000000003,25
rf_xgb_gr_top_pct_20,2008-11-30,0.014160493827160503,0.014660493827160503,0.0005,1.0,1
rf_xgb_gr_top_pct_20,2008-12-31,0.03598200899550219,0.03598200899550219,0.0,0.0,1
rf_xgb_gr_top_pct_20,2009-01-31,-0.062470862470862476,-0.062470862470862476,0.0,0.0,1
rf_xgb_gr_top_pct_20,2009-02-28,-0.0042989560023676265,-0.0042989560023676265,0.0,0.0,1
rf_xgb_gr_top_pct_20,2009-03-31,0.11230093355299287,0.11230093355299287,0.0,0.0,1
rf_xgb_gr_top_pct_20,2009-04-30,0.03968609865470851,0.03968609865470851,0.0,0.0,1
rf_xgb_gr_top_pct_20,2009-05-31,0.08412962193602003,0.08412962193602003,0.0,0.0,1
rf_xgb_gr_top_pct_20,2009-06-30,-0.013424608819345707,-0.013424608819345707,0.0,0.0,1
rf_xgb_gr_top_pct_20,2009-07-31,0.03763259297362825,0.03788259297362825,0.00025,0.5,2
rf_xgb_gr_top_pct_20,2009-08-31,0.027921913099233888,0.028255246432567223,0.00033333333333333343,0.33333333333333337,3
rf_xgb_gr_top_pct_20,2009-09-30,0.06879486697760881,0.0695948669776088,0.0008,0.8,5
rf_xgb_gr_top_pct_20,2009-10-31,0.03289987374818285,0.03339987374818285,0.0005,0.5,5
rf_xgb_gr_top_pct_20,2009-11-30,0.09265177664107815,0.09331844330774482,0.0006666666666666669,0.6666666666666667,9
rf_xgb_gr_top_pct_20,2009-12-31,0.008340677716987165,0.008674011050320498,0.00033333333333333343,0.6666666666666667,15
rf_xgb_gr_top_pct_20,2010-01-31,-0.00948232845077225,-0.00929811792445646,0.0001842105263157895,0.368421052631579,19
rf_xgb_gr_top_pct_20,2010-02-28,0.0244099352060424,0.0245599352060424,0.00015000000000000004,0.30000000000000004,20
rf_xgb_gr_top_pct_20,2010-03-31,0.025565100935739025,0.02583929448412612,0.00027419354838709674,0.5483870967741935,30
rf_xgb_gr_top_pct_20,2010-04-30,0.012945400645070345,0.013249322213697796,0.000303921568627451,0.607843137254902,50
rf_xgb_gr_top_pct_20,2010-05-31,-0.035477215060153486,-0.03538106121399964,9.615384615384615e-05,0.1923076923076923,52
rf_xgb_gr_top_pct_20,2010-06-30,-0.057195990666314485,-0.05688117585149967,0.0003148148148148148,0.31481481481481477,52
rf_xgb_gr_top_pct_20,2010-07-31,0.06882747466842673,0.06914228948324154,0.0003148148148148148,0.31481481481481477,53
rf_xgb_gr_top_pct_20,2010-08-31,-0.0446051828478549,-0.044350637393309446,0.0002545454545454545,0.2545454545454545,54
rf_xgb_gr_top_pct_20,2010-09-30,0.09588725697627182,0.09621452970354455,0.00032727272727272726,0.32727272727272727,55
rf_xgb_gr_top_pct_20,2010-10-31,0.048158717236942365,0.04852235360057873,0.00036363636363636367,0.36363636363636365,55
rf_xgb_gr_top_pct_20,2010-11-30,-0.005093032704195226,-0.0049175941077039985,0.00017543859649122806,0.17543859649122806,57
rf_xgb_gr_top_pct_20,2010-12-31,0.05451678602348269,0.05489383520381056,0.00037704918032786886,0.3770491803278688,61
rf_xgb_gr_top_pct_20,2011-01-31,0.02230926598132635,0.02253148820354857,0.00022222222222222223,0.2222222222222222,63
rf_xgb_gr_top_pct_20,2011-02-28,0.023574833984473874,0.023701818111458002,0.00012698412698412698,0.12698412698412698,63
rf_xgb_gr_top_pct_20,2011-03-31,0.0267937339198105,0.02695791302428811,0.00016417910447761197,0.16417910447761197,67
rf_xgb_gr_top_pct_20,2011-04-30,0.036461905773340506,0.036785435185105214,0.00032352941176470585,0.32352941176470584,67
rf_xgb_gr_top_pct_20,2011-05-31,-0.005663545762740026,-0.005306402905597169,0.00035714285714285714,0.3571428571428571,68
rf_xgb_gr_top_pct_20,2011-06-30,-0.00708434787052827,-0.0069505450536268614,0.00013380281690140845,0.2676056338028169,71
rf_xgb_gr_top_pct_20,2011-07-31,-0.014907062666839553,-0.014759175342895892,0.000147887323943662,0.295774647887324,68
rf_xgb_gr_top_pct_20,2011-08-31,-0.030869503283214746,-0.03065521756892903,0.00021428571428571433,0.2142857142857143,68
rf_xgb_gr_top_pct_20,2011-09-30,-0.0685766500168847,-0.06829887223910693,0.0002777777777777778,0.2777777777777778,67
rf_xgb_gr_top_pct_20,2011-10-31,0.13466175476350745,0.1349805953432176,0.00031884057971014494,0.3188405797101449,68
rf_xgb_gr_top_pct_20,2011-11-30,0.018361664762685168,0.01858388698490739,0.00022222222222222223,0.2222222222222222,71
rf_xgb_gr_top_pct_20,2011-12-31,0.009926649729883264,0.01023220528543882,0.0003055555555555556,0.3055555555555556,72
rf_xgb_gr_top_pct_20,2012-01-31,0.057888756964127,0.05803944189563385,0.00015068493150684938,0.15068493150684936,72
rf_xgb_gr_top_pct_20,2012-02-29,0.03236276701015415,0.03254943367682082,0.00018666666666666666,0.18666666666666665,74
rf_xgb_gr_top_pct_20,2012-03-31,0.006606066617779116,0.006921856091463326,0.00031578947368421053,0.3157894736842105,76
rf_xgb_gr_top_pct_20,2012-04-30,0.013144915726921674,0.01336859993744799,0.00022368421052631584,0.22368421052631582,74
rf_xgb_gr_top_pct_20,2012-05-31,-0.0393289724523156,-0.03910230578564893,0.00022666666666666668,0.22666666666666668,75
rf_xgb_gr_top_pct_20,2012-06-30,0.04209044974287833,0.042445712900773064,0.0003552631578947368,0.35526315789473684,76
rf_xgb_gr_top_pct_20,2012-07-31,0.009987620569629728,0.010254287236296395,0.00026666666666666673,0.2666666666666667,74
rf_xgb_gr_top_pct_20,2012-08-31,0.005050971620715703,0.005172593242337325,0.0001216216216216216,0.1216216216216216,72
rf_xgb_gr_top_pct_20,2012-09-30,0.026783754724273533,0.02710319916871798,0.0003194444444444444,0.3194444444444444,71
rf_xgb_gr_top_pct_20,2012-10-31,-0.0032285561943643875,-0.0030915698929945244,0.000136986301369863,0.273972602739726,71
rf_xgb_gr_top_pct_20,2012-11-30,0.0012601274282535917,0.0014793055104453724,0.00021917808219178083,0.2191780821917808,73
rf_xgb_gr_top_pct_20,2012-12-31,0.013738037302880831,0.014062361627205157,0.00032432432432432436,0.32432432432432434,74
rf_xgb_gr_top_pct_20,2013-01-31,0.06109407494088403,0.06141407494088403,0.0003199999999999999,0.31999999999999995,75
rf_xgb_gr_top_pct_20,2013-02-28,0.01627235104887712,0.016439017715543784,0.00016666666666666663,0.16666666666666663,78
rf_xgb_gr_top_pct_20,2013-03-31,0.04280372314285278,0.043044229471966705,0.00024050632911392402,0.240506329113924,78
rf_xgb_gr_top_pct_20,2013-04-30,0.02394893943728898,0.024346375334724876,0.0003974358974358975,0.39743589743589747,76
rf_xgb_gr_top_pct_20,2013-05-31,0.014933688703610651,0.015138816908738856,0.0002051282051282052,0.20512820512820518,74
rf_xgb_gr_top_pct_20,2013-06-30,-0.006209558649133655,-0.006013356117488085,0.0001962025316455696,0.3924050632911392,74
rf_xgb_gr_top_pct_20,2013-07-31,0.05337288720458067,0.05372731758432751,0.00035443037974683546,0.35443037974683544,79
rf_xgb_gr_top_pct_20,2013-08-31,-0.01295908594822445,-0.012878839034644204,8.024691358024694e-05,0.16049382716049387,79
rf_xgb_gr_top_pct_20,2013-09-30,0.03435716048740478,0.03464829972791111,0.00029113924050632915,0.2911392405063291,79
rf_xgb_gr_top_pct_20,2013-10-31,0.044558264663528704,0.04469750516985782,0.0001392405063291139,0.1392405063291139,78
rf_xgb_gr_top_pct_20,2013-11-30,0.010618743665042717,0.010733201496368017,0.00011445783132530119,0.22891566265060237,82
rf_xgb_gr_top_pct_20,2013-12-31,0.01501964947256943,0.015168458996378953,0.00014880952380952385,0.29761904761904767,80
rf_xgb_gr_top_pct_20,2014-01-31,-0.014620323978597678,-0.01446738280212709,0.00015294117647058825,0.3058823529411765,81
rf_xgb_gr_top_pct_20,2014-02-28,0.05303228170317957,0.05319507240085399,0.00016279069767441857,0.16279069767441856,86
rf_xgb_gr_top_pct_20,2014-03-31,0.010364554475503697,0.010521857846290214,0.00015730337078651685,0.3146067415730337,86
rf_xgb_gr_top_pct_20,2014-04-30,0.012725608946016688,0.013163811193207699,0.0004382022471910112,0.4382022471910112,87
rf_xgb_gr_top_pct_20,2014-05-31,0.010214123105446353,0.010405134341401409,0.0001910112359550562,0.1910112359550562,88
rf_xgb_gr_top_pct_20,2014-06-30,0.028863702932215757,0.029144601808620253,0.0002808988764044944,0.2808988764044944,88
rf_xgb_gr_top_pct_20,2014-07-31,-0.031566241046238605,-0.03139770172039591,0.0001685393258426966,0.1685393258426966,87
rf_xgb_gr_top_pct_20,2014-08-31,0.04928976881689315,0.049434213261337595,0.0001444444444444445,0.1444444444444445,84
rf_xgb_gr_top_pct_20,2014-09-30,-0.011260510883802498,-0.01112982906562068,0.00013068181818181817,0.26136363636363635,87
rf_xgb_gr_top_pct_20,2014-10-31,0.024490154690174064,0.024637881962901335,0.0001477272727272727,0.1477272727272727,87
rf_xgb_gr_top_pct_20,2014-11-30,0.034244844686860995,0.034427640385785725,0.00018279569892473113,0.18279569892473113,91
rf_xgb_gr_top_pct_20,2014-12-31,0.00829297928518467,0.008521240154749888,0.0002282608695652174,0.2282608695652174,91
rf_xgb_gr_top_pct_20,2015-01-31,-0.02647332693590245,-0.026252274304323503,0.0002210526315789474,0.2210526315789474,91
rf_xgb_gr_top_pct_20,2015-02-28,0.05207623950322416,0.05230540616989083,0.0002291666666666666,0.22916666666666663,95
rf_xgb_gr_top_pct_20,2015-03-31,-0.010674097063402806,-0.010478220774743013,0.0001958762886597938,0.19587628865979378,96
rf_xgb_gr_top_pct_20,2015-04-30,0.010386532009408592,0.010752868643071959,0.00036633663366336634,0.36633663366336633,100
rf_xgb_gr_top_pct_20,2015-05-31,0.003849028921956276,0.004146058624926573,0.0002970297029702971,0.29702970297029707,101
rf_xgb_gr_top_pct_20,2015-06-30,-0.023837829575886017,-0.023585304323360763,0.0002525252525252525,0.2525252525252525,97
rf_xgb_gr_top_pct_20,2015-07-31,0.014310861437858289,0.01446237658937344,0.0001515151515151515,0.1515151515151515,97
rf_xgb_gr_top_pct_20,2015-08-31,-0.050795017649657645,-0.050475017649657644,0.0003199999999999999,0.31999999999999995,95
rf_xgb_gr_top_pct_20,2015-09-30,-0.04135396238181962,-0.0411317401595974,0.00022222222222222223,0.2222222222222222,97
rf_xgb_gr_top_pct_20,2015-10-31,0.06208537538890445,0.06219762028686363,0.00011224489795918369,0.11224489795918369,98
rf_xgb_gr_top_pct_20,2015-11-30,0.0017400517454417628,0.0018814658868559042,0.00014141414141414144,0.14141414141414144,97
rf_xgb_gr_top_pct_20,2015-12-31,-0.025559755912238264,-0.025256725609207963,0.000303030303030303,0.303030303030303,93
rf_xgb_gr_top_pct_20,2016-01-31,-0.04266450744033573,-0.042509868265078,0.00015463917525773197,0.15463917525773196,96
rf_xgb_gr_top_pct_20,2016-02-29,0.055978512021811026,0.05615559535514436,0.00017708333333333337,0.17708333333333337,94
rf_xgb_gr_top_pct_20,2016-03-31,0.0946417190457914,0.09500254378805943,0.0003608247422680413,0.3608247422680413,96
rf_xgb_gr_top_pct_20,2016-04-30,-0.0037690143019877696,-0.0035547285877020555,0.00021428571428571433,0.2142857142857143,96
rf_xgb_gr_top_pct_20,2016-05-31,0.004183003979252966,0.004376881530273375,0.00019387755102040816,0.19387755102040816,98
rf_xgb_gr_top_pct_20,2016-06-30,-0.004717619822033432,-0.0044421096179518,0.00027551020408163264,0.2755102040816326,95
rf_xgb_gr_top_pct_20,2016-07-31,0.0616444496290319,0.06176816096923809,0.00012371134020618558,0.12371134020618557,97
rf_xgb_gr_top_pct_20,2016-08-31,0.0071379406261269165,0.007299556787743078,0.00016161616161616168,0.16161616161616166,98
rf_xgb_gr_top_pct_20,2016-09-30,0.0139773711748075,0.014254598897579778,0.00027722772277227726,0.27722772277227725,101
rf_xgb_gr_top_pct_20,2016-10-31,-0.017435128201822032,-0.017207405429544805,0.0002277227722772277,0.2277227722772277,100
rf_xgb_gr_top_pct_20,2016-11-30,0.07361723165979964,0.07378723165979964,0.00017000000000000004,0.17000000000000004,100
rf_xgb_gr_top_pct_20,2016-12-31,0.025767598911366804,0.02605731853753503,0.00028971962616822434,0.28971962616822433,107
rf_xgb_gr_top_pct_20,2017-01-31,0.023403443894014848,0.02366949893988641,0.0002660550458715596,0.2660550458715596,108
rf_xgb_gr_top_pct_20,2017-02-28,0.02205539359597481,0.02218502322560444,0.00012962962962962966,0.12962962962962965,108
rf_xgb_gr_top_pct_20,2017-03-31,0.005971775923534308,0.0061199240716824565,0.00014814814814814815,0.14814814814814814,106
rf_xgb_gr_top_pct_20,2017-04-30,0.006007390561544905,0.006306455982105653,0.00029906542056074774,0.2990654205607477,106
rf_xgb_gr_top_pct_20,2017-05-31,-0.006515541608887721,-0.0062953581226491894,0.00022018348623853212,0.22018348623853212,107
rf_xgb_gr_top_pct_20,2017-06-30,0.006775746496770516,0.0070720427930668125,0.0002962962962962963,0.2962962962962963,105
rf_xgb_gr_top_pct_20,2017-07-31,0.01644826718719721,0.01659641533534536,0.00014814814814814815,0.14814814814814814,107
rf_xgb_gr_top_pct_20,2017-08-31,-0.009129679951088989,-0.008961455652023569,0.0001682242990654206,0.16822429906542058,107
rf_xgb_gr_top_pct_20,2017-09-30,0.04568357576180643,0.04597987205810272,0.0002962962962962963,0.2962962962962963,108
rf_xgb_gr_top_pct_20,2017-10-31,0.013936246699966228,0.014136246699966229,0.00019999999999999996,0.19999999999999996,109
rf_xgb_gr_top_pct_20,2017-11-30,0.04916041441999644,0.04935861261819464,0.00019819819819819818,0.19819819819819817,110
rf_xgb_gr_top_pct_20,2017-12-31,0.023312389946020192,0.023654732288362533,0.00034234234234234234,0.3423423423423423,111
rf_xgb_gr_top_pct_20,2018-01-31,0.036798237654640305,0.03701252336892602,0.00021428571428571433,0.2142857142857143,111
rf_xgb_gr_top_pct_20,2018-02-28,-0.018281805014237044,-0.01820658377529899,7.52212389380531e-05,0.1504424778761062,111
rf_xgb_gr_top_pct_20,2018-03-31,-0.008914872131861647,-0.008758350392731212,0.00015652173913043477,0.15652173913043477,114
rf_xgb_gr_top_pct_20,2018-04-30,0.004477931098954101,0.004774541268445626,0.00029661016949152546,0.2966101694915254,114
rf_xgb_gr_top_pct_20,2018-05-31,0.03413359889443976,0.034323254066853555,0.00018965517241379315,0.18965517241379315,115
rf_xgb_gr_top_pct_20,2018-06-30,0.020265418096172137,0.02051965538430773,0.0002542372881355932,0.2542372881355932,116
rf_xgb_gr_top_pct_20,2018-07-31,0.028872767208814404,0.02908285124242785,0.00021008403361344544,0.2100840336134454,119
rf_xgb_gr_top_pct_20,2018-08-31,0.01920126977023371,0.019359603103567043,0.00015833333333333332,0.15833333333333333,117
rf_xgb_gr_top_pct_20,2018-09-30,-0.016840695465853196,-0.016571787902827987,0.00026890756302521015,0.26890756302521013,116
rf_xgb_gr_top_pct_20,2018-10-31,-0.06962903035504524,-0.06944258967707914,0.00018644067796610165,0.18644067796610164,115
rf_xgb_gr_top_pct_20,2018-11-30,0.03969854283820811,0.039863760229512456,0.0001652173913043479,0.16521739130434787,115
rf_xgb_gr_top_pct_20,2018-12-31,-0.09712191378418451,-0.09688661966653746,0.00023529411764705888,0.23529411764705888,115
rf_xgb_gr_top_pct_20,2019-01-31,0.12167023287286426,0.12184264666596771,0.0001724137931034483,0.1724137931034483,115
rf_xgb_gr_top_pct_20,2019-02-28,0.0163751534419616,0.01653617039111414,0.0001610169491525424,0.1610169491525424,116
rf_xgb_gr_top_pct_20,2019-03-31,-0.006955859796687052,-0.006820266576348069,0.00013559322033898302,0.13559322033898302,118
rf_xgb_gr_top_pct_20,2019-04-30,0.055293058879826856,0.0557375033242713,0.00044444444444444447,0.4444444444444444,116
rf_xgb_gr_top_pct_20,2019-05-31,-0.10339928207479625,-0.10323688891240308,0.00016239316239316238,0.16239316239316237,114
rf_xgb_gr_top_pct_20,2019-06-30,0.09454587652701797,0.09483897997529384,0.00029310344827586214,0.2931034482758621,115
rf_xgb_gr_top_pct_20,2019-07-31,0.016319179426689822,0.01652086009895873,0.00020168067226890751,0.2016806722689075,117
rf_xgb_gr_top_pct_20,2019-08-31,-0.054840951779672215,-0.05470045591190362,0.00014049586776859502,0.14049586776859502,119
rf_xgb_gr_top_pct_20,2019-09-30,0.05791893887311627,0.05822145988151963,0.0003025210084033614,0.3025210084033614,118
rf_xgb_gr_top_pct_20,2019-10-31,0.0076180271265305,0.007859693793197167,0.0002416666666666667,0.2416666666666667,118
rf_xgb_gr_top_pct_20,2019-11-30,0.025395398776580737,0.025537065443247405,0.00014166666666666673,0.14166666666666672,117
rf_xgb_gr_top_pct_20,2019-12-31,0.03738436609026852,0.037692058397960825,0.0003076923076923077,0.3076923076923077,116
rf_xgb_gr_top_pct_20,2020-01-31,-0.02611261783086126,-0.02598126189865787,0.00013135593220338983,0.2627118644067796,117
rf_xgb_gr_top_pct_20,2020-02-29,-0.08857710668283157,-0.08846693719130615,0.00011016949152542378,0.11016949152542377,112
rf_xgb_gr_top_pct_20,2020-03-31,-0.19796396928577406,-0.1977075590293638,0.0002564102564102564,0.2564102564102564,103
rf_xgb_gr_top_pct_20,2020-04-30,0.15273287541294198,0.1530096611272277,0.00027678571428571433,0.2767857142857143,112
rf_xgb_gr_top_pct_20,2020-05-31,0.053662904482311376,0.053893673713080605,0.00023076923076923076,0.23076923076923073,117
rf_xgb_gr_top_pct_20,2020-06-30,0.020144360539996176,0.02055664124175056,0.000412280701754386,0.4122807017543859,112
rf_xgb_gr_top_pct_20,2020-07-31,0.053361663507654915,0.053624821402391755,0.00026315789473684215,0.26315789473684215,111
rf_xgb_gr_top_pct_20,2020-08-31,0.056921669631488,0.0571497398069266,0.00022807017543859654,0.22807017543859653,113
rf_xgb_gr_top_pct_20,2020-09-30,-0.032179885037554985,-0.031867385037554985,0.0003125,0.3125,111
rf_xgb_gr_top_pct_20,2020-10-31,0.002774898158327419,0.003051683872613133,0.00027678571428571433,0.2767857142857143,109
rf_xgb_gr_top_pct_20,2020-11-30,0.15321198283447268,0.15340841140590125,0.0001964285714285714,0.1964285714285714,110
rf_xgb_gr_top_pct_20,2020-12-31,0.04841568299600394,0.04879287597846008,0.00037719298245614036,0.3771929824561403,114
rf_xgb_gr_top_pct_20,2021-01-31,0.005125124636954788,0.0053772985499982665,0.00025217391304347824,0.25217391304347825,115
rf_xgb_gr_top_pct_20,2021-02-28,0.05904507274039036,0.05921601291133053,0.00017094017094017089,0.1709401709401709,115
rf_xgb_gr_top_pct_20,2021-03-31,0.04549954331066848,0.045572192883318055,7.264957264957267e-05,0.14529914529914534,117
rf_xgb_gr_top_pct_20,2021-04-30,0.016580761267369876,0.016805337538556318,0.00022457627118644072,0.4491525423728814,116
rf_xgb_gr_top_pct_20,2021-05-31,0.014672612599614594,0.014787019379275611,0.00011440677966101692,0.22881355932203384,117
rf_xgb_gr_top_pct_20,2021-06-30,-0.011395044238194131,-0.011246283907615619,0.0001487603305785124,0.2975206611570248,121
rf_xgb_gr_top_pct_20,2021-07-31,0.003999350020018338,0.004088780914327282,8.943089430894308e-05,0.17886178861788615,123
rf_xgb_gr_top_pct_20,2021-08-31,0.008038663544331184,0.00810013895416725,6.147540983606559e-05,0.12295081967213117,118
rf_xgb_gr_top_pct_20,2021-09-30,-0.01876541058620488,-0.01860815252168875,0.00015725806451612906,0.3145161290322581,122
rf_xgb_gr_top_pct_20,2021-10-31,0.028229241110504275,0.028305241110504274,7.600000000000002e-05,0.15200000000000002,125
rf_xgb_gr_top_pct_20,2021-11-30,-0.005402743824607988,-0.005350324469769278,5.2419354838709686e-05,0.10483870967741937,123
rf_xgb_gr_top_pct_20,2021-12-31,0.03787434565071851,0.038037044063416924,0.00016269841269841268,0.32539682539682535,125
rf_xgb_gr_top_pct_20,2022-01-31,-0.022893790303436943,-0.022811113138082612,8.267716535433073e-05,0.16535433070866146,125
rf_xgb_gr_top_pct_20,2022-02-28,0.014567435995223752,0.014718229646017404,0.00015079365079365083,0.1507936507936508,126
rf_xgb_gr_top_pct_20,2022-03-31,0.017180217080467297,0.017447933615900368,0.00026771653543307086,0.26771653543307083,125
rf_xgb_gr_top_pct_20,2022-04-30,-0.041729518988016696,-0.04134670648801669,0.0003828125,0.3828125,126
rf_xgb_gr_top_pct_20,2022-05-31,0.04028448627901416,0.04051104877901416,0.0002265625,0.2265625,126
rf_xgb_gr_top_pct_20,2022-06-30,-0.09656584124266172,-0.0962170040333594,0.00034883720930232553,0.34883720930232553,123
rf_xgb_gr_top_pct_20,2022-07-31,0.1032785858737554,0.1034849350801046,0.00020634920634920642,0.2063492063492064,125
rf_xgb_gr_top_pct_20,2022-08-31,-0.032210543757725536,-0.03203085625772554,0.0001796875,0.1796875,124
rf_xgb_gr_top_pct_20,2022-09-30,-0.09711275526233706,-0.09677148542106723,0.00034126984126984133,0.3412698412698413,121
rf_xgb_gr_top_pct_20,2022-10-31,0.09843700529965282,0.09863861820287863,0.0002016129032258065,0.2016129032258065,124
rf_xgb_gr_top_pct_20,2022-11-30,0.09882120244033891,0.09901017881829167,0.0001889763779527559,0.1889763779527559,124
rf_xgb_gr_top_pct_20,2022-12-31,-0.054756550958080207,-0.054423217624746875,0.00033333333333333343,0.33333333333333337,123
rf_xgb_gr_top_pct_20,2023-01-31,0.10802243746685712,0.10818910413352378,0.00016666666666666663,0.16666666666666663,125
rf_xgb_gr_top_pct_20,2023-02-28,-0.023303763102819546,-0.023091164677622695,0.00021259842519685037,0.21259842519685035,124
rf_xgb_gr_top_pct_20,2023-03-31,0.0027765405478073525,0.0029182728312719193,0.00014173228346456691,0.1417322834645669,125
rf_xgb_gr_top_pct_20,2023-04-30,-0.011395947253214361,-0.01101610229197405,0.0003798449612403101,0.3798449612403101,126
rf_xgb_gr_top_pct_20,2023-05-31,-0.013954147342116377,-0.013799108582426455,0.00015503875968992254,0.15503875968992253,123
rf_xgb_gr_top_pct_20,2023-06-30,0.06616031634798256,0.06645952894640775,0.00029921259842519685,0.2992125984251969,125
rf_xgb_gr_top_pct_20,2023-07-31,0.06149658479492457,0.061767902624381935,0.00027131782945736437,0.2713178294573644,128
rf_xgb_gr_top_pct_20,2023-08-31,-0.022403376348137116,-0.02227159340240068,0.00013178294573643412,0.13178294573643412,126
rf_xgb_gr_top_pct_20,2023-09-30,-0.05517235687389147,-0.054787741489276086,0.0003846153846153846,0.3846153846153846,128
rf_xgb_gr_top_pct_20,2023-10-31,-0.042962772790803454,-0.04272431125234191,0.00023846153846153852,0.2384615384615385,125
rf_xgb_gr_top_pct_20,2023-11-30,0.06803227332548771,0.06821688871010309,0.00018461538461538463,0.18461538461538463,130
rf_xgb_gr_top_pct_20,2023-12-31,0.08387271736600514,0.08421622881638682,0.00034351145038167945,0.3435114503816794,128
rf_xgb_gr_top_pct_20,2024-01-31,-0.013644133827230115,-0.0135039823120786,0.00014015151515151515,0.2803030303030303,129
rf_xgb_gr_top_pct_20,2024-02-29,0.048462209552398605,0.04860724772033754,0.00014503816793893132,0.14503816793893132,129
rf_xgb_gr_top_pct_20,2024-03-31,0.033209159940537844,0.03337833287286867,0.00016917293233082708,0.33834586466165417,133
rf_xgb_gr_top_pct_20,2024-04-30,-0.019799221385347725,-0.019681797142923483,0.00011742424242424244,0.23484848484848486,129
rf_xgb_gr_top_pct_20,2024-05-31,0.03935657727152011,0.03952580804075088,0.0001692307692307692,0.16923076923076918,130
rf_xgb_gr_top_pct_20,2024-06-30,-0.007925185017258592,-0.007778568475905208,0.0001466165413533835,0.29323308270676696,131
rf_xgb_gr_top_pct_20,2024-07-31,0.05499517491713651,0.05512950327534547,0.00013432835820895527,0.13432835820895528,133
rf_xgb_gr_top_pct_20,2024-08-31,-0.01317528450537177,-0.013020872740665887,0.00015441176470588238,0.15441176470588236,134
rf_xgb_gr_top_pct_20,2024-09-30,0.006572453173444867,0.006731712432704126,0.00015925925925925927,0.31851851851851853,133
rf_xgb_gr_top_pct_20,2024-10-31,-0.009710977329492379,-0.009607273625788676,0.00010370370370370369,0.20740740740740737,134
rf_xgb_gr_top_pct_20,2024-11-30,0.039395275713820836,0.039479834537350246,8.455882352941175e-05,0.16911764705882348,134
rf_xgb_gr_top_pct_20,2024-12-31,-0.034762144135418394,-0.03461289040407511,0.00014925373134328358,0.29850746268656714,132
rf_xgb_gr_top_pct_20,2025-01-31,0.031228296068284832,0.0314223259190311,0.00019402985074626867,0.19402985074626866,132
rf_xgb_gr_top_pct_20,2025-02-28,-0.017756188952128264,-0.0176932259891653,6.296296296296295e-05,0.12592592592592589,129
rf_xgb_gr_top_pct_20,2025-03-31,-0.03255997662121349,-0.032418185576437365,0.0001417910447761194,0.14179104477611937,130
rf_xgb_gr_top_pct_20,2025-04-30,-0.051825265379337834,-0.05145121957781112,0.00037404580152671754,0.3740458015267175,130
rf_xgb_gr_top_pct_20,2025-05-31,0.049331548228766835,0.04949063913785774,0.00015909090909090907,0.15909090909090906,132
rf_xgb_gr_top_pct_20,2025-06-30,0.028006711822069593,0.028289154570161196,0.0002824427480916031,0.2824427480916031,131
rf_xgb_gr_top_pct_20,2025-07-31,0.021093434994973646,0.0213322409651229,0.00023880597014925377,0.23880597014925375,131
rf_xgb_gr_top_pct_20,2025-08-31,0.061092678806718884,0.06127924597089799,0.00018656716417910448,0.18656716417910446,134
rf_xgb_gr_top_pct_20,2025-09-30,-0.0035214172078113005,-0.003227299560752477,0.00029411764705882345,0.2941176470588235,134
rf_xgb_gr_top_pct_20,2025-10-31,-0.022212567224387147,-0.022043449577328324,0.0001691176470588235,0.16911764705882348,135
rf_xgb_gr_top_pct_20,2025-11-30,0.016812342195823612,0.016981459842882435,0.0001691176470588235,0.16911764705882348,136
rf_xgb_gr_top_pct_20,2025-12-31,0.015082147900940328,0.015390971430352092,0.00030882352941176476,0.3088235294117647,135
rf_xgb_gr_top_pct_20,2026-01-31,0.07884346265529625,0.07902728618470801,0.00018382352941176473,0.18382352941176472,136
rf_xgb_gr_top_pct_20,2026-02-28,0.051964748047638454,0.052097100988814926,0.00013235294117647058,0.13235294117647056,135
rf_xgb_gr_top_pct_20,2026-03-31,-0.036906705627269346,-0.036754531714225866,0.00015217391304347827,0.15217391304347827,137
rf_xgb_gr_top_pct_20,2026-04-30,0.07226248178892343,0.07257786640430805,0.0003153846153846154,0.3153846153846154,130
rf_xgb_gr_top_pct_20,2026-05-31,-0.005338076310550833,-0.005235803583278106,0.0001022727272727273,0.20454545454545459,131
rf_xgb_gr_top_pct_10,2008-11-30,0.014160493827160503,0.014660493827160503,0.0005,1.0,1
rf_xgb_gr_top_pct_10,2008-12-31,0.03598200899550219,0.03598200899550219,0.0,0.0,1
rf_xgb_gr_top_pct_10,2009-01-31,-0.062470862470862476,-0.062470862470862476,0.0,0.0,1
rf_xgb_gr_top_pct_10,2009-02-28,-0.0042989560023676265,-0.0042989560023676265,0.0,0.0,1
rf_xgb_gr_top_pct_10,2009-03-31,0.11230093355299287,0.11230093355299287,0.0,0.0,1
rf_xgb_gr_top_pct_10,2009-04-30,0.03968609865470851,0.03968609865470851,0.0,0.0,1
rf_xgb_gr_top_pct_10,2009-05-31,0.08412962193602003,0.08412962193602003,0.0,0.0,1
rf_xgb_gr_top_pct_10,2009-06-30,-0.013424608819345707,-0.013424608819345707,0.0,0.0,1
rf_xgb_gr_top_pct_10,2009-07-31,0.07518728302576283,0.07518728302576283,0.0,0.0,1
rf_xgb_gr_top_pct_10,2009-08-31,0.004218017870331211,0.004718017870331211,0.0005,0.5,2
rf_xgb_gr_top_pct_10,2009-09-30,0.09969544569515627,0.10036211236182294,0.0006666666666666669,0.6666666666666667,3
rf_xgb_gr_top_pct_10,2009-10-31,0.0018958313746702555,0.0023958313746702555,0.0005,0.5,3
rf_xgb_gr_top_pct_10,2009-11-30,0.11287453296223418,0.11347453296223418,0.0006000000000000001,0.6,5
rf_xgb_gr_top_pct_10,2009-12-31,0.00047112141219022246,0.0007836214121902225,0.0003125,0.625,8
rf_xgb_gr_top_pct_10,2010-01-31,-0.0008381680905425077,-0.0006381680905425077,0.0002,0.4,10
rf_xgb_gr_top_pct_10,2010-02-28,0.022487464512049127,0.02263746451204913,0.00015000000000000004,0.30000000000000004,10
rf_xgb_gr_top_pct_10,2010-03-31,0.026927498921685226,0.027208748921685226,0.00028125000000000003,0.5625,16
rf_xgb_gr_top_pct_10,2010-04-30,0.015380492459740049,0.015707415536663126,0.0003269230769230769,0.6538461538461539,25
rf_xgb_gr_top_pct_10,2010-05-31,-0.03712320783797579,-0.036988592453360405,0.00013461538461538464,0.2692307692307693,26
rf_xgb_gr_top_pct_10,2010-06-30,-0.05948214656325223,-0.059074739155844824,0.00040740740740740744,0.40740740740740744,26
rf_xgb_gr_top_pct_10,2010-07-31,0.06343955232119033,0.06377288565452367,0.00033333333333333343,0.33333333333333337,26
rf_xgb_gr_top_pct_10,2010-08-31,-0.03619504514492015,-0.03598075943063443,0.00021428571428571433,0.2142857142857143,28
rf_xgb_gr_top_pct_10,2010-09-30,0.09024521245989249,0.09081664103132106,0.0005714285714285714,0.5714285714285714,28
rf_xgb_gr_top_pct_10,2010-10-31,0.03940005600875174,0.03990005600875174,0.0005,0.5,28
rf_xgb_gr_top_pct_10,2010-11-30,-0.007236953470422985,-0.006995574160078157,0.00024137931034482764,0.24137931034482762,29
rf_xgb_gr_top_pct_10,2010-12-31,0.054189911400981054,0.05460926623969073,0.00041935483870967743,0.4193548387096774,31
rf_xgb_gr_top_pct_10,2011-01-31,0.01683467512278404,0.01714717512278404,0.0003125,0.3125,32
rf_xgb_gr_top_pct_10,2011-02-28,0.02119725295755032,0.02141600295755032,0.00021875,0.21875,32
rf_xgb_gr_top_pct_10,2011-03-31,0.03823841322095216,0.03844429557389333,0.00020588235294117656,0.20588235294117652,34
rf_xgb_gr_top_pct_10,2011-04-30,0.03154146420914178,0.0320120524444359,0.00047058823529411766,0.47058823529411764,33
rf_xgb_gr_top_pct_10,2011-05-31,-0.008988075873438223,-0.008616647302009652,0.00037142857142857143,0.37142857142857144,34
rf_xgb_gr_top_pct_10,2011-06-30,-0.010696748853921828,-0.01054397107614405,0.0001527777777777778,0.3055555555555556,36
rf_xgb_gr_top_pct_10,2011-07-31,-0.02267190115358159,-0.0225330122646927,0.0001388888888888889,0.2777777777777778,35
rf_xgb_gr_top_pct_10,2011-08-31,-0.04682705087631136,-0.046655622304882786,0.00017142857142857137,0.17142857142857137,33
rf_xgb_gr_top_pct_10,2011-09-30,-0.06867779321854786,-0.06840001544077008,0.0002777777777777778,0.2777777777777778,35
rf_xgb_gr_top_pct_10,2011-10-31,0.11981514783179587,0.12021514783179586,0.0004,0.4,34
rf_xgb_gr_top_pct_10,2011-11-30,0.02264889642178136,0.022871118644003582,0.00022222222222222223,0.2222222222222222,35
rf_xgb_gr_top_pct_10,2011-12-31,0.012720595653316078,0.01305392898664941,0.00033333333333333343,0.33333333333333337,36
rf_xgb_gr_top_pct_10,2012-01-31,0.04594481655399342,0.04616103277020964,0.00021621621621621624,0.21621621621621623,36
rf_xgb_gr_top_pct_10,2012-02-29,0.02466373038412099,0.024900572489384147,0.00023684210526315788,0.23684210526315785,38
rf_xgb_gr_top_pct_10,2012-03-31,0.009214073893927777,0.009582494946559356,0.000368421052631579,0.368421052631579,38
rf_xgb_gr_top_pct_10,2012-04-30,0.01741587335400179,0.017679031248738635,0.00026315789473684215,0.26315789473684215,37
rf_xgb_gr_top_pct_10,2012-05-31,-0.024584818024219957,-0.024400607497904167,0.0001842105263157895,0.1842105263157895,38
rf_xgb_gr_top_pct_10,2012-06-30,0.037907350554329665,0.03819682423854019,0.00028947368421052634,0.2894736842105263,38
rf_xgb_gr_top_pct_10,2012-07-31,-6.594652190013245e-05,0.00017089558336302543,0.00023684210526315788,0.23684210526315785,37
rf_xgb_gr_top_pct_10,2012-08-31,0.005349677982180019,0.005538867171369208,0.00018918918918918914,0.18918918918918914,36
rf_xgb_gr_top_pct_10,2012-09-30,0.01983785914245343,0.02019897025356454,0.0003611111111111112,0.36111111111111116,36
rf_xgb_gr_top_pct_10,2012-10-31,-0.0017441955504834867,-0.001568519874807811,0.00017567567567567568,0.3513513513513513,37
rf_xgb_gr_top_pct_10,2012-11-30,0.0019620269377711034,0.0021782431539873197,0.00021621621621621624,0.21621621621621623,37
rf_xgb_gr_top_pct_10,2012-12-31,0.020530043124364385,0.020908421502742764,0.00037837837837837845,0.3783783783783784,37
rf_xgb_gr_top_pct_10,2013-01-31,0.061141025125389346,0.06150944617802093,0.000368421052631579,0.368421052631579,38
rf_xgb_gr_top_pct_10,2013-02-28,0.007239073385792579,0.007444201590920784,0.0002051282051282052,0.20512820512820518,39
rf_xgb_gr_top_pct_10,2013-03-31,0.04796207605294257,0.04828707605294257,0.000325,0.32499999999999996,39
rf_xgb_gr_top_pct_10,2013-04-30,0.029522420173617673,0.03018908684028434,0.0006666666666666669,0.6666666666666667,37
rf_xgb_gr_top_pct_10,2013-05-31,0.004182222153805638,0.0044642734358569195,0.00028205128205128203,0.28205128205128205,38
rf_xgb_gr_top_pct_10,2013-06-30,-0.0014099145891915276,-0.0011599145891915276,0.00025,0.5,36
rf_xgb_gr_top_pct_10,2013-07-31,0.061988276194878164,0.062413276194878166,0.00042500000000000003,0.42500000000000004,40
rf_xgb_gr_top_pct_10,2013-08-31,-0.016593893813975122,-0.016508527960316585,8.536585365853661e-05,0.1707317073170732,40
rf_xgb_gr_top_pct_10,2013-09-30,0.04489663378768097,0.045296633787680965,0.0004,0.4,40
rf_xgb_gr_top_pct_10,2013-10-31,0.050726520873243704,0.0509265208732437,0.00019999999999999996,0.19999999999999996,40
rf_xgb_gr_top_pct_10,2013-11-30,0.004278785504444677,0.004385928361587534,0.00010714285714285716,0.2142857142857143,41
rf_xgb_gr_top_pct_10,2013-12-31,0.01403472435981603,0.014237105312196982,0.0002023809523809524,0.40476190476190477,40
rf_xgb_gr_top_pct_10,2014-01-31,-0.0174084368575677,-0.017257274066870026,0.00015116279069767442,0.3023255813953488,42
rf_xgb_gr_top_pct_10,2014-02-28,0.057670882582015075,0.057856929093642984,0.000186046511627907,0.18604651162790697,43
rf_xgb_gr_top_pct_10,2014-03-31,0.011810083203700847,0.01195452764814529,0.00014444444444444444,0.28888888888888886,45
rf_xgb_gr_top_pct_10,2014-04-30,0.02525027048964081,0.025739159378529698,0.000488888888888889,0.48888888888888893,43
rf_xgb_gr_top_pct_10,2014-05-31,0.01429596346045144,0.014562630127118106,0.00026666666666666673,0.2666666666666667,44
rf_xgb_gr_top_pct_10,2014-06-30,0.03384589393994433,0.034179227273277664,0.00033333333333333343,0.33333333333333337,45
rf_xgb_gr_top_pct_10,2014-07-31,-0.03391602213303654,-0.03376046657748098,0.00015555555555555556,0.15555555555555556,45
rf_xgb_gr_top_pct_10,2014-08-31,0.05106472096271971,0.05128694318494193,0.00022222222222222223,0.2222222222222222,42
rf_xgb_gr_top_pct_10,2014-09-30,-0.01037459708440112,-0.010192778902582939,0.00018181818181818183,0.36363636363636365,44
rf_xgb_gr_top_pct_10,2014-10-31,0.028224103924883788,0.028451376652156517,0.0002272727272727273,0.2272727272727273,44
rf_xgb_gr_top_pct_10,2014-11-30,0.039206023063330625,0.039482618808011474,0.00027659574468085103,0.276595744680851,46
rf_xgb_gr_top_pct_10,2014-12-31,0.009320784902161594,0.009668610989118117,0.00034782608695652176,0.34782608695652173,45
rf_xgb_gr_top_pct_10,2015-01-31,-0.0270955162581287,-0.026887182924795364,0.0002083333333333334,0.20833333333333337,48
rf_xgb_gr_top_pct_10,2015-02-28,0.04210476254148563,0.04243809587481896,0.00033333333333333343,0.33333333333333337,47
rf_xgb_gr_top_pct_10,2015-03-31,-0.012470133739505002,-0.01216401129052541,0.0003061224489795919,0.30612244897959184,48
rf_xgb_gr_top_pct_10,2015-04-30,0.010216558100354045,0.010667538492510908,0.0004509803921568628,0.4509803921568627,51
rf_xgb_gr_top_pct_10,2015-05-31,0.009703682048864244,0.010037015382197577,0.00033333333333333343,0.33333333333333337,51
rf_xgb_gr_top_pct_10,2015-06-30,-0.02946863772860752,-0.02910863772860752,0.00035999999999999997,0.36,48
rf_xgb_gr_top_pct_10,2015-07-31,-0.010375886268046709,-0.010215886268046709,0.00016000000000000004,0.16000000000000003,49
rf_xgb_gr_top_pct_10,2015-08-31,-0.053772310072894965,-0.05347231007289496,0.0003000000000000001,0.30000000000000004,47
rf_xgb_gr_top_pct_10,2015-09-30,-0.03958339425345727,-0.03930339425345727,0.00028000000000000003,0.28,50
rf_xgb_gr_top_pct_10,2015-10-31,0.04591933253284164,0.04610300600222939,0.0001836734693877551,0.18367346938775508,49
rf_xgb_gr_top_pct_10,2015-11-30,-0.005251327096030024,-0.0049913270960300245,0.00026000000000000003,0.26,49
rf_xgb_gr_top_pct_10,2015-12-31,-0.017284659065314036,-0.016924659065314037,0.00035999999999999997,0.36,49
rf_xgb_gr_top_pct_10,2016-01-31,-0.04926743005498598,-0.049124572912128836,0.00014285714285714292,0.1428571428571429,49
rf_xgb_gr_top_pct_10,2016-02-29,0.050134071894656754,0.050321571894656754,0.0001875,0.1875,47
rf_xgb_gr_top_pct_10,2016-03-31,0.09890465589988365,0.09935363549172038,0.00044897959183673474,0.44897959183673475,49
rf_xgb_gr_top_pct_10,2016-04-30,-0.0008561093508423599,-0.0006316195549239925,0.00022448979591836737,0.22448979591836737,49
rf_xgb_gr_top_pct_10,2016-05-31,0.008436249156542801,0.00859951446266525,0.00016326530612244895,0.16326530612244894,49
rf_xgb_gr_top_pct_10,2016-06-30,0.0014706241433313366,0.0018787874086374592,0.00040816326530612246,0.40816326530612246,49
rf_xgb_gr_top_pct_10,2016-07-31,0.06600628993340854,0.06625118789259221,0.0002448979591836735,0.24489795918367352,49
rf_xgb_gr_top_pct_10,2016-08-31,-0.0036880542078454393,-0.0034280542078454395,0.00026000000000000003,0.26,50
rf_xgb_gr_top_pct_10,2016-09-30,0.021743301328058212,0.02205702681825429,0.00031372549019607844,0.3137254901960784,51
rf_xgb_gr_top_pct_10,2016-10-31,-0.012329859081252592,-0.012074957120468278,0.00025490196078431374,0.2549019607843137,51
rf_xgb_gr_top_pct_10,2016-11-30,0.06777971075414767,0.06793971075414766,0.00016000000000000004,0.16000000000000003,50
rf_xgb_gr_top_pct_10,2016-12-31,0.03778418801980054,0.03811752135313387,0.00033333333333333343,0.33333333333333337,54
rf_xgb_gr_top_pct_10,2017-01-31,0.023462504999752446,0.02380795954520699,0.0003454545454545455,0.34545454545454546,54
rf_xgb_gr_top_pct_10,2017-02-28,0.018203900683787876,0.018352048831936023,0.00014814814814814815,0.14814814814814814,54
rf_xgb_gr_top_pct_10,2017-03-31,-0.0019711310355291518,-0.001767427331825448,0.00020370370370370372,0.20370370370370372,53
rf_xgb_gr_top_pct_10,2017-04-30,0.008723673050090112,0.009112561938979,0.00038888888888888887,0.38888888888888884,54
rf_xgb_gr_top_pct_10,2017-05-31,-0.01024977848727441,-0.01003159666909259,0.00021818181818181818,0.21818181818181814,54
rf_xgb_gr_top_pct_10,2017-06-30,-0.00546018653884973,-0.0051453717240349155,0.0003148148148148148,0.31481481481481477,52
rf_xgb_gr_top_pct_10,2017-07-31,0.021059566834658025,0.021281789056880246,0.00022222222222222223,0.2222222222222222,53
rf_xgb_gr_top_pct_10,2017-08-31,-0.0056387032827269114,-0.0054535180975417265,0.00018518518518518523,0.18518518518518523,54
rf_xgb_gr_top_pct_10,2017-09-30,0.05101065111892085,0.05139954000780974,0.00038888888888888887,0.38888888888888884,54
rf_xgb_gr_top_pct_10,2017-10-31,0.016288062122397938,0.016542607576943393,0.0002545454545454545,0.2545454545454545,54
rf_xgb_gr_top_pct_10,2017-11-30,0.06410361072565798,0.06430003929708655,0.0001964285714285714,0.1964285714285714,56
rf_xgb_gr_top_pct_10,2017-12-31,0.026071479681844485,0.026428622538987343,0.00035714285714285714,0.3571428571428571,56
rf_xgb_gr_top_pct_10,2018-01-31,0.04175991510498498,0.042045629390699266,0.0002857142857142857,0.2857142857142857,56
rf_xgb_gr_top_pct_10,2018-02-28,-0.009627994550557548,-0.009540275252311934,8.771929824561403e-05,0.17543859649122806,57
rf_xgb_gr_top_pct_10,2018-03-31,0.002468327808621046,0.0026235002224141496,0.00015517241379310343,0.15517241379310343,57
rf_xgb_gr_top_pct_10,2018-04-30,9.174625658406218e-05,0.0004985259176010113,0.00040677966101694915,0.4067796610169492,58
rf_xgb_gr_top_pct_10,2018-05-31,0.023724527790878327,0.023948665721912808,0.00022413793103448276,0.22413793103448276,57
rf_xgb_gr_top_pct_10,2018-06-30,0.014439566936087864,0.014863295749647187,0.00042372881355932197,0.423728813559322,57
rf_xgb_gr_top_pct_10,2018-07-31,0.022788070526458648,0.023054737193125313,0.00026666666666666673,0.2666666666666667,60
rf_xgb_gr_top_pct_10,2018-08-31,0.00173357756443453,0.0019002442311011965,0.00016666666666666663,0.16666666666666663,57
rf_xgb_gr_top_pct_10,2018-09-30,-0.017201024502048363,-0.016784357835381698,0.00041666666666666664,0.41666666666666663,59
rf_xgb_gr_top_pct_10,2018-10-31,-0.0762367781143594,-0.07599948997876618,0.00023728813559322038,0.23728813559322037,56
rf_xgb_gr_top_pct_10,2018-11-30,0.0548642349184913,0.055122855608146476,0.00025862068965517237,0.2586206896551724,58
rf_xgb_gr_top_pct_10,2018-12-31,-0.09415985072985927,-0.09385985072985928,0.0003000000000000001,0.30000000000000004,57
rf_xgb_gr_top_pct_10,2019-01-31,0.12419134942128898,0.12444997011094415,0.00025862068965517237,0.2586206896551724,58
rf_xgb_gr_top_pct_10,2019-02-28,0.010771067702136079,0.011042254142814045,0.0002711864406779662,0.27118644067796616,58
rf_xgb_gr_top_pct_10,2019-03-31,-0.008718985551294828,-0.008532544873328727,0.00018644067796610165,0.18644067796610164,59
rf_xgb_gr_top_pct_10,2019-04-30,0.060898380679932536,0.0614238044087461,0.0005254237288135593,0.5254237288135593,58
rf_xgb_gr_top_pct_10,2019-05-31,-0.1146268094074266,-0.11445731788200288,0.00016949152542372882,0.1694915254237288,58
rf_xgb_gr_top_pct_10,2019-06-30,0.09407531699161721,0.09436842043989307,0.00029310344827586214,0.2931034482758621,57
rf_xgb_gr_top_pct_10,2019-07-31,0.025978040215670004,0.026261373549003337,0.0002833333333333333,0.2833333333333333,58
rf_xgb_gr_top_pct_10,2019-08-31,-0.06680452242513786,-0.0666241945562854,0.000180327868852459,0.180327868852459,59
rf_xgb_gr_top_pct_10,2019-09-30,0.06480064711174967,0.06511731377841634,0.00031666666666666665,0.31666666666666665,59
rf_xgb_gr_top_pct_10,2019-10-31,-0.00030312410981396634,-3.1241098139662624e-06,0.0003000000000000001,0.30000000000000004,58
rf_xgb_gr_top_pct_10,2019-11-30,0.033064648809752746,0.03324798214308608,0.00018333333333333336,0.18333333333333335,60
rf_xgb_gr_top_pct_10,2019-12-31,0.048882107168472785,0.04917024276169312,0.000288135593220339,0.288135593220339,58
rf_xgb_gr_top_pct_10,2020-01-31,-0.028395704568912942,-0.02826011134857396,0.0001355932203389831,0.27118644067796616,59
rf_xgb_gr_top_pct_10,2020-02-29,-0.09337274769238069,-0.09315240870932984,0.00022033898305084742,0.22033898305084743,56
rf_xgb_gr_top_pct_10,2020-03-31,-0.20917212369104451,-0.20881619148765468,0.0003559322033898306,0.35593220338983056,50
rf_xgb_gr_top_pct_10,2020-04-30,0.1477358066774842,0.1480750923917699,0.00033928571428571433,0.3392857142857143,56
rf_xgb_gr_top_pct_10,2020-05-31,0.04274829239826332,0.04298558053385654,0.00023728813559322038,0.23728813559322037,59
rf_xgb_gr_top_pct_10,2020-06-30,0.029993557655844005,0.03034443484882646,0.0003508771929824561,0.3508771929824561,55
rf_xgb_gr_top_pct_10,2020-07-31,0.03948608313454909,0.03985450418718067,0.000368421052631579,0.368421052631579,55
rf_xgb_gr_top_pct_10,2020-08-31,0.053208504104663046,0.053436574280101644,0.00022807017543859654,0.22807017543859653,57
rf_xgb_gr_top_pct_10,2020-09-30,-0.03750589135170639,-0.03713089135170639,0.000375,0.375,55
rf_xgb_gr_top_pct_10,2020-10-31,-0.007618517412678152,-0.007297088841249581,0.0003214285714285714,0.3214285714285714,53
rf_xgb_gr_top_pct_10,2020-11-30,0.16450028383739373,0.1647681409802509,0.00026785714285714287,0.2678571428571429,55
rf_xgb_gr_top_pct_10,2020-12-31,0.04401539750967609,0.04441890628160591,0.0004035087719298246,0.4035087719298246,57
rf_xgb_gr_top_pct_10,2021-01-31,-0.005219766017670437,-0.00494390394870492,0.00027586206896551725,0.27586206896551724,58
rf_xgb_gr_top_pct_10,2021-02-28,0.039649714296779534,0.03981920582220326,0.00016949152542372882,0.1694915254237288,58
rf_xgb_gr_top_pct_10,2021-03-31,0.04271035544855967,0.04281205036381391,0.00010169491525423729,0.2033898305084746,59
rf_xgb_gr_top_pct_10,2021-04-30,0.01412837287602063,0.014357186435342664,0.0002288135593220339,0.4576271186440678,57
rf_xgb_gr_top_pct_10,2021-05-31,0.01492729314498868,0.015037462636514103,0.00011016949152542371,0.22033898305084743,58
rf_xgb_gr_top_pct_10,2021-06-30,-0.01814896684851326,-0.0179686389796608,0.000180327868852459,0.360655737704918,61
rf_xgb_gr_top_pct_10,2021-07-31,-0.0032687018346518218,-0.003179992157232467,8.870967741935482e-05,0.17741935483870963,62
rf_xgb_gr_top_pct_10,2021-08-31,0.006806096279192776,0.00688806349230753,8.196721311475408e-05,0.16393442622950816,59
rf_xgb_gr_top_pct_10,2021-09-30,-0.02098865434538409,-0.020803170474416346,0.00018548387096774195,0.3709677419354839,61
rf_xgb_gr_top_pct_10,2021-10-31,0.022562627145826325,0.022681674764873944,0.00011904761904761907,0.23809523809523814,63
rf_xgb_gr_top_pct_10,2021-11-30,-0.005974985582529459,-0.005902404937368168,7.258064516129032e-05,0.14516129032258063,62
rf_xgb_gr_top_pct_10,2021-12-31,0.03606654216868454,0.03624114534328771,0.00017460317460317462,0.3492063492063492,62
rf_xgb_gr_top_pct_10,2022-01-31,-0.0214637167236883,-0.021323091723688303,0.00014062500000000002,0.28125,62
rf_xgb_gr_top_pct_10,2022-02-28,0.01582211800925301,0.016091959279094282,0.0002698412698412699,0.2698412698412699,63
rf_xgb_gr_top_pct_10,2022-03-31,0.020116663660766025,0.020444788660766024,0.000328125,0.328125,62
rf_xgb_gr_top_pct_10,2022-04-30,-0.04823743998992899,-0.047706189989928996,0.00053125,0.53125,64
rf_xgb_gr_top_pct_10,2022-05-31,0.040039323342189785,0.040242448342189784,0.00020312500000000002,0.203125,63
rf_xgb_gr_top_pct_10,2022-06-30,-0.0942566473385048,-0.09388741656927403,0.00036923076923076927,0.36923076923076925,62
rf_xgb_gr_top_pct_10,2022-07-31,0.09743227566061329,0.09768624391458154,0.00025396825396825396,0.25396825396825395,62
rf_xgb_gr_top_pct_10,2022-08-31,-0.03941676776067678,-0.03916676776067678,0.00025,0.25,62
rf_xgb_gr_top_pct_10,2022-09-30,-0.10107271152003343,-0.10073937818670009,0.00033333333333333343,0.33333333333333337,59
rf_xgb_gr_top_pct_10,2022-10-31,0.0894661733258294,0.08969197977744231,0.00022580645161290327,0.22580645161290325,62
rf_xgb_gr_top_pct_10,2022-11-30,0.10269090985374447,0.10290965985374448,0.00021875,0.21875,63
rf_xgb_gr_top_pct_10,2022-12-31,-0.05289136143905873,-0.052510409058106354,0.00038095238095238096,0.38095238095238093,60
rf_xgb_gr_top_pct_10,2023-01-31,0.1191706887314559,0.11944053000129717,0.0002698412698412699,0.2698412698412699,62
rf_xgb_gr_top_pct_10,2023-02-28,-0.024729365075178495,-0.024557490075178497,0.00017187500000000002,0.171875,62
rf_xgb_gr_top_pct_10,2023-03-31,-0.0023720499211801593,-0.002184549921180159,0.0001875,0.1875,62
rf_xgb_gr_top_pct_10,2023-04-30,0.002094017013355094,0.002524786244124325,0.0004307692307692309,0.4307692307692308,63
rf_xgb_gr_top_pct_10,2023-05-31,-0.014362104082628512,-0.014162104082628512,0.00019999999999999996,0.19999999999999996,60
rf_xgb_gr_top_pct_10,2023-06-30,0.07064780908483984,0.07097593408483983,0.000328125,0.328125,62
rf_xgb_gr_top_pct_10,2023-07-31,0.07752323683695454,0.07783092914464686,0.0003076923076923077,0.3076923076923077,64
rf_xgb_gr_top_pct_10,2023-08-31,-0.039926061496472175,-0.039726061496472176,0.00019999999999999996,0.19999999999999996,63
rf_xgb_gr_top_pct_10,2023-09-30,-0.057349419787968106,-0.05690326594181426,0.0004461538461538462,0.4461538461538461,63
rf_xgb_gr_top_pct_10,2023-10-31,-0.04076305192520079,-0.040501513463662334,0.0002615384615384615,0.2615384615384615,61
rf_xgb_gr_top_pct_10,2023-11-30,0.06654778018977119,0.06677854942054041,0.00023076923076923076,0.23076923076923073,65
rf_xgb_gr_top_pct_10,2023-12-31,0.07524969941170584,0.07564363880564523,0.00039393939393939396,0.3939393939393939,64
rf_xgb_gr_top_pct_10,2024-01-31,-0.011411124561363428,-0.011282336682575549,0.00012878787878787878,0.25757575757575757,64
rf_xgb_gr_top_pct_10,2024-02-29,0.05313776881944604,0.05330443548611271,0.00016666666666666663,0.16666666666666663,64
rf_xgb_gr_top_pct_10,2024-03-31,0.035102598959228126,0.03531901686967589,0.00021641791044776123,0.4328358208955224,67
rf_xgb_gr_top_pct_10,2024-04-30,-0.01671952394849497,-0.016568008796979818,0.0001515151515151515,0.303030303030303,64
rf_xgb_gr_top_pct_10,2024-05-31,0.03727829508292391,0.037509064313693136,0.00023076923076923076,0.23076923076923073,65
rf_xgb_gr_top_pct_10,2024-06-30,-0.007995091018333175,-0.007815986540721234,0.00017910447761194034,0.35820895522388063,66
rf_xgb_gr_top_pct_10,2024-07-31,0.04284741907977417,0.04310115042305775,0.0002537313432835821,0.25373134328358204,66
rf_xgb_gr_top_pct_10,2024-08-31,-0.012615924563725189,-0.012410042210784011,0.00020588235294117656,0.20588235294117652,67
rf_xgb_gr_top_pct_10,2024-09-30,0.00290075264297477,0.003084576172386535,0.00018382352941176473,0.36764705882352944,67
rf_xgb_gr_top_pct_10,2024-10-31,-0.009119552292696266,-0.009001905233872736,0.00011764705882352944,0.23529411764705888,68
rf_xgb_gr_top_pct_10,2024-11-30,0.03540852250231474,0.03548940485525592,8.088235294117646e-05,0.16176470588235292,68
rf_xgb_gr_top_pct_10,2024-12-31,-0.0335804093639705,-0.03339384219979139,0.00018656716417910448,0.3731343283582089,66
rf_xgb_gr_top_pct_10,2025-01-31,0.015286944632019338,0.015555601348437248,0.00026865671641791044,0.26865671641791045,65
rf_xgb_gr_top_pct_10,2025-02-28,-0.019156129093533415,-0.019060540858239296,9.558823529411764e-05,0.19117647058823528,66
rf_xgb_gr_top_pct_10,2025-03-31,-0.04485303449878763,-0.044688855394310015,0.00016417910447761197,0.16417910447761197,64
rf_xgb_gr_top_pct_10,2025-04-30,-0.05130175434376545,-0.05086236040437151,0.0004393939393939395,0.43939393939393945,65
rf_xgb_gr_top_pct_10,2025-05-31,0.04719395238996175,0.0474515281475375,0.00025757575757575756,0.25757575757575757,66
rf_xgb_gr_top_pct_10,2025-06-30,0.022849189109930796,0.023227976988718674,0.00037878787878787884,0.3787878787878788,66
rf_xgb_gr_top_pct_10,2025-07-31,0.022291552346211323,0.02247065682382326,0.00017910447761194026,0.17910447761194026,66
rf_xgb_gr_top_pct_10,2025-08-31,0.06423707063158901,0.06438632436293229,0.00014925373134328358,0.14925373134328357,67
rf_xgb_gr_top_pct_10,2025-09-30,0.007110112233193791,0.0074777592920173205,0.00036764705882352946,0.36764705882352944,68
rf_xgb_gr_top_pct_10,2025-10-31,-0.024695581096394213,-0.024430875214041272,0.00026470588235294115,0.2647058823529411,68
rf_xgb_gr_top_pct_10,2025-11-30,0.004933349023476911,0.005109819611712205,0.00017647058823529416,0.17647058823529416,68
rf_xgb_gr_top_pct_10,2025-12-31,0.028625635954428394,0.029007988895604863,0.00038235294117647055,0.38235294117647056,67
rf_xgb_gr_top_pct_10,2026-01-31,0.07389719001500392,0.07407366060323921,0.00017647058823529416,0.17647058823529416,68
rf_xgb_gr_top_pct_10,2026-02-28,0.048154464396167704,0.04837505263146182,0.00022058823529411768,0.22058823529411764,67
rf_xgb_gr_top_pct_10,2026-03-31,-0.035699618652493006,-0.03549672010176837,0.0002028985507246377,0.2028985507246377,69
rf_xgb_gr_top_pct_10,2026-04-30,0.08448114860082846,0.08494268706236692,0.0004615384615384616,0.46153846153846156,65
rf_xgb_gr_top_pct_10,2026-05-31,-0.007511724630352262,-0.0073677852364128675,0.00014393939393939393,0.28787878787878785,65
rf_xgb_gr_top_n_50,2008-11-30,0.014160493827160503,0.014660493827160503,0.0005,1.0,1
rf_xgb_gr_top_n_50,2008-12-31,0.03598200899550219,0.03598200899550219,0.0,0.0,1
rf_xgb_gr_top_n_50,2009-01-31,-0.062470862470862476,-0.062470862470862476,0.0,0.0,1
rf_xgb_gr_top_n_50,2009-02-28,-0.0042989560023676265,-0.0042989560023676265,0.0,0.0,1
rf_xgb_gr_top_n_50,2009-03-31,0.11230093355299287,0.11230093355299287,0.0,0.0,1
rf_xgb_gr_top_n_50,2009-04-30,0.03968609865470851,0.03968609865470851,0.0,0.0,1
rf_xgb_gr_top_n_50,2009-05-31,0.08412962193602003,0.08412962193602003,0.0,0.0,1
rf_xgb_gr_top_n_50,2009-06-30,0.016963334547198432,0.017296667880531767,0.00033333333333333343,0.6666666666666667,3
rf_xgb_gr_top_n_50,2009-07-31,0.05614038309450394,0.05655704976117061,0.0004166666666666667,0.8333333333333334,6
rf_xgb_gr_top_n_50,2009-08-31,0.03338160025907203,0.03388160025907203,0.0005,0.5,12
rf_xgb_gr_top_n_50,2009-09-30,0.05736522340807442,0.05786522340807442,0.0005,0.5,24
rf_xgb_gr_top_n_50,2009-10-31,0.005292392672209521,0.005542392672209521,0.00025,0.25,30
rf_xgb_gr_top_n_50,2009-11-30,0.06203959956680727,0.0623078922497341,0.0002682926829268293,0.2682926829268293,41
rf_xgb_gr_top_n_50,2009-12-31,0.014538462051072431,0.014758462051072431,0.00021999999999999998,0.43999999999999995,49
rf_xgb_gr_top_n_50,2010-01-31,-0.009587974386110098,-0.009477974386110097,0.00010999999999999999,0.21999999999999997,50
rf_xgb_gr_top_n_50,2010-02-28,0.02394411731170182,0.024014117311701822,7.000000000000001e-05,0.14,50
rf_xgb_gr_top_n_50,2010-03-31,0.027625359351892156,0.027805359351892156,0.00017999999999999998,0.36,48
rf_xgb_gr_top_n_50,2010-04-30,0.012839787820439172,0.013109787820439171,0.00027000000000000006,0.54,49
rf_xgb_gr_top_n_50,2010-05-31,-0.035544072080175085,-0.03546407208017509,8.000000000000002e-05,0.16000000000000003,50
rf_xgb_gr_top_n_50,2010-06-30,-0.0555287015516516,-0.0552487015516516,0.00028000000000000003,0.28,48
rf_xgb_gr_top_n_50,2010-07-31,0.0696230676319785,0.06996306763197849,0.00033999999999999997,0.33999999999999997,49
rf_xgb_gr_top_n_50,2010-08-31,-0.04229813933877871,-0.04201813933877871,0.00028000000000000003,0.28,49
rf_xgb_gr_top_n_50,2010-09-30,0.09605357703600217,0.09643357703600218,0.00038,0.38,50
rf_xgb_gr_top_n_50,2010-10-31,0.04856692283317734,0.048966922833177336,0.0004,0.4,50
rf_xgb_gr_top_n_50,2010-11-30,-0.007935253956573716,-0.007735253956573716,0.00019999999999999996,0.19999999999999996,50
rf_xgb_gr_top_n_50,2010-12-31,0.05359518412985841,0.05397518412985841,0.00038,0.38,50
rf_xgb_gr_top_n_50,2011-01-31,0.015120247463544016,0.015360247463544016,0.00024,0.24,50
rf_xgb_gr_top_n_50,2011-02-28,0.02679529645872851,0.02693529645872851,0.00014000000000000001,0.14,50
rf_xgb_gr_top_n_50,2011-03-31,0.030186762680109194,0.030306762680109192,0.00012,0.12,50
rf_xgb_gr_top_n_50,2011-04-30,0.03540300454399488,0.035823004543994875,0.00042,0.42000000000000004,49
rf_xgb_gr_top_n_50,2011-05-31,-0.00585336077815892,-0.00551336077815892,0.00033999999999999997,0.33999999999999997,48
rf_xgb_gr_top_n_50,2011-06-30,-0.00957308474079421,-0.009423084740794209,0.00015000000000000004,0.30000000000000004,50
rf_xgb_gr_top_n_50,2011-07-31,-0.018223663543536908,-0.018083663543536906,0.00014000000000000001,0.28,48
rf_xgb_gr_top_n_50,2011-08-31,-0.03181491975868155,-0.03161491975868155,0.00019999999999999996,0.19999999999999996,48
rf_xgb_gr_top_n_50,2011-09-30,-0.07369064036303331,-0.07339064036303332,0.0003000000000000001,0.30000000000000004,49
rf_xgb_gr_top_n_50,2011-10-31,0.13536174931364592,0.1356817493136459,0.0003199999999999999,0.31999999999999995,49
rf_xgb_gr_top_n_50,2011-11-30,0.0234314688731647,0.023651468873164702,0.00021999999999999998,0.21999999999999997,49
rf_xgb_gr_top_n_50,2011-12-31,0.008094188691475775,0.008434188691475775,0.00033999999999999997,0.33999999999999997,50
rf_xgb_gr_top_n_50,2012-01-31,0.04958433434507463,0.04972433434507463,0.00014000000000000001,0.14,49
rf_xgb_gr_top_n_50,2012-02-29,0.02445913875114566,0.024699138751145662,0.00024,0.24,50
rf_xgb_gr_top_n_50,2012-03-31,0.007983038072798944,0.008323038072798944,0.00033999999999999997,0.33999999999999997,50
rf_xgb_gr_top_n_50,2012-04-30,0.011621608143564747,0.011841608143564747,0.00021999999999999998,0.21999999999999997,48
rf_xgb_gr_top_n_50,2012-05-31,-0.032878738632241965,-0.032678738632241966,0.00019999999999999996,0.19999999999999996,50
rf_xgb_gr_top_n_50,2012-06-30,0.04116185377293391,0.04150185377293391,0.00033999999999999997,0.33999999999999997,50
rf_xgb_gr_top_n_50,2012-07-31,-0.0012089975605422435,-0.0009689975605422436,0.00024,0.24,49
rf_xgb_gr_top_n_50,2012-08-31,0.00616290096144587,0.00632290096144587,0.00016000000000000004,0.16000000000000003,48
rf_xgb_gr_top_n_50,2012-09-30,0.022315164158610446,0.022615164158610448,0.0003000000000000001,0.30000000000000004,50
rf_xgb_gr_top_n_50,2012-10-31,0.0003746219309958297,0.0005146219309958297,0.00014000000000000001,0.28,50
rf_xgb_gr_top_n_50,2012-11-30,0.0018660549931446364,0.0020660549931446363,0.00019999999999999996,0.19999999999999996,50
rf_xgb_gr_top_n_50,2012-12-31,0.014504554951906449,0.01478455495190645,0.00028000000000000003,0.28,50
rf_xgb_gr_top_n_50,2013-01-31,0.061033417272268624,0.06141341727226862,0.00038,0.38,50
rf_xgb_gr_top_n_50,2013-02-28,0.009080736561338546,0.009200736561338546,0.00012,0.12,50
rf_xgb_gr_top_n_50,2013-03-31,0.04360954819523804,0.04392954819523804,0.0003199999999999999,0.31999999999999995,49
rf_xgb_gr_top_n_50,2013-04-30,0.028216841078755914,0.028696841078755916,0.00048,0.48,48
rf_xgb_gr_top_n_50,2013-05-31,0.006464881257871189,0.006744881257871189,0.00028000000000000003,0.28,47
rf_xgb_gr_top_n_50,2013-06-30,-0.004320900692755209,-0.004090900692755209,0.00022999999999999998,0.45999999999999996,46
rf_xgb_gr_top_n_50,2013-07-31,0.062065217332167376,0.06246521733216737,0.0004,0.4,50
rf_xgb_gr_top_n_50,2013-08-31,-0.018108596216450275,-0.018018596216450276,9.000000000000003e-05,0.18000000000000005,49
rf_xgb_gr_top_n_50,2013-09-30,0.04132728309327675,0.041707283093276745,0.00038,0.38,50
rf_xgb_gr_top_n_50,2013-10-31,0.04903053625493948,0.04919053625493948,0.00016000000000000004,0.16000000000000003,50
rf_xgb_gr_top_n_50,2013-11-30,0.005570662657329896,0.005670662657329896,9.999999999999998e-05,0.19999999999999996,49
rf_xgb_gr_top_n_50,2013-12-31,0.013808939368075205,0.014038939368075204,0.00022999999999999998,0.45999999999999996,48
rf_xgb_gr_top_n_50,2014-01-31,-0.018731254377644297,-0.018571254377644297,0.00015999999999999996,0.31999999999999995,49
rf_xgb_gr_top_n_50,2014-02-28,0.0559476246362115,0.0561476246362115,0.00019999999999999996,0.19999999999999996,50
rf_xgb_gr_top_n_50,2014-03-31,0.012770823266880383,0.012920823266880384,0.00015000000000000004,0.30000000000000004,50
rf_xgb_gr_top_n_50,2014-04-30,0.022918366082541202,0.023338366082541202,0.00042,0.42000000000000004,48
rf_xgb_gr_top_n_50,2014-05-31,0.014983604176727238,0.015223604176727239,0.00024,0.24,49
rf_xgb_gr_top_n_50,2014-06-30,0.03279455568586403,0.03309455568586403,0.0003000000000000001,0.30000000000000004,50
rf_xgb_gr_top_n_50,2014-07-31,-0.03576693124246646,-0.03556693124246646,0.00019999999999999996,0.19999999999999996,50
rf_xgb_gr_top_n_50,2014-08-31,0.04974178861345224,0.04990178861345224,0.00016000000000000004,0.16000000000000003,47
rf_xgb_gr_top_n_50,2014-09-30,-0.012183885388359609,-0.01199388538835961,0.00019,0.38,49
rf_xgb_gr_top_n_50,2014-10-31,0.024207896044932536,0.024467896044932536,0.00026000000000000003,0.26,50
rf_xgb_gr_top_n_50,2014-11-30,0.03848382288355917,0.03872382288355917,0.00024,0.24,49
rf_xgb_gr_top_n_50,2014-12-31,0.011008890264558393,0.011348890264558393,0.00033999999999999997,0.33999999999999997,49
rf_xgb_gr_top_n_50,2015-01-31,-0.026859074407585663,-0.026699074407585663,0.00016000000000000004,0.16000000000000003,50
rf_xgb_gr_top_n_50,2015-02-28,0.04088188834364378,0.04116188834364378,0.00028000000000000003,0.28,49
rf_xgb_gr_top_n_50,2015-03-31,-0.011591771968356429,-0.011311771968356428,0.00028000000000000003,0.28,49
rf_xgb_gr_top_n_50,2015-04-30,0.01094182522847183,0.01136182522847183,0.00042,0.42000000000000004,50
rf_xgb_gr_top_n_50,2015-05-31,0.008328249186204376,0.008648249186204375,0.0003199999999999999,0.31999999999999995,50
rf_xgb_gr_top_n_50,2015-06-30,-0.02946863772860752,-0.02910863772860752,0.00035999999999999997,0.36,48
rf_xgb_gr_top_n_50,2015-07-31,-0.010375886268046709,-0.010215886268046709,0.00016000000000000004,0.16000000000000003,49
rf_xgb_gr_top_n_50,2015-08-31,-0.053772310072894965,-0.05347231007289496,0.0003000000000000001,0.30000000000000004,47
rf_xgb_gr_top_n_50,2015-09-30,-0.03958339425345727,-0.03930339425345727,0.00028000000000000003,0.28,50
rf_xgb_gr_top_n_50,2015-10-31,0.046299245708290596,0.046499245708290594,0.00019999999999999996,0.19999999999999996,50
rf_xgb_gr_top_n_50,2015-11-30,-0.005251327096030024,-0.0049913270960300245,0.00026000000000000003,0.26,49
rf_xgb_gr_top_n_50,2015-12-31,-0.017284659065314036,-0.016924659065314037,0.00035999999999999997,0.36,49
rf_xgb_gr_top_n_50,2016-01-31,-0.05073908299458968,-0.05057908299458968,0.00016000000000000004,0.16000000000000003,50
rf_xgb_gr_top_n_50,2016-02-29,0.050443951741109216,0.050643951741109215,0.00019999999999999996,0.19999999999999996,49
rf_xgb_gr_top_n_50,2016-03-31,0.10056762852555663,0.10098762852555664,0.00042,0.42000000000000004,50
rf_xgb_gr_top_n_50,2016-04-30,-0.0011299040525353328,-0.0009099040525353329,0.00021999999999999998,0.21999999999999997,50
rf_xgb_gr_top_n_50,2016-05-31,0.00855458450512078,0.00873458450512078,0.00018000000000000007,0.18000000000000005,50
rf_xgb_gr_top_n_50,2016-06-30,0.000959603537343021,0.001379603537343021,0.00042,0.42000000000000004,50
rf_xgb_gr_top_n_50,2016-07-31,0.06387569659506595,0.06411569659506595,0.00024,0.24,50
rf_xgb_gr_top_n_50,2016-08-31,-0.0036680542078454397,-0.0034280542078454395,0.00024,0.24,50
rf_xgb_gr_top_n_50,2016-09-30,0.02060332515221061,0.020903325152210613,0.0003000000000000001,0.30000000000000004,50
rf_xgb_gr_top_n_50,2016-10-31,-0.010624588871883648,-0.010384588871883647,0.00024,0.24,50
rf_xgb_gr_top_n_50,2016-11-30,0.06777971075414767,0.06793971075414766,0.00016000000000000004,0.16000000000000003,50
rf_xgb_gr_top_n_50,2016-12-31,0.03881635494642987,0.03911635494642987,0.0003000000000000001,0.30000000000000004,50
rf_xgb_gr_top_n_50,2017-01-31,0.02377898135922479,0.02411898135922479,0.00033999999999999997,0.33999999999999997,49
rf_xgb_gr_top_n_50,2017-02-28,0.018582455377742894,0.018742455377742894,0.00016000000000000004,0.16000000000000003,50
rf_xgb_gr_top_n_50,2017-03-31,-0.00017943388676603886,4.0566113233961125e-05,0.00021999999999999998,0.21999999999999997,49
rf_xgb_gr_top_n_50,2017-04-30,0.008491585514653784,0.008951585514653785,0.00045999999999999996,0.45999999999999996,50
rf_xgb_gr_top_n_50,2017-05-31,-0.008311105587832336,-0.008091105587832336,0.00021999999999999998,0.21999999999999997,49
rf_xgb_gr_top_n_50,2017-06-30,-0.00587442406389543,-0.00553442406389543,0.00033999999999999997,0.33999999999999997,48
rf_xgb_gr_top_n_50,2017-07-31,0.020914166539740646,0.021154166539740647,0.00024,0.24,49
rf_xgb_gr_top_n_50,2017-08-31,-0.0026586972252604,-0.0024386972252604,0.00021999999999999998,0.21999999999999997,50
rf_xgb_gr_top_n_50,2017-09-30,0.04712409846692929,0.04756409846692929,0.00043999999999999996,0.43999999999999995,50
rf_xgb_gr_top_n_50,2017-10-31,0.012679634142019298,0.012939634142019298,0.00026000000000000003,0.26,49
rf_xgb_gr_top_n_50,2017-11-30,0.06639333219510274,0.06663333219510274,0.00024,0.24,50
rf_xgb_gr_top_n_50,2017-12-31,0.026015454581889707,0.026435454581889707,0.00042,0.42000000000000004,50
rf_xgb_gr_top_n_50,2018-01-31,0.0425424567676688,0.0427824567676688,0.00024,0.24,50
rf_xgb_gr_top_n_50,2018-02-28,-0.009084399772384453,-0.009004399772384453,8.000000000000002e-05,0.16000000000000003,50
rf_xgb_gr_top_n_50,2018-03-31,0.005878306282890017,0.006018306282890017,0.00014000000000000001,0.14,49
rf_xgb_gr_top_n_50,2018-04-30,-0.0018800532898760234,-0.0015000532898760232,0.00038,0.38,50
rf_xgb_gr_top_n_50,2018-05-31,0.02429451135605209,0.024474511356052088,0.00018000000000000007,0.18000000000000005,49
rf_xgb_gr_top_n_50,2018-06-30,0.011762020738931385,0.012122020738931384,0.00035999999999999997,0.36,48
rf_xgb_gr_top_n_50,2018-07-31,0.022787906258045554,0.023187906258045555,0.0004,0.4,50
rf_xgb_gr_top_n_50,2018-08-31,0.004856280820058118,0.005056280820058118,0.00019999999999999996,0.19999999999999996,48
rf_xgb_gr_top_n_50,2018-09-30,-0.016996423873751318,-0.016596423873751317,0.0004,0.4,49
rf_xgb_gr_top_n_50,2018-10-31,-0.07436808942444283,-0.07406808942444283,0.0003000000000000001,0.30000000000000004,47
rf_xgb_gr_top_n_50,2018-11-30,0.056836394624793625,0.05709639462479363,0.00026000000000000003,0.26,50
rf_xgb_gr_top_n_50,2018-12-31,-0.08972256166584841,-0.08940256166584841,0.0003199999999999999,0.31999999999999995,48
rf_xgb_gr_top_n_50,2019-01-31,0.12276834538122106,0.12306834538122105,0.0003000000000000001,0.30000000000000004,50
rf_xgb_gr_top_n_50,2019-02-28,0.011629716693360421,0.011929716693360421,0.0003000000000000001,0.30000000000000004,49
rf_xgb_gr_top_n_50,2019-03-31,-0.011979446384292037,-0.011719446384292037,0.00026000000000000003,0.26,50
rf_xgb_gr_top_n_50,2019-04-30,0.059630363059992864,0.06017036305999286,0.0005400000000000001,0.54,49
rf_xgb_gr_top_n_50,2019-05-31,-0.10890286329372069,-0.1087428632937207,0.00016000000000000004,0.16000000000000003,49
rf_xgb_gr_top_n_50,2019-06-30,0.09359057834020489,0.09389057834020488,0.0003000000000000001,0.30000000000000004,49
rf_xgb_gr_top_n_50,2019-07-31,0.030917493532657776,0.031237493532657777,0.0003199999999999999,0.31999999999999995,48
rf_xgb_gr_top_n_50,2019-08-31,-0.07527869850402907,-0.07509869850402907,0.00018000000000000007,0.18000000000000005,48
rf_xgb_gr_top_n_50,2019-09-30,0.07763362658655919,0.07795362658655919,0.0003199999999999999,0.31999999999999995,49
rf_xgb_gr_top_n_50,2019-10-31,-0.003385102713680954,-0.003045102713680954,0.00033999999999999997,0.33999999999999997,48
rf_xgb_gr_top_n_50,2019-11-30,0.03174818427054728,0.03192818427054728,0.00018000000000000007,0.18000000000000005,50
rf_xgb_gr_top_n_50,2019-12-31,0.05386841413483558,0.05416841413483558,0.0003000000000000001,0.30000000000000004,49
rf_xgb_gr_top_n_50,2020-01-31,-0.028268115112215164,-0.028158115112215165,0.00010999999999999999,0.21999999999999997,50
rf_xgb_gr_top_n_50,2020-02-29,-0.09417652897150358,-0.09395652897150358,0.00021999999999999998,0.21999999999999997,48
rf_xgb_gr_top_n_50,2020-03-31,-0.20671373385558717,-0.20635373385558717,0.00035999999999999997,0.36,43
rf_xgb_gr_top_n_50,2020-04-30,0.14421195263658707,0.14455195263658707,0.00033999999999999997,0.33999999999999997,50
rf_xgb_gr_top_n_50,2020-05-31,0.04689504631264059,0.04707504631264059,0.00018000000000000007,0.18000000000000005,50
rf_xgb_gr_top_n_50,2020-06-30,0.03186212659617088,0.03222212659617088,0.00035999999999999997,0.36,49
rf_xgb_gr_top_n_50,2020-07-31,0.045821189283914994,0.046121189283914996,0.0003000000000000001,0.30000000000000004,48
rf_xgb_gr_top_n_50,2020-08-31,0.06493532018016034,0.06519532018016033,0.00026000000000000003,0.26,50
rf_xgb_gr_top_n_50,2020-09-30,-0.04429583964865184,-0.04389583964865184,0.0004,0.4,49
rf_xgb_gr_top_n_50,2020-10-31,-0.007636604033555197,-0.007256604033555197,0.00038,0.38,49
rf_xgb_gr_top_n_50,2020-11-30,0.16416850928628013,0.16440850928628012,0.00024,0.24,49
rf_xgb_gr_top_n_50,2020-12-31,0.043142194336308025,0.04356219433630802,0.00042,0.42000000000000004,50
rf_xgb_gr_top_n_50,2021-01-31,-0.006983605042162671,-0.0067436050421626715,0.00024,0.24,50
rf_xgb_gr_top_n_50,2021-02-28,0.04098487089146388,0.04118487089146388,0.00019999999999999996,0.19999999999999996,49
rf_xgb_gr_top_n_50,2021-03-31,0.046095635731957,0.046215635731957,0.00012,0.24,50
rf_xgb_gr_top_n_50,2021-04-30,0.01620009976327493,0.016460099763274928,0.00026000000000000003,0.52,48
rf_xgb_gr_top_n_50,2021-05-31,0.015283151019755173,0.015383151019755173,9.999999999999998e-05,0.19999999999999996,49
rf_xgb_gr_top_n_50,2021-06-30,-0.018414486979469027,-0.018184486979469026,0.00022999999999999998,0.45999999999999996,50
rf_xgb_gr_top_n_50,2021-07-31,-0.0056968706942138216,-0.005596870694213821,9.999999999999998e-05,0.19999999999999996,50
rf_xgb_gr_top_n_50,2021-08-31,0.008985433229270512,0.009055433229270512,7.000000000000001e-05,0.14,48
rf_xgb_gr_top_n_50,2021-09-30,-0.016340392372220763,-0.016130392372220765,0.00021,0.42000000000000004,49
rf_xgb_gr_top_n_50,2021-10-31,0.01860692306982368,0.01874692306982368,0.00014000000000000001,0.28,50
rf_xgb_gr_top_n_50,2021-11-30,-0.008328492791549258,-0.008228492791549259,9.999999999999998e-05,0.19999999999999996,50
rf_xgb_gr_top_n_50,2021-12-31,0.034779690128128454,0.034939690128128455,0.00015999999999999996,0.31999999999999995,49
rf_xgb_gr_top_n_50,2022-01-31,-0.02432612508998757,-0.02413612508998757,0.00019,0.38,48
rf_xgb_gr_top_n_50,2022-02-28,0.009598432388371601,0.009878432388371602,0.00028000000000000003,0.28,50
rf_xgb_gr_top_n_50,2022-03-31,0.020252057322112514,0.020552057322112516,0.0003000000000000001,0.30000000000000004,49
rf_xgb_gr_top_n_50,2022-04-30,-0.04874156057752131,-0.04820156057752131,0.0005400000000000001,0.54,50
rf_xgb_gr_top_n_50,2022-05-31,0.047902587290867576,0.04816258729086758,0.00026000000000000003,0.26,49
rf_xgb_gr_top_n_50,2022-06-30,-0.09496316578144134,-0.09460316578144135,0.00035999999999999997,0.36,48
rf_xgb_gr_top_n_50,2022-07-31,0.10617780609707261,0.10641780609707262,0.00024,0.24,49
rf_xgb_gr_top_n_50,2022-08-31,-0.03235261758110989,-0.03213261758110989,0.00021999999999999998,0.21999999999999997,48
rf_xgb_gr_top_n_50,2022-09-30,-0.1022168749834037,-0.1018968749834037,0.0003199999999999999,0.31999999999999995,46
rf_xgb_gr_top_n_50,2022-10-31,0.09871570774194764,0.09899570774194764,0.00028000000000000003,0.28,50
rf_xgb_gr_top_n_50,2022-11-30,0.11818651780568665,0.11840651780568665,0.00021999999999999998,0.21999999999999997,50
rf_xgb_gr_top_n_50,2022-12-31,-0.06355764189103914,-0.06313764189103914,0.00042,0.42000000000000004,47
rf_xgb_gr_top_n_50,2023-01-31,0.1094616280826379,0.1097416280826379,0.00028000000000000003,0.28,49
rf_xgb_gr_top_n_50,2023-02-28,-0.027237638032610013,-0.027057638032610014,0.00018000000000000007,0.18000000000000005,48
rf_xgb_gr_top_n_50,2023-03-31,-0.005141767744354895,-0.004961767744354894,0.00018000000000000007,0.18000000000000005,48
rf_xgb_gr_top_n_50,2023-04-30,0.009862278538753811,0.010362278538753811,0.0005,0.5,48
rf_xgb_gr_top_n_50,2023-05-31,-0.013778025184155948,-0.013538025184155948,0.00024,0.24,46
rf_xgb_gr_top_n_50,2023-06-30,0.06455837524327845,0.06493837524327846,0.00038,0.38,49
rf_xgb_gr_top_n_50,2023-07-31,0.08446543105396528,0.08480543105396528,0.00033999999999999997,0.33999999999999997,49
rf_xgb_gr_top_n_50,2023-08-31,-0.018702793931239234,-0.018502793931239235,0.00019999999999999996,0.19999999999999996,48
rf_xgb_gr_top_n_50,2023-09-30,-0.05604494914976042,-0.05554494914976042,0.0005,0.5,49
rf_xgb_gr_top_n_50,2023-10-31,-0.038784355947322595,-0.0385443559473226,0.00024,0.24,48
rf_xgb_gr_top_n_50,2023-11-30,0.06700227789443468,0.06724227789443468,0.00024,0.24,50
rf_xgb_gr_top_n_50,2023-12-31,0.07574680853065457,0.07618680853065457,0.00043999999999999996,0.43999999999999995,48
rf_xgb_gr_top_n_50,2024-01-31,-0.011079131764149833,-0.010939131764149833,0.00014000000000000001,0.28,48
rf_xgb_gr_top_n_50,2024-02-29,0.05890324648275285,0.05908324648275285,0.00018000000000000007,0.18000000000000005,48
rf_xgb_gr_top_n_50,2024-03-31,0.036335227860381875,0.036565227860381876,0.00022999999999999998,0.45999999999999996,50
rf_xgb_gr_top_n_50,2024-04-30,-0.020633241248409255,-0.020483241248409254,0.00015000000000000004,0.30000000000000004,48
rf_xgb_gr_top_n_50,2024-05-31,0.035803695188789134,0.036083695188789136,0.00028000000000000003,0.28,50
rf_xgb_gr_top_n_50,2024-06-30,-0.00733225717773795,-0.00712225717773795,0.00021,0.42000000000000004,49
rf_xgb_gr_top_n_50,2024-07-31,0.049834777658060575,0.05011477765806058,0.00028000000000000003,0.28,49
rf_xgb_gr_top_n_50,2024-08-31,-0.015700993047959536,-0.015500993047959537,0.00019999999999999996,0.19999999999999996,50
rf_xgb_gr_top_n_50,2024-09-30,0.001267828249029086,0.001437828249029086,0.00016999999999999999,0.33999999999999997,49
rf_xgb_gr_top_n_50,2024-10-31,-0.005161307592171021,-0.005041307592171021,0.00012,0.24,50
rf_xgb_gr_top_n_50,2024-11-30,0.034754475581042985,0.03483447558104298,8.000000000000002e-05,0.16000000000000003,50
rf_xgb_gr_top_n_50,2024-12-31,-0.037032992020006705,-0.03686299202000671,0.00016999999999999999,0.33999999999999997,49
rf_xgb_gr_top_n_50,2025-01-31,0.01857261828707168,0.018792618287071683,0.00021999999999999998,0.21999999999999997,49
rf_xgb_gr_top_n_50,2025-02-28,-0.020303057815991076,-0.020223057815991076,8.000000000000002e-05,0.16000000000000003,48
rf_xgb_gr_top_n_50,2025-03-31,-0.03427481695328502,-0.03411481695328502,0.00016000000000000004,0.16000000000000003,47
rf_xgb_gr_top_n_50,2025-04-30,-0.06205117163066729,-0.06167117163066729,0.00038,0.38,49
rf_xgb_gr_top_n_50,2025-05-31,0.05029700660053007,0.050517006600530066,0.00021999999999999998,0.21999999999999997,50
rf_xgb_gr_top_n_50,2025-06-30,0.030304419802403736,0.030704419802403737,0.0004,0.4,50
rf_xgb_gr_top_n_50,2025-07-31,0.027090000938850653,0.027350000938850653,0.00026000000000000003,0.26,49
rf_xgb_gr_top_n_50,2025-08-31,0.07569395426962908,0.07585395426962907,0.00016000000000000004,0.16000000000000003,50
rf_xgb_gr_top_n_50,2025-09-30,0.017829465688972104,0.018169465688972104,0.00033999999999999997,0.33999999999999997,50
rf_xgb_gr_top_n_50,2025-10-31,-0.013322997579196562,-0.013082997579196561,0.00024,0.24,50
rf_xgb_gr_top_n_50,2025-11-30,0.013427856726444323,0.013607856726444323,0.00018000000000000007,0.18000000000000005,50
rf_xgb_gr_top_n_50,2025-12-31,0.01713379892272085,0.01757379892272085,0.00043999999999999996,0.43999999999999995,49
rf_xgb_gr_top_n_50,2026-01-31,0.07690009581800698,0.07716009581800698,0.00026000000000000003,0.26,50
rf_xgb_gr_top_n_50,2026-02-28,0.03526260420369862,0.03548260420369862,0.00021999999999999998,0.21999999999999997,49
rf_xgb_gr_top_n_50,2026-03-31,-0.028863075706256874,-0.028663075706256876,0.00019999999999999996,0.19999999999999996,50
rf_xgb_gr_top_n_50,2026-04-30,0.07963340410239926,0.08011340410239925,0.00048,0.48,50
rf_xgb_gr_top_n_50,2026-05-31,-0.007436619007185894,-0.007286619007185894,0.00015000000000000004,0.30000000000000004,49
rf_xgb_gr_top_n_25,2008-11-30,0.014160493827160503,0.014660493827160503,0.0005,1.0,1
rf_xgb_gr_top_n_25,2008-12-31,0.03598200899550219,0.03598200899550219,0.0,0.0,1
rf_xgb_gr_top_n_25,2009-01-31,-0.062470862470862476,-0.062470862470862476,0.0,0.0,1
rf_xgb_gr_top_n_25,2009-02-28,-0.0042989560023676265,-0.0042989560023676265,0.0,0.0,1
rf_xgb_gr_top_n_25,2009-03-31,0.11230093355299287,0.11230093355299287,0.0,0.0,1
rf_xgb_gr_top_n_25,2009-04-30,0.03968609865470851,0.03968609865470851,0.0,0.0,1
rf_xgb_gr_top_n_25,2009-05-31,0.08412962193602003,0.08412962193602003,0.0,0.0,1
rf_xgb_gr_top_n_25,2009-06-30,0.016963334547198432,0.017296667880531767,0.00033333333333333343,0.6666666666666667,3
rf_xgb_gr_top_n_25,2009-07-31,0.05614038309450394,0.05655704976117061,0.0004166666666666667,0.8333333333333334,6
rf_xgb_gr_top_n_25,2009-08-31,0.03338160025907203,0.03388160025907203,0.0005,0.5,12
rf_xgb_gr_top_n_25,2009-09-30,0.05769421502156377,0.05814876047610923,0.0004545454545454546,0.4545454545454546,22
rf_xgb_gr_top_n_25,2009-10-31,0.005974004812525738,0.006214004812525738,0.00024,0.24,23
rf_xgb_gr_top_n_25,2009-11-30,0.07734219818301628,0.07762219818301629,0.00028000000000000003,0.28,25
rf_xgb_gr_top_n_25,2009-12-31,0.015806178955912614,0.016066178955912613,0.00026000000000000003,0.52,25
rf_xgb_gr_top_n_25,2010-01-31,-0.009981620099470569,-0.00988162009947057,9.999999999999998e-05,0.19999999999999996,25
rf_xgb_gr_top_n_25,2010-02-28,0.025284614765914898,0.0254246147659149,0.00014000000000000001,0.28,25
rf_xgb_gr_top_n_25,2010-03-31,0.025883465569685866,0.026103465569685867,0.00021999999999999998,0.43999999999999995,25
rf_xgb_gr_top_n_25,2010-04-30,0.015338963068519753,0.015598963068519753,0.00026000000000000003,0.52,24
rf_xgb_gr_top_n_25,2010-05-31,-0.03713744506729147,-0.03701744506729147,0.00012,0.24,25
rf_xgb_gr_top_n_25,2010-06-30,-0.060021463609442584,-0.05958146360944258,0.00043999999999999996,0.43999999999999995,24
rf_xgb_gr_top_n_25,2010-07-31,0.06344853432350551,0.06376853432350552,0.0003199999999999999,0.31999999999999995,25
rf_xgb_gr_top_n_25,2010-08-31,-0.026379030508628533,-0.026219030508628532,0.00016000000000000004,0.16000000000000003,25
rf_xgb_gr_top_n_25,2010-09-30,0.08974458075989032,0.09030458075989033,0.0005600000000000001,0.56,25
rf_xgb_gr_top_n_25,2010-10-31,0.027528258739681625,0.028008258739681626,0.00048,0.48,25
rf_xgb_gr_top_n_25,2010-11-30,-0.005712162714723263,-0.005512162714723263,0.00019999999999999996,0.19999999999999996,25
rf_xgb_gr_top_n_25,2010-12-31,0.05088944340780963,0.051369443407809634,0.00048,0.48,25
rf_xgb_gr_top_n_25,2011-01-31,0.00931137243104521,0.00971137243104521,0.0004,0.4,25
rf_xgb_gr_top_n_25,2011-02-28,0.014815524547254525,0.015095524547254525,0.00028000000000000003,0.28,25
rf_xgb_gr_top_n_25,2011-03-31,0.044358648803019964,0.04459864880301996,0.00024,0.24,25
rf_xgb_gr_top_n_25,2011-04-30,0.04510340526153592,0.045503405261535915,0.0004,0.4,24
rf_xgb_gr_top_n_25,2011-05-31,-0.0018381860260668734,-0.0013981860260668733,0.00043999999999999996,0.43999999999999995,24
rf_xgb_gr_top_n_25,2011-06-30,-0.015103138628108862,-0.014943138628108862,0.00015999999999999996,0.31999999999999995,25
rf_xgb_gr_top_n_25,2011-07-31,-0.02034485298724916,-0.020144852987249162,0.0002,0.4,24
rf_xgb_gr_top_n_25,2011-08-31,-0.041234495693372085,-0.041074495693372085,0.00016000000000000004,0.16000000000000003,24
rf_xgb_gr_top_n_25,2011-09-30,-0.058551389478884046,-0.05819138947888405,0.00035999999999999997,0.36,24
rf_xgb_gr_top_n_25,2011-10-31,0.10435576009966047,0.10467576009966047,0.0003199999999999999,0.31999999999999995,24
rf_xgb_gr_top_n_25,2011-11-30,0.02419928286568304,0.02439928286568304,0.00019999999999999996,0.19999999999999996,24
rf_xgb_gr_top_n_25,2011-12-31,0.015140640280923514,0.015500640280923513,0.00035999999999999997,0.36,25
rf_xgb_gr_top_n_25,2012-01-31,0.07090691590889037,0.07118691590889037,0.00028000000000000003,0.28,24
rf_xgb_gr_top_n_25,2012-02-29,0.011229462971437718,0.011469462971437718,0.00024,0.24,25
rf_xgb_gr_top_n_25,2012-03-31,0.0070618966678410045,0.007461896667841005,0.0004,0.4,25
rf_xgb_gr_top_n_25,2012-04-30,0.018867069342061112,0.019107069342061113,0.00024,0.24,25
rf_xgb_gr_top_n_25,2012-05-31,-0.024302542734920402,-0.0240625427349204,0.00024,0.24,25
rf_xgb_gr_top_n_25,2012-06-30,0.032487648803376325,0.03272764880337632,0.00024,0.24,25
rf_xgb_gr_top_n_25,2012-07-31,-0.012514723886960642,-0.012274723886960642,0.00024,0.24,25
rf_xgb_gr_top_n_25,2012-08-31,-0.010397159870967756,-0.010197159870967755,0.00019999999999999996,0.19999999999999996,24
rf_xgb_gr_top_n_25,2012-09-30,0.014984021389825299,0.015304021389825298,0.0003199999999999999,0.31999999999999995,25
rf_xgb_gr_top_n_25,2012-10-31,0.0010424633371652176,0.0011824633371652175,0.00014000000000000001,0.28,25
rf_xgb_gr_top_n_25,2012-11-30,-0.0020386759139354167,-0.0018386759139354166,0.00019999999999999996,0.19999999999999996,25
rf_xgb_gr_top_n_25,2012-12-31,0.016738176327711216,0.017218176327711218,0.00048,0.48,25
rf_xgb_gr_top_n_25,2013-01-31,0.05665401148758284,0.05705401148758284,0.0004,0.4,25
rf_xgb_gr_top_n_25,2013-02-28,-0.0018406629432503078,-0.0016006629432503078,0.00024,0.24,25
rf_xgb_gr_top_n_25,2013-03-31,0.04094776865916224,0.04130776865916224,0.00035999999999999997,0.36,25
rf_xgb_gr_top_n_25,2013-04-30,0.029628494735452784,0.030268494735452785,0.00064,0.64,24
rf_xgb_gr_top_n_25,2013-05-31,0.0023051472730121806,0.0026651472730121807,0.00035999999999999997,0.36,25
rf_xgb_gr_top_n_25,2013-06-30,-0.0010867557364213282,-0.0008467557364213281,0.00024,0.48,22
rf_xgb_gr_top_n_25,2013-07-31,0.05766395123185536,0.05814395123185536,0.00048,0.48,25
rf_xgb_gr_top_n_25,2013-08-31,-0.021759716867174032,-0.02169971686717403,6e-05,0.12,24
rf_xgb_gr_top_n_25,2013-09-30,0.04655299712904258,0.04683299712904258,0.00028000000000000003,0.28,25
rf_xgb_gr_top_n_25,2013-10-31,0.044411510021483996,0.044691510021484,0.00028000000000000003,0.28,25
rf_xgb_gr_top_n_25,2013-11-30,0.004688395482148171,0.004828395482148171,0.00014000000000000001,0.28,24
rf_xgb_gr_top_n_25,2013-12-31,0.012555702235054332,0.012755702235054333,0.0002,0.4,23
rf_xgb_gr_top_n_25,2014-01-31,-0.019723587285321136,-0.019563587285321135,0.00015999999999999996,0.31999999999999995,24
rf_xgb_gr_top_n_25,2014-02-28,0.06477799414777814,0.06493799414777814,0.00016000000000000004,0.16000000000000003,25
rf_xgb_gr_top_n_25,2014-03-31,0.008307305992074958,0.008447305992074957,0.00014000000000000001,0.28,25
rf_xgb_gr_top_n_25,2014-04-30,0.02567769881079915,0.02631769881079915,0.00064,0.64,23
rf_xgb_gr_top_n_25,2014-05-31,0.0203534210260215,0.0207134210260215,0.00035999999999999997,0.36,24
rf_xgb_gr_top_n_25,2014-06-30,0.02214620795115516,0.02258620795115516,0.00043999999999999996,0.43999999999999995,25
rf_xgb_gr_top_n_25,2014-07-31,-0.027550701904625035,-0.027310701904625034,0.00024,0.24,25
rf_xgb_gr_top_n_25,2014-08-31,0.05510645565833198,0.05530645565833198,0.00019999999999999996,0.19999999999999996,23
rf_xgb_gr_top_n_25,2014-09-30,-0.009507521226585837,-0.009307521226585836,0.0002,0.4,25
rf_xgb_gr_top_n_25,2014-10-31,0.023170079959737886,0.023490079959737887,0.0003199999999999999,0.31999999999999995,25
rf_xgb_gr_top_n_25,2014-11-30,0.03865422502757255,0.03885422502757255,0.00019999999999999996,0.19999999999999996,25
rf_xgb_gr_top_n_25,2014-12-31,-0.006880178986052129,-0.006520178986052129,0.00035999999999999997,0.36,25
rf_xgb_gr_top_n_25,2015-01-31,-0.026471551788206076,-0.026311551788206076,0.00016000000000000004,0.16000000000000003,25
rf_xgb_gr_top_n_25,2015-02-28,0.04717439098093732,0.047454390980937323,0.00028000000000000003,0.28,24
rf_xgb_gr_top_n_25,2015-03-31,-0.03166300198433877,-0.03150300198433877,0.00016000000000000004,0.16000000000000003,24
rf_xgb_gr_top_n_25,2015-04-30,0.020804901570522758,0.021244901570522758,0.00043999999999999996,0.43999999999999995,25
rf_xgb_gr_top_n_25,2015-05-31,-0.0053758358560890345,-0.004975835856089034,0.0004,0.4,25
rf_xgb_gr_top_n_25,2015-06-30,-0.04494794722938516,-0.04458794722938516,0.00035999999999999997,0.36,24
rf_xgb_gr_top_n_25,2015-07-31,-0.030245097741624576,-0.030125097741624578,0.00012,0.12,24
rf_xgb_gr_top_n_25,2015-08-31,-0.04276327322711801,-0.04252327322711801,0.00024,0.24,24
rf_xgb_gr_top_n_25,2015-09-30,-0.028080111953193036,-0.027680111953193035,0.0004,0.4,25
rf_xgb_gr_top_n_25,2015-10-31,0.06285957599814343,0.06305957599814344,0.00019999999999999996,0.19999999999999996,25
rf_xgb_gr_top_n_25,2015-11-30,-0.00929983434364252,-0.00901983434364252,0.00028000000000000003,0.28,24
rf_xgb_gr_top_n_25,2015-12-31,-0.0035814878304196323,-0.0031414878304196325,0.00043999999999999996,0.43999999999999995,25
rf_xgb_gr_top_n_25,2016-01-31,-0.04196608589242,-0.04184608589242,0.00012,0.12,25
rf_xgb_gr_top_n_25,2016-02-29,0.03287061391173375,0.03327061391173375,0.0004,0.4,25
rf_xgb_gr_top_n_25,2016-03-31,0.09992955621757346,0.10032955621757346,0.0004,0.4,25
rf_xgb_gr_top_n_25,2016-04-30,-0.0037354961121135863,-0.0034154961121135863,0.0003199999999999999,0.31999999999999995,25
rf_xgb_gr_top_n_25,2016-05-31,0.017309677619257727,0.017509677619257726,0.00019999999999999996,0.19999999999999996,25
rf_xgb_gr_top_n_25,2016-06-30,-0.003986399387864199,-0.0035863993878641988,0.0004,0.4,25
rf_xgb_gr_top_n_25,2016-07-31,0.07909175105346722,0.07945175105346722,0.00035999999999999997,0.36,25
rf_xgb_gr_top_n_25,2016-08-31,-0.0024591153432836146,-0.0020591153432836145,0.0004,0.4,25
rf_xgb_gr_top_n_25,2016-09-30,0.00378000501358354,0.00414000501358354,0.00035999999999999997,0.36,25
rf_xgb_gr_top_n_25,2016-10-31,-0.015427157333213457,-0.015027157333213458,0.0004,0.4,25
rf_xgb_gr_top_n_25,2016-11-30,0.0774919033931768,0.0778119033931768,0.0003199999999999999,0.31999999999999995,25
rf_xgb_gr_top_n_25,2016-12-31,0.03715664407475761,0.037636644074757614,0.00048,0.48,25
rf_xgb_gr_top_n_25,2017-01-31,0.025763529031575024,0.026203529031575024,0.00043999999999999996,0.43999999999999995,25
rf_xgb_gr_top_n_25,2017-02-28,0.023054609885368497,0.023254609885368496,0.00019999999999999996,0.19999999999999996,25
rf_xgb_gr_top_n_25,2017-03-31,0.00023883293204409397,0.0004388329320440939,0.00019999999999999996,0.19999999999999996,24
rf_xgb_gr_top_n_25,2017-04-30,0.010604306006275831,0.011244306006275831,0.00064,0.64,25
rf_xgb_gr_top_n_25,2017-05-31,-0.008602291886282348,-0.008402291886282347,0.00019999999999999996,0.19999999999999996,25
rf_xgb_gr_top_n_25,2017-06-30,-0.017686872299871807,-0.017446872299871807,0.00024,0.24,23
rf_xgb_gr_top_n_25,2017-07-31,0.02322764934802124,0.02354764934802124,0.0003199999999999999,0.31999999999999995,24
rf_xgb_gr_top_n_25,2017-08-31,-0.011454058168630613,-0.011214058168630612,0.00024,0.24,25
rf_xgb_gr_top_n_25,2017-09-30,0.04129147798392579,0.04181147798392579,0.0005200000000000001,0.52,25
rf_xgb_gr_top_n_25,2017-10-31,0.022590831681865802,0.022910831681865803,0.0003199999999999999,0.31999999999999995,24
rf_xgb_gr_top_n_25,2017-11-30,0.06472974383391657,0.06492974383391657,0.00019999999999999996,0.19999999999999996,25
rf_xgb_gr_top_n_25,2017-12-31,0.012646702390588533,0.013086702390588532,0.00043999999999999996,0.43999999999999995,25
rf_xgb_gr_top_n_25,2018-01-31,0.05137497094798969,0.051854970947989694,0.00048,0.48,25
rf_xgb_gr_top_n_25,2018-02-28,-0.00842186546346021,-0.00826186546346021,0.00015999999999999996,0.31999999999999995,25
rf_xgb_gr_top_n_25,2018-03-31,0.009409219207785388,0.009609219207785388,0.00019999999999999996,0.19999999999999996,25
rf_xgb_gr_top_n_25,2018-04-30,0.01076809229173128,0.01128809229173128,0.0005200000000000001,0.52,25
rf_xgb_gr_top_n_25,2018-05-31,0.028494108061388305,0.028694108061388304,0.00019999999999999996,0.19999999999999996,24
rf_xgb_gr_top_n_25,2018-06-30,0.025532488291621025,0.025932488291621026,0.0004,0.4,24
rf_xgb_gr_top_n_25,2018-07-31,0.020058224597318403,0.020458224597318404,0.0004,0.4,25
rf_xgb_gr_top_n_25,2018-08-31,0.0013236099934163098,0.0015636099934163098,0.00024,0.24,24
rf_xgb_gr_top_n_25,2018-09-30,-0.018916129366327125,-0.018436129366327124,0.00048,0.48,25
rf_xgb_gr_top_n_25,2018-10-31,-0.08383441260054623,-0.08355441260054623,0.00028000000000000003,0.28,24
rf_xgb_gr_top_n_25,2018-11-30,0.06198895832605779,0.062228958326057786,0.00024,0.24,25
rf_xgb_gr_top_n_25,2018-12-31,-0.07093304274915802,-0.07053304274915802,0.0004,0.4,25
rf_xgb_gr_top_n_25,2019-01-31,0.11245883650858572,0.11281883650858572,0.00035999999999999997,0.36,25
rf_xgb_gr_top_n_25,2019-02-28,0.0036606762729694186,0.004060676272969419,0.0004,0.4,24
rf_xgb_gr_top_n_25,2019-03-31,-0.008807259125650009,-0.008527259125650008,0.00028000000000000003,0.28,25
rf_xgb_gr_top_n_25,2019-04-30,0.05335351305036415,0.05379351305036415,0.00043999999999999996,0.43999999999999995,24
rf_xgb_gr_top_n_25,2019-05-31,-0.07567879232369212,-0.07547879232369212,0.00019999999999999996,0.19999999999999996,24
rf_xgb_gr_top_n_25,2019-06-30,0.10017856451126911,0.1005785645112691,0.0004,0.4,24
rf_xgb_gr_top_n_25,2019-07-31,0.04022821608629773,0.04066821608629773,0.00043999999999999996,0.43999999999999995,25
rf_xgb_gr_top_n_25,2019-08-31,-0.08509133055487464,-0.08473133055487464,0.00035999999999999997,0.36,24
rf_xgb_gr_top_n_25,2019-09-30,0.07297688659521182,0.07345688659521181,0.00048,0.48,25
rf_xgb_gr_top_n_25,2019-10-31,-0.007395071213967275,-0.007115071213967275,0.00028000000000000003,0.28,24
rf_xgb_gr_top_n_25,2019-11-30,0.030869120598173073,0.031189120598173074,0.0003199999999999999,0.31999999999999995,25
rf_xgb_gr_top_n_25,2019-12-31,0.05474404962234375,0.05510404962234375,0.00035999999999999997,0.36,24
rf_xgb_gr_top_n_25,2020-01-31,-0.02532926998740754,-0.02516926998740754,0.00015999999999999996,0.31999999999999995,25
rf_xgb_gr_top_n_25,2020-02-29,-0.08706365341163376,-0.08686365341163375,0.00019999999999999996,0.19999999999999996,24
rf_xgb_gr_top_n_25,2020-03-31,-0.11770700231318881,-0.11730700231318882,0.0004,0.4,20
rf_xgb_gr_top_n_25,2020-04-30,0.1542273504378383,0.1546673504378383,0.00043999999999999996,0.43999999999999995,25
rf_xgb_gr_top_n_25,2020-05-31,0.03587514991026408,0.03611514991026408,0.00024,0.24,25
rf_xgb_gr_top_n_25,2020-06-30,0.045177287271255,0.045577287271255,0.0004,0.4,24
rf_xgb_gr_top_n_25,2020-07-31,0.044609730491043886,0.045009730491043884,0.0004,0.4,24
rf_xgb_gr_top_n_25,2020-08-31,0.051274442986067585,0.05155444298606759,0.00028000000000000003,0.28,25
rf_xgb_gr_top_n_25,2020-09-30,-0.05708222240513243,-0.05676222240513243,0.0003199999999999999,0.31999999999999995,24
rf_xgb_gr_top_n_25,2020-10-31,0.007956879435988901,0.0083968794359889,0.00043999999999999996,0.43999999999999995,25
rf_xgb_gr_top_n_25,2020-11-30,0.15423153477341542,0.1544715347734154,0.00024,0.24,24
rf_xgb_gr_top_n_25,2020-12-31,0.03691111121817598,0.03743111121817598,0.0005200000000000001,0.52,25
rf_xgb_gr_top_n_25,2021-01-31,-0.003907880720509501,-0.0035878807205095013,0.0003199999999999999,0.31999999999999995,25
rf_xgb_gr_top_n_25,2021-02-28,0.0332182507636015,0.033458250763601496,0.00024,0.24,24
rf_xgb_gr_top_n_25,2021-03-31,0.03819091759875036,0.03829091759875036,9.999999999999998e-05,0.19999999999999996,25
rf_xgb_gr_top_n_25,2021-04-30,0.01713720746049562,0.01735720746049562,0.00021999999999999998,0.43999999999999995,24
rf_xgb_gr_top_n_25,2021-05-31,0.018031379053382403,0.018131379053382402,9.999999999999998e-05,0.19999999999999996,25
rf_xgb_gr_top_n_25,2021-06-30,-0.025762401559584137,-0.025582401559584137,0.00017999999999999998,0.36,25
rf_xgb_gr_top_n_25,2021-07-31,0.0010715679079386202,0.0011515679079386202,8.000000000000002e-05,0.16000000000000003,25
rf_xgb_gr_top_n_25,2021-08-31,0.006938554351642199,0.0070585543516422,0.00012,0.24,23
rf_xgb_gr_top_n_25,2021-09-30,-0.01618666559365501,-0.01600666559365501,0.00017999999999999998,0.36,25
rf_xgb_gr_top_n_25,2021-10-31,0.032195122176760176,0.03233512217676018,0.00014000000000000001,0.28,25
rf_xgb_gr_top_n_25,2021-11-30,-0.005790284381421353,-0.005710284381421353,8.000000000000002e-05,0.16000000000000003,25
rf_xgb_gr_top_n_25,2021-12-31,0.03244006221537808,0.032560062215378084,0.00012,0.24,25
rf_xgb_gr_top_n_25,2022-01-31,-0.029546277523910265,-0.029446277523910266,9.999999999999998e-05,0.19999999999999996,24
rf_xgb_gr_top_n_25,2022-02-28,-0.0008905958888234507,-0.0005705958888234507,0.0003199999999999999,0.31999999999999995,25
rf_xgb_gr_top_n_25,2022-03-31,0.015089674517705659,0.01532967451770566,0.00024,0.24,24
rf_xgb_gr_top_n_25,2022-04-30,-0.06570856590699456,-0.06522856590699457,0.00048,0.48,25
rf_xgb_gr_top_n_25,2022-05-31,0.05295846257927537,0.05315846257927537,0.00019999999999999996,0.19999999999999996,24
rf_xgb_gr_top_n_25,2022-06-30,-0.08994115019387244,-0.08942115019387244,0.0005200000000000001,0.52,24
rf_xgb_gr_top_n_25,2022-07-31,0.08704267505028097,0.08732267505028098,0.00028000000000000003,0.28,24
rf_xgb_gr_top_n_25,2022-08-31,-0.023562793179843385,-0.023282793179843386,0.00028000000000000003,0.28,25
rf_xgb_gr_top_n_25,2022-09-30,-0.10749878046842372,-0.10717878046842372,0.0003199999999999999,0.31999999999999995,23
rf_xgb_gr_top_n_25,2022-10-31,0.09659014123359978,0.09691014123359978,0.0003199999999999999,0.31999999999999995,25
rf_xgb_gr_top_n_25,2022-11-30,0.1130863133190383,0.11328631331903831,0.00019999999999999996,0.19999999999999996,25
rf_xgb_gr_top_n_25,2022-12-31,-0.067178308397972,-0.066698308397972,0.00048,0.48,24
rf_xgb_gr_top_n_25,2023-01-31,0.1275990964712509,0.1280790964712509,0.00048,0.48,25
rf_xgb_gr_top_n_25,2023-02-28,-0.03279617248003066,-0.03247617248003066,0.0003199999999999999,0.31999999999999995,24
rf_xgb_gr_top_n_25,2023-03-31,-0.011619528588134729,-0.01129952858813473,0.0003199999999999999,0.31999999999999995,25
rf_xgb_gr_top_n_25,2023-04-30,0.0272902206913557,0.0277702206913557,0.00048,0.48,24
rf_xgb_gr_top_n_25,2023-05-31,-0.02296780012237503,-0.02272780012237503,0.00024,0.24,24
rf_xgb_gr_top_n_25,2023-06-30,0.07345332209223929,0.07389332209223928,0.00043999999999999996,0.43999999999999995,25
rf_xgb_gr_top_n_25,2023-07-31,0.09038463322917822,0.09078463322917822,0.0004,0.4,24
rf_xgb_gr_top_n_25,2023-08-31,-0.006964990602555208,-0.006724990602555208,0.00024,0.24,23
rf_xgb_gr_top_n_25,2023-09-30,-0.03723697343059031,-0.036676973430590315,0.0005600000000000001,0.56,24
rf_xgb_gr_top_n_25,2023-10-31,-0.038466549667869665,-0.038106549667869666,0.00035999999999999997,0.36,24
rf_xgb_gr_top_n_25,2023-11-30,0.06425861000233951,0.06461861000233951,0.00035999999999999997,0.36,25
rf_xgb_gr_top_n_25,2023-12-31,0.07169967778332824,0.07213967778332823,0.00043999999999999996,0.43999999999999995,24
rf_xgb_gr_top_n_25,2024-01-31,-0.014590261032298968,-0.014410261032298968,0.00017999999999999998,0.36,24
rf_xgb_gr_top_n_25,2024-02-29,0.06745666355881927,0.06765666355881927,0.00019999999999999996,0.19999999999999996,23
rf_xgb_gr_top_n_25,2024-03-31,0.02704533717538933,0.027265337175389332,0.00021999999999999998,0.43999999999999995,25
rf_xgb_gr_top_n_25,2024-04-30,-0.014787224535308986,-0.014607224535308987,0.00017999999999999998,0.36,24
rf_xgb_gr_top_n_25,2024-05-31,0.04768783002972333,0.04788783002972333,0.00019999999999999996,0.19999999999999996,25
rf_xgb_gr_top_n_25,2024-06-30,-0.001066466932698413,-0.000826466932698413,0.00024,0.48,24
rf_xgb_gr_top_n_25,2024-07-31,0.034298791079969325,0.034498791079969324,0.00019999999999999996,0.19999999999999996,24
rf_xgb_gr_top_n_25,2024-08-31,0.002403276447485813,0.002643276447485813,0.00024,0.24,25
rf_xgb_gr_top_n_25,2024-09-30,0.009866991533557789,0.010046991533557788,0.00017999999999999998,0.36,24
rf_xgb_gr_top_n_25,2024-10-31,-0.0019004261926442822,-0.0017604261926442823,0.00014000000000000001,0.28,25
rf_xgb_gr_top_n_25,2024-11-30,0.038618471465484965,0.03871847146548497,9.999999999999998e-05,0.19999999999999996,25
rf_xgb_gr_top_n_25,2024-12-31,-0.038235030007909517,-0.03801503000790952,0.00021999999999999998,0.43999999999999995,24
rf_xgb_gr_top_n_25,2025-01-31,0.02205225752765135,0.02237225752765135,0.0003199999999999999,0.31999999999999995,24
rf_xgb_gr_top_n_25,2025-02-28,-0.02573614730567486,-0.02559614730567486,0.00014000000000000001,0.28,25
rf_xgb_gr_top_n_25,2025-03-31,-0.0489987599160205,-0.0488387599160205,0.00016000000000000004,0.16000000000000003,24
rf_xgb_gr_top_n_25,2025-04-30,-0.027074575058572754,-0.026554575058572755,0.0005200000000000001,0.52,24
rf_xgb_gr_top_n_25,2025-05-31,0.07305242586786574,0.07329242586786575,0.00024,0.24,25
rf_xgb_gr_top_n_25,2025-06-30,0.049010351724736265,0.049330351724736266,0.0003199999999999999,0.31999999999999995,25
rf_xgb_gr_top_n_25,2025-07-31,0.007088205116738719,0.0073282051167387185,0.00024,0.24,25
rf_xgb_gr_top_n_25,2025-08-31,0.07454238422976345,0.07478238422976345,0.00024,0.24,25
rf_xgb_gr_top_n_25,2025-09-30,-0.012334417565869218,-0.011854417565869219,0.00048,0.48,25
rf_xgb_gr_top_n_25,2025-10-31,-0.01853400866476986,-0.01833400866476986,0.00019999999999999996,0.19999999999999996,25
rf_xgb_gr_top_n_25,2025-11-30,0.019041270780017928,0.019321270780017927,0.00028000000000000003,0.28,25
rf_xgb_gr_top_n_25,2025-12-31,0.00729162144319079,0.007771621443190791,0.00048,0.48,25
rf_xgb_gr_top_n_25,2026-01-31,0.06785004067083181,0.06817004067083181,0.0003199999999999999,0.31999999999999995,25
rf_xgb_gr_top_n_25,2026-02-28,0.029723598086373443,0.030003598086373442,0.00028000000000000003,0.28,24
rf_xgb_gr_top_n_25,2026-03-31,0.009076218114592567,0.009356218114592568,0.00028000000000000003,0.28,25
rf_xgb_gr_top_n_25,2026-04-30,0.061889856697220885,0.06248985669722089,0.0006000000000000001,0.6,25
rf_xgb_gr_top_n_25,2026-05-31,0.0011047039149242007,0.0013047039149242008,0.0002,0.4,24
SPY,1999-12-31,0.05708988364416778,0.05708988364416778,0.0,0.0,1
SPY,2000-01-31,-0.04978723404255314,-0.04978723404255314,0.0,0.0,1
SPY,2000-02-29,-0.015226153157187672,-0.015226153157187672,0.0,0.0,1
SPY,2000-03-31,0.09689493875120925,0.09689493875120925,0.0,0.0,1
SPY,2000-04-30,-0.0351208379052369,-0.0351208379052369,0.0,0.0,1
SPY,2000-05-31,-0.015722281099116442,-0.015722281099116442,0.0,0.0,1
SPY,2000-06-30,0.019704105680511175,0.019704105680511175,0.0,0.0,1
SPY,2000-07-31,-0.015701989914676084,-0.015701989914676084,0.0,0.0,1
SPY,2000-08-31,0.06534058741258741,0.06534058741258741,0.0,0.0,1
SPY,2000-09-30,-0.05480692763282968,-0.05480692763282968,0.0,0.0,1
SPY,2000-10-31,-0.00467819669277636,-0.00467819669277636,0.0,0.0,1
SPY,2000-11-30,-0.07465308865577958,-0.07465308865577958,0.0,0.0,1
SPY,2000-12-31,-0.005153315909471989,-0.005153315909471989,0.0,0.0,1
SPY,2001-01-31,0.044459296808003756,0.044459296808003756,0.0,0.0,1
SPY,2001-02-28,-0.09538758296927219,-0.09538758296927219,0.0,0.0,1
SPY,2001-03-31,-0.05598932133317569,-0.05598932133317569,0.0,0.0,1
SPY,2001-04-30,0.08544007052120883,0.08544007052120883,0.0,0.0,1
SPY,2001-05-31,-0.005605613276310928,-0.005605613276310928,0.0,0.0,1
SPY,2001-06-30,-0.023830303259896213,-0.023830303259896213,0.0,0.0,1
SPY,2001-07-31,-0.010195758730762838,-0.010195758730762838,0.0,0.0,1
SPY,2001-08-31,-0.05933247728607294,-0.05933247728607294,0.0,0.0,1
SPY,2001-09-30,-0.08159299778244256,-0.08159299778244256,0.0,0.0,1
SPY,2001-10-31,0.013021840041711252,0.013021840041711252,0.0,0.0,1
SPY,2001-11-30,0.07797731347890413,0.07797731347890413,0.0,0.0,1
SPY,2001-12-31,0.005616387843991211,0.005616387843991211,0.0,0.0,1
SPY,2002-01-31,-0.009798801142638536,-0.009798801142638536,0.0,0.0,1
SPY,2002-02-28,-0.017936013429934783,-0.017936013429934783,0.0,0.0,1
SPY,2002-03-31,0.03324274680085626,0.03324274680085626,0.0,0.0,1
SPY,2002-04-30,-0.05815574724473682,-0.05815574724473682,0.0,0.0,1
SPY,2002-05-31,-0.005933617597500218,-0.005933617597500218,0.0,0.0,1
SPY,2002-06-30,-0.07375275984842822,-0.07375275984842822,0.0,0.0,1
SPY,2002-07-31,-0.07881967541248658,-0.07881967541248658,0.0,0.0,1
SPY,2002-08-31,0.006801173461993271,0.006801173461993271,0.0,0.0,1
SPY,2002-09-30,-0.104852618498808,-0.104852618498808,0.0,0.0,1
SPY,2002-10-31,0.08228384787524323,0.08228384787524323,0.0,0.0,1
SPY,2002-11-30,0.06168104592231294,0.06168104592231294,0.0,0.0,1
SPY,2002-12-31,-0.05663634652599825,-0.05663634652599825,0.0,0.0,1
SPY,2003-01-31,-0.024594864855666088,-0.024594864855666088,0.0,0.0,1
SPY,2003-02-28,-0.013478921995791704,-0.013478921995791704,0.0,0.0,1
SPY,2003-03-31,0.002059981233584196,0.002059981233584196,0.0,0.0,1
SPY,2003-04-30,0.08461182640103448,0.08461182640103448,0.0,0.0,1
SPY,2003-05-31,0.0548361743080763,0.0548361743080763,0.0,0.0,1
SPY,2003-06-30,0.010662122418041209,0.010662122418041209,0.0,0.0,1
SPY,2003-07-31,0.0180272667631034,0.0180272667631034,0.0,0.0,1
SPY,2003-08-31,0.02062584787831634,0.02062584787831634,0.0,0.0,1
SPY,2003-09-30,-0.010886241833391486,-0.010886241833391486,0.0,0.0,1
SPY,2003-10-31,0.05352682501831407,0.05352682501831407,0.0,0.0,1
SPY,2003-11-30,0.01092112029664416,0.01092112029664416,0.0,0.0,1
SPY,2003-12-31,0.050322783570031504,0.050322783570031504,0.0,0.0,1
SPY,2004-01-31,0.01976998579951461,0.01976998579951461,0.0,0.0,1
SPY,2004-02-29,0.013570620014875967,0.013570620014875967,0.0,0.0,1
SPY,2004-03-31,-0.01319759963782674,-0.01319759963782674,0.0,0.0,1
SPY,2004-04-30,-0.018921300069342117,-0.018921300069342117,0.0,0.0,1
SPY,2004-05-31,0.017123305850065718,0.017123305850065718,0.0,0.0,1
SPY,2004-06-30,0.018492248374959663,0.018492248374959663,0.0,0.0,1
SPY,2004-07-31,-0.032218659147984496,-0.032218659147984496,0.0,0.0,1
SPY,2004-08-31,0.0024359889006131397,0.0024359889006131397,0.0,0.0,1
SPY,2004-09-30,0.010017300203514878,0.010017300203514878,0.0,0.0,1
SPY,2004-10-31,0.012884708072929296,0.012884708072929296,0.0,0.0,1
SPY,2004-11-30,0.04451005917733952,0.04451005917733952,0.0,0.0,1
SPY,2004-12-31,0.030152626343960875,0.030152626343960875,0.0,0.0,1
SPY,2005-01-31,-0.0224207738292187,-0.0224207738292187,0.0,0.0,1
SPY,2005-02-28,0.020903799224651243,0.020903799224651243,0.0,0.0,1
SPY,2005-03-31,-0.01828063889712961,-0.01828063889712961,0.0,0.0,1
SPY,2005-04-30,-0.018735156143906084,-0.018735156143906084,0.0,0.0,1
SPY,2005-05-31,0.03222464794816404,0.03222464794816404,0.0,0.0,1
SPY,2005-06-30,0.0014969687984429658,0.0014969687984429658,0.0,0.0,1
SPY,2005-07-31,0.03826143648263125,0.03826143648263125,0.0,0.0,1
SPY,2005-08-31,-0.009374462734353717,-0.009374462734353717,0.0,0.0,1
SPY,2005-09-30,0.007992705591423954,0.007992705591423954,0.0,0.0,1
SPY,2005-10-31,-0.023650877571107953,-0.023650877571107953,0.0,0.0,1
SPY,2005-11-30,0.04395244428416989,0.04395244428416989,0.0,0.0,1
SPY,2005-12-31,-0.0018990966596083014,-0.0018990966596083014,0.0,0.0,1
SPY,2006-01-31,0.02401411896210548,0.02401411896210548,0.0,0.0,1
SPY,2006-02-28,0.005725458823529372,0.005725458823529372,0.0,0.0,1
SPY,2006-03-31,0.0165042057120115,0.0165042057120115,0.0,0.0,1
SPY,2006-04-30,0.012631895361135292,0.012631895361135292,0.0,0.0,1
SPY,2006-05-31,-0.030120932303027814,-0.030120932303027814,0.0,0.0,1
SPY,2006-06-30,0.002644395621419049,0.002644395621419049,0.0,0.0,1
SPY,2006-07-31,0.004478307703317919,0.004478307703317919,0.0,0.0,1
SPY,2006-08-31,0.021822456344504637,0.021822456344504637,0.0,0.0,1
SPY,2006-09-30,0.026993686785874216,0.026993686785874216,0.0,0.0,1
SPY,2006-10-31,0.03151662626865348,0.03151662626865348,0.0,0.0,1
SPY,2006-11-30,0.019885377307479635,0.019885377307479635,0.0,0.0,1
SPY,2006-12-31,0.013368224132956907,0.013368224132956907,0.0,0.0,1
SPY,2007-01-31,0.01504028438922056,0.01504028438922056,0.0,0.0,1
SPY,2007-02-28,-0.019617440000000097,-0.019617440000000097,0.0,0.0,1
SPY,2007-03-31,0.011602112370858064,0.011602112370858064,0.0,0.0,1
SPY,2007-04-30,0.04429572535211279,0.04429572535211279,0.0,0.0,1
SPY,2007-05-31,0.033920117590132914,0.033920117590132914,0.0,0.0,1
SPY,2007-06-30,-0.014647280833798515,-0.014647280833798515,0.0,0.0,1
SPY,2007-07-31,-0.031310192243378054,-0.031310192243378054,0.0,0.0,1
SPY,2007-08-31,0.012832795684650122,0.012832795684650122,0.0,0.0,1
SPY,2007-09-30,0.03869917383114396,0.03869917383114396,0.0,0.0,1
SPY,2007-10-31,0.013566600949448171,0.013566600949448171,0.0,0.0,1
SPY,2007-11-30,-0.03873255889036764,-0.03873255889036764,0.0,0.0,1
SPY,2007-12-31,-0.011332150468549629,-0.011332150468549629,0.0,0.0,1
SPY,2008-01-31,-0.060461059960143615,-0.060461059960143615,0.0,0.0,1
SPY,2008-02-29,-0.02584252842114443,-0.02584252842114443,0.0,0.0,1
SPY,2008-03-31,-0.009031464474252737,-0.009031464474252737,0.0,0.0,1
SPY,2008-04-30,0.04766230167718177,0.04766230167718177,0.0,0.0,1
SPY,2008-05-31,0.01511652738017255,0.01511652738017255,0.0,0.0,1
SPY,2008-06-30,-0.08349905383942746,-0.08349905383942746,0.0,0.0,1
SPY,2008-07-31,-0.008985786631056869,-0.008985786631056869,0.0,0.0,1
SPY,2008-08-31,0.01545368579273565,0.01545368579273565,0.0,0.0,1
SPY,2008-09-30,-0.09437325667108099,-0.09437325667108099,0.0,0.0,1
SPY,2008-10-31,-0.16518662238445758,-0.16518662238445758,0.0,0.0,1
SPY,2008-11-30,-0.06960658742937953,-0.06960658742937953,0.0,0.0,1
SPY,2008-12-31,0.009835311975912697,0.009835311975912697,0.0,0.0,1
SPY,2009-01-31,-0.08211431919579615,-0.08211431919579615,0.0,0.0,1
SPY,2009-02-28,-0.10744901346253732,-0.10744901346253732,0.0,0.0,1
SPY,2009-03-31,0.08348428231254257,0.08348428231254257,0.0,0.0,1
SPY,2009-04-30,0.09934609278217166,0.09934609278217166,0.0,0.0,1
SPY,2009-05-31,0.05845345592435258,0.05845345592435258,0.0,0.0,1
SPY,2009-06-30,-0.0006734975454644188,-0.0006734975454644188,0.0,0.0,1
SPY,2009-07-31,0.07460577731177076,0.07460577731177076,0.0,0.0,1
SPY,2009-08-31,0.03693960200262336,0.03693960200262336,0.0,0.0,1
SPY,2009-09-30,0.03545722789651928,0.03545722789651928,0.0,0.0,1
SPY,2009-10-31,-0.019225305426650352,-0.019225305426650352,0.0,0.0,1
SPY,2009-11-30,0.06160679799150248,0.06160679799150248,0.0,0.0,1
SPY,2009-12-31,0.01907201039139439,0.01907201039139439,0.0,0.0,1
SPY,2010-01-31,-0.036342426417803275,-0.036342426417803275,0.0,0.0,1
SPY,2010-02-28,0.031194710866933484,0.031194710866933484,0.0,0.0,1
SPY,2010-03-31,0.06090524242839668,0.06090524242839668,0.0,0.0,1
SPY,2010-04-30,0.015470085470085548,0.015470085470085548,0.0,0.0,1
SPY,2010-05-31,-0.07945459136436317,-0.07945459136436317,0.0,0.0,1
SPY,2010-06-30,-0.05174348855479738,-0.05174348855479738,0.0,0.0,1
SPY,2010-07-31,0.06830071691532646,0.06830071691532646,0.0,0.0,1
SPY,2010-08-31,-0.04498050240319207,-0.04498050240319207,0.0,0.0,1
SPY,2010-09-30,0.08955377929583341,0.08955377929583341,0.0,0.0,1
SPY,2010-10-31,0.03820205029352497,0.03820205029352497,0.0,0.0,1
SPY,2010-11-30,0.0,0.0,0.0,0.0,1
SPY,2010-12-31,0.06684424557418578,0.06684424557418578,0.0,0.0,1
SPY,2011-01-31,0.02330019880715728,0.02330019880715728,0.0,0.0,1
SPY,2011-02-28,0.03473733291886849,0.03473733291886849,0.0,0.0,1
SPY,2011-03-31,0.00010693508364245652,0.00010693508364245652,0.0,0.0,1
SPY,2011-04-30,0.028961460140282114,0.028961460140282114,0.0,0.0,1
SPY,2011-05-31,-0.011214542256102078,-0.011214542256102078,0.0,0.0,1
SPY,2011-06-30,-0.016887142113227616,-0.016887142113227616,0.0,0.0,1
SPY,2011-07-31,-0.020004546487838115,-0.020004546487838115,0.0,0.0,1
SPY,2011-08-31,-0.05497564370215724,-0.05497564370215724,0.0,0.0,1
SPY,2011-09-30,-0.069449278945378,-0.069449278945378,0.0,0.0,1
SPY,2011-10-31,0.10914714980114892,0.10914714980114892,0.0,0.0,1
SPY,2011-11-30,-0.004063745019920351,-0.004063745019920351,0.0,0.0,1
SPY,2011-12-31,0.010439997301930681,0.010439997301930681,0.0,0.0,1
SPY,2012-01-31,0.04637450199203186,0.04637450199203186,0.0,0.0,1
SPY,2012-02-29,0.04340542187024066,0.04340542187024066,0.0,0.0,1
SPY,2012-03-31,0.032156776614492344,0.032156776614492344,0.0,0.0,1
SPY,2012-04-30,-0.006675662239897795,-0.006675662239897795,0.0,0.0,1
SPY,2012-05-31,-0.06005576606849217,-0.06005576606849217,0.0,0.0,1
SPY,2012-06-30,0.04052876382211057,0.04052876382211057,0.0,0.0,1
SPY,2012-07-31,0.011829537105069843,0.011829537105069843,0.0,0.0,1
SPY,2012-08-31,0.02505264686660369,0.02505264686660369,0.0,0.0,1
SPY,2012-09-30,0.025356315051328293,0.025356315051328293,0.0,0.0,1
SPY,2012-10-31,-0.01819823574355761,-0.01819823574355761,0.0,0.0,1
SPY,2012-11-30,0.0056597099398656425,0.0056597099398656425,0.0,0.0,1
SPY,2012-12-31,0.008998316244160476,0.008998316244160476,0.0,0.0,1
SPY,2013-01-31,0.05119022540551921,0.05119022540551921,0.0,0.0,1
SPY,2013-02-28,0.012758851035404195,0.012758851035404195,0.0,0.0,1
SPY,2013-03-31,0.03797545999914509,0.03797545999914509,0.0,0.0,1
SPY,2013-04-30,0.019212357183889806,0.019212357183889806,0.0,0.0,1
SPY,2013-05-31,0.023609719438877574,0.023609719438877574,0.0,0.0,1
SPY,2013-06-30,-0.01336040704474828,-0.01336040704474828,0.0,0.0,1
SPY,2013-07-31,0.05167684827328278,0.05167684827328278,0.0,0.0,1
SPY,2013-08-31,-0.02999229446980023,-0.02999229446980023,0.0,0.0,1
SPY,2013-09-30,0.0316813225007595,0.0316813225007595,0.0,0.0,1
SPY,2013-10-31,0.046306767454318276,0.046306767454318276,0.0,0.0,1
SPY,2013-11-30,0.029637635815461527,0.029637635815461527,0.0,0.0,1
SPY,2013-12-31,0.025895850830555123,0.025895850830555123,0.0,0.0,1
SPY,2014-01-31,-0.03524825383074337,-0.03524825383074337,0.0,0.0,1
SPY,2014-02-28,0.0455157705690874,0.0455157705690874,0.0,0.0,1
SPY,2014-03-31,0.00831068326994866,0.00831068326994866,0.0,0.0,1
SPY,2014-04-30,0.006951499919790383,0.006951499919790383,0.0,0.0,1
SPY,2014-05-31,0.02320641495406517,0.02320641495406517,0.0,0.0,1
SPY,2014-06-30,0.020633372904887093,0.020633372904887093,0.0,0.0,1
SPY,2014-07-31,-0.013437563866748214,-0.013437563866748214,0.0,0.0,1
SPY,2014-08-31,0.03946346263400469,0.03946346263400469,0.0,0.0,1
SPY,2014-09-30,-0.013791195372024667,-0.013791195372024667,0.0,0.0,1
SPY,2014-10-31,0.023550908537204318,0.023550908537204318,0.0,0.0,1
SPY,2014-11-30,0.027471982544877482,0.027471982544877482,0.0,0.0,1
SPY,2014-12-31,-0.002560161869763933,-0.002560161869763933,0.0,0.0,1
SPY,2015-01-31,-0.029629269241996714,-0.029629269241996714,0.0,0.0,1
SPY,2015-02-28,0.05620456254700423,0.05620456254700423,0.0,0.0,1
SPY,2015-03-31,-0.015744786341719386,-0.015744786341719386,0.0,0.0,1
SPY,2015-04-30,0.009833841980332325,0.009833841980332325,0.0,0.0,1
SPY,2015-05-31,0.012856183440468127,0.012856183440468127,0.0,0.0,1
SPY,2015-06-30,-0.0201002668444622,-0.0201002668444622,0.0,0.0,1
SPY,2015-07-31,0.022147748797901823,0.022147748797901823,0.0,0.0,1
SPY,2015-08-31,-0.06134473746733182,-0.06134473746733182,0.0,0.0,1
SPY,2015-09-30,-0.024989940412756595,-0.024989940412756595,0.0,0.0,1
SPY,2015-10-31,0.08528628842841468,0.08528628842841468,0.0,0.0,1
SPY,2015-11-30,0.003655076227576659,0.003655076227576659,0.0,0.0,1
SPY,2015-12-31,-0.017179213160671503,-0.017179213160671503,0.0,0.0,1
SPY,2016-01-31,-0.04978662382891064,-0.04978662382891064,0.0,0.0,1
SPY,2016-02-29,-0.0008259498202253246,-0.0008259498202253246,0.0,0.0,1
SPY,2016-03-31,0.06724253284681447,0.06724253284681447,0.0,0.0,1
SPY,2016-04-30,0.003941212457352794,0.003941212457352794,0.0,0.0,1
SPY,2016-05-31,0.017011554141311835,0.017011554141311835,0.0,0.0,1
SPY,2016-06-30,0.0034974219116676863,0.0034974219116676863,0.0,0.0,1
SPY,2016-07-31,0.03647125809568941,0.03647125809568941,0.0,0.0,1
SPY,2016-08-31,0.0011975405581601262,0.0011975405581601262,0.0,0.0,1
SPY,2016-09-30,7.785911459556871e-05,7.785911459556871e-05,0.0,0.0,1
SPY,2016-10-31,-0.01733703165968048,-0.01733703165968048,0.0,0.0,1
SPY,2016-11-30,0.03683839985643278,0.03683839985643278,0.0,0.0,1
SPY,2016-12-31,0.020283178700863047,0.020283178700863047,0.0,0.0,1
SPY,2017-01-31,0.017894689830871613,0.017894689830871613,0.0,0.0,1
SPY,2017-02-28,0.03929153095983606,0.03929153095983606,0.0,0.0,1
SPY,2017-03-31,0.0012580853219585908,0.0012580853219585908,0.0,0.0,1
SPY,2017-04-30,0.009926176933779285,0.009926176933779285,0.0,0.0,1
SPY,2017-05-31,0.01411290310725044,0.01411290310725044,0.0,0.0,1
SPY,2017-06-30,0.006374309073897244,0.006374309073897244,0.0,0.0,1
SPY,2017-07-31,0.02055416434382762,0.02055416434382762,0.0,0.0,1
SPY,2017-08-31,0.002917696640596601,0.002917696640596601,0.0,0.0,1
SPY,2017-09-30,0.020140938502966055,0.020140938502966055,0.0,0.0,1
SPY,2017-10-31,0.02356406480117812,0.02356406480117812,0.0,0.0,1
SPY,2017-11-30,0.030565817616177382,0.030565817616177382,0.0,0.0,1
SPY,2017-12-31,0.012086742640577741,0.012086742640577741,0.0,0.0,1
SPY,2018-01-31,0.05635913962377259,0.05635913962377259,0.0,0.0,1
SPY,2018-02-28,-0.03636041149343738,-0.03636041149343738,0.0,0.0,1
SPY,2018-03-31,-0.027415494916322336,-0.027415494916322336,0.0,0.0,1
SPY,2018-04-30,0.005168155044651401,0.005168155044651401,0.0,0.0,1
SPY,2018-05-31,0.024309099844996407,0.024309099844996407,0.0,0.0,1
SPY,2018-06-30,0.005755172168014022,0.005755172168014022,0.0,0.0,1
SPY,2018-07-31,0.037046593925095905,0.037046593925095905,0.0,0.0,1
SPY,2018-08-31,0.031919809476415706,0.031919809476415706,0.0,0.0,1
SPY,2018-09-30,0.00594828768862099,0.00594828768862099,0.0,0.0,1
SPY,2018-10-31,-0.06910429279031383,-0.06910429279031383,0.0,0.0,1
SPY,2018-11-30,0.018549310867235658,0.018549310867235658,0.0,0.0,1
SPY,2018-12-31,-0.08793621289137099,-0.08793621289137099,0.0,0.0,1
SPY,2019-01-31,0.08006562099871983,0.08006562099871983,0.0,0.0,1
SPY,2019-02-28,0.03241581150668682,0.03241581150668682,0.0,0.0,1
SPY,2019-03-31,0.018078902690893628,0.018078902690893628,0.0,0.0,1
SPY,2019-04-30,0.04085244973095414,0.04085244973095414,0.0,0.0,1
SPY,2019-05-31,-0.06377117202911364,-0.06377117202911364,0.0,0.0,1
SPY,2019-06-30,0.06959251139697353,0.06959251139697353,0.0,0.0,1
SPY,2019-07-31,0.01511945392491465,0.01511945392491465,0.0,0.0,1
SPY,2019-08-31,-0.016743435430185416,-0.016743435430185416,0.0,0.0,1
SPY,2019-09-30,0.01947893529135092,0.01947893529135092,0.0,0.0,1
SPY,2019-10-31,0.022104660174546042,0.022104660174546042,0.0,0.0,1
SPY,2019-11-30,0.03619819998021945,0.03619819998021945,0.0,0.0,1
SPY,2019-12-31,0.029033538366242118,0.029033538366242118,0.0,0.0,1
SPY,2020-01-31,-0.0004039023177778711,-0.0004039023177778711,0.0,0.0,1
SPY,2020-02-29,-0.07916576010940857,-0.07916576010940857,0.0,0.0,1
SPY,2020-03-31,-0.12464253025347116,-0.12464253025347116,0.0,0.0,1
SPY,2020-04-30,0.12698351115421924,0.12698351115421924,0.0,0.0,1
SPY,2020-05-31,0.04764527678325514,0.04764527678325514,0.0,0.0,1
SPY,2020-06-30,0.017760917906562312,0.017760917906562312,0.0,0.0,1
SPY,2020-07-31,0.05889220391749905,0.05889220391749905,0.0,0.0,1
SPY,2020-08-31,0.06979664339091007,0.06979664339091007,0.0,0.0,1
SPY,2020-09-30,-0.037398307596904656,-0.037398307596904656,0.0,0.0,1
SPY,2020-10-31,-0.02493356027352256,-0.02493356027352256,0.0,0.0,1
SPY,2020-11-30,0.10877687266491076,0.10877687266491076,0.0,0.0,1
SPY,2020-12-31,0.037065996931793244,0.037065996931793244,0.0,0.0,1
SPY,2021-01-31,-0.010190435433829026,-0.010190435433829026,0.0,0.0,1
SPY,2021-02-28,0.02780555030129439,0.02780555030129439,0.0,0.0,1
SPY,2021-03-31,0.04540504039253701,0.04540504039253701,0.0,0.0,1
SPY,2021-04-30,0.052910453410037084,0.052910453410037084,0.0,0.0,1
SPY,2021-05-31,0.006566019650131816,0.006566019650131816,0.0,0.0,1
SPY,2021-06-30,0.022472734141670392,0.022472734141670392,0.0,0.0,1
SPY,2021-07-31,0.024412465542213768,0.024412465542213768,0.0,0.0,1
SPY,2021-08-31,0.02975986864609692,0.02975986864609692,0.0,0.0,1
SPY,2021-09-30,-0.04657531517793656,-0.04657531517793656,0.0,0.0,1
SPY,2021-10-31,0.07016358297991343,0.07016358297991343,0.0,0.0,1
SPY,2021-11-30,-0.008034839412085049,-0.008034839412085049,0.0,0.0,1
SPY,2021-12-31,0.04628827280290726,0.04628827280290726,0.0,0.0,1
SPY,2022-01-31,-0.0527412834765032,-0.0527412834765032,0.0,0.0,1
SPY,2022-02-28,-0.029517014514013895,-0.029517014514013895,0.0,0.0,1
SPY,2022-03-31,0.03755557049360636,0.03755557049360636,0.0,0.0,1
SPY,2022-04-30,-0.08776901957311134,-0.08776901957311134,0.0,0.0,1
SPY,2022-05-31,0.002257281553398105,0.002257281553398105,0.0,0.0,1
SPY,2022-06-30,-0.08246927482066568,-0.08246927482066568,0.0,0.0,1
SPY,2022-07-31,0.09208747514910542,0.09208747514910542,0.0,0.0,1
SPY,2022-08-31,-0.040801961212650784,-0.040801961212650784,0.0,0.0,1
SPY,2022-09-30,-0.09241638853144585,-0.09241638853144585,0.0,0.0,1
SPY,2022-10-31,0.0812755473430764,0.0812755473430764,0.0,0.0,1
SPY,2022-11-30,0.055591517568162496,0.055591517568162496,0.0,0.0,1
SPY,2022-12-31,-0.0575758051280727,-0.0575758051280727,0.0,0.0,1
SPY,2023-01-31,0.06288732578511103,0.06288732578511103,0.0,0.0,1
SPY,2023-02-28,-0.02514268844715606,-0.02514268844715606,0.0,0.0,1
SPY,2023-03-31,0.0371249430046523,0.0371249430046523,0.0,0.0,1
SPY,2023-04-30,0.0159749871760424,0.0159749871760424,0.0,0.0,1
SPY,2023-05-31,0.004616161373308003,0.004616161373308003,0.0,0.0,1
SPY,2023-06-30,0.06481418806411954,0.06481418806411954,0.0,0.0,1
SPY,2023-07-31,0.032733261144197945,0.032733261144197945,0.0,0.0,1
SPY,2023-08-31,-0.016251993272024312,-0.016251993272024312,0.0,0.0,1
SPY,2023-09-30,-0.04739329503100631,-0.04739329503100631,0.0,0.0,1
SPY,2023-10-31,-0.02170861794703849,-0.02170861794703849,0.0,0.0,1
SPY,2023-11-30,0.0913438546150167,0.0913438546150167,0.0,0.0,1
SPY,2023-12-31,0.04566248763868974,0.04566248763868974,0.0,0.0,1
SPY,2024-01-31,0.01592644800235643,0.01592644800235643,0.0,0.0,1
SPY,2024-02-29,0.052186878727634056,0.052186878727634056,0.0,0.0,1
SPY,2024-03-31,0.03272389509918061,0.03272389509918061,0.0,0.0,1
SPY,2024-04-30,-0.040319651289502434,-0.040319651289502434,0.0,0.0,1
SPY,2024-05-31,0.050579704370691925,0.050579704370691925,0.0,0.0,1
SPY,2024-06-30,0.03528469037541826,0.03528469037541826,0.0,0.0,1
SPY,2024-07-31,0.012109073536437087,0.012109073536437087,0.0,0.0,1
SPY,2024-08-31,0.023365588860042585,0.023365588860042585,0.0,0.0,1
SPY,2024-09-30,0.021009183278409838,0.021009183278409838,0.0,0.0,1
SPY,2024-10-31,-0.008923591745677584,-0.008923591745677584,0.0,0.0,1
SPY,2024-11-30,0.059633511536297146,0.059633511536297146,0.0,0.0,1
SPY,2024-12-31,-0.02409975857464941,-0.02409975857464941,0.0,0.0,1
SPY,2025-01-31,0.0268564018564017,0.0268564018564017,0.0,0.0,1
SPY,2025-02-28,-0.01269482569539071,-0.01269482569539071,0.0,0.0,1
SPY,2025-03-31,-0.05572094517023174,-0.05572094517023174,0.0,0.0,1
SPY,2025-04-30,-0.008670158565580288,-0.008670158565580288,0.0,0.0,1
SPY,2025-05-31,0.06284488044144698,0.06284488044144698,0.0,0.0,1
SPY,2025-06-30,0.05139375529710288,0.05139375529710288,0.0,0.0,1
SPY,2025-07-31,0.023031480132718274,0.023031480132718274,0.0,0.0,1
SPY,2025-08-31,0.020519554486773783,0.020519554486773783,0.0,0.0,1
SPY,2025-09-30,0.0356064742141442,0.0356064742141442,0.0,0.0,1
SPY,2025-10-31,0.0238374013029512,0.0238374013029512,0.0,0.0,1
SPY,2025-11-30,0.0019499750755067602,0.0019499750755067602,0.0,0.0,1
SPY,2025-12-31,0.0007715410138429135,0.0007715410138429135,0.0,0.0,1
SPY,2026-01-31,0.014737799155326359,0.014737799155326359,0.0,0.0,1
SPY,2026-02-28,-0.008641993149992033,-0.008641993149992033,0.0,0.0,1
SPY,2026-03-31,-0.049341968314916884,-0.049341968314916884,0.0,0.0,1
SPY,2026-04-30,0.10505274164283285,0.10505274164283285,0.0,0.0,1
SPY,2026-05-31,0.026382433974341257,0.026382433974341257,0.0,0.0,1
